ISO-10303-21;
HEADER;
FILE_DESCRIPTION(('Open CASCADE Model'),'2;1');
FILE_NAME('Open CASCADE Shape Model','2026-09-12T16:48:21',('Author'),(
    'Open CASCADE'),'Open CASCADE STEP processor 7.8','Open CASCADE 7.8'
  ,'Unknown');
FILE_SCHEMA(('AUTOMOTIVE_DESIGN { 1 0 10303 214 1 1 1 1 }'));
ENDSEC;
DATA;
#1 = APPLICATION_PROTOCOL_DEFINITION('international standard',
  'automotive_design',2000,#2);
#2 = APPLICATION_CONTEXT(
  'core data for automotive mechanical design processes');
#3 = SHAPE_DEFINITION_REPRESENTATION(#4,#10);
#4 = PRODUCT_DEFINITION_SHAPE('','',#5);
#5 = PRODUCT_DEFINITION('design','',#6,#9);
#6 = PRODUCT_DEFINITION_FORMATION('','',#7);
#7 = PRODUCT('Open CASCADE STEP translator 7.8 9',
  'Open CASCADE STEP translator 7.8 9','',(#8));
#8 = PRODUCT_CONTEXT('',#2,'mechanical');
#9 = PRODUCT_DEFINITION_CONTEXT('part definition',#2,'design');
#10 = ADVANCED_BREP_SHAPE_REPRESENTATION('',(#11,#15),#2338);
#11 = AXIS2_PLACEMENT_3D('',#12,#13,#14);
#12 = CARTESIAN_POINT('',(0.,0.,0.));
#13 = DIRECTION('',(0.,0.,1.));
#14 = DIRECTION('',(1.,0.,-0.));
#15 = MANIFOLD_SOLID_BREP('',#16);
#16 = CLOSED_SHELL('',(#17,#137,#530,#579,#679,#729,#778,#826,#903,#979,
    #1028,#1056,#1132,#1182,#1209,#1285,#1335,#1362,#1723,#1782,#1841,
    #1923,#2005,#2087,#2134,#2161,#2168,#2215,#2242,#2249,#2296,#2323,
    #2330,#2334));
#17 = ADVANCED_FACE('',(#18),#32,.F.);
#18 = FACE_BOUND('',#19,.T.);
#19 = EDGE_LOOP('',(#20,#55,#83,#111));
#20 = ORIENTED_EDGE('',*,*,#21,.F.);
#21 = EDGE_CURVE('',#22,#24,#26,.T.);
#22 = VERTEX_POINT('',#23);
#23 = CARTESIAN_POINT('',(108.11089996176,4.068656766226,64.));
#24 = VERTEX_POINT('',#25);
#25 = CARTESIAN_POINT('',(108.11089996176,4.068656766226,0.));
#26 = SURFACE_CURVE('',#27,(#31,#43),.PCURVE_S1.);
#27 = LINE('',#28,#29);
#28 = CARTESIAN_POINT('',(108.11089996176,4.068656766226,64.));
#29 = VECTOR('',#30,1.);
#30 = DIRECTION('',(1.122220683616E-16,4.902861612625E-17,-1.));
#31 = PCURVE('',#32,#37);
#32 = PLANE('',#33);
#33 = AXIS2_PLACEMENT_3D('',#34,#35,#36);
#34 = CARTESIAN_POINT('',(108.11089996176,4.068656766226,0.));
#35 = DIRECTION('',(0.916362729562,0.400349032557,1.224646799147E-16));
#36 = DIRECTION('',(0.400349032557,-0.916362729562,-0.));
#37 = DEFINITIONAL_REPRESENTATION('',(#38),#42);
#38 = LINE('',#39,#40);
#39 = CARTESIAN_POINT('',(-4.875408336023E-15,-64.));
#40 = VECTOR('',#41,1.);
#41 = DIRECTION('',(-0.,1.));
#42 = ( GEOMETRIC_REPRESENTATION_CONTEXT(2) 
PARAMETRIC_REPRESENTATION_CONTEXT() REPRESENTATION_CONTEXT('2D SPACE',''
  ) );
#43 = PCURVE('',#44,#49);
#44 = PLANE('',#45);
#45 = AXIS2_PLACEMENT_3D('',#46,#47,#48);
#46 = CARTESIAN_POINT('',(251.97984850303,66.923454877659,
    1.7763568394E-14));
#47 = DIRECTION('',(-0.400349032557,0.916362729562,0.));
#48 = DIRECTION('',(0.916362729562,0.400349032557,1.224646799147E-16));
#49 = DEFINITIONAL_REPRESENTATION('',(#50),#54);
#50 = LINE('',#51,#52);
#51 = CARTESIAN_POINT('',(-157.,-64.));
#52 = VECTOR('',#53,1.);
#53 = DIRECTION('',(-2.465190328816E-32,1.));
#54 = ( GEOMETRIC_REPRESENTATION_CONTEXT(2) 
PARAMETRIC_REPRESENTATION_CONTEXT() REPRESENTATION_CONTEXT('2D SPACE',''
  ) );
#55 = ORIENTED_EDGE('',*,*,#56,.T.);
#56 = EDGE_CURVE('',#22,#57,#59,.T.);
#57 = VERTEX_POINT('',#58);
#58 = CARTESIAN_POINT('',(4.020151496968,242.3229664524,64.));
#59 = SURFACE_CURVE('',#60,(#64,#71),.PCURVE_S1.);
#60 = LINE('',#61,#62);
#61 = CARTESIAN_POINT('',(108.11089996176,4.068656766226,64.));
#62 = VECTOR('',#63,1.);
#63 = DIRECTION('',(-0.400349032557,0.916362729562,0.));
#64 = PCURVE('',#32,#65);
#65 = DEFINITIONAL_REPRESENTATION('',(#66),#70);
#66 = LINE('',#67,#68);
#67 = CARTESIAN_POINT('',(-4.875408336023E-15,-64.));
#68 = VECTOR('',#69,1.);
#69 = DIRECTION('',(-1.,6.162975822039E-33));
#70 = ( GEOMETRIC_REPRESENTATION_CONTEXT(2) 
PARAMETRIC_REPRESENTATION_CONTEXT() REPRESENTATION_CONTEXT('2D SPACE',''
  ) );
#71 = PCURVE('',#72,#77);
#72 = PLANE('',#73);
#73 = AXIS2_PLACEMENT_3D('',#74,#75,#76);
#74 = CARTESIAN_POINT('',(108.11089996176,4.068656766226,64.));
#75 = DIRECTION('',(-1.122220683616E-16,-4.902861612625E-17,1.));
#76 = DIRECTION('',(0.400349032557,-0.916362729562,-0.));
#77 = DEFINITIONAL_REPRESENTATION('',(#78),#82);
#78 = LINE('',#79,#80);
#79 = CARTESIAN_POINT('',(-0.,0.));
#80 = VECTOR('',#81,1.);
#81 = DIRECTION('',(-1.,7.547468613683E-49));
#82 = ( GEOMETRIC_REPRESENTATION_CONTEXT(2) 
PARAMETRIC_REPRESENTATION_CONTEXT() REPRESENTATION_CONTEXT('2D SPACE',''
  ) );
#83 = ORIENTED_EDGE('',*,*,#84,.F.);
#84 = EDGE_CURVE('',#85,#57,#87,.T.);
#85 = VERTEX_POINT('',#86);
#86 = CARTESIAN_POINT('',(4.020151496968,242.3229664524,0.));
#87 = SURFACE_CURVE('',#88,(#92,#99),.PCURVE_S1.);
#88 = LINE('',#89,#90);
#89 = CARTESIAN_POINT('',(4.020151496968,242.3229664524,0.));
#90 = VECTOR('',#91,1.);
#91 = DIRECTION('',(-1.122220683616E-16,-4.902861612625E-17,1.));
#92 = PCURVE('',#32,#93);
#93 = DEFINITIONAL_REPRESENTATION('',(#94),#98);
#94 = LINE('',#95,#96);
#95 = CARTESIAN_POINT('',(-260.,-1.6260596357E-31));
#96 = VECTOR('',#97,1.);
#97 = DIRECTION('',(-0.,-1.));
#98 = ( GEOMETRIC_REPRESENTATION_CONTEXT(2) 
PARAMETRIC_REPRESENTATION_CONTEXT() REPRESENTATION_CONTEXT('2D SPACE',''
  ) );
#99 = PCURVE('',#100,#105);
#100 = PLANE('',#101);
#101 = AXIS2_PLACEMENT_3D('',#102,#103,#104);
#102 = CARTESIAN_POINT('',(4.020151496968,242.3229664524,0.));
#103 = DIRECTION('',(0.400349032557,-0.916362729562,0.));
#104 = DIRECTION('',(-0.916362729562,-0.400349032557,-1.224646799147E-16
    ));
#105 = DEFINITIONAL_REPRESENTATION('',(#106),#110);
#106 = LINE('',#107,#108);
#107 = CARTESIAN_POINT('',(-0.,0.));
#108 = VECTOR('',#109,1.);
#109 = DIRECTION('',(-2.465190328816E-32,-1.));
#110 = ( GEOMETRIC_REPRESENTATION_CONTEXT(2) 
PARAMETRIC_REPRESENTATION_CONTEXT() REPRESENTATION_CONTEXT('2D SPACE',''
  ) );
#111 = ORIENTED_EDGE('',*,*,#112,.F.);
#112 = EDGE_CURVE('',#24,#85,#113,.T.);
#113 = SURFACE_CURVE('',#114,(#118,#125),.PCURVE_S1.);
#114 = LINE('',#115,#116);
#115 = CARTESIAN_POINT('',(108.11089996176,4.068656766226,0.));
#116 = VECTOR('',#117,1.);
#117 = DIRECTION('',(-0.400349032557,0.916362729562,0.));
#118 = PCURVE('',#32,#119);
#119 = DEFINITIONAL_REPRESENTATION('',(#120),#124);
#120 = LINE('',#121,#122);
#121 = CARTESIAN_POINT('',(-0.,0.));
#122 = VECTOR('',#123,1.);
#123 = DIRECTION('',(-1.,6.162975822039E-33));
#124 = ( GEOMETRIC_REPRESENTATION_CONTEXT(2) 
PARAMETRIC_REPRESENTATION_CONTEXT() REPRESENTATION_CONTEXT('2D SPACE',''
  ) );
#125 = PCURVE('',#126,#131);
#126 = PLANE('',#127);
#127 = AXIS2_PLACEMENT_3D('',#128,#129,#130);
#128 = CARTESIAN_POINT('',(115.24697846022,123.65805582759,
    3.552713678801E-15));
#129 = DIRECTION('',(-1.122220683616E-16,-4.902861612625E-17,1.));
#130 = DIRECTION('',(0.400349032557,-0.916362729562,-0.));
#131 = DEFINITIONAL_REPRESENTATION('',(#132),#136);
#132 = LINE('',#133,#134);
#133 = CARTESIAN_POINT('',(106.73034602746,-54.4167365895));
#134 = VECTOR('',#135,1.);
#135 = DIRECTION('',(-1.,7.547468613683E-49));
#136 = ( GEOMETRIC_REPRESENTATION_CONTEXT(2) 
PARAMETRIC_REPRESENTATION_CONTEXT() REPRESENTATION_CONTEXT('2D SPACE',''
  ) );
#137 = ADVANCED_FACE('',(#138,#269,#356,#443),#44,.F.);
#138 = FACE_BOUND('',#139,.T.);
#139 = EDGE_LOOP('',(#140,#170,#198,#226,#247,#248));
#140 = ORIENTED_EDGE('',*,*,#141,.T.);
#141 = EDGE_CURVE('',#142,#144,#146,.T.);
#142 = VERTEX_POINT('',#143);
#143 = CARTESIAN_POINT('',(251.97984850303,66.923454877659,
    1.7763568394E-14));
#144 = VERTEX_POINT('',#145);
#145 = CARTESIAN_POINT('',(251.97984850303,66.923454877659,32.));
#146 = SURFACE_CURVE('',#147,(#151,#158),.PCURVE_S1.);
#147 = LINE('',#148,#149);
#148 = CARTESIAN_POINT('',(251.97984850303,66.923454877659,
    1.7763568394E-14));
#149 = VECTOR('',#150,1.);
#150 = DIRECTION('',(-1.122220683616E-16,-4.902861612625E-17,1.));
#151 = PCURVE('',#44,#152);
#152 = DEFINITIONAL_REPRESENTATION('',(#153),#157);
#153 = LINE('',#154,#155);
#154 = CARTESIAN_POINT('',(0.,-0.));
#155 = VECTOR('',#156,1.);
#156 = DIRECTION('',(2.465190328816E-32,-1.));
#157 = ( GEOMETRIC_REPRESENTATION_CONTEXT(2) 
PARAMETRIC_REPRESENTATION_CONTEXT() REPRESENTATION_CONTEXT('2D SPACE',''
  ) );
#158 = PCURVE('',#159,#164);
#159 = PLANE('',#160);
#160 = AXIS2_PLACEMENT_3D('',#161,#162,#163);
#161 = CARTESIAN_POINT('',(247.17566011234,77.919807632405,
    1.7763568394E-14));
#162 = DIRECTION('',(-0.916362729562,-0.400349032557,-1.224646799147E-16
    ));
#163 = DIRECTION('',(-0.400349032557,0.916362729562,-0.));
#164 = DEFINITIONAL_REPRESENTATION('',(#165),#169);
#165 = LINE('',#166,#167);
#166 = CARTESIAN_POINT('',(-12.,-4.831773044479E-30));
#167 = VECTOR('',#168,1.);
#168 = DIRECTION('',(-0.,-1.));
#169 = ( GEOMETRIC_REPRESENTATION_CONTEXT(2) 
PARAMETRIC_REPRESENTATION_CONTEXT() REPRESENTATION_CONTEXT('2D SPACE',''
  ) );
#170 = ORIENTED_EDGE('',*,*,#171,.T.);
#171 = EDGE_CURVE('',#144,#172,#174,.T.);
#172 = VERTEX_POINT('',#173);
#173 = CARTESIAN_POINT('',(119.1072527165,8.872845156909,32.));
#174 = SURFACE_CURVE('',#175,(#179,#186),.PCURVE_S1.);
#175 = LINE('',#176,#177);
#176 = CARTESIAN_POINT('',(251.97984850303,66.923454877659,32.));
#177 = VECTOR('',#178,1.);
#178 = DIRECTION('',(-0.916362729562,-0.400349032557,-1.224646799147E-16
    ));
#179 = PCURVE('',#44,#180);
#180 = DEFINITIONAL_REPRESENTATION('',(#181),#185);
#181 = LINE('',#182,#183);
#182 = CARTESIAN_POINT('',(3.918869757272E-15,-32.));
#183 = VECTOR('',#184,1.);
#184 = DIRECTION('',(-1.,2.465190328816E-32));
#185 = ( GEOMETRIC_REPRESENTATION_CONTEXT(2) 
PARAMETRIC_REPRESENTATION_CONTEXT() REPRESENTATION_CONTEXT('2D SPACE',''
  ) );
#186 = PCURVE('',#187,#192);
#187 = PLANE('',#188);
#188 = AXIS2_PLACEMENT_3D('',#189,#190,#191);
#189 = CARTESIAN_POINT('',(115.24697846022,123.65805582759,32.));
#190 = DIRECTION('',(-1.122220683616E-16,-4.902861612625E-17,1.));
#191 = DIRECTION('',(0.400349032557,-0.916362729562,-0.));
#192 = DEFINITIONAL_REPRESENTATION('',(#193),#197);
#193 = LINE('',#194,#195);
#194 = CARTESIAN_POINT('',(106.73034602746,102.58326341049));
#195 = VECTOR('',#196,1.);
#196 = DIRECTION('',(-0.,-1.));
#197 = ( GEOMETRIC_REPRESENTATION_CONTEXT(2) 
PARAMETRIC_REPRESENTATION_CONTEXT() REPRESENTATION_CONTEXT('2D SPACE',''
  ) );
#198 = ORIENTED_EDGE('',*,*,#199,.T.);
#199 = EDGE_CURVE('',#172,#200,#202,.T.);
#200 = VERTEX_POINT('',#201);
#201 = CARTESIAN_POINT('',(119.1072527165,8.872845156909,64.));
#202 = SURFACE_CURVE('',#203,(#207,#214),.PCURVE_S1.);
#203 = LINE('',#204,#205);
#204 = CARTESIAN_POINT('',(119.1072527165,8.872845156909,32.));
#205 = VECTOR('',#206,1.);
#206 = DIRECTION('',(-1.122220683616E-16,-4.902861612625E-17,1.));
#207 = PCURVE('',#44,#208);
#208 = DEFINITIONAL_REPRESENTATION('',(#209),#213);
#209 = LINE('',#210,#211);
#210 = CARTESIAN_POINT('',(-145.,-32.));
#211 = VECTOR('',#212,1.);
#212 = DIRECTION('',(2.465190328816E-32,-1.));
#213 = ( GEOMETRIC_REPRESENTATION_CONTEXT(2) 
PARAMETRIC_REPRESENTATION_CONTEXT() REPRESENTATION_CONTEXT('2D SPACE',''
  ) );
#214 = PCURVE('',#215,#220);
#215 = PLANE('',#216);
#216 = AXIS2_PLACEMENT_3D('',#217,#218,#219);
#217 = CARTESIAN_POINT('',(119.1072527165,8.872845156909,32.));
#218 = DIRECTION('',(0.916362729562,0.400349032557,1.224646799147E-16));
#219 = DIRECTION('',(1.122220683616E-16,4.902861612625E-17,-1.));
#220 = DEFINITIONAL_REPRESENTATION('',(#221),#225);
#221 = LINE('',#222,#223);
#222 = CARTESIAN_POINT('',(-0.,0.));
#223 = VECTOR('',#224,1.);
#224 = DIRECTION('',(-1.,0.));
#225 = ( GEOMETRIC_REPRESENTATION_CONTEXT(2) 
PARAMETRIC_REPRESENTATION_CONTEXT() REPRESENTATION_CONTEXT('2D SPACE',''
  ) );
#226 = ORIENTED_EDGE('',*,*,#227,.F.);
#227 = EDGE_CURVE('',#22,#200,#228,.T.);
#228 = SURFACE_CURVE('',#229,(#233,#240),.PCURVE_S1.);
#229 = LINE('',#230,#231);
#230 = CARTESIAN_POINT('',(108.11089996176,4.068656766226,64.));
#231 = VECTOR('',#232,1.);
#232 = DIRECTION('',(0.916362729562,0.400349032557,1.224646799147E-16));
#233 = PCURVE('',#44,#234);
#234 = DEFINITIONAL_REPRESENTATION('',(#235),#239);
#235 = LINE('',#236,#237);
#236 = CARTESIAN_POINT('',(-157.,-64.));
#237 = VECTOR('',#238,1.);
#238 = DIRECTION('',(1.,-2.465190328816E-32));
#239 = ( GEOMETRIC_REPRESENTATION_CONTEXT(2) 
PARAMETRIC_REPRESENTATION_CONTEXT() REPRESENTATION_CONTEXT('2D SPACE',''
  ) );
#240 = PCURVE('',#72,#241);
#241 = DEFINITIONAL_REPRESENTATION('',(#242),#246);
#242 = LINE('',#243,#244);
#243 = CARTESIAN_POINT('',(-0.,0.));
#244 = VECTOR('',#245,1.);
#245 = DIRECTION('',(-0.,1.));
#246 = ( GEOMETRIC_REPRESENTATION_CONTEXT(2) 
PARAMETRIC_REPRESENTATION_CONTEXT() REPRESENTATION_CONTEXT('2D SPACE',''
  ) );
#247 = ORIENTED_EDGE('',*,*,#21,.T.);
#248 = ORIENTED_EDGE('',*,*,#249,.F.);
#249 = EDGE_CURVE('',#142,#24,#250,.T.);
#250 = SURFACE_CURVE('',#251,(#255,#262),.PCURVE_S1.);
#251 = LINE('',#252,#253);
#252 = CARTESIAN_POINT('',(251.97984850303,66.923454877659,
    1.7763568394E-14));
#253 = VECTOR('',#254,1.);
#254 = DIRECTION('',(-0.916362729562,-0.400349032557,-1.224646799147E-16
    ));
#255 = PCURVE('',#44,#256);
#256 = DEFINITIONAL_REPRESENTATION('',(#257),#261);
#257 = LINE('',#258,#259);
#258 = CARTESIAN_POINT('',(0.,-0.));
#259 = VECTOR('',#260,1.);
#260 = DIRECTION('',(-1.,2.465190328816E-32));
#261 = ( GEOMETRIC_REPRESENTATION_CONTEXT(2) 
PARAMETRIC_REPRESENTATION_CONTEXT() REPRESENTATION_CONTEXT('2D SPACE',''
  ) );
#262 = PCURVE('',#126,#263);
#263 = DEFINITIONAL_REPRESENTATION('',(#264),#268);
#264 = LINE('',#265,#266);
#265 = CARTESIAN_POINT('',(106.73034602746,102.58326341049));
#266 = VECTOR('',#267,1.);
#267 = DIRECTION('',(-0.,-1.));
#268 = ( GEOMETRIC_REPRESENTATION_CONTEXT(2) 
PARAMETRIC_REPRESENTATION_CONTEXT() REPRESENTATION_CONTEXT('2D SPACE',''
  ) );
#269 = FACE_BOUND('',#270,.T.);
#270 = EDGE_LOOP('',(#271,#301,#330));
#271 = ORIENTED_EDGE('',*,*,#272,.F.);
#272 = EDGE_CURVE('',#273,#275,#277,.T.);
#273 = VERTEX_POINT('',#274);
#274 = CARTESIAN_POINT('',(235.75848438711,59.836515152749,
    18.298097038856));
#275 = VERTEX_POINT('',#276);
#276 = CARTESIAN_POINT('',(233.65259391178,58.916474226521,
    20.596194077713));
#277 = SURFACE_CURVE('',#278,(#282,#289),.PCURVE_S1.);
#278 = LINE('',#279,#280);
#279 = CARTESIAN_POINT('',(242.95280371551,62.979635982647,
    10.447145558284));
#280 = VECTOR('',#281,1.);
#281 = DIRECTION('',(-0.6479663001,-0.283089515762,0.707106781187));
#282 = PCURVE('',#44,#283);
#283 = DEFINITIONAL_REPRESENTATION('',(#284),#288);
#284 = LINE('',#285,#286);
#285 = CARTESIAN_POINT('',(-9.850951480572,-10.44714555828));
#286 = VECTOR('',#287,1.);
#287 = DIRECTION('',(-0.707106781187,-0.707106781187));
#288 = ( GEOMETRIC_REPRESENTATION_CONTEXT(2) 
PARAMETRIC_REPRESENTATION_CONTEXT() REPRESENTATION_CONTEXT('2D SPACE',''
  ) );
#289 = PCURVE('',#290,#295);
#290 = PLANE('',#291);
#291 = AXIS2_PLACEMENT_3D('',#292,#293,#294);
#292 = CARTESIAN_POINT('',(234.05294294434,58.000111496958,
    20.596194077713));
#293 = DIRECTION('',(0.6479663001,0.283089515762,0.707106781187));
#294 = DIRECTION('',(-0.6479663001,-0.283089515762,0.707106781187));
#295 = DEFINITIONAL_REPRESENTATION('',(#296),#300);
#296 = LINE('',#297,#298);
#297 = CARTESIAN_POINT('',(-14.35292206135,-1.));
#298 = VECTOR('',#299,1.);
#299 = DIRECTION('',(1.,5.551115123126E-17));
#300 = ( GEOMETRIC_REPRESENTATION_CONTEXT(2) 
PARAMETRIC_REPRESENTATION_CONTEXT() REPRESENTATION_CONTEXT('2D SPACE',''
  ) );
#301 = ORIENTED_EDGE('',*,*,#302,.T.);
#302 = EDGE_CURVE('',#273,#303,#305,.T.);
#303 = VERTEX_POINT('',#304);
#304 = CARTESIAN_POINT('',(231.54670343646,57.996433300293,
    18.298097038856));
#305 = SURFACE_CURVE('',#306,(#311,#318),.PCURVE_S1.);
#306 = CIRCLE('',#307,3.25);
#307 = AXIS2_PLACEMENT_3D('',#308,#309,#310);
#308 = CARTESIAN_POINT('',(233.65259391178,58.916474226521,16.));
#309 = DIRECTION('',(-0.400349032557,0.916362729562,6.162975822039E-33)
  );
#310 = DIRECTION('',(0.916362729562,0.400349032557,1.224646799147E-16));
#311 = PCURVE('',#44,#312);
#312 = DEFINITIONAL_REPRESENTATION('',(#313),#317);
#313 = CIRCLE('',#314,3.25);
#314 = AXIS2_PLACEMENT_2D('',#315,#316);
#315 = CARTESIAN_POINT('',(-20.,-16.));
#316 = DIRECTION('',(1.,-2.465190328816E-32));
#317 = ( GEOMETRIC_REPRESENTATION_CONTEXT(2) 
PARAMETRIC_REPRESENTATION_CONTEXT() REPRESENTATION_CONTEXT('2D SPACE',''
  ) );
#318 = PCURVE('',#319,#324);
#319 = CYLINDRICAL_SURFACE('',#320,3.25);
#320 = AXIS2_PLACEMENT_3D('',#321,#322,#323);
#321 = CARTESIAN_POINT('',(234.05294294434,58.000111496958,16.));
#322 = DIRECTION('',(0.400349032557,-0.916362729562,0.));
#323 = DIRECTION('',(0.916362729562,0.400349032557,1.224646799147E-16));
#324 = DEFINITIONAL_REPRESENTATION('',(#325),#329);
#325 = LINE('',#326,#327);
#326 = CARTESIAN_POINT('',(12.566370614359,-1.));
#327 = VECTOR('',#328,1.);
#328 = DIRECTION('',(-1.,0.));
#329 = ( GEOMETRIC_REPRESENTATION_CONTEXT(2) 
PARAMETRIC_REPRESENTATION_CONTEXT() REPRESENTATION_CONTEXT('2D SPACE',''
  ) );
#330 = ORIENTED_EDGE('',*,*,#331,.F.);
#331 = EDGE_CURVE('',#275,#303,#332,.T.);
#332 = SURFACE_CURVE('',#333,(#337,#344),.PCURVE_S1.);
#333 = LINE('',#334,#335);
#334 = CARTESIAN_POINT('',(232.46306616602,58.39678233285,
    19.298097038856));
#335 = VECTOR('',#336,1.);
#336 = DIRECTION('',(-0.6479663001,-0.283089515762,-0.707106781187));
#337 = PCURVE('',#44,#338);
#338 = DEFINITIONAL_REPRESENTATION('',(#339),#343);
#339 = LINE('',#340,#341);
#340 = CARTESIAN_POINT('',(-21.29809703885,-19.29809703885));
#341 = VECTOR('',#342,1.);
#342 = DIRECTION('',(-0.707106781187,0.707106781187));
#343 = ( GEOMETRIC_REPRESENTATION_CONTEXT(2) 
PARAMETRIC_REPRESENTATION_CONTEXT() REPRESENTATION_CONTEXT('2D SPACE',''
  ) );
#344 = PCURVE('',#345,#350);
#345 = PLANE('',#346);
#346 = AXIS2_PLACEMENT_3D('',#347,#348,#349);
#347 = CARTESIAN_POINT('',(231.94705246901,57.08007057073,
    18.298097038856));
#348 = DIRECTION('',(-0.6479663001,-0.283089515762,0.707106781187));
#349 = DIRECTION('',(-0.6479663001,-0.283089515762,-0.707106781187));
#350 = DEFINITIONAL_REPRESENTATION('',(#351),#355);
#351 = LINE('',#352,#353);
#352 = CARTESIAN_POINT('',(-1.414213562373,-1.));
#353 = VECTOR('',#354,1.);
#354 = DIRECTION('',(1.,-5.551115123126E-17));
#355 = ( GEOMETRIC_REPRESENTATION_CONTEXT(2) 
PARAMETRIC_REPRESENTATION_CONTEXT() REPRESENTATION_CONTEXT('2D SPACE',''
  ) );
#356 = FACE_BOUND('',#357,.T.);
#357 = EDGE_LOOP('',(#358,#388,#417));
#358 = ORIENTED_EDGE('',*,*,#359,.F.);
#359 = EDGE_CURVE('',#360,#362,#364,.T.);
#360 = VERTEX_POINT('',#361);
#361 = CARTESIAN_POINT('',(189.940347909,39.819063524904,18.298097038856
    ));
#362 = VERTEX_POINT('',#363);
#363 = CARTESIAN_POINT('',(187.83445743367,38.899022598676,
    20.596194077713));
#364 = SURFACE_CURVE('',#365,(#369,#376),.PCURVE_S1.);
#365 = LINE('',#366,#367);
#366 = CARTESIAN_POINT('',(208.58920135692,47.966547261763,
    -2.052854441716));
#367 = VECTOR('',#368,1.);
#368 = DIRECTION('',(-0.6479663001,-0.283089515762,0.707106781187));
#369 = PCURVE('',#44,#370);
#370 = DEFINITIONAL_REPRESENTATION('',(#371),#375);
#371 = LINE('',#372,#373);
#372 = CARTESIAN_POINT('',(-47.35095148057,2.052854441716));
#373 = VECTOR('',#374,1.);
#374 = DIRECTION('',(-0.707106781187,-0.707106781187));
#375 = ( GEOMETRIC_REPRESENTATION_CONTEXT(2) 
PARAMETRIC_REPRESENTATION_CONTEXT() REPRESENTATION_CONTEXT('2D SPACE',''
  ) );
#376 = PCURVE('',#377,#382);
#377 = PLANE('',#378);
#378 = AXIS2_PLACEMENT_3D('',#379,#380,#381);
#379 = CARTESIAN_POINT('',(188.23480646623,37.982659869114,
    20.596194077713));
#380 = DIRECTION('',(0.6479663001,0.283089515762,0.707106781187));
#381 = DIRECTION('',(-0.6479663001,-0.283089515762,0.707106781187));
#382 = DEFINITIONAL_REPRESENTATION('',(#383),#387);
#383 = LINE('',#384,#385);
#384 = CARTESIAN_POINT('',(-32.03059159102,-1.));
#385 = VECTOR('',#386,1.);
#386 = DIRECTION('',(1.,5.551115123126E-17));
#387 = ( GEOMETRIC_REPRESENTATION_CONTEXT(2) 
PARAMETRIC_REPRESENTATION_CONTEXT() REPRESENTATION_CONTEXT('2D SPACE',''
  ) );
#388 = ORIENTED_EDGE('',*,*,#389,.T.);
#389 = EDGE_CURVE('',#360,#390,#392,.T.);
#390 = VERTEX_POINT('',#391);
#391 = CARTESIAN_POINT('',(185.72856695835,37.978981672448,
    18.298097038856));
#392 = SURFACE_CURVE('',#393,(#398,#405),.PCURVE_S1.);
#393 = CIRCLE('',#394,3.25);
#394 = AXIS2_PLACEMENT_3D('',#395,#396,#397);
#395 = CARTESIAN_POINT('',(187.83445743367,38.899022598676,16.));
#396 = DIRECTION('',(-0.400349032557,0.916362729562,6.162975822039E-33)
  );
#397 = DIRECTION('',(0.916362729562,0.400349032557,1.224646799147E-16));
#398 = PCURVE('',#44,#399);
#399 = DEFINITIONAL_REPRESENTATION('',(#400),#404);
#400 = CIRCLE('',#401,3.25);
#401 = AXIS2_PLACEMENT_2D('',#402,#403);
#402 = CARTESIAN_POINT('',(-70.,-16.));
#403 = DIRECTION('',(1.,-2.465190328816E-32));
#404 = ( GEOMETRIC_REPRESENTATION_CONTEXT(2) 
PARAMETRIC_REPRESENTATION_CONTEXT() REPRESENTATION_CONTEXT('2D SPACE',''
  ) );
#405 = PCURVE('',#406,#411);
#406 = CYLINDRICAL_SURFACE('',#407,3.25);
#407 = AXIS2_PLACEMENT_3D('',#408,#409,#410);
#408 = CARTESIAN_POINT('',(188.23480646623,37.982659869114,16.));
#409 = DIRECTION('',(0.400349032557,-0.916362729562,0.));
#410 = DIRECTION('',(0.916362729562,0.400349032557,1.224646799147E-16));
#411 = DEFINITIONAL_REPRESENTATION('',(#412),#416);
#412 = LINE('',#413,#414);
#413 = CARTESIAN_POINT('',(12.566370614359,-1.));
#414 = VECTOR('',#415,1.);
#415 = DIRECTION('',(-1.,0.));
#416 = ( GEOMETRIC_REPRESENTATION_CONTEXT(2) 
PARAMETRIC_REPRESENTATION_CONTEXT() REPRESENTATION_CONTEXT('2D SPACE',''
  ) );
#417 = ORIENTED_EDGE('',*,*,#418,.F.);
#418 = EDGE_CURVE('',#362,#390,#419,.T.);
#419 = SURFACE_CURVE('',#420,(#424,#431),.PCURVE_S1.);
#420 = LINE('',#421,#422);
#421 = CARTESIAN_POINT('',(198.09946380744,43.383693611966,
    31.798097038856));
#422 = VECTOR('',#423,1.);
#423 = DIRECTION('',(-0.6479663001,-0.283089515762,-0.707106781187));
#424 = PCURVE('',#44,#425);
#425 = DEFINITIONAL_REPRESENTATION('',(#426),#430);
#426 = LINE('',#427,#428);
#427 = CARTESIAN_POINT('',(-58.79809703885,-31.79809703885));
#428 = VECTOR('',#429,1.);
#429 = DIRECTION('',(-0.707106781187,0.707106781187));
#430 = ( GEOMETRIC_REPRESENTATION_CONTEXT(2) 
PARAMETRIC_REPRESENTATION_CONTEXT() REPRESENTATION_CONTEXT('2D SPACE',''
  ) );
#431 = PCURVE('',#432,#437);
#432 = PLANE('',#433);
#433 = AXIS2_PLACEMENT_3D('',#434,#435,#436);
#434 = CARTESIAN_POINT('',(186.1289159909,37.062618942886,
    18.298097038856));
#435 = DIRECTION('',(-0.6479663001,-0.283089515762,0.707106781187));
#436 = DIRECTION('',(-0.6479663001,-0.283089515762,-0.707106781187));
#437 = DEFINITIONAL_REPRESENTATION('',(#438),#442);
#438 = LINE('',#439,#440);
#439 = CARTESIAN_POINT('',(-19.09188309203,-1.));
#440 = VECTOR('',#441,1.);
#441 = DIRECTION('',(1.,-5.551115123126E-17));
#442 = ( GEOMETRIC_REPRESENTATION_CONTEXT(2) 
PARAMETRIC_REPRESENTATION_CONTEXT() REPRESENTATION_CONTEXT('2D SPACE',''
  ) );
#443 = FACE_BOUND('',#444,.T.);
#444 = EDGE_LOOP('',(#445,#475,#504));
#445 = ORIENTED_EDGE('',*,*,#446,.F.);
#446 = EDGE_CURVE('',#447,#449,#451,.T.);
#447 = VERTEX_POINT('',#448);
#448 = CARTESIAN_POINT('',(143.20584870132,19.401262864502,
    18.298097038856));
#449 = VERTEX_POINT('',#450);
#450 = CARTESIAN_POINT('',(141.099958226,18.481221938274,20.596194077713
    ));
#451 = SURFACE_CURVE('',#452,(#456,#463),.PCURVE_S1.);
#452 = LINE('',#453,#454);
#453 = CARTESIAN_POINT('',(173.53832695117,32.653196766462,
    -14.80285444171));
#454 = VECTOR('',#455,1.);
#455 = DIRECTION('',(-0.6479663001,-0.283089515762,0.707106781187));
#456 = PCURVE('',#44,#457);
#457 = DEFINITIONAL_REPRESENTATION('',(#458),#462);
#458 = LINE('',#459,#460);
#459 = CARTESIAN_POINT('',(-85.60095148057,14.802854441716));
#460 = VECTOR('',#461,1.);
#461 = DIRECTION('',(-0.707106781187,-0.707106781187));
#462 = ( GEOMETRIC_REPRESENTATION_CONTEXT(2) 
PARAMETRIC_REPRESENTATION_CONTEXT() REPRESENTATION_CONTEXT('2D SPACE',''
  ) );
#463 = PCURVE('',#464,#469);
#464 = PLANE('',#465);
#465 = AXIS2_PLACEMENT_3D('',#466,#467,#468);
#466 = CARTESIAN_POINT('',(141.50030725855,17.564859208712,
    20.596194077713));
#467 = DIRECTION('',(0.6479663001,0.283089515762,0.707106781187));
#468 = DIRECTION('',(-0.6479663001,-0.283089515762,0.707106781187));
#469 = DEFINITIONAL_REPRESENTATION('',(#470),#474);
#470 = LINE('',#471,#472);
#471 = CARTESIAN_POINT('',(-50.06181451127,-1.));
#472 = VECTOR('',#473,1.);
#473 = DIRECTION('',(1.,-0.));
#474 = ( GEOMETRIC_REPRESENTATION_CONTEXT(2) 
PARAMETRIC_REPRESENTATION_CONTEXT() REPRESENTATION_CONTEXT('2D SPACE',''
  ) );
#475 = ORIENTED_EDGE('',*,*,#476,.T.);
#476 = EDGE_CURVE('',#447,#477,#479,.T.);
#477 = VERTEX_POINT('',#478);
#478 = CARTESIAN_POINT('',(138.99406775067,17.561181012046,
    18.298097038856));
#479 = SURFACE_CURVE('',#480,(#485,#492),.PCURVE_S1.);
#480 = CIRCLE('',#481,3.25);
#481 = AXIS2_PLACEMENT_3D('',#482,#483,#484);
#482 = CARTESIAN_POINT('',(141.099958226,18.481221938274,16.));
#483 = DIRECTION('',(-0.400349032557,0.916362729562,6.162975822039E-33)
  );
#484 = DIRECTION('',(0.916362729562,0.400349032557,1.224646799147E-16));
#485 = PCURVE('',#44,#486);
#486 = DEFINITIONAL_REPRESENTATION('',(#487),#491);
#487 = CIRCLE('',#488,3.25);
#488 = AXIS2_PLACEMENT_2D('',#489,#490);
#489 = CARTESIAN_POINT('',(-121.,-16.));
#490 = DIRECTION('',(1.,-2.465190328816E-32));
#491 = ( GEOMETRIC_REPRESENTATION_CONTEXT(2) 
PARAMETRIC_REPRESENTATION_CONTEXT() REPRESENTATION_CONTEXT('2D SPACE',''
  ) );
#492 = PCURVE('',#493,#498);
#493 = CYLINDRICAL_SURFACE('',#494,3.25);
#494 = AXIS2_PLACEMENT_3D('',#495,#496,#497);
#495 = CARTESIAN_POINT('',(141.50030725855,17.564859208712,16.));
#496 = DIRECTION('',(0.400349032557,-0.916362729562,0.));
#497 = DIRECTION('',(0.916362729562,0.400349032557,1.224646799147E-16));
#498 = DEFINITIONAL_REPRESENTATION('',(#499),#503);
#499 = LINE('',#500,#501);
#500 = CARTESIAN_POINT('',(12.566370614359,-1.));
#501 = VECTOR('',#502,1.);
#502 = DIRECTION('',(-1.,0.));
#503 = ( GEOMETRIC_REPRESENTATION_CONTEXT(2) 
PARAMETRIC_REPRESENTATION_CONTEXT() REPRESENTATION_CONTEXT('2D SPACE',''
  ) );
#504 = ORIENTED_EDGE('',*,*,#505,.F.);
#505 = EDGE_CURVE('',#449,#477,#506,.T.);
#506 = SURFACE_CURVE('',#507,(#511,#518),.PCURVE_S1.);
#507 = LINE('',#508,#509);
#508 = CARTESIAN_POINT('',(163.04858940168,28.070343116665,
    44.548097038856));
#509 = VECTOR('',#510,1.);
#510 = DIRECTION('',(-0.6479663001,-0.283089515762,-0.707106781187));
#511 = PCURVE('',#44,#512);
#512 = DEFINITIONAL_REPRESENTATION('',(#513),#517);
#513 = LINE('',#514,#515);
#514 = CARTESIAN_POINT('',(-97.04809703885,-44.54809703885));
#515 = VECTOR('',#516,1.);
#516 = DIRECTION('',(-0.707106781187,0.707106781187));
#517 = ( GEOMETRIC_REPRESENTATION_CONTEXT(2) 
PARAMETRIC_REPRESENTATION_CONTEXT() REPRESENTATION_CONTEXT('2D SPACE',''
  ) );
#518 = PCURVE('',#519,#524);
#519 = PLANE('',#520);
#520 = AXIS2_PLACEMENT_3D('',#521,#522,#523);
#521 = CARTESIAN_POINT('',(139.39441678323,16.644818282484,
    18.298097038856));
#522 = DIRECTION('',(-0.6479663001,-0.283089515762,0.707106781187));
#523 = DIRECTION('',(-0.6479663001,-0.283089515762,-0.707106781187));
#524 = DEFINITIONAL_REPRESENTATION('',(#525),#529);
#525 = LINE('',#526,#527);
#526 = CARTESIAN_POINT('',(-37.12310601229,-1.));
#527 = VECTOR('',#528,1.);
#528 = DIRECTION('',(1.,-0.));
#529 = ( GEOMETRIC_REPRESENTATION_CONTEXT(2) 
PARAMETRIC_REPRESENTATION_CONTEXT() REPRESENTATION_CONTEXT('2D SPACE',''
  ) );
#530 = ADVANCED_FACE('',(#531),#72,.T.);
#531 = FACE_BOUND('',#532,.F.);
#532 = EDGE_LOOP('',(#533,#534,#535,#558));
#533 = ORIENTED_EDGE('',*,*,#227,.F.);
#534 = ORIENTED_EDGE('',*,*,#56,.T.);
#535 = ORIENTED_EDGE('',*,*,#536,.T.);
#536 = EDGE_CURVE('',#57,#537,#539,.T.);
#537 = VERTEX_POINT('',#538);
#538 = CARTESIAN_POINT('',(15.016504251715,247.12715484309,64.));
#539 = SURFACE_CURVE('',#540,(#544,#551),.PCURVE_S1.);
#540 = LINE('',#541,#542);
#541 = CARTESIAN_POINT('',(4.020151496968,242.3229664524,64.));
#542 = VECTOR('',#543,1.);
#543 = DIRECTION('',(0.916362729562,0.400349032557,1.224646799147E-16));
#544 = PCURVE('',#72,#545);
#545 = DEFINITIONAL_REPRESENTATION('',(#546),#550);
#546 = LINE('',#547,#548);
#547 = CARTESIAN_POINT('',(-260.,0.));
#548 = VECTOR('',#549,1.);
#549 = DIRECTION('',(-0.,1.));
#550 = ( GEOMETRIC_REPRESENTATION_CONTEXT(2) 
PARAMETRIC_REPRESENTATION_CONTEXT() REPRESENTATION_CONTEXT('2D SPACE',''
  ) );
#551 = PCURVE('',#100,#552);
#552 = DEFINITIONAL_REPRESENTATION('',(#553),#557);
#553 = LINE('',#554,#555);
#554 = CARTESIAN_POINT('',(-7.837739514543E-15,-64.));
#555 = VECTOR('',#556,1.);
#556 = DIRECTION('',(-1.,-2.465190328816E-32));
#557 = ( GEOMETRIC_REPRESENTATION_CONTEXT(2) 
PARAMETRIC_REPRESENTATION_CONTEXT() REPRESENTATION_CONTEXT('2D SPACE',''
  ) );
#558 = ORIENTED_EDGE('',*,*,#559,.F.);
#559 = EDGE_CURVE('',#200,#537,#560,.T.);
#560 = SURFACE_CURVE('',#561,(#565,#572),.PCURVE_S1.);
#561 = LINE('',#562,#563);
#562 = CARTESIAN_POINT('',(119.1072527165,8.872845156909,64.));
#563 = VECTOR('',#564,1.);
#564 = DIRECTION('',(-0.400349032557,0.916362729562,0.));
#565 = PCURVE('',#72,#566);
#566 = DEFINITIONAL_REPRESENTATION('',(#567),#571);
#567 = LINE('',#568,#569);
#568 = CARTESIAN_POINT('',(1.7763568394E-15,12.));
#569 = VECTOR('',#570,1.);
#570 = DIRECTION('',(-1.,7.547468613683E-49));
#571 = ( GEOMETRIC_REPRESENTATION_CONTEXT(2) 
PARAMETRIC_REPRESENTATION_CONTEXT() REPRESENTATION_CONTEXT('2D SPACE',''
  ) );
#572 = PCURVE('',#215,#573);
#573 = DEFINITIONAL_REPRESENTATION('',(#574),#578);
#574 = LINE('',#575,#576);
#575 = CARTESIAN_POINT('',(-32.,-3.255574404059E-15));
#576 = VECTOR('',#577,1.);
#577 = DIRECTION('',(6.162975822039E-33,1.));
#578 = ( GEOMETRIC_REPRESENTATION_CONTEXT(2) 
PARAMETRIC_REPRESENTATION_CONTEXT() REPRESENTATION_CONTEXT('2D SPACE',''
  ) );
#579 = ADVANCED_FACE('',(#580),#100,.F.);
#580 = FACE_BOUND('',#581,.T.);
#581 = EDGE_LOOP('',(#582,#583,#584,#607,#630,#658));
#582 = ORIENTED_EDGE('',*,*,#84,.T.);
#583 = ORIENTED_EDGE('',*,*,#536,.T.);
#584 = ORIENTED_EDGE('',*,*,#585,.F.);
#585 = EDGE_CURVE('',#586,#537,#588,.T.);
#586 = VERTEX_POINT('',#587);
#587 = CARTESIAN_POINT('',(15.016504251715,247.12715484309,32.));
#588 = SURFACE_CURVE('',#589,(#593,#600),.PCURVE_S1.);
#589 = LINE('',#590,#591);
#590 = CARTESIAN_POINT('',(15.016504251715,247.12715484309,32.));
#591 = VECTOR('',#592,1.);
#592 = DIRECTION('',(-1.122220683616E-16,-4.902861612625E-17,1.));
#593 = PCURVE('',#100,#594);
#594 = DEFINITIONAL_REPRESENTATION('',(#595),#599);
#595 = LINE('',#596,#597);
#596 = CARTESIAN_POINT('',(-12.,-32.));
#597 = VECTOR('',#598,1.);
#598 = DIRECTION('',(-2.465190328816E-32,-1.));
#599 = ( GEOMETRIC_REPRESENTATION_CONTEXT(2) 
PARAMETRIC_REPRESENTATION_CONTEXT() REPRESENTATION_CONTEXT('2D SPACE',''
  ) );
#600 = PCURVE('',#215,#601);
#601 = DEFINITIONAL_REPRESENTATION('',(#602),#606);
#602 = LINE('',#603,#604);
#603 = CARTESIAN_POINT('',(3.155443620884E-30,260.));
#604 = VECTOR('',#605,1.);
#605 = DIRECTION('',(-1.,0.));
#606 = ( GEOMETRIC_REPRESENTATION_CONTEXT(2) 
PARAMETRIC_REPRESENTATION_CONTEXT() REPRESENTATION_CONTEXT('2D SPACE',''
  ) );
#607 = ORIENTED_EDGE('',*,*,#608,.T.);
#608 = EDGE_CURVE('',#586,#609,#611,.T.);
#609 = VERTEX_POINT('',#610);
#610 = CARTESIAN_POINT('',(26.012857006462,251.93134323377,32.));
#611 = SURFACE_CURVE('',#612,(#616,#623),.PCURVE_S1.);
#612 = LINE('',#613,#614);
#613 = CARTESIAN_POINT('',(4.020151496968,242.3229664524,32.));
#614 = VECTOR('',#615,1.);
#615 = DIRECTION('',(0.916362729562,0.400349032557,1.224646799147E-16));
#616 = PCURVE('',#100,#617);
#617 = DEFINITIONAL_REPRESENTATION('',(#618),#622);
#618 = LINE('',#619,#620);
#619 = CARTESIAN_POINT('',(-3.918869757272E-15,-32.));
#620 = VECTOR('',#621,1.);
#621 = DIRECTION('',(-1.,-2.465190328816E-32));
#622 = ( GEOMETRIC_REPRESENTATION_CONTEXT(2) 
PARAMETRIC_REPRESENTATION_CONTEXT() REPRESENTATION_CONTEXT('2D SPACE',''
  ) );
#623 = PCURVE('',#187,#624);
#624 = DEFINITIONAL_REPRESENTATION('',(#625),#629);
#625 = LINE('',#626,#627);
#626 = CARTESIAN_POINT('',(-153.2696539725,-54.4167365895));
#627 = VECTOR('',#628,1.);
#628 = DIRECTION('',(-0.,1.));
#629 = ( GEOMETRIC_REPRESENTATION_CONTEXT(2) 
PARAMETRIC_REPRESENTATION_CONTEXT() REPRESENTATION_CONTEXT('2D SPACE',''
  ) );
#630 = ORIENTED_EDGE('',*,*,#631,.F.);
#631 = EDGE_CURVE('',#632,#609,#634,.T.);
#632 = VERTEX_POINT('',#633);
#633 = CARTESIAN_POINT('',(26.012857006462,251.93134323377,0.));
#634 = SURFACE_CURVE('',#635,(#639,#646),.PCURVE_S1.);
#635 = LINE('',#636,#637);
#636 = CARTESIAN_POINT('',(26.012857006462,251.93134323377,0.));
#637 = VECTOR('',#638,1.);
#638 = DIRECTION('',(-1.122220683616E-16,-4.902861612625E-17,1.));
#639 = PCURVE('',#100,#640);
#640 = DEFINITIONAL_REPRESENTATION('',(#641),#645);
#641 = LINE('',#642,#643);
#642 = CARTESIAN_POINT('',(-24.,2.939152317954E-15));
#643 = VECTOR('',#644,1.);
#644 = DIRECTION('',(-2.465190328816E-32,-1.));
#645 = ( GEOMETRIC_REPRESENTATION_CONTEXT(2) 
PARAMETRIC_REPRESENTATION_CONTEXT() REPRESENTATION_CONTEXT('2D SPACE',''
  ) );
#646 = PCURVE('',#647,#652);
#647 = PLANE('',#648);
#648 = AXIS2_PLACEMENT_3D('',#649,#650,#651);
#649 = CARTESIAN_POINT('',(26.012857006462,251.93134323377,0.));
#650 = DIRECTION('',(-0.6183503941,-0.785902532198,-1.07924273762E-16));
#651 = DIRECTION('',(-0.785902532198,0.6183503941,-5.787874359009E-17));
#652 = DEFINITIONAL_REPRESENTATION('',(#653),#657);
#653 = LINE('',#654,#655);
#654 = CARTESIAN_POINT('',(-0.,0.));
#655 = VECTOR('',#656,1.);
#656 = DIRECTION('',(-1.232595164408E-32,-1.));
#657 = ( GEOMETRIC_REPRESENTATION_CONTEXT(2) 
PARAMETRIC_REPRESENTATION_CONTEXT() REPRESENTATION_CONTEXT('2D SPACE',''
  ) );
#658 = ORIENTED_EDGE('',*,*,#659,.F.);
#659 = EDGE_CURVE('',#85,#632,#660,.T.);
#660 = SURFACE_CURVE('',#661,(#665,#672),.PCURVE_S1.);
#661 = LINE('',#662,#663);
#662 = CARTESIAN_POINT('',(4.020151496968,242.3229664524,0.));
#663 = VECTOR('',#664,1.);
#664 = DIRECTION('',(0.916362729562,0.400349032557,1.224646799147E-16));
#665 = PCURVE('',#100,#666);
#666 = DEFINITIONAL_REPRESENTATION('',(#667),#671);
#667 = LINE('',#668,#669);
#668 = CARTESIAN_POINT('',(-0.,0.));
#669 = VECTOR('',#670,1.);
#670 = DIRECTION('',(-1.,-2.465190328816E-32));
#671 = ( GEOMETRIC_REPRESENTATION_CONTEXT(2) 
PARAMETRIC_REPRESENTATION_CONTEXT() REPRESENTATION_CONTEXT('2D SPACE',''
  ) );
#672 = PCURVE('',#126,#673);
#673 = DEFINITIONAL_REPRESENTATION('',(#674),#678);
#674 = LINE('',#675,#676);
#675 = CARTESIAN_POINT('',(-153.2696539725,-54.4167365895));
#676 = VECTOR('',#677,1.);
#677 = DIRECTION('',(-0.,1.));
#678 = ( GEOMETRIC_REPRESENTATION_CONTEXT(2) 
PARAMETRIC_REPRESENTATION_CONTEXT() REPRESENTATION_CONTEXT('2D SPACE',''
  ) );
#679 = ADVANCED_FACE('',(#680),#126,.F.);
#680 = FACE_BOUND('',#681,.T.);
#681 = EDGE_LOOP('',(#682,#683,#684,#707,#728));
#682 = ORIENTED_EDGE('',*,*,#112,.T.);
#683 = ORIENTED_EDGE('',*,*,#659,.T.);
#684 = ORIENTED_EDGE('',*,*,#685,.T.);
#685 = EDGE_CURVE('',#632,#686,#688,.T.);
#686 = VERTEX_POINT('',#687);
#687 = CARTESIAN_POINT('',(247.17566011234,77.919807632405,
    1.7763568394E-14));
#688 = SURFACE_CURVE('',#689,(#693,#700),.PCURVE_S1.);
#689 = LINE('',#690,#691);
#690 = CARTESIAN_POINT('',(26.012857006462,251.93134323377,0.));
#691 = VECTOR('',#692,1.);
#692 = DIRECTION('',(0.785902532198,-0.6183503941,5.787874359009E-17));
#693 = PCURVE('',#126,#694);
#694 = DEFINITIONAL_REPRESENTATION('',(#695),#699);
#695 = LINE('',#696,#697);
#696 = CARTESIAN_POINT('',(-153.2696539725,-30.4167365895));
#697 = VECTOR('',#698,1.);
#698 = DIRECTION('',(0.881268573413,0.472615807516));
#699 = ( GEOMETRIC_REPRESENTATION_CONTEXT(2) 
PARAMETRIC_REPRESENTATION_CONTEXT() REPRESENTATION_CONTEXT('2D SPACE',''
  ) );
#700 = PCURVE('',#647,#701);
#701 = DEFINITIONAL_REPRESENTATION('',(#702),#706);
#702 = LINE('',#703,#704);
#703 = CARTESIAN_POINT('',(-0.,0.));
#704 = VECTOR('',#705,1.);
#705 = DIRECTION('',(-1.,-1.232595164408E-32));
#706 = ( GEOMETRIC_REPRESENTATION_CONTEXT(2) 
PARAMETRIC_REPRESENTATION_CONTEXT() REPRESENTATION_CONTEXT('2D SPACE',''
  ) );
#707 = ORIENTED_EDGE('',*,*,#708,.T.);
#708 = EDGE_CURVE('',#686,#142,#709,.T.);
#709 = SURFACE_CURVE('',#710,(#714,#721),.PCURVE_S1.);
#710 = LINE('',#711,#712);
#711 = CARTESIAN_POINT('',(247.17566011234,77.919807632405,
    1.7763568394E-14));
#712 = VECTOR('',#713,1.);
#713 = DIRECTION('',(0.400349032557,-0.916362729562,0.));
#714 = PCURVE('',#126,#715);
#715 = DEFINITIONAL_REPRESENTATION('',(#716),#720);
#716 = LINE('',#717,#718);
#717 = CARTESIAN_POINT('',(94.730346027469,102.58326341049));
#718 = VECTOR('',#719,1.);
#719 = DIRECTION('',(1.,-7.547468613683E-49));
#720 = ( GEOMETRIC_REPRESENTATION_CONTEXT(2) 
PARAMETRIC_REPRESENTATION_CONTEXT() REPRESENTATION_CONTEXT('2D SPACE',''
  ) );
#721 = PCURVE('',#159,#722);
#722 = DEFINITIONAL_REPRESENTATION('',(#723),#727);
#723 = LINE('',#724,#725);
#724 = CARTESIAN_POINT('',(-0.,0.));
#725 = VECTOR('',#726,1.);
#726 = DIRECTION('',(-1.,-6.162975822039E-33));
#727 = ( GEOMETRIC_REPRESENTATION_CONTEXT(2) 
PARAMETRIC_REPRESENTATION_CONTEXT() REPRESENTATION_CONTEXT('2D SPACE',''
  ) );
#728 = ORIENTED_EDGE('',*,*,#249,.T.);
#729 = ADVANCED_FACE('',(#730),#159,.F.);
#730 = FACE_BOUND('',#731,.T.);
#731 = EDGE_LOOP('',(#732,#755,#776,#777));
#732 = ORIENTED_EDGE('',*,*,#733,.T.);
#733 = EDGE_CURVE('',#686,#734,#736,.T.);
#734 = VERTEX_POINT('',#735);
#735 = CARTESIAN_POINT('',(247.17566011234,77.919807632405,32.));
#736 = SURFACE_CURVE('',#737,(#741,#748),.PCURVE_S1.);
#737 = LINE('',#738,#739);
#738 = CARTESIAN_POINT('',(247.17566011234,77.919807632405,
    1.7763568394E-14));
#739 = VECTOR('',#740,1.);
#740 = DIRECTION('',(-1.122220683616E-16,-4.902861612625E-17,1.));
#741 = PCURVE('',#159,#742);
#742 = DEFINITIONAL_REPRESENTATION('',(#743),#747);
#743 = LINE('',#744,#745);
#744 = CARTESIAN_POINT('',(-0.,0.));
#745 = VECTOR('',#746,1.);
#746 = DIRECTION('',(-0.,-1.));
#747 = ( GEOMETRIC_REPRESENTATION_CONTEXT(2) 
PARAMETRIC_REPRESENTATION_CONTEXT() REPRESENTATION_CONTEXT('2D SPACE',''
  ) );
#748 = PCURVE('',#647,#749);
#749 = DEFINITIONAL_REPRESENTATION('',(#750),#754);
#750 = LINE('',#751,#752);
#751 = CARTESIAN_POINT('',(-281.4125086061,-1.475765965343E-15));
#752 = VECTOR('',#753,1.);
#753 = DIRECTION('',(-1.232595164408E-32,-1.));
#754 = ( GEOMETRIC_REPRESENTATION_CONTEXT(2) 
PARAMETRIC_REPRESENTATION_CONTEXT() REPRESENTATION_CONTEXT('2D SPACE',''
  ) );
#755 = ORIENTED_EDGE('',*,*,#756,.T.);
#756 = EDGE_CURVE('',#734,#144,#757,.T.);
#757 = SURFACE_CURVE('',#758,(#762,#769),.PCURVE_S1.);
#758 = LINE('',#759,#760);
#759 = CARTESIAN_POINT('',(247.17566011234,77.919807632405,32.));
#760 = VECTOR('',#761,1.);
#761 = DIRECTION('',(0.400349032557,-0.916362729562,0.));
#762 = PCURVE('',#159,#763);
#763 = DEFINITIONAL_REPRESENTATION('',(#764),#768);
#764 = LINE('',#765,#766);
#765 = CARTESIAN_POINT('',(-0.,-32.));
#766 = VECTOR('',#767,1.);
#767 = DIRECTION('',(-1.,-6.162975822039E-33));
#768 = ( GEOMETRIC_REPRESENTATION_CONTEXT(2) 
PARAMETRIC_REPRESENTATION_CONTEXT() REPRESENTATION_CONTEXT('2D SPACE',''
  ) );
#769 = PCURVE('',#187,#770);
#770 = DEFINITIONAL_REPRESENTATION('',(#771),#775);
#771 = LINE('',#772,#773);
#772 = CARTESIAN_POINT('',(94.730346027469,102.58326341049));
#773 = VECTOR('',#774,1.);
#774 = DIRECTION('',(1.,-7.547468613683E-49));
#775 = ( GEOMETRIC_REPRESENTATION_CONTEXT(2) 
PARAMETRIC_REPRESENTATION_CONTEXT() REPRESENTATION_CONTEXT('2D SPACE',''
  ) );
#776 = ORIENTED_EDGE('',*,*,#141,.F.);
#777 = ORIENTED_EDGE('',*,*,#708,.F.);
#778 = ADVANCED_FACE('',(#779),#187,.T.);
#779 = FACE_BOUND('',#780,.F.);
#780 = EDGE_LOOP('',(#781,#782,#803,#804,#825));
#781 = ORIENTED_EDGE('',*,*,#171,.T.);
#782 = ORIENTED_EDGE('',*,*,#783,.T.);
#783 = EDGE_CURVE('',#172,#586,#784,.T.);
#784 = SURFACE_CURVE('',#785,(#789,#796),.PCURVE_S1.);
#785 = LINE('',#786,#787);
#786 = CARTESIAN_POINT('',(119.1072527165,8.872845156909,32.));
#787 = VECTOR('',#788,1.);
#788 = DIRECTION('',(-0.400349032557,0.916362729562,0.));
#789 = PCURVE('',#187,#790);
#790 = DEFINITIONAL_REPRESENTATION('',(#791),#795);
#791 = LINE('',#792,#793);
#792 = CARTESIAN_POINT('',(106.73034602746,-42.4167365895));
#793 = VECTOR('',#794,1.);
#794 = DIRECTION('',(-1.,7.547468613683E-49));
#795 = ( GEOMETRIC_REPRESENTATION_CONTEXT(2) 
PARAMETRIC_REPRESENTATION_CONTEXT() REPRESENTATION_CONTEXT('2D SPACE',''
  ) );
#796 = PCURVE('',#215,#797);
#797 = DEFINITIONAL_REPRESENTATION('',(#798),#802);
#798 = LINE('',#799,#800);
#799 = CARTESIAN_POINT('',(-0.,0.));
#800 = VECTOR('',#801,1.);
#801 = DIRECTION('',(6.162975822039E-33,1.));
#802 = ( GEOMETRIC_REPRESENTATION_CONTEXT(2) 
PARAMETRIC_REPRESENTATION_CONTEXT() REPRESENTATION_CONTEXT('2D SPACE',''
  ) );
#803 = ORIENTED_EDGE('',*,*,#608,.T.);
#804 = ORIENTED_EDGE('',*,*,#805,.T.);
#805 = EDGE_CURVE('',#609,#734,#806,.T.);
#806 = SURFACE_CURVE('',#807,(#811,#818),.PCURVE_S1.);
#807 = LINE('',#808,#809);
#808 = CARTESIAN_POINT('',(26.012857006462,251.93134323377,32.));
#809 = VECTOR('',#810,1.);
#810 = DIRECTION('',(0.785902532198,-0.6183503941,5.787874359009E-17));
#811 = PCURVE('',#187,#812);
#812 = DEFINITIONAL_REPRESENTATION('',(#813),#817);
#813 = LINE('',#814,#815);
#814 = CARTESIAN_POINT('',(-153.2696539725,-30.4167365895));
#815 = VECTOR('',#816,1.);
#816 = DIRECTION('',(0.881268573413,0.472615807516));
#817 = ( GEOMETRIC_REPRESENTATION_CONTEXT(2) 
PARAMETRIC_REPRESENTATION_CONTEXT() REPRESENTATION_CONTEXT('2D SPACE',''
  ) );
#818 = PCURVE('',#647,#819);
#819 = DEFINITIONAL_REPRESENTATION('',(#820),#824);
#820 = LINE('',#821,#822);
#821 = CARTESIAN_POINT('',(9.399668814624E-16,-32.));
#822 = VECTOR('',#823,1.);
#823 = DIRECTION('',(-1.,-1.232595164408E-32));
#824 = ( GEOMETRIC_REPRESENTATION_CONTEXT(2) 
PARAMETRIC_REPRESENTATION_CONTEXT() REPRESENTATION_CONTEXT('2D SPACE',''
  ) );
#825 = ORIENTED_EDGE('',*,*,#756,.T.);
#826 = ADVANCED_FACE('',(#827,#833,#868),#215,.T.);
#827 = FACE_BOUND('',#828,.F.);
#828 = EDGE_LOOP('',(#829,#830,#831,#832));
#829 = ORIENTED_EDGE('',*,*,#783,.F.);
#830 = ORIENTED_EDGE('',*,*,#199,.T.);
#831 = ORIENTED_EDGE('',*,*,#559,.T.);
#832 = ORIENTED_EDGE('',*,*,#585,.F.);
#833 = FACE_BOUND('',#834,.F.);
#834 = EDGE_LOOP('',(#835));
#835 = ORIENTED_EDGE('',*,*,#836,.F.);
#836 = EDGE_CURVE('',#837,#837,#839,.T.);
#837 = VERTEX_POINT('',#838);
#838 = CARTESIAN_POINT('',(79.072349460818,100.50911811313,49.5));
#839 = SURFACE_CURVE('',#840,(#845,#856),.PCURVE_S1.);
#840 = CIRCLE('',#841,1.5);
#841 = AXIS2_PLACEMENT_3D('',#842,#843,#844);
#842 = CARTESIAN_POINT('',(79.072349460818,100.50911811313,48.));
#843 = DIRECTION('',(-0.916362729562,-0.400349032557,-1.224646799147E-16
    ));
#844 = DIRECTION('',(-1.122220683616E-16,-4.902861612625E-17,1.));
#845 = PCURVE('',#215,#846);
#846 = DEFINITIONAL_REPRESENTATION('',(#847),#855);
#847 = ( BOUNDED_CURVE() B_SPLINE_CURVE(2,(#848,#849,#850,#851,#852,#853
,#854),.UNSPECIFIED.,.T.,.F.) B_SPLINE_CURVE_WITH_KNOTS((1,2,2,2,2,1),(
    -2.094395102393,0.,2.094395102393,4.188790204786,6.28318530718,
8.377580409573),.UNSPECIFIED.) CURVE() GEOMETRIC_REPRESENTATION_ITEM() 
RATIONAL_B_SPLINE_CURVE((1.,0.5,1.,0.5,1.,0.5,1.)) REPRESENTATION_ITEM(
  '') );
#848 = CARTESIAN_POINT('',(-17.5,100.));
#849 = CARTESIAN_POINT('',(-17.5,102.59807621135));
#850 = CARTESIAN_POINT('',(-15.25,101.29903810567));
#851 = CARTESIAN_POINT('',(-13.,100.));
#852 = CARTESIAN_POINT('',(-15.25,98.700961894323));
#853 = CARTESIAN_POINT('',(-17.5,97.401923788647));
#854 = CARTESIAN_POINT('',(-17.5,100.));
#855 = ( GEOMETRIC_REPRESENTATION_CONTEXT(2) 
PARAMETRIC_REPRESENTATION_CONTEXT() REPRESENTATION_CONTEXT('2D SPACE',''
  ) );
#856 = PCURVE('',#857,#862);
#857 = CYLINDRICAL_SURFACE('',#858,1.5);
#858 = AXIS2_PLACEMENT_3D('',#859,#860,#861);
#859 = CARTESIAN_POINT('',(71.74144762432,97.306325852678,48.));
#860 = DIRECTION('',(0.916362729562,0.400349032557,1.224646799147E-16));
#861 = DIRECTION('',(-1.122220683616E-16,-4.902861612625E-17,1.));
#862 = DEFINITIONAL_REPRESENTATION('',(#863),#867);
#863 = LINE('',#864,#865);
#864 = CARTESIAN_POINT('',(-0.,8.));
#865 = VECTOR('',#866,1.);
#866 = DIRECTION('',(-1.,0.));
#867 = ( GEOMETRIC_REPRESENTATION_CONTEXT(2) 
PARAMETRIC_REPRESENTATION_CONTEXT() REPRESENTATION_CONTEXT('2D SPACE',''
  ) );
#868 = FACE_BOUND('',#869,.F.);
#869 = EDGE_LOOP('',(#870));
#870 = ORIENTED_EDGE('',*,*,#871,.F.);
#871 = EDGE_CURVE('',#872,#872,#874,.T.);
#872 = VERTEX_POINT('',#873);
#873 = CARTESIAN_POINT('',(31.030465553991,210.4726456606,49.5));
#874 = SURFACE_CURVE('',#875,(#880,#891),.PCURVE_S1.);
#875 = CIRCLE('',#876,1.5);
#876 = AXIS2_PLACEMENT_3D('',#877,#878,#879);
#877 = CARTESIAN_POINT('',(31.030465553991,210.4726456606,48.));
#878 = DIRECTION('',(-0.916362729562,-0.400349032557,-1.224646799147E-16
    ));
#879 = DIRECTION('',(-1.122220683616E-16,-4.902861612625E-17,1.));
#880 = PCURVE('',#215,#881);
#881 = DEFINITIONAL_REPRESENTATION('',(#882),#890);
#882 = ( BOUNDED_CURVE() B_SPLINE_CURVE(2,(#883,#884,#885,#886,#887,#888
,#889),.UNSPECIFIED.,.T.,.F.) B_SPLINE_CURVE_WITH_KNOTS((1,2,2,2,2,1),(
    -2.094395102393,0.,2.094395102393,4.188790204786,6.28318530718,
8.377580409573),.UNSPECIFIED.) CURVE() GEOMETRIC_REPRESENTATION_ITEM() 
RATIONAL_B_SPLINE_CURVE((1.,0.5,1.,0.5,1.,0.5,1.)) REPRESENTATION_ITEM(
  '') );
#883 = CARTESIAN_POINT('',(-17.5,220.));
#884 = CARTESIAN_POINT('',(-17.5,222.59807621135));
#885 = CARTESIAN_POINT('',(-15.25,221.29903810567));
#886 = CARTESIAN_POINT('',(-13.,220.));
#887 = CARTESIAN_POINT('',(-15.25,218.70096189432));
#888 = CARTESIAN_POINT('',(-17.5,217.40192378864));
#889 = CARTESIAN_POINT('',(-17.5,220.));
#890 = ( GEOMETRIC_REPRESENTATION_CONTEXT(2) 
PARAMETRIC_REPRESENTATION_CONTEXT() REPRESENTATION_CONTEXT('2D SPACE',''
  ) );
#891 = PCURVE('',#892,#897);
#892 = CYLINDRICAL_SURFACE('',#893,1.5);
#893 = AXIS2_PLACEMENT_3D('',#894,#895,#896);
#894 = CARTESIAN_POINT('',(23.699563717493,207.26985340014,48.));
#895 = DIRECTION('',(0.916362729562,0.400349032557,1.224646799147E-16));
#896 = DIRECTION('',(-1.122220683616E-16,-4.902861612625E-17,1.));
#897 = DEFINITIONAL_REPRESENTATION('',(#898),#902);
#898 = LINE('',#899,#900);
#899 = CARTESIAN_POINT('',(-0.,8.));
#900 = VECTOR('',#901,1.);
#901 = DIRECTION('',(-1.,0.));
#902 = ( GEOMETRIC_REPRESENTATION_CONTEXT(2) 
PARAMETRIC_REPRESENTATION_CONTEXT() REPRESENTATION_CONTEXT('2D SPACE',''
  ) );
#903 = ADVANCED_FACE('',(#904),#290,.F.);
#904 = FACE_BOUND('',#905,.T.);
#905 = EDGE_LOOP('',(#906,#929,#930,#953));
#906 = ORIENTED_EDGE('',*,*,#907,.F.);
#907 = EDGE_CURVE('',#273,#908,#910,.T.);
#908 = VERTEX_POINT('',#909);
#909 = CARTESIAN_POINT('',(232.55569212665,67.167416989247,
    18.298097038856));
#910 = SURFACE_CURVE('',#911,(#915,#922),.PCURVE_S1.);
#911 = LINE('',#912,#913);
#912 = CARTESIAN_POINT('',(236.15883341966,58.920152423186,
    18.298097038856));
#913 = VECTOR('',#914,1.);
#914 = DIRECTION('',(-0.400349032557,0.916362729562,0.));
#915 = PCURVE('',#290,#916);
#916 = DEFINITIONAL_REPRESENTATION('',(#917),#921);
#917 = LINE('',#918,#919);
#918 = CARTESIAN_POINT('',(-3.25,5.107025913276E-15));
#919 = VECTOR('',#920,1.);
#920 = DIRECTION('',(-0.,-1.));
#921 = ( GEOMETRIC_REPRESENTATION_CONTEXT(2) 
PARAMETRIC_REPRESENTATION_CONTEXT() REPRESENTATION_CONTEXT('2D SPACE',''
  ) );
#922 = PCURVE('',#319,#923);
#923 = DEFINITIONAL_REPRESENTATION('',(#924),#928);
#924 = LINE('',#925,#926);
#925 = CARTESIAN_POINT('',(7.068583470577,0.));
#926 = VECTOR('',#927,1.);
#927 = DIRECTION('',(0.,-1.));
#928 = ( GEOMETRIC_REPRESENTATION_CONTEXT(2) 
PARAMETRIC_REPRESENTATION_CONTEXT() REPRESENTATION_CONTEXT('2D SPACE',''
  ) );
#929 = ORIENTED_EDGE('',*,*,#272,.T.);
#930 = ORIENTED_EDGE('',*,*,#931,.T.);
#931 = EDGE_CURVE('',#275,#932,#934,.T.);
#932 = VERTEX_POINT('',#933);
#933 = CARTESIAN_POINT('',(230.44980165133,66.247376063019,
    20.596194077713));
#934 = SURFACE_CURVE('',#935,(#939,#946),.PCURVE_S1.);
#935 = LINE('',#936,#937);
#936 = CARTESIAN_POINT('',(234.05294294434,58.000111496958,
    20.596194077713));
#937 = VECTOR('',#938,1.);
#938 = DIRECTION('',(-0.400349032557,0.916362729562,0.));
#939 = PCURVE('',#290,#940);
#940 = DEFINITIONAL_REPRESENTATION('',(#941),#945);
#941 = LINE('',#942,#943);
#942 = CARTESIAN_POINT('',(-0.,0.));
#943 = VECTOR('',#944,1.);
#944 = DIRECTION('',(-0.,-1.));
#945 = ( GEOMETRIC_REPRESENTATION_CONTEXT(2) 
PARAMETRIC_REPRESENTATION_CONTEXT() REPRESENTATION_CONTEXT('2D SPACE',''
  ) );
#946 = PCURVE('',#345,#947);
#947 = DEFINITIONAL_REPRESENTATION('',(#948),#952);
#948 = LINE('',#949,#950);
#949 = CARTESIAN_POINT('',(-3.25,-1.276756478319E-14));
#950 = VECTOR('',#951,1.);
#951 = DIRECTION('',(8.326672684689E-17,-1.));
#952 = ( GEOMETRIC_REPRESENTATION_CONTEXT(2) 
PARAMETRIC_REPRESENTATION_CONTEXT() REPRESENTATION_CONTEXT('2D SPACE',''
  ) );
#953 = ORIENTED_EDGE('',*,*,#954,.T.);
#954 = EDGE_CURVE('',#932,#908,#955,.T.);
#955 = SURFACE_CURVE('',#956,(#960,#967),.PCURVE_S1.);
#956 = LINE('',#957,#958);
#957 = CARTESIAN_POINT('',(231.50274688899,66.707396526133,
    19.447145558284));
#958 = VECTOR('',#959,1.);
#959 = DIRECTION('',(0.6479663001,0.283089515762,-0.707106781187));
#960 = PCURVE('',#290,#961);
#961 = DEFINITIONAL_REPRESENTATION('',(#962),#966);
#962 = LINE('',#963,#964);
#963 = CARTESIAN_POINT('',(-1.625,-9.));
#964 = VECTOR('',#965,1.);
#965 = DIRECTION('',(-1.,-5.551115123126E-17));
#966 = ( GEOMETRIC_REPRESENTATION_CONTEXT(2) 
PARAMETRIC_REPRESENTATION_CONTEXT() REPRESENTATION_CONTEXT('2D SPACE',''
  ) );
#967 = PCURVE('',#968,#973);
#968 = PLANE('',#969);
#969 = AXIS2_PLACEMENT_3D('',#970,#971,#972);
#970 = CARTESIAN_POINT('',(230.44980165133,66.247376063019,16.));
#971 = DIRECTION('',(-0.400349032557,0.916362729562,0.));
#972 = DIRECTION('',(1.122220683616E-16,4.902861612625E-17,-1.));
#973 = DEFINITIONAL_REPRESENTATION('',(#974),#978);
#974 = LINE('',#975,#976);
#975 = CARTESIAN_POINT('',(-3.447145558284,-1.149048519428));
#976 = VECTOR('',#977,1.);
#977 = DIRECTION('',(0.707106781187,-0.707106781187));
#978 = ( GEOMETRIC_REPRESENTATION_CONTEXT(2) 
PARAMETRIC_REPRESENTATION_CONTEXT() REPRESENTATION_CONTEXT('2D SPACE',''
  ) );
#979 = ADVANCED_FACE('',(#980),#345,.F.);
#980 = FACE_BOUND('',#981,.T.);
#981 = EDGE_LOOP('',(#982,#983,#984,#1007));
#982 = ORIENTED_EDGE('',*,*,#931,.F.);
#983 = ORIENTED_EDGE('',*,*,#331,.T.);
#984 = ORIENTED_EDGE('',*,*,#985,.T.);
#985 = EDGE_CURVE('',#303,#986,#988,.T.);
#986 = VERTEX_POINT('',#987);
#987 = CARTESIAN_POINT('',(228.343911176,65.327335136791,18.298097038856
    ));
#988 = SURFACE_CURVE('',#989,(#993,#1000),.PCURVE_S1.);
#989 = LINE('',#990,#991);
#990 = CARTESIAN_POINT('',(231.94705246901,57.08007057073,
    18.298097038856));
#991 = VECTOR('',#992,1.);
#992 = DIRECTION('',(-0.400349032557,0.916362729562,0.));
#993 = PCURVE('',#345,#994);
#994 = DEFINITIONAL_REPRESENTATION('',(#995),#999);
#995 = LINE('',#996,#997);
#996 = CARTESIAN_POINT('',(-0.,0.));
#997 = VECTOR('',#998,1.);
#998 = DIRECTION('',(8.326672684689E-17,-1.));
#999 = ( GEOMETRIC_REPRESENTATION_CONTEXT(2) 
PARAMETRIC_REPRESENTATION_CONTEXT() REPRESENTATION_CONTEXT('2D SPACE',''
  ) );
#1000 = PCURVE('',#319,#1001);
#1001 = DEFINITIONAL_REPRESENTATION('',(#1002),#1006);
#1002 = LINE('',#1003,#1004);
#1003 = CARTESIAN_POINT('',(2.356194490192,0.));
#1004 = VECTOR('',#1005,1.);
#1005 = DIRECTION('',(0.,-1.));
#1006 = ( GEOMETRIC_REPRESENTATION_CONTEXT(2) 
PARAMETRIC_REPRESENTATION_CONTEXT() REPRESENTATION_CONTEXT('2D SPACE',''
  ) );
#1007 = ORIENTED_EDGE('',*,*,#1008,.T.);
#1008 = EDGE_CURVE('',#986,#932,#1009,.T.);
#1009 = SURFACE_CURVE('',#1010,(#1014,#1021),.PCURVE_S1.);
#1010 = LINE('',#1011,#1012);
#1011 = CARTESIAN_POINT('',(228.343911176,65.327335136791,
    18.298097038856));
#1012 = VECTOR('',#1013,1.);
#1013 = DIRECTION('',(0.6479663001,0.283089515762,0.707106781187));
#1014 = PCURVE('',#345,#1015);
#1015 = DEFINITIONAL_REPRESENTATION('',(#1016),#1020);
#1016 = LINE('',#1017,#1018);
#1017 = CARTESIAN_POINT('',(2.307956614643E-14,-9.));
#1018 = VECTOR('',#1019,1.);
#1019 = DIRECTION('',(-1.,5.551115123126E-17));
#1020 = ( GEOMETRIC_REPRESENTATION_CONTEXT(2) 
PARAMETRIC_REPRESENTATION_CONTEXT() REPRESENTATION_CONTEXT('2D SPACE',''
  ) );
#1021 = PCURVE('',#968,#1022);
#1022 = DEFINITIONAL_REPRESENTATION('',(#1023),#1027);
#1023 = LINE('',#1024,#1025);
#1024 = CARTESIAN_POINT('',(-2.298097038856,2.298097038856));
#1025 = VECTOR('',#1026,1.);
#1026 = DIRECTION('',(-0.707106781187,-0.707106781187));
#1027 = ( GEOMETRIC_REPRESENTATION_CONTEXT(2) 
PARAMETRIC_REPRESENTATION_CONTEXT() REPRESENTATION_CONTEXT('2D SPACE',''
  ) );
#1028 = ADVANCED_FACE('',(#1029),#319,.F.);
#1029 = FACE_BOUND('',#1030,.F.);
#1030 = EDGE_LOOP('',(#1031,#1032,#1033,#1034));
#1031 = ORIENTED_EDGE('',*,*,#907,.F.);
#1032 = ORIENTED_EDGE('',*,*,#302,.T.);
#1033 = ORIENTED_EDGE('',*,*,#985,.T.);
#1034 = ORIENTED_EDGE('',*,*,#1035,.F.);
#1035 = EDGE_CURVE('',#908,#986,#1036,.T.);
#1036 = SURFACE_CURVE('',#1037,(#1042,#1049),.PCURVE_S1.);
#1037 = CIRCLE('',#1038,3.25);
#1038 = AXIS2_PLACEMENT_3D('',#1039,#1040,#1041);
#1039 = CARTESIAN_POINT('',(230.44980165133,66.247376063019,16.));
#1040 = DIRECTION('',(-0.400349032557,0.916362729562,6.162975822039E-33)
  );
#1041 = DIRECTION('',(0.916362729562,0.400349032557,1.224646799147E-16)
  );
#1042 = PCURVE('',#319,#1043);
#1043 = DEFINITIONAL_REPRESENTATION('',(#1044),#1048);
#1044 = LINE('',#1045,#1046);
#1045 = CARTESIAN_POINT('',(12.566370614359,-9.));
#1046 = VECTOR('',#1047,1.);
#1047 = DIRECTION('',(-1.,0.));
#1048 = ( GEOMETRIC_REPRESENTATION_CONTEXT(2) 
PARAMETRIC_REPRESENTATION_CONTEXT() REPRESENTATION_CONTEXT('2D SPACE',''
  ) );
#1049 = PCURVE('',#968,#1050);
#1050 = DEFINITIONAL_REPRESENTATION('',(#1051),#1055);
#1051 = CIRCLE('',#1052,3.25);
#1052 = AXIS2_PLACEMENT_2D('',#1053,#1054);
#1053 = CARTESIAN_POINT('',(3.886281559311E-30,-3.173389716951E-14));
#1054 = DIRECTION('',(-2.465190328816E-32,-1.));
#1055 = ( GEOMETRIC_REPRESENTATION_CONTEXT(2) 
PARAMETRIC_REPRESENTATION_CONTEXT() REPRESENTATION_CONTEXT('2D SPACE',''
  ) );
#1056 = ADVANCED_FACE('',(#1057),#377,.F.);
#1057 = FACE_BOUND('',#1058,.T.);
#1058 = EDGE_LOOP('',(#1059,#1082,#1083,#1106));
#1059 = ORIENTED_EDGE('',*,*,#1060,.F.);
#1060 = EDGE_CURVE('',#360,#1061,#1063,.T.);
#1061 = VERTEX_POINT('',#1062);
#1062 = CARTESIAN_POINT('',(186.73755564854,47.149965361402,
    18.298097038856));
#1063 = SURFACE_CURVE('',#1064,(#1068,#1075),.PCURVE_S1.);
#1064 = LINE('',#1065,#1066);
#1065 = CARTESIAN_POINT('',(190.34069694155,38.902700795342,
    18.298097038856));
#1066 = VECTOR('',#1067,1.);
#1067 = DIRECTION('',(-0.400349032557,0.916362729562,0.));
#1068 = PCURVE('',#377,#1069);
#1069 = DEFINITIONAL_REPRESENTATION('',(#1070),#1074);
#1070 = LINE('',#1071,#1072);
#1071 = CARTESIAN_POINT('',(-3.25,-6.217248937901E-15));
#1072 = VECTOR('',#1073,1.);
#1073 = DIRECTION('',(-0.,-1.));
#1074 = ( GEOMETRIC_REPRESENTATION_CONTEXT(2) 
PARAMETRIC_REPRESENTATION_CONTEXT() REPRESENTATION_CONTEXT('2D SPACE',''
  ) );
#1075 = PCURVE('',#406,#1076);
#1076 = DEFINITIONAL_REPRESENTATION('',(#1077),#1081);
#1077 = LINE('',#1078,#1079);
#1078 = CARTESIAN_POINT('',(7.068583470577,0.));
#1079 = VECTOR('',#1080,1.);
#1080 = DIRECTION('',(0.,-1.));
#1081 = ( GEOMETRIC_REPRESENTATION_CONTEXT(2) 
PARAMETRIC_REPRESENTATION_CONTEXT() REPRESENTATION_CONTEXT('2D SPACE',''
  ) );
#1082 = ORIENTED_EDGE('',*,*,#359,.T.);
#1083 = ORIENTED_EDGE('',*,*,#1084,.T.);
#1084 = EDGE_CURVE('',#362,#1085,#1087,.T.);
#1085 = VERTEX_POINT('',#1086);
#1086 = CARTESIAN_POINT('',(184.63166517322,46.229924435174,
    20.596194077713));
#1087 = SURFACE_CURVE('',#1088,(#1092,#1099),.PCURVE_S1.);
#1088 = LINE('',#1089,#1090);
#1089 = CARTESIAN_POINT('',(188.23480646623,37.982659869114,
    20.596194077713));
#1090 = VECTOR('',#1091,1.);
#1091 = DIRECTION('',(-0.400349032557,0.916362729562,0.));
#1092 = PCURVE('',#377,#1093);
#1093 = DEFINITIONAL_REPRESENTATION('',(#1094),#1098);
#1094 = LINE('',#1095,#1096);
#1095 = CARTESIAN_POINT('',(-0.,0.));
#1096 = VECTOR('',#1097,1.);
#1097 = DIRECTION('',(-0.,-1.));
#1098 = ( GEOMETRIC_REPRESENTATION_CONTEXT(2) 
PARAMETRIC_REPRESENTATION_CONTEXT() REPRESENTATION_CONTEXT('2D SPACE',''
  ) );
#1099 = PCURVE('',#432,#1100);
#1100 = DEFINITIONAL_REPRESENTATION('',(#1101),#1105);
#1101 = LINE('',#1102,#1103);
#1102 = CARTESIAN_POINT('',(-3.25,-1.443289932013E-15));
#1103 = VECTOR('',#1104,1.);
#1104 = DIRECTION('',(8.326672684689E-17,-1.));
#1105 = ( GEOMETRIC_REPRESENTATION_CONTEXT(2) 
PARAMETRIC_REPRESENTATION_CONTEXT() REPRESENTATION_CONTEXT('2D SPACE',''
  ) );
#1106 = ORIENTED_EDGE('',*,*,#1107,.T.);
#1107 = EDGE_CURVE('',#1085,#1061,#1108,.T.);
#1108 = SURFACE_CURVE('',#1109,(#1113,#1120),.PCURVE_S1.);
#1109 = LINE('',#1110,#1111);
#1110 = CARTESIAN_POINT('',(185.68461041088,46.689944898288,
    19.447145558284));
#1111 = VECTOR('',#1112,1.);
#1112 = DIRECTION('',(0.6479663001,0.283089515762,-0.707106781187));
#1113 = PCURVE('',#377,#1114);
#1114 = DEFINITIONAL_REPRESENTATION('',(#1115),#1119);
#1115 = LINE('',#1116,#1117);
#1116 = CARTESIAN_POINT('',(-1.625,-9.));
#1117 = VECTOR('',#1118,1.);
#1118 = DIRECTION('',(-1.,-5.551115123126E-17));
#1119 = ( GEOMETRIC_REPRESENTATION_CONTEXT(2) 
PARAMETRIC_REPRESENTATION_CONTEXT() REPRESENTATION_CONTEXT('2D SPACE',''
  ) );
#1120 = PCURVE('',#1121,#1126);
#1121 = PLANE('',#1122);
#1122 = AXIS2_PLACEMENT_3D('',#1123,#1124,#1125);
#1123 = CARTESIAN_POINT('',(184.63166517322,46.229924435174,16.));
#1124 = DIRECTION('',(-0.400349032557,0.916362729562,0.));
#1125 = DIRECTION('',(1.122220683616E-16,4.902861612625E-17,-1.));
#1126 = DEFINITIONAL_REPRESENTATION('',(#1127),#1131);
#1127 = LINE('',#1128,#1129);
#1128 = CARTESIAN_POINT('',(-3.447145558284,-1.149048519428));
#1129 = VECTOR('',#1130,1.);
#1130 = DIRECTION('',(0.707106781187,-0.707106781187));
#1131 = ( GEOMETRIC_REPRESENTATION_CONTEXT(2) 
PARAMETRIC_REPRESENTATION_CONTEXT() REPRESENTATION_CONTEXT('2D SPACE',''
  ) );
#1132 = ADVANCED_FACE('',(#1133),#406,.F.);
#1133 = FACE_BOUND('',#1134,.F.);
#1134 = EDGE_LOOP('',(#1135,#1136,#1137,#1160));
#1135 = ORIENTED_EDGE('',*,*,#1060,.F.);
#1136 = ORIENTED_EDGE('',*,*,#389,.T.);
#1137 = ORIENTED_EDGE('',*,*,#1138,.T.);
#1138 = EDGE_CURVE('',#390,#1139,#1141,.T.);
#1139 = VERTEX_POINT('',#1140);
#1140 = CARTESIAN_POINT('',(182.52577469789,45.309883508946,
    18.298097038856));
#1141 = SURFACE_CURVE('',#1142,(#1146,#1153),.PCURVE_S1.);
#1142 = LINE('',#1143,#1144);
#1143 = CARTESIAN_POINT('',(186.1289159909,37.062618942886,
    18.298097038856));
#1144 = VECTOR('',#1145,1.);
#1145 = DIRECTION('',(-0.400349032557,0.916362729562,0.));
#1146 = PCURVE('',#406,#1147);
#1147 = DEFINITIONAL_REPRESENTATION('',(#1148),#1152);
#1148 = LINE('',#1149,#1150);
#1149 = CARTESIAN_POINT('',(2.356194490192,0.));
#1150 = VECTOR('',#1151,1.);
#1151 = DIRECTION('',(0.,-1.));
#1152 = ( GEOMETRIC_REPRESENTATION_CONTEXT(2) 
PARAMETRIC_REPRESENTATION_CONTEXT() REPRESENTATION_CONTEXT('2D SPACE',''
  ) );
#1153 = PCURVE('',#432,#1154);
#1154 = DEFINITIONAL_REPRESENTATION('',(#1155),#1159);
#1155 = LINE('',#1156,#1157);
#1156 = CARTESIAN_POINT('',(-0.,0.));
#1157 = VECTOR('',#1158,1.);
#1158 = DIRECTION('',(8.326672684689E-17,-1.));
#1159 = ( GEOMETRIC_REPRESENTATION_CONTEXT(2) 
PARAMETRIC_REPRESENTATION_CONTEXT() REPRESENTATION_CONTEXT('2D SPACE',''
  ) );
#1160 = ORIENTED_EDGE('',*,*,#1161,.F.);
#1161 = EDGE_CURVE('',#1061,#1139,#1162,.T.);
#1162 = SURFACE_CURVE('',#1163,(#1168,#1175),.PCURVE_S1.);
#1163 = CIRCLE('',#1164,3.25);
#1164 = AXIS2_PLACEMENT_3D('',#1165,#1166,#1167);
#1165 = CARTESIAN_POINT('',(184.63166517322,46.229924435174,16.));
#1166 = DIRECTION('',(-0.400349032557,0.916362729562,6.162975822039E-33)
  );
#1167 = DIRECTION('',(0.916362729562,0.400349032557,1.224646799147E-16)
  );
#1168 = PCURVE('',#406,#1169);
#1169 = DEFINITIONAL_REPRESENTATION('',(#1170),#1174);
#1170 = LINE('',#1171,#1172);
#1171 = CARTESIAN_POINT('',(12.566370614359,-9.));
#1172 = VECTOR('',#1173,1.);
#1173 = DIRECTION('',(-1.,0.));
#1174 = ( GEOMETRIC_REPRESENTATION_CONTEXT(2) 
PARAMETRIC_REPRESENTATION_CONTEXT() REPRESENTATION_CONTEXT('2D SPACE',''
  ) );
#1175 = PCURVE('',#1121,#1176);
#1176 = DEFINITIONAL_REPRESENTATION('',(#1177),#1181);
#1177 = CIRCLE('',#1178,3.25);
#1178 = AXIS2_PLACEMENT_2D('',#1179,#1180);
#1179 = CARTESIAN_POINT('',(3.886281559311E-30,-3.173389716951E-14));
#1180 = DIRECTION('',(-2.465190328816E-32,-1.));
#1181 = ( GEOMETRIC_REPRESENTATION_CONTEXT(2) 
PARAMETRIC_REPRESENTATION_CONTEXT() REPRESENTATION_CONTEXT('2D SPACE',''
  ) );
#1182 = ADVANCED_FACE('',(#1183),#432,.F.);
#1183 = FACE_BOUND('',#1184,.T.);
#1184 = EDGE_LOOP('',(#1185,#1186,#1187,#1188));
#1185 = ORIENTED_EDGE('',*,*,#1084,.F.);
#1186 = ORIENTED_EDGE('',*,*,#418,.T.);
#1187 = ORIENTED_EDGE('',*,*,#1138,.T.);
#1188 = ORIENTED_EDGE('',*,*,#1189,.T.);
#1189 = EDGE_CURVE('',#1139,#1085,#1190,.T.);
#1190 = SURFACE_CURVE('',#1191,(#1195,#1202),.PCURVE_S1.);
#1191 = LINE('',#1192,#1193);
#1192 = CARTESIAN_POINT('',(182.52577469789,45.309883508946,
    18.298097038856));
#1193 = VECTOR('',#1194,1.);
#1194 = DIRECTION('',(0.6479663001,0.283089515762,0.707106781187));
#1195 = PCURVE('',#432,#1196);
#1196 = DEFINITIONAL_REPRESENTATION('',(#1197),#1201);
#1197 = LINE('',#1198,#1199);
#1198 = CARTESIAN_POINT('',(-6.661338147751E-15,-9.));
#1199 = VECTOR('',#1200,1.);
#1200 = DIRECTION('',(-1.,5.551115123126E-17));
#1201 = ( GEOMETRIC_REPRESENTATION_CONTEXT(2) 
PARAMETRIC_REPRESENTATION_CONTEXT() REPRESENTATION_CONTEXT('2D SPACE',''
  ) );
#1202 = PCURVE('',#1121,#1203);
#1203 = DEFINITIONAL_REPRESENTATION('',(#1204),#1208);
#1204 = LINE('',#1205,#1206);
#1205 = CARTESIAN_POINT('',(-2.298097038856,2.298097038856));
#1206 = VECTOR('',#1207,1.);
#1207 = DIRECTION('',(-0.707106781187,-0.707106781187));
#1208 = ( GEOMETRIC_REPRESENTATION_CONTEXT(2) 
PARAMETRIC_REPRESENTATION_CONTEXT() REPRESENTATION_CONTEXT('2D SPACE',''
  ) );
#1209 = ADVANCED_FACE('',(#1210),#464,.F.);
#1210 = FACE_BOUND('',#1211,.T.);
#1211 = EDGE_LOOP('',(#1212,#1235,#1236,#1259));
#1212 = ORIENTED_EDGE('',*,*,#1213,.F.);
#1213 = EDGE_CURVE('',#447,#1214,#1216,.T.);
#1214 = VERTEX_POINT('',#1215);
#1215 = CARTESIAN_POINT('',(140.00305644087,26.732164701,18.298097038856
    ));
#1216 = SURFACE_CURVE('',#1217,(#1221,#1228),.PCURVE_S1.);
#1217 = LINE('',#1218,#1219);
#1218 = CARTESIAN_POINT('',(143.60619773388,18.48490013494,
    18.298097038856));
#1219 = VECTOR('',#1220,1.);
#1220 = DIRECTION('',(-0.400349032557,0.916362729562,0.));
#1221 = PCURVE('',#464,#1222);
#1222 = DEFINITIONAL_REPRESENTATION('',(#1223),#1227);
#1223 = LINE('',#1224,#1225);
#1224 = CARTESIAN_POINT('',(-3.25,-9.547918011776E-15));
#1225 = VECTOR('',#1226,1.);
#1226 = DIRECTION('',(-0.,-1.));
#1227 = ( GEOMETRIC_REPRESENTATION_CONTEXT(2) 
PARAMETRIC_REPRESENTATION_CONTEXT() REPRESENTATION_CONTEXT('2D SPACE',''
  ) );
#1228 = PCURVE('',#493,#1229);
#1229 = DEFINITIONAL_REPRESENTATION('',(#1230),#1234);
#1230 = LINE('',#1231,#1232);
#1231 = CARTESIAN_POINT('',(7.068583470577,0.));
#1232 = VECTOR('',#1233,1.);
#1233 = DIRECTION('',(0.,-1.));
#1234 = ( GEOMETRIC_REPRESENTATION_CONTEXT(2) 
PARAMETRIC_REPRESENTATION_CONTEXT() REPRESENTATION_CONTEXT('2D SPACE',''
  ) );
#1235 = ORIENTED_EDGE('',*,*,#446,.T.);
#1236 = ORIENTED_EDGE('',*,*,#1237,.T.);
#1237 = EDGE_CURVE('',#449,#1238,#1240,.T.);
#1238 = VERTEX_POINT('',#1239);
#1239 = CARTESIAN_POINT('',(137.89716596554,25.812123774772,
    20.596194077713));
#1240 = SURFACE_CURVE('',#1241,(#1245,#1252),.PCURVE_S1.);
#1241 = LINE('',#1242,#1243);
#1242 = CARTESIAN_POINT('',(141.50030725855,17.564859208712,
    20.596194077713));
#1243 = VECTOR('',#1244,1.);
#1244 = DIRECTION('',(-0.400349032557,0.916362729562,0.));
#1245 = PCURVE('',#464,#1246);
#1246 = DEFINITIONAL_REPRESENTATION('',(#1247),#1251);
#1247 = LINE('',#1248,#1249);
#1248 = CARTESIAN_POINT('',(-0.,0.));
#1249 = VECTOR('',#1250,1.);
#1250 = DIRECTION('',(-0.,-1.));
#1251 = ( GEOMETRIC_REPRESENTATION_CONTEXT(2) 
PARAMETRIC_REPRESENTATION_CONTEXT() REPRESENTATION_CONTEXT('2D SPACE',''
  ) );
#1252 = PCURVE('',#519,#1253);
#1253 = DEFINITIONAL_REPRESENTATION('',(#1254),#1258);
#1254 = LINE('',#1255,#1256);
#1255 = CARTESIAN_POINT('',(-3.25,8.326672684689E-15));
#1256 = VECTOR('',#1257,1.);
#1257 = DIRECTION('',(-0.,-1.));
#1258 = ( GEOMETRIC_REPRESENTATION_CONTEXT(2) 
PARAMETRIC_REPRESENTATION_CONTEXT() REPRESENTATION_CONTEXT('2D SPACE',''
  ) );
#1259 = ORIENTED_EDGE('',*,*,#1260,.T.);
#1260 = EDGE_CURVE('',#1238,#1214,#1261,.T.);
#1261 = SURFACE_CURVE('',#1262,(#1266,#1273),.PCURVE_S1.);
#1262 = LINE('',#1263,#1264);
#1263 = CARTESIAN_POINT('',(138.9501112032,26.272144237886,
    19.447145558284));
#1264 = VECTOR('',#1265,1.);
#1265 = DIRECTION('',(0.6479663001,0.283089515762,-0.707106781187));
#1266 = PCURVE('',#464,#1267);
#1267 = DEFINITIONAL_REPRESENTATION('',(#1268),#1272);
#1268 = LINE('',#1269,#1270);
#1269 = CARTESIAN_POINT('',(-1.625,-9.));
#1270 = VECTOR('',#1271,1.);
#1271 = DIRECTION('',(-1.,0.));
#1272 = ( GEOMETRIC_REPRESENTATION_CONTEXT(2) 
PARAMETRIC_REPRESENTATION_CONTEXT() REPRESENTATION_CONTEXT('2D SPACE',''
  ) );
#1273 = PCURVE('',#1274,#1279);
#1274 = PLANE('',#1275);
#1275 = AXIS2_PLACEMENT_3D('',#1276,#1277,#1278);
#1276 = CARTESIAN_POINT('',(137.89716596554,25.812123774772,16.));
#1277 = DIRECTION('',(-0.400349032557,0.916362729562,0.));
#1278 = DIRECTION('',(1.122220683616E-16,4.902861612625E-17,-1.));
#1279 = DEFINITIONAL_REPRESENTATION('',(#1280),#1284);
#1280 = LINE('',#1281,#1282);
#1281 = CARTESIAN_POINT('',(-3.447145558284,-1.149048519428));
#1282 = VECTOR('',#1283,1.);
#1283 = DIRECTION('',(0.707106781187,-0.707106781187));
#1284 = ( GEOMETRIC_REPRESENTATION_CONTEXT(2) 
PARAMETRIC_REPRESENTATION_CONTEXT() REPRESENTATION_CONTEXT('2D SPACE',''
  ) );
#1285 = ADVANCED_FACE('',(#1286),#493,.F.);
#1286 = FACE_BOUND('',#1287,.F.);
#1287 = EDGE_LOOP('',(#1288,#1289,#1290,#1313));
#1288 = ORIENTED_EDGE('',*,*,#1213,.F.);
#1289 = ORIENTED_EDGE('',*,*,#476,.T.);
#1290 = ORIENTED_EDGE('',*,*,#1291,.T.);
#1291 = EDGE_CURVE('',#477,#1292,#1294,.T.);
#1292 = VERTEX_POINT('',#1293);
#1293 = CARTESIAN_POINT('',(135.79127549022,24.892082848544,
    18.298097038856));
#1294 = SURFACE_CURVE('',#1295,(#1299,#1306),.PCURVE_S1.);
#1295 = LINE('',#1296,#1297);
#1296 = CARTESIAN_POINT('',(139.39441678323,16.644818282484,
    18.298097038856));
#1297 = VECTOR('',#1298,1.);
#1298 = DIRECTION('',(-0.400349032557,0.916362729562,0.));
#1299 = PCURVE('',#493,#1300);
#1300 = DEFINITIONAL_REPRESENTATION('',(#1301),#1305);
#1301 = LINE('',#1302,#1303);
#1302 = CARTESIAN_POINT('',(2.356194490192,0.));
#1303 = VECTOR('',#1304,1.);
#1304 = DIRECTION('',(0.,-1.));
#1305 = ( GEOMETRIC_REPRESENTATION_CONTEXT(2) 
PARAMETRIC_REPRESENTATION_CONTEXT() REPRESENTATION_CONTEXT('2D SPACE',''
  ) );
#1306 = PCURVE('',#519,#1307);
#1307 = DEFINITIONAL_REPRESENTATION('',(#1308),#1312);
#1308 = LINE('',#1309,#1310);
#1309 = CARTESIAN_POINT('',(-0.,0.));
#1310 = VECTOR('',#1311,1.);
#1311 = DIRECTION('',(-0.,-1.));
#1312 = ( GEOMETRIC_REPRESENTATION_CONTEXT(2) 
PARAMETRIC_REPRESENTATION_CONTEXT() REPRESENTATION_CONTEXT('2D SPACE',''
  ) );
#1313 = ORIENTED_EDGE('',*,*,#1314,.F.);
#1314 = EDGE_CURVE('',#1214,#1292,#1315,.T.);
#1315 = SURFACE_CURVE('',#1316,(#1321,#1328),.PCURVE_S1.);
#1316 = CIRCLE('',#1317,3.25);
#1317 = AXIS2_PLACEMENT_3D('',#1318,#1319,#1320);
#1318 = CARTESIAN_POINT('',(137.89716596554,25.812123774772,16.));
#1319 = DIRECTION('',(-0.400349032557,0.916362729562,6.162975822039E-33)
  );
#1320 = DIRECTION('',(0.916362729562,0.400349032557,1.224646799147E-16)
  );
#1321 = PCURVE('',#493,#1322);
#1322 = DEFINITIONAL_REPRESENTATION('',(#1323),#1327);
#1323 = LINE('',#1324,#1325);
#1324 = CARTESIAN_POINT('',(12.566370614359,-9.));
#1325 = VECTOR('',#1326,1.);
#1326 = DIRECTION('',(-1.,0.));
#1327 = ( GEOMETRIC_REPRESENTATION_CONTEXT(2) 
PARAMETRIC_REPRESENTATION_CONTEXT() REPRESENTATION_CONTEXT('2D SPACE',''
  ) );
#1328 = PCURVE('',#1274,#1329);
#1329 = DEFINITIONAL_REPRESENTATION('',(#1330),#1334);
#1330 = CIRCLE('',#1331,3.25);
#1331 = AXIS2_PLACEMENT_2D('',#1332,#1333);
#1332 = CARTESIAN_POINT('',(0.,0.));
#1333 = DIRECTION('',(-2.465190328816E-32,-1.));
#1334 = ( GEOMETRIC_REPRESENTATION_CONTEXT(2) 
PARAMETRIC_REPRESENTATION_CONTEXT() REPRESENTATION_CONTEXT('2D SPACE',''
  ) );
#1335 = ADVANCED_FACE('',(#1336),#519,.F.);
#1336 = FACE_BOUND('',#1337,.T.);
#1337 = EDGE_LOOP('',(#1338,#1339,#1340,#1341));
#1338 = ORIENTED_EDGE('',*,*,#1237,.F.);
#1339 = ORIENTED_EDGE('',*,*,#505,.T.);
#1340 = ORIENTED_EDGE('',*,*,#1291,.T.);
#1341 = ORIENTED_EDGE('',*,*,#1342,.T.);
#1342 = EDGE_CURVE('',#1292,#1238,#1343,.T.);
#1343 = SURFACE_CURVE('',#1344,(#1348,#1355),.PCURVE_S1.);
#1344 = LINE('',#1345,#1346);
#1345 = CARTESIAN_POINT('',(135.79127549022,24.892082848544,
    18.298097038856));
#1346 = VECTOR('',#1347,1.);
#1347 = DIRECTION('',(0.6479663001,0.283089515762,0.707106781187));
#1348 = PCURVE('',#519,#1349);
#1349 = DEFINITIONAL_REPRESENTATION('',(#1350),#1354);
#1350 = LINE('',#1351,#1352);
#1351 = CARTESIAN_POINT('',(-4.884981308351E-15,-9.));
#1352 = VECTOR('',#1353,1.);
#1353 = DIRECTION('',(-1.,0.));
#1354 = ( GEOMETRIC_REPRESENTATION_CONTEXT(2) 
PARAMETRIC_REPRESENTATION_CONTEXT() REPRESENTATION_CONTEXT('2D SPACE',''
  ) );
#1355 = PCURVE('',#1274,#1356);
#1356 = DEFINITIONAL_REPRESENTATION('',(#1357),#1361);
#1357 = LINE('',#1358,#1359);
#1358 = CARTESIAN_POINT('',(-2.298097038856,2.298097038856));
#1359 = VECTOR('',#1360,1.);
#1360 = DIRECTION('',(-0.707106781187,-0.707106781187));
#1361 = ( GEOMETRIC_REPRESENTATION_CONTEXT(2) 
PARAMETRIC_REPRESENTATION_CONTEXT() REPRESENTATION_CONTEXT('2D SPACE',''
  ) );
#1362 = ADVANCED_FACE('',(#1363,#1369,#1487,#1605),#647,.F.);
#1363 = FACE_BOUND('',#1364,.T.);
#1364 = EDGE_LOOP('',(#1365,#1366,#1367,#1368));
#1365 = ORIENTED_EDGE('',*,*,#631,.T.);
#1366 = ORIENTED_EDGE('',*,*,#805,.T.);
#1367 = ORIENTED_EDGE('',*,*,#733,.F.);
#1368 = ORIENTED_EDGE('',*,*,#685,.F.);
#1369 = FACE_BOUND('',#1370,.T.);
#1370 = EDGE_LOOP('',(#1371,#1433,#1461));
#1371 = ORIENTED_EDGE('',*,*,#1372,.F.);
#1372 = EDGE_CURVE('',#1373,#1375,#1377,.T.);
#1373 = VERTEX_POINT('',#1374);
#1374 = CARTESIAN_POINT('',(56.843845932235,227.67343163317,
    22.540737725976));
#1375 = VERTEX_POINT('',#1376);
#1376 = CARTESIAN_POINT('',(35.090945332879,244.78867698149,
    22.540737725976));
#1377 = SURFACE_CURVE('',#1378,(#1383,#1394),.PCURVE_S1.);
#1378 = ELLIPSE('',#1379,19.571922591028,9.25);
#1379 = AXIS2_PLACEMENT_3D('',#1380,#1381,#1382);
#1380 = CARTESIAN_POINT('',(45.967395632557,236.23105430733,16.));
#1381 = DIRECTION('',(0.6183503941,0.785902532198,1.07924273762E-16));
#1382 = DIRECTION('',(0.785902532198,-0.6183503941,5.787874359009E-17));
#1383 = PCURVE('',#647,#1384);
#1384 = DEFINITIONAL_REPRESENTATION('',(#1385),#1393);
#1385 = ( BOUNDED_CURVE() B_SPLINE_CURVE(2,(#1386,#1387,#1388,#1389,
#1390,#1391,#1392),.UNSPECIFIED.,.T.,.F.) B_SPLINE_CURVE_WITH_KNOTS((1,2
    ,2,2,2,1),(-2.094395102393,0.,2.094395102393,4.188790204786,
6.28318530718,8.377580409573),.UNSPECIFIED.) CURVE() 
GEOMETRIC_REPRESENTATION_ITEM() RATIONAL_B_SPLINE_CURVE((1.,0.5,1.,0.5,
1.,0.5,1.)) REPRESENTATION_ITEM('') );
#1386 = CARTESIAN_POINT('',(-44.96252487128,-16.));
#1387 = CARTESIAN_POINT('',(-44.96252487128,2.146997001211E-02));
#1388 = CARTESIAN_POINT('',(-15.60464098473,-7.989265014994));
#1389 = CARTESIAN_POINT('',(13.753242901804,-16.));
#1390 = CARTESIAN_POINT('',(-15.60464098473,-24.010734985));
#1391 = CARTESIAN_POINT('',(-44.96252487128,-32.02146997001));
#1392 = CARTESIAN_POINT('',(-44.96252487128,-16.));
#1393 = ( GEOMETRIC_REPRESENTATION_CONTEXT(2) 
PARAMETRIC_REPRESENTATION_CONTEXT() REPRESENTATION_CONTEXT('2D SPACE',''
  ) );
#1394 = PCURVE('',#1395,#1400);
#1395 = CYLINDRICAL_SURFACE('',#1396,9.25);
#1396 = AXIS2_PLACEMENT_3D('',#1397,#1398,#1399);
#1397 = CARTESIAN_POINT('',(137.89716596554,25.812123774772,16.));
#1398 = DIRECTION('',(0.400349032557,-0.916362729562,0.));
#1399 = DIRECTION('',(0.916362729562,0.400349032557,1.224646799147E-16)
  );
#1400 = DEFINITIONAL_REPRESENTATION('',(#1401),#1432);
#1401 = B_SPLINE_CURVE_WITH_KNOTS('',8,(#1402,#1403,#1404,#1405,#1406,
    #1407,#1408,#1409,#1410,#1411,#1412,#1413,#1414,#1415,#1416,#1417,
    #1418,#1419,#1420,#1421,#1422,#1423,#1424,#1425,#1426,#1427,#1428,
    #1429,#1430,#1431),.UNSPECIFIED.,.F.,.F.,(9,7,7,7,9),(5.497787143782
    ,6.675884388878,7.5594573227,8.884816723434,10.210176124167),
  .UNSPECIFIED.);
#1402 = CARTESIAN_POINT('',(7.068583470577,-217.4277973229));
#1403 = CARTESIAN_POINT('',(6.92132131494,-215.6317493683));
#1404 = CARTESIAN_POINT('',(6.774059159303,-214.1379755583));
#1405 = CARTESIAN_POINT('',(6.626797003666,-213.005827468));
#1406 = CARTESIAN_POINT('',(6.47953484803,-212.280671308));
#1407 = CARTESIAN_POINT('',(6.332272692391,-211.9897737405));
#1408 = CARTESIAN_POINT('',(6.185010536755,-212.1397867733));
#1409 = CARTESIAN_POINT('',(6.037748381118,-212.7168606814));
#1410 = CARTESIAN_POINT('',(5.780039608753,-214.4178854417));
#1411 = CARTESIAN_POINT('',(5.669592992025,-215.3690500572));
#1412 = CARTESIAN_POINT('',(5.559146375298,-216.5288168736));
#1413 = CARTESIAN_POINT('',(5.44869975857,-217.8778563566));
#1414 = CARTESIAN_POINT('',(5.338253141842,-219.3915796646));
#1415 = CARTESIAN_POINT('',(5.227806525114,-221.0410603544));
#1416 = CARTESIAN_POINT('',(5.117359908386,-222.7942270945));
#1417 = CARTESIAN_POINT('',(4.841243366567,-227.3516471471));
#1418 = CARTESIAN_POINT('',(4.675573441477,-230.2431520214));
#1419 = CARTESIAN_POINT('',(4.509903516382,-233.1773439655));
#1420 = CARTESIAN_POINT('',(4.344233591294,-236.0306722309));
#1421 = CARTESIAN_POINT('',(4.178563666203,-238.6804004142));
#1422 = CARTESIAN_POINT('',(4.01289374111,-241.0161177351));
#1423 = CARTESIAN_POINT('',(3.847223816017,-242.9492204837));
#1424 = CARTESIAN_POINT('',(3.515883965834,-245.8873123183));
#1425 = CARTESIAN_POINT('',(3.350214040744,-246.8923016019));
#1426 = CARTESIAN_POINT('',(3.184544115641,-247.3717940816));
#1427 = CARTESIAN_POINT('',(3.01887419058,-247.2915207459));
#1428 = CARTESIAN_POINT('',(2.853204265462,-246.6497811613));
#1429 = CARTESIAN_POINT('',(2.687534340379,-245.478865176));
#1430 = CARTESIAN_POINT('',(2.521864415284,-243.8408769267));
#1431 = CARTESIAN_POINT('',(2.356194490192,-241.8203229777));
#1432 = ( GEOMETRIC_REPRESENTATION_CONTEXT(2) 
PARAMETRIC_REPRESENTATION_CONTEXT() REPRESENTATION_CONTEXT('2D SPACE',''
  ) );
#1433 = ORIENTED_EDGE('',*,*,#1434,.F.);
#1434 = EDGE_CURVE('',#1435,#1373,#1437,.T.);
#1435 = VERTEX_POINT('',#1436);
#1436 = CARTESIAN_POINT('',(45.967395632557,236.23105430733,
    29.081475451951));
#1437 = SURFACE_CURVE('',#1438,(#1442,#1449),.PCURVE_S1.);
#1438 = LINE('',#1439,#1440);
#1439 = CARTESIAN_POINT('',(107.22577348159,188.03278475991,
    -7.757288298124));
#1440 = VECTOR('',#1441,1.);
#1441 = DIRECTION('',(0.710543282378,-0.559057517546,-0.427297245419));
#1442 = PCURVE('',#647,#1443);
#1443 = DEFINITIONAL_REPRESENTATION('',(#1444),#1448);
#1444 = LINE('',#1445,#1446);
#1445 = CARTESIAN_POINT('',(-103.3371355197,7.757288298124));
#1446 = VECTOR('',#1447,1.);
#1447 = DIRECTION('',(-0.904111201157,0.427297245419));
#1448 = ( GEOMETRIC_REPRESENTATION_CONTEXT(2) 
PARAMETRIC_REPRESENTATION_CONTEXT() REPRESENTATION_CONTEXT('2D SPACE',''
  ) );
#1449 = PCURVE('',#1450,#1455);
#1450 = PLANE('',#1451);
#1451 = AXIS2_PLACEMENT_3D('',#1452,#1453,#1454);
#1452 = CARTESIAN_POINT('',(137.89716596554,25.812123774772,
    29.081475451951));
#1453 = DIRECTION('',(0.6479663001,0.283089515762,0.707106781187));
#1454 = DIRECTION('',(-0.6479663001,-0.283089515762,0.707106781187));
#1455 = DEFINITIONAL_REPRESENTATION('',(#1456),#1460);
#1456 = LINE('',#1457,#1458);
#1457 = CARTESIAN_POINT('',(-52.09787931641,-160.9322299998));
#1458 = VECTOR('',#1459,1.);
#1459 = DIRECTION('',(-0.604289559636,0.796764788451));
#1460 = ( GEOMETRIC_REPRESENTATION_CONTEXT(2) 
PARAMETRIC_REPRESENTATION_CONTEXT() REPRESENTATION_CONTEXT('2D SPACE',''
  ) );
#1461 = ORIENTED_EDGE('',*,*,#1462,.F.);
#1462 = EDGE_CURVE('',#1375,#1435,#1463,.T.);
#1463 = SURFACE_CURVE('',#1464,(#1468,#1475),.PCURVE_S1.);
#1464 = LINE('',#1465,#1466);
#1465 = CARTESIAN_POINT('',(96.410399799567,196.54235217397,
    59.416230935224));
#1466 = VECTOR('',#1467,1.);
#1467 = DIRECTION('',(0.710543282378,-0.559057517546,0.427297245419));
#1468 = PCURVE('',#647,#1469);
#1469 = DEFINITIONAL_REPRESENTATION('',(#1470),#1474);
#1470 = LINE('',#1471,#1472);
#1471 = CARTESIAN_POINT('',(-89.57541159229,-59.41623093522));
#1472 = VECTOR('',#1473,1.);
#1473 = DIRECTION('',(-0.904111201157,-0.427297245419));
#1474 = ( GEOMETRIC_REPRESENTATION_CONTEXT(2) 
PARAMETRIC_REPRESENTATION_CONTEXT() REPRESENTATION_CONTEXT('2D SPACE',''
  ) );
#1475 = PCURVE('',#1476,#1481);
#1476 = PLANE('',#1477);
#1477 = AXIS2_PLACEMENT_3D('',#1478,#1479,#1480);
#1478 = CARTESIAN_POINT('',(131.90347768962,23.19354575397,
    22.540737725976));
#1479 = DIRECTION('',(-0.6479663001,-0.283089515762,0.707106781187));
#1480 = DIRECTION('',(-0.6479663001,-0.283089515762,-0.707106781187));
#1481 = DEFINITIONAL_REPRESENTATION('',(#1482),#1486);
#1482 = LINE('',#1483,#1484);
#1483 = CARTESIAN_POINT('',(-52.14982261571,-173.0600048131));
#1484 = VECTOR('',#1485,1.);
#1485 = DIRECTION('',(-0.604289559636,0.796764788451));
#1486 = ( GEOMETRIC_REPRESENTATION_CONTEXT(2) 
PARAMETRIC_REPRESENTATION_CONTEXT() REPRESENTATION_CONTEXT('2D SPACE',''
  ) );
#1487 = FACE_BOUND('',#1488,.T.);
#1488 = EDGE_LOOP('',(#1489,#1551,#1579));
#1489 = ORIENTED_EDGE('',*,*,#1490,.F.);
#1490 = EDGE_CURVE('',#1491,#1493,#1495,.T.);
#1491 = VERTEX_POINT('',#1492);
#1492 = CARTESIAN_POINT('',(224.7945460352,95.529333168981,
    22.540737725976));
#1493 = VERTEX_POINT('',#1494);
#1494 = CARTESIAN_POINT('',(203.04164543584,112.64457851729,
    22.540737725976));
#1495 = SURFACE_CURVE('',#1496,(#1501,#1512),.PCURVE_S1.);
#1496 = ELLIPSE('',#1497,19.571922591028,9.25);
#1497 = AXIS2_PLACEMENT_3D('',#1498,#1499,#1500);
#1498 = CARTESIAN_POINT('',(213.91809573552,104.08695584313,16.));
#1499 = DIRECTION('',(0.6183503941,0.785902532198,1.07924273762E-16));
#1500 = DIRECTION('',(0.785902532198,-0.6183503941,5.787874359009E-17));
#1501 = PCURVE('',#647,#1502);
#1502 = DEFINITIONAL_REPRESENTATION('',(#1503),#1511);
#1503 = ( BOUNDED_CURVE() B_SPLINE_CURVE(2,(#1504,#1505,#1506,#1507,
#1508,#1509,#1510),.UNSPECIFIED.,.T.,.F.) B_SPLINE_CURVE_WITH_KNOTS((1,2
    ,2,2,2,1),(-2.094395102393,0.,2.094395102393,4.188790204786,
6.28318530718,8.377580409573),.UNSPECIFIED.) CURVE() 
GEOMETRIC_REPRESENTATION_ITEM() RATIONAL_B_SPLINE_CURVE((1.,0.5,1.,0.5,
1.,0.5,1.)) REPRESENTATION_ITEM('') );
#1504 = CARTESIAN_POINT('',(-258.66676073,-16.));
#1505 = CARTESIAN_POINT('',(-258.66676073,2.146997001211E-02));
#1506 = CARTESIAN_POINT('',(-229.3088768435,-7.989265014994));
#1507 = CARTESIAN_POINT('',(-199.9509929569,-16.));
#1508 = CARTESIAN_POINT('',(-229.3088768435,-24.010734985));
#1509 = CARTESIAN_POINT('',(-258.66676073,-32.02146997001));
#1510 = CARTESIAN_POINT('',(-258.66676073,-16.));
#1511 = ( GEOMETRIC_REPRESENTATION_CONTEXT(2) 
PARAMETRIC_REPRESENTATION_CONTEXT() REPRESENTATION_CONTEXT('2D SPACE',''
  ) );
#1512 = PCURVE('',#1513,#1518);
#1513 = CYLINDRICAL_SURFACE('',#1514,9.25);
#1514 = AXIS2_PLACEMENT_3D('',#1515,#1516,#1517);
#1515 = CARTESIAN_POINT('',(230.44980165133,66.247376063019,16.));
#1516 = DIRECTION('',(0.400349032557,-0.916362729562,0.));
#1517 = DIRECTION('',(0.916362729562,0.400349032557,1.224646799147E-16)
  );
#1518 = DEFINITIONAL_REPRESENTATION('',(#1519),#1550);
#1519 = B_SPLINE_CURVE_WITH_KNOTS('',8,(#1520,#1521,#1522,#1523,#1524,
    #1525,#1526,#1527,#1528,#1529,#1530,#1531,#1532,#1533,#1534,#1535,
    #1536,#1537,#1538,#1539,#1540,#1541,#1542,#1543,#1544,#1545,#1546,
    #1547,#1548,#1549),.UNSPECIFIED.,.F.,.F.,(9,7,7,7,9),(5.497787143782
    ,6.675884388878,7.5594573227,8.884816723434,10.210176124167),
  .UNSPECIFIED.);
#1520 = CARTESIAN_POINT('',(7.068583470577,-29.09697025532));
#1521 = CARTESIAN_POINT('',(6.92132131494,-27.30092230064));
#1522 = CARTESIAN_POINT('',(6.774059159303,-25.8071484908));
#1523 = CARTESIAN_POINT('',(6.626797003665,-24.67500040032));
#1524 = CARTESIAN_POINT('',(6.47953484803,-23.94984424056));
#1525 = CARTESIAN_POINT('',(6.332272692392,-23.65894667274));
#1526 = CARTESIAN_POINT('',(6.185010536755,-23.80895970574));
#1527 = CARTESIAN_POINT('',(6.037748381118,-24.3860336138));
#1528 = CARTESIAN_POINT('',(5.780039608753,-26.0870583741));
#1529 = CARTESIAN_POINT('',(5.669592992025,-27.03822298961));
#1530 = CARTESIAN_POINT('',(5.559146375297,-28.19798980594));
#1531 = CARTESIAN_POINT('',(5.44869975857,-29.54702928895));
#1532 = CARTESIAN_POINT('',(5.338253141842,-31.06075259704));
#1533 = CARTESIAN_POINT('',(5.227806525114,-32.71023328675));
#1534 = CARTESIAN_POINT('',(5.117359908387,-34.46340002693));
#1535 = CARTESIAN_POINT('',(4.841243366567,-39.02082007949));
#1536 = CARTESIAN_POINT('',(4.675573441474,-41.91232495375));
#1537 = CARTESIAN_POINT('',(4.509903516397,-44.84651689772));
#1538 = CARTESIAN_POINT('',(4.344233591283,-47.69984516344));
#1539 = CARTESIAN_POINT('',(4.178563666214,-50.34957334681));
#1540 = CARTESIAN_POINT('',(4.012893741107,-52.68529066753));
#1541 = CARTESIAN_POINT('',(3.847223816017,-54.61839341611));
#1542 = CARTESIAN_POINT('',(3.515883965834,-57.55648525065));
#1543 = CARTESIAN_POINT('',(3.350214040745,-58.56147453417));
#1544 = CARTESIAN_POINT('',(3.18454411566,-59.04096701508));
#1545 = CARTESIAN_POINT('',(3.018874190572,-58.96069367806));
#1546 = CARTESIAN_POINT('',(2.853204265471,-58.31895409445));
#1547 = CARTESIAN_POINT('',(2.687534340379,-57.14803810831));
#1548 = CARTESIAN_POINT('',(2.521864415284,-55.5100498591));
#1549 = CARTESIAN_POINT('',(2.356194490192,-53.48949591009));
#1550 = ( GEOMETRIC_REPRESENTATION_CONTEXT(2) 
PARAMETRIC_REPRESENTATION_CONTEXT() REPRESENTATION_CONTEXT('2D SPACE',''
  ) );
#1551 = ORIENTED_EDGE('',*,*,#1552,.F.);
#1552 = EDGE_CURVE('',#1553,#1491,#1555,.T.);
#1553 = VERTEX_POINT('',#1554);
#1554 = CARTESIAN_POINT('',(213.91809573552,104.08695584313,
    29.081475451951));
#1555 = SURFACE_CURVE('',#1556,(#1560,#1567),.PCURVE_S1.);
#1556 = LINE('',#1557,#1558);
#1557 = CARTESIAN_POINT('',(153.22317135924,151.84189856227,
    65.581396906558));
#1558 = VECTOR('',#1559,1.);
#1559 = DIRECTION('',(0.710543282378,-0.559057517546,-0.427297245419));
#1560 = PCURVE('',#647,#1561);
#1561 = DEFINITIONAL_REPRESENTATION('',(#1562),#1566);
#1562 = LINE('',#1563,#1564);
#1563 = CARTESIAN_POINT('',(-161.8652557295,-65.58139690655));
#1564 = VECTOR('',#1565,1.);
#1565 = DIRECTION('',(-0.904111201157,0.427297245419));
#1566 = ( GEOMETRIC_REPRESENTATION_CONTEXT(2) 
PARAMETRIC_REPRESENTATION_CONTEXT() REPRESENTATION_CONTEXT('2D SPACE',''
  ) );
#1567 = PCURVE('',#1568,#1573);
#1568 = PLANE('',#1569);
#1569 = AXIS2_PLACEMENT_3D('',#1570,#1571,#1572);
#1570 = CARTESIAN_POINT('',(230.44980165133,66.247376063019,
    29.081475451951));
#1571 = DIRECTION('',(0.6479663001,0.283089515762,0.707106781187));
#1572 = DIRECTION('',(-0.6479663001,-0.283089515762,0.707106781187));
#1573 = DEFINITIONAL_REPRESENTATION('',(#1574),#1578);
#1574 = LINE('',#1575,#1576);
#1575 = CARTESIAN_POINT('',(51.618683946658,-109.353236998));
#1576 = VECTOR('',#1577,1.);
#1577 = DIRECTION('',(-0.604289559636,0.796764788451));
#1578 = ( GEOMETRIC_REPRESENTATION_CONTEXT(2) 
PARAMETRIC_REPRESENTATION_CONTEXT() REPRESENTATION_CONTEXT('2D SPACE',''
  ) );
#1579 = ORIENTED_EDGE('',*,*,#1580,.F.);
#1580 = EDGE_CURVE('',#1493,#1553,#1581,.T.);
#1581 = SURFACE_CURVE('',#1582,(#1586,#1593),.PCURVE_S1.);
#1582 = LINE('',#1583,#1584);
#1583 = CARTESIAN_POINT('',(142.40779767721,160.35146597633,
    -13.92245426945));
#1584 = VECTOR('',#1585,1.);
#1585 = DIRECTION('',(0.710543282378,-0.559057517546,0.427297245419));
#1586 = PCURVE('',#647,#1587);
#1587 = DEFINITIONAL_REPRESENTATION('',(#1588),#1592);
#1588 = LINE('',#1589,#1590);
#1589 = CARTESIAN_POINT('',(-148.103531802,13.922454269458));
#1590 = VECTOR('',#1591,1.);
#1591 = DIRECTION('',(-0.904111201157,-0.427297245419));
#1592 = ( GEOMETRIC_REPRESENTATION_CONTEXT(2) 
PARAMETRIC_REPRESENTATION_CONTEXT() REPRESENTATION_CONTEXT('2D SPACE',''
  ) );
#1593 = PCURVE('',#1594,#1599);
#1594 = PLANE('',#1595);
#1595 = AXIS2_PLACEMENT_3D('',#1596,#1597,#1598);
#1596 = CARTESIAN_POINT('',(224.4561133754,63.628798042216,
    22.540737725976));
#1597 = DIRECTION('',(-0.6479663001,-0.283089515762,0.707106781187));
#1598 = DIRECTION('',(-0.6479663001,-0.283089515762,-0.707106781187));
#1599 = DEFINITIONAL_REPRESENTATION('',(#1600),#1604);
#1600 = LINE('',#1601,#1602);
#1601 = CARTESIAN_POINT('',(51.566740647356,-121.4810118113));
#1602 = VECTOR('',#1603,1.);
#1603 = DIRECTION('',(-0.604289559636,0.796764788451));
#1604 = ( GEOMETRIC_REPRESENTATION_CONTEXT(2) 
PARAMETRIC_REPRESENTATION_CONTEXT() REPRESENTATION_CONTEXT('2D SPACE',''
  ) );
#1605 = FACE_BOUND('',#1606,.T.);
#1606 = EDGE_LOOP('',(#1607,#1669,#1697));
#1607 = ORIENTED_EDGE('',*,*,#1608,.F.);
#1608 = EDGE_CURVE('',#1609,#1611,#1613,.T.);
#1609 = VERTEX_POINT('',#1610);
#1610 = CARTESIAN_POINT('',(141.65063509313,160.94720369581,
    22.540737725976));
#1611 = VERTEX_POINT('',#1612);
#1612 = CARTESIAN_POINT('',(119.89773449378,178.06244904412,
    22.540737725976));
#1613 = SURFACE_CURVE('',#1614,(#1619,#1630),.PCURVE_S1.);
#1614 = ELLIPSE('',#1615,19.571922591028,9.25);
#1615 = AXIS2_PLACEMENT_3D('',#1616,#1617,#1618);
#1616 = CARTESIAN_POINT('',(130.77418479346,169.50482636996,16.));
#1617 = DIRECTION('',(0.6183503941,0.785902532198,1.07924273762E-16));
#1618 = DIRECTION('',(0.785902532198,-0.6183503941,5.787874359009E-17));
#1619 = PCURVE('',#647,#1620);
#1620 = DEFINITIONAL_REPRESENTATION('',(#1621),#1629);
#1621 = ( BOUNDED_CURVE() B_SPLINE_CURVE(2,(#1622,#1623,#1624,#1625,
#1626,#1627,#1628),.UNSPECIFIED.,.T.,.F.) B_SPLINE_CURVE_WITH_KNOTS((1,2
    ,2,2,2,1),(-2.094395102393,0.,2.094395102393,4.188790204786,
6.28318530718,8.377580409573),.UNSPECIFIED.) CURVE() 
GEOMETRIC_REPRESENTATION_ITEM() RATIONAL_B_SPLINE_CURVE((1.,0.5,1.,0.5,
1.,0.5,1.)) REPRESENTATION_ITEM('') );
#1622 = CARTESIAN_POINT('',(-152.8725845623,-16.));
#1623 = CARTESIAN_POINT('',(-152.8725845623,2.146997001211E-02));
#1624 = CARTESIAN_POINT('',(-123.5147006758,-7.989265014994));
#1625 = CARTESIAN_POINT('',(-94.15681678927,-16.));
#1626 = CARTESIAN_POINT('',(-123.5147006758,-24.010734985));
#1627 = CARTESIAN_POINT('',(-152.8725845623,-32.02146997001));
#1628 = CARTESIAN_POINT('',(-152.8725845623,-16.));
#1629 = ( GEOMETRIC_REPRESENTATION_CONTEXT(2) 
PARAMETRIC_REPRESENTATION_CONTEXT() REPRESENTATION_CONTEXT('2D SPACE',''
  ) );
#1630 = PCURVE('',#1631,#1636);
#1631 = CYLINDRICAL_SURFACE('',#1632,9.25);
#1632 = AXIS2_PLACEMENT_3D('',#1633,#1634,#1635);
#1633 = CARTESIAN_POINT('',(184.63166517322,46.229924435174,16.));
#1634 = DIRECTION('',(0.400349032557,-0.916362729562,0.));
#1635 = DIRECTION('',(0.916362729562,0.400349032557,1.224646799147E-16)
  );
#1636 = DEFINITIONAL_REPRESENTATION('',(#1637),#1668);
#1637 = B_SPLINE_CURVE_WITH_KNOTS('',8,(#1638,#1639,#1640,#1641,#1642,
    #1643,#1644,#1645,#1646,#1647,#1648,#1649,#1650,#1651,#1652,#1653,
    #1654,#1655,#1656,#1657,#1658,#1659,#1660,#1661,#1662,#1663,#1664,
    #1665,#1666,#1667),.UNSPECIFIED.,.F.,.F.,(9,7,7,7,9),(5.497787143782
    ,6.675884388878,7.5594573227,8.884816723434,10.210176124167),
  .UNSPECIFIED.);
#1638 = CARTESIAN_POINT('',(7.068583470577,-122.330052962));
#1639 = CARTESIAN_POINT('',(6.92132131494,-120.5340050074));
#1640 = CARTESIAN_POINT('',(6.774059159303,-119.0402311975));
#1641 = CARTESIAN_POINT('',(6.626797003666,-117.9080831072));
#1642 = CARTESIAN_POINT('',(6.479534848028,-117.182926947));
#1643 = CARTESIAN_POINT('',(6.332272692392,-116.8920293793));
#1644 = CARTESIAN_POINT('',(6.185010536755,-117.0420424124));
#1645 = CARTESIAN_POINT('',(6.037748381118,-117.6191163205));
#1646 = CARTESIAN_POINT('',(5.780039608753,-119.3201410808));
#1647 = CARTESIAN_POINT('',(5.669592992025,-120.2713056963));
#1648 = CARTESIAN_POINT('',(5.559146375297,-121.4310725127));
#1649 = CARTESIAN_POINT('',(5.44869975857,-122.7801119957));
#1650 = CARTESIAN_POINT('',(5.338253141842,-124.2938353037));
#1651 = CARTESIAN_POINT('',(5.227806525114,-125.9433159935));
#1652 = CARTESIAN_POINT('',(5.117359908386,-127.6964827336));
#1653 = CARTESIAN_POINT('',(4.841243366567,-132.2539027862));
#1654 = CARTESIAN_POINT('',(4.675573441477,-135.1454076603));
#1655 = CARTESIAN_POINT('',(4.509903516381,-138.0795996047));
#1656 = CARTESIAN_POINT('',(4.344233591296,-140.9329278687));
#1657 = CARTESIAN_POINT('',(4.178563666202,-143.5826560538));
#1658 = CARTESIAN_POINT('',(4.01289374111,-145.9183733742));
#1659 = CARTESIAN_POINT('',(3.847223816017,-147.8514761228));
#1660 = CARTESIAN_POINT('',(3.515883965834,-150.7895679574));
#1661 = CARTESIAN_POINT('',(3.350214040745,-151.794557241));
#1662 = CARTESIAN_POINT('',(3.18454411566,-152.2740497204));
#1663 = CARTESIAN_POINT('',(3.018874190572,-152.1937763856));
#1664 = CARTESIAN_POINT('',(2.853204265471,-151.5520368));
#1665 = CARTESIAN_POINT('',(2.687534340379,-150.3811208151));
#1666 = CARTESIAN_POINT('',(2.521864415284,-148.7431325658));
#1667 = CARTESIAN_POINT('',(2.356194490192,-146.7225786168));
#1668 = ( GEOMETRIC_REPRESENTATION_CONTEXT(2) 
PARAMETRIC_REPRESENTATION_CONTEXT() REPRESENTATION_CONTEXT('2D SPACE',''
  ) );
#1669 = ORIENTED_EDGE('',*,*,#1670,.F.);
#1670 = EDGE_CURVE('',#1671,#1609,#1673,.T.);
#1671 = VERTEX_POINT('',#1672);
#1672 = CARTESIAN_POINT('',(130.77418479346,169.50482636996,
    29.081475451951));
#1673 = SURFACE_CURVE('',#1674,(#1678,#1685),.PCURVE_S1.);
#1674 = LINE('',#1675,#1676);
#1675 = CARTESIAN_POINT('',(130.4521823109,169.75817885813,
    29.27511710226));
#1676 = VECTOR('',#1677,1.);
#1677 = DIRECTION('',(0.710543282378,-0.559057517546,-0.427297245419));
#1678 = PCURVE('',#647,#1679);
#1679 = DEFINITIONAL_REPRESENTATION('',(#1680),#1684);
#1680 = LINE('',#1681,#1682);
#1681 = CARTESIAN_POINT('',(-132.890938794,-29.27511710226));
#1682 = VECTOR('',#1683,1.);
#1683 = DIRECTION('',(-0.904111201157,0.427297245419));
#1684 = ( GEOMETRIC_REPRESENTATION_CONTEXT(2) 
PARAMETRIC_REPRESENTATION_CONTEXT() REPRESENTATION_CONTEXT('2D SPACE',''
  ) );
#1685 = PCURVE('',#1686,#1691);
#1686 = PLANE('',#1687);
#1687 = AXIS2_PLACEMENT_3D('',#1688,#1689,#1690);
#1688 = CARTESIAN_POINT('',(184.63166517322,46.229924435174,
    29.081475451951));
#1689 = DIRECTION('',(0.6479663001,0.283089515762,0.707106781187));
#1690 = DIRECTION('',(-0.6479663001,-0.283089515762,0.707106781187));
#1691 = DEFINITIONAL_REPRESENTATION('',(#1692),#1696);
#1692 = LINE('',#1693,#1694);
#1693 = CARTESIAN_POINT('',(0.273850648107,-134.8873919494));
#1694 = VECTOR('',#1695,1.);
#1695 = DIRECTION('',(-0.604289559636,0.796764788451));
#1696 = ( GEOMETRIC_REPRESENTATION_CONTEXT(2) 
PARAMETRIC_REPRESENTATION_CONTEXT() REPRESENTATION_CONTEXT('2D SPACE',''
  ) );
#1697 = ORIENTED_EDGE('',*,*,#1698,.F.);
#1698 = EDGE_CURVE('',#1611,#1671,#1699,.T.);
#1699 = SURFACE_CURVE('',#1700,(#1704,#1711),.PCURVE_S1.);
#1700 = LINE('',#1701,#1702);
#1701 = CARTESIAN_POINT('',(119.63680862887,178.2677462722,
    22.38382553484));
#1702 = VECTOR('',#1703,1.);
#1703 = DIRECTION('',(0.710543282378,-0.559057517546,0.427297245419));
#1704 = PCURVE('',#647,#1705);
#1705 = DEFINITIONAL_REPRESENTATION('',(#1706),#1710);
#1706 = LINE('',#1707,#1708);
#1707 = CARTESIAN_POINT('',(-119.1292148665,-22.38382553484));
#1708 = VECTOR('',#1709,1.);
#1709 = DIRECTION('',(-0.904111201157,-0.427297245419));
#1710 = ( GEOMETRIC_REPRESENTATION_CONTEXT(2) 
PARAMETRIC_REPRESENTATION_CONTEXT() REPRESENTATION_CONTEXT('2D SPACE',''
  ) );
#1711 = PCURVE('',#1712,#1717);
#1712 = PLANE('',#1713);
#1713 = AXIS2_PLACEMENT_3D('',#1714,#1715,#1716);
#1714 = CARTESIAN_POINT('',(178.63797689729,43.611346414371,
    22.540737725976));
#1715 = DIRECTION('',(-0.6479663001,-0.283089515762,0.707106781187));
#1716 = DIRECTION('',(-0.6479663001,-0.283089515762,-0.707106781187));
#1717 = DEFINITIONAL_REPRESENTATION('',(#1718),#1722);
#1718 = LINE('',#1719,#1720);
#1719 = CARTESIAN_POINT('',(0.221907348806,-147.0151667627));
#1720 = VECTOR('',#1721,1.);
#1721 = DIRECTION('',(-0.604289559636,0.796764788451));
#1722 = ( GEOMETRIC_REPRESENTATION_CONTEXT(2) 
PARAMETRIC_REPRESENTATION_CONTEXT() REPRESENTATION_CONTEXT('2D SPACE',''
  ) );
#1723 = ADVANCED_FACE('',(#1724),#857,.F.);
#1724 = FACE_BOUND('',#1725,.T.);
#1725 = EDGE_LOOP('',(#1726,#1727,#1750,#1781));
#1726 = ORIENTED_EDGE('',*,*,#836,.F.);
#1727 = ORIENTED_EDGE('',*,*,#1728,.F.);
#1728 = EDGE_CURVE('',#1729,#837,#1731,.T.);
#1729 = VERTEX_POINT('',#1730);
#1730 = CARTESIAN_POINT('',(71.74144762432,97.306325852678,49.5));
#1731 = SEAM_CURVE('',#1732,(#1736,#1743),.PCURVE_S1.);
#1732 = LINE('',#1733,#1734);
#1733 = CARTESIAN_POINT('',(71.74144762432,97.306325852678,49.5));
#1734 = VECTOR('',#1735,1.);
#1735 = DIRECTION('',(0.916362729562,0.400349032557,1.224646799147E-16)
  );
#1736 = PCURVE('',#857,#1737);
#1737 = DEFINITIONAL_REPRESENTATION('',(#1738),#1742);
#1738 = LINE('',#1739,#1740);
#1739 = CARTESIAN_POINT('',(-6.28318530718,-0.));
#1740 = VECTOR('',#1741,1.);
#1741 = DIRECTION('',(-0.,1.));
#1742 = ( GEOMETRIC_REPRESENTATION_CONTEXT(2) 
PARAMETRIC_REPRESENTATION_CONTEXT() REPRESENTATION_CONTEXT('2D SPACE',''
  ) );
#1743 = PCURVE('',#857,#1744);
#1744 = DEFINITIONAL_REPRESENTATION('',(#1745),#1749);
#1745 = LINE('',#1746,#1747);
#1746 = CARTESIAN_POINT('',(-0.,-0.));
#1747 = VECTOR('',#1748,1.);
#1748 = DIRECTION('',(-0.,1.));
#1749 = ( GEOMETRIC_REPRESENTATION_CONTEXT(2) 
PARAMETRIC_REPRESENTATION_CONTEXT() REPRESENTATION_CONTEXT('2D SPACE',''
  ) );
#1750 = ORIENTED_EDGE('',*,*,#1751,.T.);
#1751 = EDGE_CURVE('',#1729,#1729,#1752,.T.);
#1752 = SURFACE_CURVE('',#1753,(#1758,#1765),.PCURVE_S1.);
#1753 = CIRCLE('',#1754,1.5);
#1754 = AXIS2_PLACEMENT_3D('',#1755,#1756,#1757);
#1755 = CARTESIAN_POINT('',(71.74144762432,97.306325852678,48.));
#1756 = DIRECTION('',(-0.916362729562,-0.400349032557,
    -1.224646799147E-16));
#1757 = DIRECTION('',(-1.122220683616E-16,-4.902861612625E-17,1.));
#1758 = PCURVE('',#857,#1759);
#1759 = DEFINITIONAL_REPRESENTATION('',(#1760),#1764);
#1760 = LINE('',#1761,#1762);
#1761 = CARTESIAN_POINT('',(-0.,0.));
#1762 = VECTOR('',#1763,1.);
#1763 = DIRECTION('',(-1.,0.));
#1764 = ( GEOMETRIC_REPRESENTATION_CONTEXT(2) 
PARAMETRIC_REPRESENTATION_CONTEXT() REPRESENTATION_CONTEXT('2D SPACE',''
  ) );
#1765 = PCURVE('',#1766,#1771);
#1766 = PLANE('',#1767);
#1767 = AXIS2_PLACEMENT_3D('',#1768,#1769,#1770);
#1768 = CARTESIAN_POINT('',(71.74144762432,97.306325852678,48.));
#1769 = DIRECTION('',(0.916362729562,0.400349032557,1.224646799147E-16)
  );
#1770 = DIRECTION('',(1.122220683616E-16,4.902861612625E-17,-1.));
#1771 = DEFINITIONAL_REPRESENTATION('',(#1772),#1780);
#1772 = ( BOUNDED_CURVE() B_SPLINE_CURVE(2,(#1773,#1774,#1775,#1776,
#1777,#1778,#1779),.UNSPECIFIED.,.T.,.F.) B_SPLINE_CURVE_WITH_KNOTS((1,2
    ,2,2,2,1),(-2.094395102393,0.,2.094395102393,4.188790204786,
6.28318530718,8.377580409573),.UNSPECIFIED.) CURVE() 
GEOMETRIC_REPRESENTATION_ITEM() RATIONAL_B_SPLINE_CURVE((1.,0.5,1.,0.5,
1.,0.5,1.)) REPRESENTATION_ITEM('') );
#1773 = CARTESIAN_POINT('',(-1.5,0.));
#1774 = CARTESIAN_POINT('',(-1.5,2.598076211353));
#1775 = CARTESIAN_POINT('',(0.75,1.299038105677));
#1776 = CARTESIAN_POINT('',(3.,3.673940397442E-16));
#1777 = CARTESIAN_POINT('',(0.75,-1.299038105677));
#1778 = CARTESIAN_POINT('',(-1.5,-2.598076211353));
#1779 = CARTESIAN_POINT('',(-1.5,0.));
#1780 = ( GEOMETRIC_REPRESENTATION_CONTEXT(2) 
PARAMETRIC_REPRESENTATION_CONTEXT() REPRESENTATION_CONTEXT('2D SPACE',''
  ) );
#1781 = ORIENTED_EDGE('',*,*,#1728,.T.);
#1782 = ADVANCED_FACE('',(#1783),#892,.F.);
#1783 = FACE_BOUND('',#1784,.T.);
#1784 = EDGE_LOOP('',(#1785,#1786,#1809,#1840));
#1785 = ORIENTED_EDGE('',*,*,#871,.F.);
#1786 = ORIENTED_EDGE('',*,*,#1787,.F.);
#1787 = EDGE_CURVE('',#1788,#872,#1790,.T.);
#1788 = VERTEX_POINT('',#1789);
#1789 = CARTESIAN_POINT('',(23.699563717493,207.26985340014,49.5));
#1790 = SEAM_CURVE('',#1791,(#1795,#1802),.PCURVE_S1.);
#1791 = LINE('',#1792,#1793);
#1792 = CARTESIAN_POINT('',(23.699563717493,207.26985340014,49.5));
#1793 = VECTOR('',#1794,1.);
#1794 = DIRECTION('',(0.916362729562,0.400349032557,1.224646799147E-16)
  );
#1795 = PCURVE('',#892,#1796);
#1796 = DEFINITIONAL_REPRESENTATION('',(#1797),#1801);
#1797 = LINE('',#1798,#1799);
#1798 = CARTESIAN_POINT('',(-6.28318530718,-0.));
#1799 = VECTOR('',#1800,1.);
#1800 = DIRECTION('',(-0.,1.));
#1801 = ( GEOMETRIC_REPRESENTATION_CONTEXT(2) 
PARAMETRIC_REPRESENTATION_CONTEXT() REPRESENTATION_CONTEXT('2D SPACE',''
  ) );
#1802 = PCURVE('',#892,#1803);
#1803 = DEFINITIONAL_REPRESENTATION('',(#1804),#1808);
#1804 = LINE('',#1805,#1806);
#1805 = CARTESIAN_POINT('',(-0.,-0.));
#1806 = VECTOR('',#1807,1.);
#1807 = DIRECTION('',(-0.,1.));
#1808 = ( GEOMETRIC_REPRESENTATION_CONTEXT(2) 
PARAMETRIC_REPRESENTATION_CONTEXT() REPRESENTATION_CONTEXT('2D SPACE',''
  ) );
#1809 = ORIENTED_EDGE('',*,*,#1810,.T.);
#1810 = EDGE_CURVE('',#1788,#1788,#1811,.T.);
#1811 = SURFACE_CURVE('',#1812,(#1817,#1824),.PCURVE_S1.);
#1812 = CIRCLE('',#1813,1.5);
#1813 = AXIS2_PLACEMENT_3D('',#1814,#1815,#1816);
#1814 = CARTESIAN_POINT('',(23.699563717493,207.26985340014,48.));
#1815 = DIRECTION('',(-0.916362729562,-0.400349032557,
    -1.224646799147E-16));
#1816 = DIRECTION('',(-1.122220683616E-16,-4.902861612625E-17,1.));
#1817 = PCURVE('',#892,#1818);
#1818 = DEFINITIONAL_REPRESENTATION('',(#1819),#1823);
#1819 = LINE('',#1820,#1821);
#1820 = CARTESIAN_POINT('',(-0.,0.));
#1821 = VECTOR('',#1822,1.);
#1822 = DIRECTION('',(-1.,0.));
#1823 = ( GEOMETRIC_REPRESENTATION_CONTEXT(2) 
PARAMETRIC_REPRESENTATION_CONTEXT() REPRESENTATION_CONTEXT('2D SPACE',''
  ) );
#1824 = PCURVE('',#1825,#1830);
#1825 = PLANE('',#1826);
#1826 = AXIS2_PLACEMENT_3D('',#1827,#1828,#1829);
#1827 = CARTESIAN_POINT('',(23.699563717493,207.26985340014,48.));
#1828 = DIRECTION('',(0.916362729562,0.400349032557,1.224646799147E-16)
  );
#1829 = DIRECTION('',(1.122220683616E-16,4.902861612625E-17,-1.));
#1830 = DEFINITIONAL_REPRESENTATION('',(#1831),#1839);
#1831 = ( BOUNDED_CURVE() B_SPLINE_CURVE(2,(#1832,#1833,#1834,#1835,
#1836,#1837,#1838),.UNSPECIFIED.,.T.,.F.) B_SPLINE_CURVE_WITH_KNOTS((1,2
    ,2,2,2,1),(-2.094395102393,0.,2.094395102393,4.188790204786,
6.28318530718,8.377580409573),.UNSPECIFIED.) CURVE() 
GEOMETRIC_REPRESENTATION_ITEM() RATIONAL_B_SPLINE_CURVE((1.,0.5,1.,0.5,
1.,0.5,1.)) REPRESENTATION_ITEM('') );
#1832 = CARTESIAN_POINT('',(-1.5,0.));
#1833 = CARTESIAN_POINT('',(-1.5,2.598076211353));
#1834 = CARTESIAN_POINT('',(0.75,1.299038105677));
#1835 = CARTESIAN_POINT('',(3.,3.673940397442E-16));
#1836 = CARTESIAN_POINT('',(0.75,-1.299038105677));
#1837 = CARTESIAN_POINT('',(-1.5,-2.598076211353));
#1838 = CARTESIAN_POINT('',(-1.5,0.));
#1839 = ( GEOMETRIC_REPRESENTATION_CONTEXT(2) 
PARAMETRIC_REPRESENTATION_CONTEXT() REPRESENTATION_CONTEXT('2D SPACE',''
  ) );
#1840 = ORIENTED_EDGE('',*,*,#1787,.T.);
#1841 = ADVANCED_FACE('',(#1842,#1918),#968,.T.);
#1842 = FACE_BOUND('',#1843,.F.);
#1843 = EDGE_LOOP('',(#1844,#1874,#1897));
#1844 = ORIENTED_EDGE('',*,*,#1845,.T.);
#1845 = EDGE_CURVE('',#1846,#1848,#1850,.T.);
#1846 = VERTEX_POINT('',#1847);
#1847 = CARTESIAN_POINT('',(224.4561133754,63.628798042216,
    22.540737725976));
#1848 = VERTEX_POINT('',#1849);
#1849 = CARTESIAN_POINT('',(236.44348992725,68.865954083821,
    22.540737725976));
#1850 = SURFACE_CURVE('',#1851,(#1856,#1867),.PCURVE_S1.);
#1851 = CIRCLE('',#1852,9.25);
#1852 = AXIS2_PLACEMENT_3D('',#1853,#1854,#1855);
#1853 = CARTESIAN_POINT('',(230.44980165133,66.247376063019,16.));
#1854 = DIRECTION('',(0.400349032557,-0.916362729562,0.));
#1855 = DIRECTION('',(-0.6479663001,-0.283089515762,0.707106781187));
#1856 = PCURVE('',#968,#1857);
#1857 = DEFINITIONAL_REPRESENTATION('',(#1858),#1866);
#1858 = ( BOUNDED_CURVE() B_SPLINE_CURVE(2,(#1859,#1860,#1861,#1862,
#1863,#1864,#1865),.UNSPECIFIED.,.T.,.F.) B_SPLINE_CURVE_WITH_KNOTS((1,2
    ,2,2,2,1),(-2.094395102393,0.,2.094395102393,4.188790204786,
6.28318530718,8.377580409573),.UNSPECIFIED.) CURVE() 
GEOMETRIC_REPRESENTATION_ITEM() RATIONAL_B_SPLINE_CURVE((1.,0.5,1.,0.5,
1.,0.5,1.)) REPRESENTATION_ITEM('') );
#1859 = CARTESIAN_POINT('',(-6.540737725976,6.540737725976));
#1860 = CARTESIAN_POINT('',(4.788152334397,17.869627786348));
#1861 = CARTESIAN_POINT('',(8.934813893174,2.394076167198));
#1862 = CARTESIAN_POINT('',(13.081475451951,-13.08147545195));
#1863 = CARTESIAN_POINT('',(-2.394076167198,-8.934813893174));
#1864 = CARTESIAN_POINT('',(-17.86962778634,-4.788152334397));
#1865 = CARTESIAN_POINT('',(-6.540737725976,6.540737725976));
#1866 = ( GEOMETRIC_REPRESENTATION_CONTEXT(2) 
PARAMETRIC_REPRESENTATION_CONTEXT() REPRESENTATION_CONTEXT('2D SPACE',''
  ) );
#1867 = PCURVE('',#1513,#1868);
#1868 = DEFINITIONAL_REPRESENTATION('',(#1869),#1873);
#1869 = LINE('',#1870,#1871);
#1870 = CARTESIAN_POINT('',(2.356194490192,0.));
#1871 = VECTOR('',#1872,1.);
#1872 = DIRECTION('',(1.,0.));
#1873 = ( GEOMETRIC_REPRESENTATION_CONTEXT(2) 
PARAMETRIC_REPRESENTATION_CONTEXT() REPRESENTATION_CONTEXT('2D SPACE',''
  ) );
#1874 = ORIENTED_EDGE('',*,*,#1875,.F.);
#1875 = EDGE_CURVE('',#1876,#1848,#1878,.T.);
#1876 = VERTEX_POINT('',#1877);
#1877 = CARTESIAN_POINT('',(230.44980165133,66.247376063019,
    29.081475451951));
#1878 = SURFACE_CURVE('',#1879,(#1883,#1890),.PCURVE_S1.);
#1879 = LINE('',#1880,#1881);
#1880 = CARTESIAN_POINT('',(230.44980165133,66.247376063019,
    29.081475451951));
#1881 = VECTOR('',#1882,1.);
#1882 = DIRECTION('',(0.6479663001,0.283089515762,-0.707106781187));
#1883 = PCURVE('',#968,#1884);
#1884 = DEFINITIONAL_REPRESENTATION('',(#1885),#1889);
#1885 = LINE('',#1886,#1887);
#1886 = CARTESIAN_POINT('',(-13.08147545195,-3.333591587354E-14));
#1887 = VECTOR('',#1888,1.);
#1888 = DIRECTION('',(0.707106781187,-0.707106781187));
#1889 = ( GEOMETRIC_REPRESENTATION_CONTEXT(2) 
PARAMETRIC_REPRESENTATION_CONTEXT() REPRESENTATION_CONTEXT('2D SPACE',''
  ) );
#1890 = PCURVE('',#1568,#1891);
#1891 = DEFINITIONAL_REPRESENTATION('',(#1892),#1896);
#1892 = LINE('',#1893,#1894);
#1893 = CARTESIAN_POINT('',(-0.,0.));
#1894 = VECTOR('',#1895,1.);
#1895 = DIRECTION('',(-1.,0.));
#1896 = ( GEOMETRIC_REPRESENTATION_CONTEXT(2) 
PARAMETRIC_REPRESENTATION_CONTEXT() REPRESENTATION_CONTEXT('2D SPACE',''
  ) );
#1897 = ORIENTED_EDGE('',*,*,#1898,.F.);
#1898 = EDGE_CURVE('',#1846,#1876,#1899,.T.);
#1899 = SURFACE_CURVE('',#1900,(#1904,#1911),.PCURVE_S1.);
#1900 = LINE('',#1901,#1902);
#1901 = CARTESIAN_POINT('',(224.4561133754,63.628798042216,
    22.540737725976));
#1902 = VECTOR('',#1903,1.);
#1903 = DIRECTION('',(0.6479663001,0.283089515762,0.707106781187));
#1904 = PCURVE('',#968,#1905);
#1905 = DEFINITIONAL_REPRESENTATION('',(#1906),#1910);
#1906 = LINE('',#1907,#1908);
#1907 = CARTESIAN_POINT('',(-6.540737725976,6.540737725976));
#1908 = VECTOR('',#1909,1.);
#1909 = DIRECTION('',(-0.707106781187,-0.707106781187));
#1910 = ( GEOMETRIC_REPRESENTATION_CONTEXT(2) 
PARAMETRIC_REPRESENTATION_CONTEXT() REPRESENTATION_CONTEXT('2D SPACE',''
  ) );
#1911 = PCURVE('',#1594,#1912);
#1912 = DEFINITIONAL_REPRESENTATION('',(#1913),#1917);
#1913 = LINE('',#1914,#1915);
#1914 = CARTESIAN_POINT('',(-0.,0.));
#1915 = VECTOR('',#1916,1.);
#1916 = DIRECTION('',(-1.,-5.551115123126E-17));
#1917 = ( GEOMETRIC_REPRESENTATION_CONTEXT(2) 
PARAMETRIC_REPRESENTATION_CONTEXT() REPRESENTATION_CONTEXT('2D SPACE',''
  ) );
#1918 = FACE_BOUND('',#1919,.F.);
#1919 = EDGE_LOOP('',(#1920,#1921,#1922));
#1920 = ORIENTED_EDGE('',*,*,#1008,.T.);
#1921 = ORIENTED_EDGE('',*,*,#954,.T.);
#1922 = ORIENTED_EDGE('',*,*,#1035,.T.);
#1923 = ADVANCED_FACE('',(#1924,#2000),#1121,.T.);
#1924 = FACE_BOUND('',#1925,.F.);
#1925 = EDGE_LOOP('',(#1926,#1956,#1979));
#1926 = ORIENTED_EDGE('',*,*,#1927,.T.);
#1927 = EDGE_CURVE('',#1928,#1930,#1932,.T.);
#1928 = VERTEX_POINT('',#1929);
#1929 = CARTESIAN_POINT('',(178.63797689729,43.611346414371,
    22.540737725976));
#1930 = VERTEX_POINT('',#1931);
#1931 = CARTESIAN_POINT('',(190.62535344914,48.848502455977,
    22.540737725976));
#1932 = SURFACE_CURVE('',#1933,(#1938,#1949),.PCURVE_S1.);
#1933 = CIRCLE('',#1934,9.25);
#1934 = AXIS2_PLACEMENT_3D('',#1935,#1936,#1937);
#1935 = CARTESIAN_POINT('',(184.63166517322,46.229924435174,16.));
#1936 = DIRECTION('',(0.400349032557,-0.916362729562,0.));
#1937 = DIRECTION('',(-0.6479663001,-0.283089515762,0.707106781187));
#1938 = PCURVE('',#1121,#1939);
#1939 = DEFINITIONAL_REPRESENTATION('',(#1940),#1948);
#1940 = ( BOUNDED_CURVE() B_SPLINE_CURVE(2,(#1941,#1942,#1943,#1944,
#1945,#1946,#1947),.UNSPECIFIED.,.T.,.F.) B_SPLINE_CURVE_WITH_KNOTS((1,2
    ,2,2,2,1),(-2.094395102393,0.,2.094395102393,4.188790204786,
6.28318530718,8.377580409573),.UNSPECIFIED.) CURVE() 
GEOMETRIC_REPRESENTATION_ITEM() RATIONAL_B_SPLINE_CURVE((1.,0.5,1.,0.5,
1.,0.5,1.)) REPRESENTATION_ITEM('') );
#1941 = CARTESIAN_POINT('',(-6.540737725976,6.540737725976));
#1942 = CARTESIAN_POINT('',(4.788152334397,17.869627786348));
#1943 = CARTESIAN_POINT('',(8.934813893174,2.394076167198));
#1944 = CARTESIAN_POINT('',(13.081475451951,-13.08147545195));
#1945 = CARTESIAN_POINT('',(-2.394076167198,-8.934813893174));
#1946 = CARTESIAN_POINT('',(-17.86962778634,-4.788152334397));
#1947 = CARTESIAN_POINT('',(-6.540737725976,6.540737725976));
#1948 = ( GEOMETRIC_REPRESENTATION_CONTEXT(2) 
PARAMETRIC_REPRESENTATION_CONTEXT() REPRESENTATION_CONTEXT('2D SPACE',''
  ) );
#1949 = PCURVE('',#1631,#1950);
#1950 = DEFINITIONAL_REPRESENTATION('',(#1951),#1955);
#1951 = LINE('',#1952,#1953);
#1952 = CARTESIAN_POINT('',(2.356194490192,0.));
#1953 = VECTOR('',#1954,1.);
#1954 = DIRECTION('',(1.,0.));
#1955 = ( GEOMETRIC_REPRESENTATION_CONTEXT(2) 
PARAMETRIC_REPRESENTATION_CONTEXT() REPRESENTATION_CONTEXT('2D SPACE',''
  ) );
#1956 = ORIENTED_EDGE('',*,*,#1957,.F.);
#1957 = EDGE_CURVE('',#1958,#1930,#1960,.T.);
#1958 = VERTEX_POINT('',#1959);
#1959 = CARTESIAN_POINT('',(184.63166517322,46.229924435174,
    29.081475451951));
#1960 = SURFACE_CURVE('',#1961,(#1965,#1972),.PCURVE_S1.);
#1961 = LINE('',#1962,#1963);
#1962 = CARTESIAN_POINT('',(184.63166517322,46.229924435174,
    29.081475451951));
#1963 = VECTOR('',#1964,1.);
#1964 = DIRECTION('',(0.6479663001,0.283089515762,-0.707106781187));
#1965 = PCURVE('',#1121,#1966);
#1966 = DEFINITIONAL_REPRESENTATION('',(#1967),#1971);
#1967 = LINE('',#1968,#1969);
#1968 = CARTESIAN_POINT('',(-13.08147545195,-3.333591587354E-14));
#1969 = VECTOR('',#1970,1.);
#1970 = DIRECTION('',(0.707106781187,-0.707106781187));
#1971 = ( GEOMETRIC_REPRESENTATION_CONTEXT(2) 
PARAMETRIC_REPRESENTATION_CONTEXT() REPRESENTATION_CONTEXT('2D SPACE',''
  ) );
#1972 = PCURVE('',#1686,#1973);
#1973 = DEFINITIONAL_REPRESENTATION('',(#1974),#1978);
#1974 = LINE('',#1975,#1976);
#1975 = CARTESIAN_POINT('',(-0.,0.));
#1976 = VECTOR('',#1977,1.);
#1977 = DIRECTION('',(-1.,0.));
#1978 = ( GEOMETRIC_REPRESENTATION_CONTEXT(2) 
PARAMETRIC_REPRESENTATION_CONTEXT() REPRESENTATION_CONTEXT('2D SPACE',''
  ) );
#1979 = ORIENTED_EDGE('',*,*,#1980,.F.);
#1980 = EDGE_CURVE('',#1928,#1958,#1981,.T.);
#1981 = SURFACE_CURVE('',#1982,(#1986,#1993),.PCURVE_S1.);
#1982 = LINE('',#1983,#1984);
#1983 = CARTESIAN_POINT('',(178.63797689729,43.611346414371,
    22.540737725976));
#1984 = VECTOR('',#1985,1.);
#1985 = DIRECTION('',(0.6479663001,0.283089515762,0.707106781187));
#1986 = PCURVE('',#1121,#1987);
#1987 = DEFINITIONAL_REPRESENTATION('',(#1988),#1992);
#1988 = LINE('',#1989,#1990);
#1989 = CARTESIAN_POINT('',(-6.540737725976,6.540737725976));
#1990 = VECTOR('',#1991,1.);
#1991 = DIRECTION('',(-0.707106781187,-0.707106781187));
#1992 = ( GEOMETRIC_REPRESENTATION_CONTEXT(2) 
PARAMETRIC_REPRESENTATION_CONTEXT() REPRESENTATION_CONTEXT('2D SPACE',''
  ) );
#1993 = PCURVE('',#1712,#1994);
#1994 = DEFINITIONAL_REPRESENTATION('',(#1995),#1999);
#1995 = LINE('',#1996,#1997);
#1996 = CARTESIAN_POINT('',(-0.,0.));
#1997 = VECTOR('',#1998,1.);
#1998 = DIRECTION('',(-1.,-5.551115123126E-17));
#1999 = ( GEOMETRIC_REPRESENTATION_CONTEXT(2) 
PARAMETRIC_REPRESENTATION_CONTEXT() REPRESENTATION_CONTEXT('2D SPACE',''
  ) );
#2000 = FACE_BOUND('',#2001,.F.);
#2001 = EDGE_LOOP('',(#2002,#2003,#2004));
#2002 = ORIENTED_EDGE('',*,*,#1189,.T.);
#2003 = ORIENTED_EDGE('',*,*,#1107,.T.);
#2004 = ORIENTED_EDGE('',*,*,#1161,.T.);
#2005 = ADVANCED_FACE('',(#2006,#2082),#1274,.T.);
#2006 = FACE_BOUND('',#2007,.F.);
#2007 = EDGE_LOOP('',(#2008,#2038,#2061));
#2008 = ORIENTED_EDGE('',*,*,#2009,.T.);
#2009 = EDGE_CURVE('',#2010,#2012,#2014,.T.);
#2010 = VERTEX_POINT('',#2011);
#2011 = CARTESIAN_POINT('',(131.90347768962,23.19354575397,
    22.540737725976));
#2012 = VERTEX_POINT('',#2013);
#2013 = CARTESIAN_POINT('',(143.89085424147,28.430701795575,
    22.540737725976));
#2014 = SURFACE_CURVE('',#2015,(#2020,#2031),.PCURVE_S1.);
#2015 = CIRCLE('',#2016,9.25);
#2016 = AXIS2_PLACEMENT_3D('',#2017,#2018,#2019);
#2017 = CARTESIAN_POINT('',(137.89716596554,25.812123774772,16.));
#2018 = DIRECTION('',(0.400349032557,-0.916362729562,0.));
#2019 = DIRECTION('',(-0.6479663001,-0.283089515762,0.707106781187));
#2020 = PCURVE('',#1274,#2021);
#2021 = DEFINITIONAL_REPRESENTATION('',(#2022),#2030);
#2022 = ( BOUNDED_CURVE() B_SPLINE_CURVE(2,(#2023,#2024,#2025,#2026,
#2027,#2028,#2029),.UNSPECIFIED.,.T.,.F.) B_SPLINE_CURVE_WITH_KNOTS((1,2
    ,2,2,2,1),(-2.094395102393,0.,2.094395102393,4.188790204786,
6.28318530718,8.377580409573),.UNSPECIFIED.) CURVE() 
GEOMETRIC_REPRESENTATION_ITEM() RATIONAL_B_SPLINE_CURVE((1.,0.5,1.,0.5,
1.,0.5,1.)) REPRESENTATION_ITEM('') );
#2023 = CARTESIAN_POINT('',(-6.540737725976,6.540737725976));
#2024 = CARTESIAN_POINT('',(4.788152334397,17.869627786348));
#2025 = CARTESIAN_POINT('',(8.934813893174,2.394076167198));
#2026 = CARTESIAN_POINT('',(13.081475451951,-13.08147545195));
#2027 = CARTESIAN_POINT('',(-2.394076167198,-8.934813893174));
#2028 = CARTESIAN_POINT('',(-17.86962778634,-4.788152334397));
#2029 = CARTESIAN_POINT('',(-6.540737725976,6.540737725976));
#2030 = ( GEOMETRIC_REPRESENTATION_CONTEXT(2) 
PARAMETRIC_REPRESENTATION_CONTEXT() REPRESENTATION_CONTEXT('2D SPACE',''
  ) );
#2031 = PCURVE('',#1395,#2032);
#2032 = DEFINITIONAL_REPRESENTATION('',(#2033),#2037);
#2033 = LINE('',#2034,#2035);
#2034 = CARTESIAN_POINT('',(2.356194490192,0.));
#2035 = VECTOR('',#2036,1.);
#2036 = DIRECTION('',(1.,0.));
#2037 = ( GEOMETRIC_REPRESENTATION_CONTEXT(2) 
PARAMETRIC_REPRESENTATION_CONTEXT() REPRESENTATION_CONTEXT('2D SPACE',''
  ) );
#2038 = ORIENTED_EDGE('',*,*,#2039,.F.);
#2039 = EDGE_CURVE('',#2040,#2012,#2042,.T.);
#2040 = VERTEX_POINT('',#2041);
#2041 = CARTESIAN_POINT('',(137.89716596554,25.812123774772,
    29.081475451951));
#2042 = SURFACE_CURVE('',#2043,(#2047,#2054),.PCURVE_S1.);
#2043 = LINE('',#2044,#2045);
#2044 = CARTESIAN_POINT('',(137.89716596554,25.812123774772,
    29.081475451951));
#2045 = VECTOR('',#2046,1.);
#2046 = DIRECTION('',(0.6479663001,0.283089515762,-0.707106781187));
#2047 = PCURVE('',#1274,#2048);
#2048 = DEFINITIONAL_REPRESENTATION('',(#2049),#2053);
#2049 = LINE('',#2050,#2051);
#2050 = CARTESIAN_POINT('',(-13.08147545195,-1.602018704036E-15));
#2051 = VECTOR('',#2052,1.);
#2052 = DIRECTION('',(0.707106781187,-0.707106781187));
#2053 = ( GEOMETRIC_REPRESENTATION_CONTEXT(2) 
PARAMETRIC_REPRESENTATION_CONTEXT() REPRESENTATION_CONTEXT('2D SPACE',''
  ) );
#2054 = PCURVE('',#1450,#2055);
#2055 = DEFINITIONAL_REPRESENTATION('',(#2056),#2060);
#2056 = LINE('',#2057,#2058);
#2057 = CARTESIAN_POINT('',(-0.,0.));
#2058 = VECTOR('',#2059,1.);
#2059 = DIRECTION('',(-1.,0.));
#2060 = ( GEOMETRIC_REPRESENTATION_CONTEXT(2) 
PARAMETRIC_REPRESENTATION_CONTEXT() REPRESENTATION_CONTEXT('2D SPACE',''
  ) );
#2061 = ORIENTED_EDGE('',*,*,#2062,.F.);
#2062 = EDGE_CURVE('',#2010,#2040,#2063,.T.);
#2063 = SURFACE_CURVE('',#2064,(#2068,#2075),.PCURVE_S1.);
#2064 = LINE('',#2065,#2066);
#2065 = CARTESIAN_POINT('',(131.90347768962,23.19354575397,
    22.540737725976));
#2066 = VECTOR('',#2067,1.);
#2067 = DIRECTION('',(0.6479663001,0.283089515762,0.707106781187));
#2068 = PCURVE('',#1274,#2069);
#2069 = DEFINITIONAL_REPRESENTATION('',(#2070),#2074);
#2070 = LINE('',#2071,#2072);
#2071 = CARTESIAN_POINT('',(-6.540737725976,6.540737725976));
#2072 = VECTOR('',#2073,1.);
#2073 = DIRECTION('',(-0.707106781187,-0.707106781187));
#2074 = ( GEOMETRIC_REPRESENTATION_CONTEXT(2) 
PARAMETRIC_REPRESENTATION_CONTEXT() REPRESENTATION_CONTEXT('2D SPACE',''
  ) );
#2075 = PCURVE('',#1476,#2076);
#2076 = DEFINITIONAL_REPRESENTATION('',(#2077),#2081);
#2077 = LINE('',#2078,#2079);
#2078 = CARTESIAN_POINT('',(-0.,0.));
#2079 = VECTOR('',#2080,1.);
#2080 = DIRECTION('',(-1.,0.));
#2081 = ( GEOMETRIC_REPRESENTATION_CONTEXT(2) 
PARAMETRIC_REPRESENTATION_CONTEXT() REPRESENTATION_CONTEXT('2D SPACE',''
  ) );
#2082 = FACE_BOUND('',#2083,.F.);
#2083 = EDGE_LOOP('',(#2084,#2085,#2086));
#2084 = ORIENTED_EDGE('',*,*,#1342,.T.);
#2085 = ORIENTED_EDGE('',*,*,#1260,.T.);
#2086 = ORIENTED_EDGE('',*,*,#1314,.T.);
#2087 = ADVANCED_FACE('',(#2088),#1395,.F.);
#2088 = FACE_BOUND('',#2089,.F.);
#2089 = EDGE_LOOP('',(#2090,#2091,#2112,#2113));
#2090 = ORIENTED_EDGE('',*,*,#2009,.F.);
#2091 = ORIENTED_EDGE('',*,*,#2092,.T.);
#2092 = EDGE_CURVE('',#2010,#1375,#2093,.T.);
#2093 = SURFACE_CURVE('',#2094,(#2098,#2105),.PCURVE_S1.);
#2094 = LINE('',#2095,#2096);
#2095 = CARTESIAN_POINT('',(131.90347768962,23.19354575397,
    22.540737725976));
#2096 = VECTOR('',#2097,1.);
#2097 = DIRECTION('',(-0.400349032557,0.916362729562,0.));
#2098 = PCURVE('',#1395,#2099);
#2099 = DEFINITIONAL_REPRESENTATION('',(#2100),#2104);
#2100 = LINE('',#2101,#2102);
#2101 = CARTESIAN_POINT('',(2.356194490192,0.));
#2102 = VECTOR('',#2103,1.);
#2103 = DIRECTION('',(0.,-1.));
#2104 = ( GEOMETRIC_REPRESENTATION_CONTEXT(2) 
PARAMETRIC_REPRESENTATION_CONTEXT() REPRESENTATION_CONTEXT('2D SPACE',''
  ) );
#2105 = PCURVE('',#1476,#2106);
#2106 = DEFINITIONAL_REPRESENTATION('',(#2107),#2111);
#2107 = LINE('',#2108,#2109);
#2108 = CARTESIAN_POINT('',(-0.,0.));
#2109 = VECTOR('',#2110,1.);
#2110 = DIRECTION('',(-0.,-1.));
#2111 = ( GEOMETRIC_REPRESENTATION_CONTEXT(2) 
PARAMETRIC_REPRESENTATION_CONTEXT() REPRESENTATION_CONTEXT('2D SPACE',''
  ) );
#2112 = ORIENTED_EDGE('',*,*,#1372,.F.);
#2113 = ORIENTED_EDGE('',*,*,#2114,.F.);
#2114 = EDGE_CURVE('',#2012,#1373,#2115,.T.);
#2115 = SURFACE_CURVE('',#2116,(#2120,#2127),.PCURVE_S1.);
#2116 = LINE('',#2117,#2118);
#2117 = CARTESIAN_POINT('',(143.89085424147,28.430701795575,
    22.540737725976));
#2118 = VECTOR('',#2119,1.);
#2119 = DIRECTION('',(-0.400349032557,0.916362729562,0.));
#2120 = PCURVE('',#1395,#2121);
#2121 = DEFINITIONAL_REPRESENTATION('',(#2122),#2126);
#2122 = LINE('',#2123,#2124);
#2123 = CARTESIAN_POINT('',(7.068583470577,0.));
#2124 = VECTOR('',#2125,1.);
#2125 = DIRECTION('',(0.,-1.));
#2126 = ( GEOMETRIC_REPRESENTATION_CONTEXT(2) 
PARAMETRIC_REPRESENTATION_CONTEXT() REPRESENTATION_CONTEXT('2D SPACE',''
  ) );
#2127 = PCURVE('',#1450,#2128);
#2128 = DEFINITIONAL_REPRESENTATION('',(#2129),#2133);
#2129 = LINE('',#2130,#2131);
#2130 = CARTESIAN_POINT('',(-9.25,-2.6645352591E-15));
#2131 = VECTOR('',#2132,1.);
#2132 = DIRECTION('',(-0.,-1.));
#2133 = ( GEOMETRIC_REPRESENTATION_CONTEXT(2) 
PARAMETRIC_REPRESENTATION_CONTEXT() REPRESENTATION_CONTEXT('2D SPACE',''
  ) );
#2134 = ADVANCED_FACE('',(#2135),#1450,.F.);
#2135 = FACE_BOUND('',#2136,.T.);
#2136 = EDGE_LOOP('',(#2137,#2138,#2159,#2160));
#2137 = ORIENTED_EDGE('',*,*,#2039,.F.);
#2138 = ORIENTED_EDGE('',*,*,#2139,.T.);
#2139 = EDGE_CURVE('',#2040,#1435,#2140,.T.);
#2140 = SURFACE_CURVE('',#2141,(#2145,#2152),.PCURVE_S1.);
#2141 = LINE('',#2142,#2143);
#2142 = CARTESIAN_POINT('',(137.89716596554,25.812123774772,
    29.081475451951));
#2143 = VECTOR('',#2144,1.);
#2144 = DIRECTION('',(-0.400349032557,0.916362729562,0.));
#2145 = PCURVE('',#1450,#2146);
#2146 = DEFINITIONAL_REPRESENTATION('',(#2147),#2151);
#2147 = LINE('',#2148,#2149);
#2148 = CARTESIAN_POINT('',(-0.,0.));
#2149 = VECTOR('',#2150,1.);
#2150 = DIRECTION('',(-0.,-1.));
#2151 = ( GEOMETRIC_REPRESENTATION_CONTEXT(2) 
PARAMETRIC_REPRESENTATION_CONTEXT() REPRESENTATION_CONTEXT('2D SPACE',''
  ) );
#2152 = PCURVE('',#1476,#2153);
#2153 = DEFINITIONAL_REPRESENTATION('',(#2154),#2158);
#2154 = LINE('',#2155,#2156);
#2155 = CARTESIAN_POINT('',(-9.25,1.199040866595E-14));
#2156 = VECTOR('',#2157,1.);
#2157 = DIRECTION('',(-0.,-1.));
#2158 = ( GEOMETRIC_REPRESENTATION_CONTEXT(2) 
PARAMETRIC_REPRESENTATION_CONTEXT() REPRESENTATION_CONTEXT('2D SPACE',''
  ) );
#2159 = ORIENTED_EDGE('',*,*,#1434,.T.);
#2160 = ORIENTED_EDGE('',*,*,#2114,.F.);
#2161 = ADVANCED_FACE('',(#2162),#1476,.F.);
#2162 = FACE_BOUND('',#2163,.T.);
#2163 = EDGE_LOOP('',(#2164,#2165,#2166,#2167));
#2164 = ORIENTED_EDGE('',*,*,#2062,.F.);
#2165 = ORIENTED_EDGE('',*,*,#2092,.T.);
#2166 = ORIENTED_EDGE('',*,*,#1462,.T.);
#2167 = ORIENTED_EDGE('',*,*,#2139,.F.);
#2168 = ADVANCED_FACE('',(#2169),#1513,.F.);
#2169 = FACE_BOUND('',#2170,.F.);
#2170 = EDGE_LOOP('',(#2171,#2172,#2193,#2194));
#2171 = ORIENTED_EDGE('',*,*,#1845,.F.);
#2172 = ORIENTED_EDGE('',*,*,#2173,.T.);
#2173 = EDGE_CURVE('',#1846,#1493,#2174,.T.);
#2174 = SURFACE_CURVE('',#2175,(#2179,#2186),.PCURVE_S1.);
#2175 = LINE('',#2176,#2177);
#2176 = CARTESIAN_POINT('',(224.4561133754,63.628798042216,
    22.540737725976));
#2177 = VECTOR('',#2178,1.);
#2178 = DIRECTION('',(-0.400349032557,0.916362729562,0.));
#2179 = PCURVE('',#1513,#2180);
#2180 = DEFINITIONAL_REPRESENTATION('',(#2181),#2185);
#2181 = LINE('',#2182,#2183);
#2182 = CARTESIAN_POINT('',(2.356194490192,0.));
#2183 = VECTOR('',#2184,1.);
#2184 = DIRECTION('',(0.,-1.));
#2185 = ( GEOMETRIC_REPRESENTATION_CONTEXT(2) 
PARAMETRIC_REPRESENTATION_CONTEXT() REPRESENTATION_CONTEXT('2D SPACE',''
  ) );
#2186 = PCURVE('',#1594,#2187);
#2187 = DEFINITIONAL_REPRESENTATION('',(#2188),#2192);
#2188 = LINE('',#2189,#2190);
#2189 = CARTESIAN_POINT('',(-0.,0.));
#2190 = VECTOR('',#2191,1.);
#2191 = DIRECTION('',(-2.775557561563E-17,-1.));
#2192 = ( GEOMETRIC_REPRESENTATION_CONTEXT(2) 
PARAMETRIC_REPRESENTATION_CONTEXT() REPRESENTATION_CONTEXT('2D SPACE',''
  ) );
#2193 = ORIENTED_EDGE('',*,*,#1490,.F.);
#2194 = ORIENTED_EDGE('',*,*,#2195,.F.);
#2195 = EDGE_CURVE('',#1848,#1491,#2196,.T.);
#2196 = SURFACE_CURVE('',#2197,(#2201,#2208),.PCURVE_S1.);
#2197 = LINE('',#2198,#2199);
#2198 = CARTESIAN_POINT('',(236.44348992725,68.865954083821,
    22.540737725976));
#2199 = VECTOR('',#2200,1.);
#2200 = DIRECTION('',(-0.400349032557,0.916362729562,0.));
#2201 = PCURVE('',#1513,#2202);
#2202 = DEFINITIONAL_REPRESENTATION('',(#2203),#2207);
#2203 = LINE('',#2204,#2205);
#2204 = CARTESIAN_POINT('',(7.068583470577,0.));
#2205 = VECTOR('',#2206,1.);
#2206 = DIRECTION('',(0.,-1.));
#2207 = ( GEOMETRIC_REPRESENTATION_CONTEXT(2) 
PARAMETRIC_REPRESENTATION_CONTEXT() REPRESENTATION_CONTEXT('2D SPACE',''
  ) );
#2208 = PCURVE('',#1568,#2209);
#2209 = DEFINITIONAL_REPRESENTATION('',(#2210),#2214);
#2210 = LINE('',#2211,#2212);
#2211 = CARTESIAN_POINT('',(-9.25,-1.376676550535E-14));
#2212 = VECTOR('',#2213,1.);
#2213 = DIRECTION('',(-0.,-1.));
#2214 = ( GEOMETRIC_REPRESENTATION_CONTEXT(2) 
PARAMETRIC_REPRESENTATION_CONTEXT() REPRESENTATION_CONTEXT('2D SPACE',''
  ) );
#2215 = ADVANCED_FACE('',(#2216),#1594,.F.);
#2216 = FACE_BOUND('',#2217,.T.);
#2217 = EDGE_LOOP('',(#2218,#2219,#2220,#2221));
#2218 = ORIENTED_EDGE('',*,*,#1898,.F.);
#2219 = ORIENTED_EDGE('',*,*,#2173,.T.);
#2220 = ORIENTED_EDGE('',*,*,#1580,.T.);
#2221 = ORIENTED_EDGE('',*,*,#2222,.F.);
#2222 = EDGE_CURVE('',#1876,#1553,#2223,.T.);
#2223 = SURFACE_CURVE('',#2224,(#2228,#2235),.PCURVE_S1.);
#2224 = LINE('',#2225,#2226);
#2225 = CARTESIAN_POINT('',(230.44980165133,66.247376063019,
    29.081475451951));
#2226 = VECTOR('',#2227,1.);
#2227 = DIRECTION('',(-0.400349032557,0.916362729562,0.));
#2228 = PCURVE('',#1594,#2229);
#2229 = DEFINITIONAL_REPRESENTATION('',(#2230),#2234);
#2230 = LINE('',#2231,#2232);
#2231 = CARTESIAN_POINT('',(-9.25,1.554312234475E-14));
#2232 = VECTOR('',#2233,1.);
#2233 = DIRECTION('',(-2.775557561563E-17,-1.));
#2234 = ( GEOMETRIC_REPRESENTATION_CONTEXT(2) 
PARAMETRIC_REPRESENTATION_CONTEXT() REPRESENTATION_CONTEXT('2D SPACE',''
  ) );
#2235 = PCURVE('',#1568,#2236);
#2236 = DEFINITIONAL_REPRESENTATION('',(#2237),#2241);
#2237 = LINE('',#2238,#2239);
#2238 = CARTESIAN_POINT('',(-0.,0.));
#2239 = VECTOR('',#2240,1.);
#2240 = DIRECTION('',(-0.,-1.));
#2241 = ( GEOMETRIC_REPRESENTATION_CONTEXT(2) 
PARAMETRIC_REPRESENTATION_CONTEXT() REPRESENTATION_CONTEXT('2D SPACE',''
  ) );
#2242 = ADVANCED_FACE('',(#2243),#1568,.F.);
#2243 = FACE_BOUND('',#2244,.T.);
#2244 = EDGE_LOOP('',(#2245,#2246,#2247,#2248));
#2245 = ORIENTED_EDGE('',*,*,#1875,.F.);
#2246 = ORIENTED_EDGE('',*,*,#2222,.T.);
#2247 = ORIENTED_EDGE('',*,*,#1552,.T.);
#2248 = ORIENTED_EDGE('',*,*,#2195,.F.);
#2249 = ADVANCED_FACE('',(#2250),#1631,.F.);
#2250 = FACE_BOUND('',#2251,.F.);
#2251 = EDGE_LOOP('',(#2252,#2253,#2274,#2275));
#2252 = ORIENTED_EDGE('',*,*,#1927,.F.);
#2253 = ORIENTED_EDGE('',*,*,#2254,.T.);
#2254 = EDGE_CURVE('',#1928,#1611,#2255,.T.);
#2255 = SURFACE_CURVE('',#2256,(#2260,#2267),.PCURVE_S1.);
#2256 = LINE('',#2257,#2258);
#2257 = CARTESIAN_POINT('',(178.63797689729,43.611346414371,
    22.540737725976));
#2258 = VECTOR('',#2259,1.);
#2259 = DIRECTION('',(-0.400349032557,0.916362729562,0.));
#2260 = PCURVE('',#1631,#2261);
#2261 = DEFINITIONAL_REPRESENTATION('',(#2262),#2266);
#2262 = LINE('',#2263,#2264);
#2263 = CARTESIAN_POINT('',(2.356194490192,0.));
#2264 = VECTOR('',#2265,1.);
#2265 = DIRECTION('',(0.,-1.));
#2266 = ( GEOMETRIC_REPRESENTATION_CONTEXT(2) 
PARAMETRIC_REPRESENTATION_CONTEXT() REPRESENTATION_CONTEXT('2D SPACE',''
  ) );
#2267 = PCURVE('',#1712,#2268);
#2268 = DEFINITIONAL_REPRESENTATION('',(#2269),#2273);
#2269 = LINE('',#2270,#2271);
#2270 = CARTESIAN_POINT('',(-0.,0.));
#2271 = VECTOR('',#2272,1.);
#2272 = DIRECTION('',(-2.775557561563E-17,-1.));
#2273 = ( GEOMETRIC_REPRESENTATION_CONTEXT(2) 
PARAMETRIC_REPRESENTATION_CONTEXT() REPRESENTATION_CONTEXT('2D SPACE',''
  ) );
#2274 = ORIENTED_EDGE('',*,*,#1608,.F.);
#2275 = ORIENTED_EDGE('',*,*,#2276,.F.);
#2276 = EDGE_CURVE('',#1930,#1609,#2277,.T.);
#2277 = SURFACE_CURVE('',#2278,(#2282,#2289),.PCURVE_S1.);
#2278 = LINE('',#2279,#2280);
#2279 = CARTESIAN_POINT('',(190.62535344914,48.848502455977,
    22.540737725976));
#2280 = VECTOR('',#2281,1.);
#2281 = DIRECTION('',(-0.400349032557,0.916362729562,0.));
#2282 = PCURVE('',#1631,#2283);
#2283 = DEFINITIONAL_REPRESENTATION('',(#2284),#2288);
#2284 = LINE('',#2285,#2286);
#2285 = CARTESIAN_POINT('',(7.068583470577,0.));
#2286 = VECTOR('',#2287,1.);
#2287 = DIRECTION('',(0.,-1.));
#2288 = ( GEOMETRIC_REPRESENTATION_CONTEXT(2) 
PARAMETRIC_REPRESENTATION_CONTEXT() REPRESENTATION_CONTEXT('2D SPACE',''
  ) );
#2289 = PCURVE('',#1686,#2290);
#2290 = DEFINITIONAL_REPRESENTATION('',(#2291),#2295);
#2291 = LINE('',#2292,#2293);
#2292 = CARTESIAN_POINT('',(-9.25,-2.6645352591E-15));
#2293 = VECTOR('',#2294,1.);
#2294 = DIRECTION('',(-0.,-1.));
#2295 = ( GEOMETRIC_REPRESENTATION_CONTEXT(2) 
PARAMETRIC_REPRESENTATION_CONTEXT() REPRESENTATION_CONTEXT('2D SPACE',''
  ) );
#2296 = ADVANCED_FACE('',(#2297),#1686,.F.);
#2297 = FACE_BOUND('',#2298,.T.);
#2298 = EDGE_LOOP('',(#2299,#2300,#2321,#2322));
#2299 = ORIENTED_EDGE('',*,*,#1957,.F.);
#2300 = ORIENTED_EDGE('',*,*,#2301,.T.);
#2301 = EDGE_CURVE('',#1958,#1671,#2302,.T.);
#2302 = SURFACE_CURVE('',#2303,(#2307,#2314),.PCURVE_S1.);
#2303 = LINE('',#2304,#2305);
#2304 = CARTESIAN_POINT('',(184.63166517322,46.229924435174,
    29.081475451951));
#2305 = VECTOR('',#2306,1.);
#2306 = DIRECTION('',(-0.400349032557,0.916362729562,0.));
#2307 = PCURVE('',#1686,#2308);
#2308 = DEFINITIONAL_REPRESENTATION('',(#2309),#2313);
#2309 = LINE('',#2310,#2311);
#2310 = CARTESIAN_POINT('',(-0.,0.));
#2311 = VECTOR('',#2312,1.);
#2312 = DIRECTION('',(-0.,-1.));
#2313 = ( GEOMETRIC_REPRESENTATION_CONTEXT(2) 
PARAMETRIC_REPRESENTATION_CONTEXT() REPRESENTATION_CONTEXT('2D SPACE',''
  ) );
#2314 = PCURVE('',#1712,#2315);
#2315 = DEFINITIONAL_REPRESENTATION('',(#2316),#2320);
#2316 = LINE('',#2317,#2318);
#2317 = CARTESIAN_POINT('',(-9.25,-2.6645352591E-15));
#2318 = VECTOR('',#2319,1.);
#2319 = DIRECTION('',(-2.775557561563E-17,-1.));
#2320 = ( GEOMETRIC_REPRESENTATION_CONTEXT(2) 
PARAMETRIC_REPRESENTATION_CONTEXT() REPRESENTATION_CONTEXT('2D SPACE',''
  ) );
#2321 = ORIENTED_EDGE('',*,*,#1670,.T.);
#2322 = ORIENTED_EDGE('',*,*,#2276,.F.);
#2323 = ADVANCED_FACE('',(#2324),#1712,.F.);
#2324 = FACE_BOUND('',#2325,.T.);
#2325 = EDGE_LOOP('',(#2326,#2327,#2328,#2329));
#2326 = ORIENTED_EDGE('',*,*,#1980,.F.);
#2327 = ORIENTED_EDGE('',*,*,#2254,.T.);
#2328 = ORIENTED_EDGE('',*,*,#1698,.T.);
#2329 = ORIENTED_EDGE('',*,*,#2301,.F.);
#2330 = ADVANCED_FACE('',(#2331),#1766,.T.);
#2331 = FACE_BOUND('',#2332,.T.);
#2332 = EDGE_LOOP('',(#2333));
#2333 = ORIENTED_EDGE('',*,*,#1751,.F.);
#2334 = ADVANCED_FACE('',(#2335),#1825,.T.);
#2335 = FACE_BOUND('',#2336,.T.);
#2336 = EDGE_LOOP('',(#2337));
#2337 = ORIENTED_EDGE('',*,*,#1810,.F.);
#2338 = ( GEOMETRIC_REPRESENTATION_CONTEXT(3) 
GLOBAL_UNCERTAINTY_ASSIGNED_CONTEXT((#2342)) 
GLOBAL_UNIT_ASSIGNED_CONTEXT((#2339,#2340,#2341)) REPRESENTATION_CONTEXT
('Context #1','3D Context with UNIT and UNCERTAINTY') );
#2339 = ( LENGTH_UNIT() NAMED_UNIT(*) SI_UNIT(.MILLI.,.METRE.) );
#2340 = ( NAMED_UNIT(*) PLANE_ANGLE_UNIT() SI_UNIT($,.RADIAN.) );
#2341 = ( NAMED_UNIT(*) SI_UNIT($,.STERADIAN.) SOLID_ANGLE_UNIT() );
#2342 = UNCERTAINTY_MEASURE_WITH_UNIT(LENGTH_MEASURE(1.E-07),#2339,
  'distance_accuracy_value','confusion accuracy');
#2343 = PRODUCT_RELATED_PRODUCT_CATEGORY('part',$,(#7));
ENDSEC;
END-ISO-10303-21;
