ISO-10303-21;
HEADER;
FILE_DESCRIPTION(('Open CASCADE Model'),'2;1');
FILE_NAME('Open CASCADE Shape Model','2026-09-12T16:48:21',('Author'),(
    'Open CASCADE'),'Open CASCADE STEP processor 7.8','Open CASCADE 7.8'
  ,'Unknown');
FILE_SCHEMA(('AUTOMOTIVE_DESIGN { 1 0 10303 214 1 1 1 1 }'));
ENDSEC;
DATA;
#1 = APPLICATION_PROTOCOL_DEFINITION('international standard',
  'automotive_design',2000,#2);
#2 = APPLICATION_CONTEXT(
  'core data for automotive mechanical design processes');
#3 = SHAPE_DEFINITION_REPRESENTATION(#4,#10);
#4 = PRODUCT_DEFINITION_SHAPE('','',#5);
#5 = PRODUCT_DEFINITION('design','',#6,#9);
#6 = PRODUCT_DEFINITION_FORMATION('','',#7);
#7 = PRODUCT('right_body_and_helper','right_body_and_helper','',(#8));
#8 = PRODUCT_CONTEXT('',#2,'mechanical');
#9 = PRODUCT_DEFINITION_CONTEXT('part definition',#2,'design');
#10 = SHAPE_REPRESENTATION('',(#11,#15,#19),#23);
#11 = AXIS2_PLACEMENT_3D('',#12,#13,#14);
#12 = CARTESIAN_POINT('',(0.,0.,0.));
#13 = DIRECTION('',(0.,0.,1.));
#14 = DIRECTION('',(1.,0.,-0.));
#15 = AXIS2_PLACEMENT_3D('',#16,#17,#18);
#16 = CARTESIAN_POINT('',(0.,0.,0.));
#17 = DIRECTION('',(0.,0.,1.));
#18 = DIRECTION('',(1.,0.,-0.));
#19 = AXIS2_PLACEMENT_3D('',#20,#21,#22);
#20 = CARTESIAN_POINT('',(0.,0.,0.));
#21 = DIRECTION('',(0.,0.,1.));
#22 = DIRECTION('',(1.,0.,-0.));
#23 = ( GEOMETRIC_REPRESENTATION_CONTEXT(3) 
GLOBAL_UNCERTAINTY_ASSIGNED_CONTEXT((#27)) GLOBAL_UNIT_ASSIGNED_CONTEXT(
(#24,#25,#26)) REPRESENTATION_CONTEXT('Context #1',
  '3D Context with UNIT and UNCERTAINTY') );
#24 = ( LENGTH_UNIT() NAMED_UNIT(*) SI_UNIT(.MILLI.,.METRE.) );
#25 = ( NAMED_UNIT(*) PLANE_ANGLE_UNIT() SI_UNIT($,.RADIAN.) );
#26 = ( NAMED_UNIT(*) SI_UNIT($,.STERADIAN.) SOLID_ANGLE_UNIT() );
#27 = UNCERTAINTY_MEASURE_WITH_UNIT(LENGTH_MEASURE(1.E-07),#24,
  'distance_accuracy_value','confusion accuracy');
#28 = PRODUCT_RELATED_PRODUCT_CATEGORY('part',$,(#7));
#29 = SHAPE_DEFINITION_REPRESENTATION(#30,#36);
#30 = PRODUCT_DEFINITION_SHAPE('','',#31);
#31 = PRODUCT_DEFINITION('design','',#32,#35);
#32 = PRODUCT_DEFINITION_FORMATION('','',#33);
#33 = PRODUCT('body','body','',(#34));
#34 = PRODUCT_CONTEXT('',#2,'mechanical');
#35 = PRODUCT_DEFINITION_CONTEXT('part definition',#2,'design');
#36 = ADVANCED_BREP_SHAPE_REPRESENTATION('',(#11,#37),#2360);
#37 = MANIFOLD_SOLID_BREP('',#38);
#38 = CLOSED_SHELL('',(#39,#159,#552,#601,#701,#751,#800,#848,#925,#1001
    ,#1050,#1078,#1154,#1204,#1231,#1307,#1357,#1384,#1745,#1804,#1863,
    #1945,#2027,#2109,#2156,#2183,#2190,#2237,#2264,#2271,#2318,#2345,
    #2352,#2356));
#39 = ADVANCED_FACE('',(#40),#54,.F.);
#40 = FACE_BOUND('',#41,.T.);
#41 = EDGE_LOOP('',(#42,#77,#105,#133));
#42 = ORIENTED_EDGE('',*,*,#43,.F.);
#43 = EDGE_CURVE('',#44,#46,#48,.T.);
#44 = VERTEX_POINT('',#45);
#45 = CARTESIAN_POINT('',(108.11089996176,4.068656766226,64.));
#46 = VERTEX_POINT('',#47);
#47 = CARTESIAN_POINT('',(108.11089996176,4.068656766226,0.));
#48 = SURFACE_CURVE('',#49,(#53,#65),.PCURVE_S1.);
#49 = LINE('',#50,#51);
#50 = CARTESIAN_POINT('',(108.11089996176,4.068656766226,64.));
#51 = VECTOR('',#52,1.);
#52 = DIRECTION('',(1.122220683616E-16,4.902861612625E-17,-1.));
#53 = PCURVE('',#54,#59);
#54 = PLANE('',#55);
#55 = AXIS2_PLACEMENT_3D('',#56,#57,#58);
#56 = CARTESIAN_POINT('',(108.11089996176,4.068656766226,0.));
#57 = DIRECTION('',(0.916362729562,0.400349032557,1.224646799147E-16));
#58 = DIRECTION('',(0.400349032557,-0.916362729562,-0.));
#59 = DEFINITIONAL_REPRESENTATION('',(#60),#64);
#60 = LINE('',#61,#62);
#61 = CARTESIAN_POINT('',(-4.875408336023E-15,-64.));
#62 = VECTOR('',#63,1.);
#63 = DIRECTION('',(-0.,1.));
#64 = ( GEOMETRIC_REPRESENTATION_CONTEXT(2) 
PARAMETRIC_REPRESENTATION_CONTEXT() REPRESENTATION_CONTEXT('2D SPACE',''
  ) );
#65 = PCURVE('',#66,#71);
#66 = PLANE('',#67);
#67 = AXIS2_PLACEMENT_3D('',#68,#69,#70);
#68 = CARTESIAN_POINT('',(251.97984850303,66.923454877659,
    1.7763568394E-14));
#69 = DIRECTION('',(-0.400349032557,0.916362729562,0.));
#70 = DIRECTION('',(0.916362729562,0.400349032557,1.224646799147E-16));
#71 = DEFINITIONAL_REPRESENTATION('',(#72),#76);
#72 = LINE('',#73,#74);
#73 = CARTESIAN_POINT('',(-157.,-64.));
#74 = VECTOR('',#75,1.);
#75 = DIRECTION('',(-2.465190328816E-32,1.));
#76 = ( GEOMETRIC_REPRESENTATION_CONTEXT(2) 
PARAMETRIC_REPRESENTATION_CONTEXT() REPRESENTATION_CONTEXT('2D SPACE',''
  ) );
#77 = ORIENTED_EDGE('',*,*,#78,.T.);
#78 = EDGE_CURVE('',#44,#79,#81,.T.);
#79 = VERTEX_POINT('',#80);
#80 = CARTESIAN_POINT('',(4.020151496968,242.3229664524,64.));
#81 = SURFACE_CURVE('',#82,(#86,#93),.PCURVE_S1.);
#82 = LINE('',#83,#84);
#83 = CARTESIAN_POINT('',(108.11089996176,4.068656766226,64.));
#84 = VECTOR('',#85,1.);
#85 = DIRECTION('',(-0.400349032557,0.916362729562,0.));
#86 = PCURVE('',#54,#87);
#87 = DEFINITIONAL_REPRESENTATION('',(#88),#92);
#88 = LINE('',#89,#90);
#89 = CARTESIAN_POINT('',(-4.875408336023E-15,-64.));
#90 = VECTOR('',#91,1.);
#91 = DIRECTION('',(-1.,6.162975822039E-33));
#92 = ( GEOMETRIC_REPRESENTATION_CONTEXT(2) 
PARAMETRIC_REPRESENTATION_CONTEXT() REPRESENTATION_CONTEXT('2D SPACE',''
  ) );
#93 = PCURVE('',#94,#99);
#94 = PLANE('',#95);
#95 = AXIS2_PLACEMENT_3D('',#96,#97,#98);
#96 = CARTESIAN_POINT('',(108.11089996176,4.068656766226,64.));
#97 = DIRECTION('',(-1.122220683616E-16,-4.902861612625E-17,1.));
#98 = DIRECTION('',(0.400349032557,-0.916362729562,-0.));
#99 = DEFINITIONAL_REPRESENTATION('',(#100),#104);
#100 = LINE('',#101,#102);
#101 = CARTESIAN_POINT('',(-0.,0.));
#102 = VECTOR('',#103,1.);
#103 = DIRECTION('',(-1.,7.547468613683E-49));
#104 = ( GEOMETRIC_REPRESENTATION_CONTEXT(2) 
PARAMETRIC_REPRESENTATION_CONTEXT() REPRESENTATION_CONTEXT('2D SPACE',''
  ) );
#105 = ORIENTED_EDGE('',*,*,#106,.F.);
#106 = EDGE_CURVE('',#107,#79,#109,.T.);
#107 = VERTEX_POINT('',#108);
#108 = CARTESIAN_POINT('',(4.020151496968,242.3229664524,0.));
#109 = SURFACE_CURVE('',#110,(#114,#121),.PCURVE_S1.);
#110 = LINE('',#111,#112);
#111 = CARTESIAN_POINT('',(4.020151496968,242.3229664524,0.));
#112 = VECTOR('',#113,1.);
#113 = DIRECTION('',(-1.122220683616E-16,-4.902861612625E-17,1.));
#114 = PCURVE('',#54,#115);
#115 = DEFINITIONAL_REPRESENTATION('',(#116),#120);
#116 = LINE('',#117,#118);
#117 = CARTESIAN_POINT('',(-260.,-1.6260596357E-31));
#118 = VECTOR('',#119,1.);
#119 = DIRECTION('',(-0.,-1.));
#120 = ( GEOMETRIC_REPRESENTATION_CONTEXT(2) 
PARAMETRIC_REPRESENTATION_CONTEXT() REPRESENTATION_CONTEXT('2D SPACE',''
  ) );
#121 = PCURVE('',#122,#127);
#122 = PLANE('',#123);
#123 = AXIS2_PLACEMENT_3D('',#124,#125,#126);
#124 = CARTESIAN_POINT('',(4.020151496968,242.3229664524,0.));
#125 = DIRECTION('',(0.400349032557,-0.916362729562,0.));
#126 = DIRECTION('',(-0.916362729562,-0.400349032557,-1.224646799147E-16
    ));
#127 = DEFINITIONAL_REPRESENTATION('',(#128),#132);
#128 = LINE('',#129,#130);
#129 = CARTESIAN_POINT('',(-0.,0.));
#130 = VECTOR('',#131,1.);
#131 = DIRECTION('',(-2.465190328816E-32,-1.));
#132 = ( GEOMETRIC_REPRESENTATION_CONTEXT(2) 
PARAMETRIC_REPRESENTATION_CONTEXT() REPRESENTATION_CONTEXT('2D SPACE',''
  ) );
#133 = ORIENTED_EDGE('',*,*,#134,.F.);
#134 = EDGE_CURVE('',#46,#107,#135,.T.);
#135 = SURFACE_CURVE('',#136,(#140,#147),.PCURVE_S1.);
#136 = LINE('',#137,#138);
#137 = CARTESIAN_POINT('',(108.11089996176,4.068656766226,0.));
#138 = VECTOR('',#139,1.);
#139 = DIRECTION('',(-0.400349032557,0.916362729562,0.));
#140 = PCURVE('',#54,#141);
#141 = DEFINITIONAL_REPRESENTATION('',(#142),#146);
#142 = LINE('',#143,#144);
#143 = CARTESIAN_POINT('',(-0.,0.));
#144 = VECTOR('',#145,1.);
#145 = DIRECTION('',(-1.,6.162975822039E-33));
#146 = ( GEOMETRIC_REPRESENTATION_CONTEXT(2) 
PARAMETRIC_REPRESENTATION_CONTEXT() REPRESENTATION_CONTEXT('2D SPACE',''
  ) );
#147 = PCURVE('',#148,#153);
#148 = PLANE('',#149);
#149 = AXIS2_PLACEMENT_3D('',#150,#151,#152);
#150 = CARTESIAN_POINT('',(115.24697846022,123.65805582759,
    3.552713678801E-15));
#151 = DIRECTION('',(-1.122220683616E-16,-4.902861612625E-17,1.));
#152 = DIRECTION('',(0.400349032557,-0.916362729562,-0.));
#153 = DEFINITIONAL_REPRESENTATION('',(#154),#158);
#154 = LINE('',#155,#156);
#155 = CARTESIAN_POINT('',(106.73034602746,-54.4167365895));
#156 = VECTOR('',#157,1.);
#157 = DIRECTION('',(-1.,7.547468613683E-49));
#158 = ( GEOMETRIC_REPRESENTATION_CONTEXT(2) 
PARAMETRIC_REPRESENTATION_CONTEXT() REPRESENTATION_CONTEXT('2D SPACE',''
  ) );
#159 = ADVANCED_FACE('',(#160,#291,#378,#465),#66,.F.);
#160 = FACE_BOUND('',#161,.T.);
#161 = EDGE_LOOP('',(#162,#192,#220,#248,#269,#270));
#162 = ORIENTED_EDGE('',*,*,#163,.T.);
#163 = EDGE_CURVE('',#164,#166,#168,.T.);
#164 = VERTEX_POINT('',#165);
#165 = CARTESIAN_POINT('',(251.97984850303,66.923454877659,
    1.7763568394E-14));
#166 = VERTEX_POINT('',#167);
#167 = CARTESIAN_POINT('',(251.97984850303,66.923454877659,32.));
#168 = SURFACE_CURVE('',#169,(#173,#180),.PCURVE_S1.);
#169 = LINE('',#170,#171);
#170 = CARTESIAN_POINT('',(251.97984850303,66.923454877659,
    1.7763568394E-14));
#171 = VECTOR('',#172,1.);
#172 = DIRECTION('',(-1.122220683616E-16,-4.902861612625E-17,1.));
#173 = PCURVE('',#66,#174);
#174 = DEFINITIONAL_REPRESENTATION('',(#175),#179);
#175 = LINE('',#176,#177);
#176 = CARTESIAN_POINT('',(0.,-0.));
#177 = VECTOR('',#178,1.);
#178 = DIRECTION('',(2.465190328816E-32,-1.));
#179 = ( GEOMETRIC_REPRESENTATION_CONTEXT(2) 
PARAMETRIC_REPRESENTATION_CONTEXT() REPRESENTATION_CONTEXT('2D SPACE',''
  ) );
#180 = PCURVE('',#181,#186);
#181 = PLANE('',#182);
#182 = AXIS2_PLACEMENT_3D('',#183,#184,#185);
#183 = CARTESIAN_POINT('',(247.17566011234,77.919807632405,
    1.7763568394E-14));
#184 = DIRECTION('',(-0.916362729562,-0.400349032557,-1.224646799147E-16
    ));
#185 = DIRECTION('',(-0.400349032557,0.916362729562,-0.));
#186 = DEFINITIONAL_REPRESENTATION('',(#187),#191);
#187 = LINE('',#188,#189);
#188 = CARTESIAN_POINT('',(-12.,-4.831773044479E-30));
#189 = VECTOR('',#190,1.);
#190 = DIRECTION('',(-0.,-1.));
#191 = ( GEOMETRIC_REPRESENTATION_CONTEXT(2) 
PARAMETRIC_REPRESENTATION_CONTEXT() REPRESENTATION_CONTEXT('2D SPACE',''
  ) );
#192 = ORIENTED_EDGE('',*,*,#193,.T.);
#193 = EDGE_CURVE('',#166,#194,#196,.T.);
#194 = VERTEX_POINT('',#195);
#195 = CARTESIAN_POINT('',(119.1072527165,8.872845156909,32.));
#196 = SURFACE_CURVE('',#197,(#201,#208),.PCURVE_S1.);
#197 = LINE('',#198,#199);
#198 = CARTESIAN_POINT('',(251.97984850303,66.923454877659,32.));
#199 = VECTOR('',#200,1.);
#200 = DIRECTION('',(-0.916362729562,-0.400349032557,-1.224646799147E-16
    ));
#201 = PCURVE('',#66,#202);
#202 = DEFINITIONAL_REPRESENTATION('',(#203),#207);
#203 = LINE('',#204,#205);
#204 = CARTESIAN_POINT('',(3.918869757272E-15,-32.));
#205 = VECTOR('',#206,1.);
#206 = DIRECTION('',(-1.,2.465190328816E-32));
#207 = ( GEOMETRIC_REPRESENTATION_CONTEXT(2) 
PARAMETRIC_REPRESENTATION_CONTEXT() REPRESENTATION_CONTEXT('2D SPACE',''
  ) );
#208 = PCURVE('',#209,#214);
#209 = PLANE('',#210);
#210 = AXIS2_PLACEMENT_3D('',#211,#212,#213);
#211 = CARTESIAN_POINT('',(115.24697846022,123.65805582759,32.));
#212 = DIRECTION('',(-1.122220683616E-16,-4.902861612625E-17,1.));
#213 = DIRECTION('',(0.400349032557,-0.916362729562,-0.));
#214 = DEFINITIONAL_REPRESENTATION('',(#215),#219);
#215 = LINE('',#216,#217);
#216 = CARTESIAN_POINT('',(106.73034602746,102.58326341049));
#217 = VECTOR('',#218,1.);
#218 = DIRECTION('',(-0.,-1.));
#219 = ( GEOMETRIC_REPRESENTATION_CONTEXT(2) 
PARAMETRIC_REPRESENTATION_CONTEXT() REPRESENTATION_CONTEXT('2D SPACE',''
  ) );
#220 = ORIENTED_EDGE('',*,*,#221,.T.);
#221 = EDGE_CURVE('',#194,#222,#224,.T.);
#222 = VERTEX_POINT('',#223);
#223 = CARTESIAN_POINT('',(119.1072527165,8.872845156909,64.));
#224 = SURFACE_CURVE('',#225,(#229,#236),.PCURVE_S1.);
#225 = LINE('',#226,#227);
#226 = CARTESIAN_POINT('',(119.1072527165,8.872845156909,32.));
#227 = VECTOR('',#228,1.);
#228 = DIRECTION('',(-1.122220683616E-16,-4.902861612625E-17,1.));
#229 = PCURVE('',#66,#230);
#230 = DEFINITIONAL_REPRESENTATION('',(#231),#235);
#231 = LINE('',#232,#233);
#232 = CARTESIAN_POINT('',(-145.,-32.));
#233 = VECTOR('',#234,1.);
#234 = DIRECTION('',(2.465190328816E-32,-1.));
#235 = ( GEOMETRIC_REPRESENTATION_CONTEXT(2) 
PARAMETRIC_REPRESENTATION_CONTEXT() REPRESENTATION_CONTEXT('2D SPACE',''
  ) );
#236 = PCURVE('',#237,#242);
#237 = PLANE('',#238);
#238 = AXIS2_PLACEMENT_3D('',#239,#240,#241);
#239 = CARTESIAN_POINT('',(119.1072527165,8.872845156909,32.));
#240 = DIRECTION('',(0.916362729562,0.400349032557,1.224646799147E-16));
#241 = DIRECTION('',(1.122220683616E-16,4.902861612625E-17,-1.));
#242 = DEFINITIONAL_REPRESENTATION('',(#243),#247);
#243 = LINE('',#244,#245);
#244 = CARTESIAN_POINT('',(-0.,0.));
#245 = VECTOR('',#246,1.);
#246 = DIRECTION('',(-1.,0.));
#247 = ( GEOMETRIC_REPRESENTATION_CONTEXT(2) 
PARAMETRIC_REPRESENTATION_CONTEXT() REPRESENTATION_CONTEXT('2D SPACE',''
  ) );
#248 = ORIENTED_EDGE('',*,*,#249,.F.);
#249 = EDGE_CURVE('',#44,#222,#250,.T.);
#250 = SURFACE_CURVE('',#251,(#255,#262),.PCURVE_S1.);
#251 = LINE('',#252,#253);
#252 = CARTESIAN_POINT('',(108.11089996176,4.068656766226,64.));
#253 = VECTOR('',#254,1.);
#254 = DIRECTION('',(0.916362729562,0.400349032557,1.224646799147E-16));
#255 = PCURVE('',#66,#256);
#256 = DEFINITIONAL_REPRESENTATION('',(#257),#261);
#257 = LINE('',#258,#259);
#258 = CARTESIAN_POINT('',(-157.,-64.));
#259 = VECTOR('',#260,1.);
#260 = DIRECTION('',(1.,-2.465190328816E-32));
#261 = ( GEOMETRIC_REPRESENTATION_CONTEXT(2) 
PARAMETRIC_REPRESENTATION_CONTEXT() REPRESENTATION_CONTEXT('2D SPACE',''
  ) );
#262 = PCURVE('',#94,#263);
#263 = DEFINITIONAL_REPRESENTATION('',(#264),#268);
#264 = LINE('',#265,#266);
#265 = CARTESIAN_POINT('',(-0.,0.));
#266 = VECTOR('',#267,1.);
#267 = DIRECTION('',(-0.,1.));
#268 = ( GEOMETRIC_REPRESENTATION_CONTEXT(2) 
PARAMETRIC_REPRESENTATION_CONTEXT() REPRESENTATION_CONTEXT('2D SPACE',''
  ) );
#269 = ORIENTED_EDGE('',*,*,#43,.T.);
#270 = ORIENTED_EDGE('',*,*,#271,.F.);
#271 = EDGE_CURVE('',#164,#46,#272,.T.);
#272 = SURFACE_CURVE('',#273,(#277,#284),.PCURVE_S1.);
#273 = LINE('',#274,#275);
#274 = CARTESIAN_POINT('',(251.97984850303,66.923454877659,
    1.7763568394E-14));
#275 = VECTOR('',#276,1.);
#276 = DIRECTION('',(-0.916362729562,-0.400349032557,-1.224646799147E-16
    ));
#277 = PCURVE('',#66,#278);
#278 = DEFINITIONAL_REPRESENTATION('',(#279),#283);
#279 = LINE('',#280,#281);
#280 = CARTESIAN_POINT('',(0.,-0.));
#281 = VECTOR('',#282,1.);
#282 = DIRECTION('',(-1.,2.465190328816E-32));
#283 = ( GEOMETRIC_REPRESENTATION_CONTEXT(2) 
PARAMETRIC_REPRESENTATION_CONTEXT() REPRESENTATION_CONTEXT('2D SPACE',''
  ) );
#284 = PCURVE('',#148,#285);
#285 = DEFINITIONAL_REPRESENTATION('',(#286),#290);
#286 = LINE('',#287,#288);
#287 = CARTESIAN_POINT('',(106.73034602746,102.58326341049));
#288 = VECTOR('',#289,1.);
#289 = DIRECTION('',(-0.,-1.));
#290 = ( GEOMETRIC_REPRESENTATION_CONTEXT(2) 
PARAMETRIC_REPRESENTATION_CONTEXT() REPRESENTATION_CONTEXT('2D SPACE',''
  ) );
#291 = FACE_BOUND('',#292,.T.);
#292 = EDGE_LOOP('',(#293,#323,#352));
#293 = ORIENTED_EDGE('',*,*,#294,.F.);
#294 = EDGE_CURVE('',#295,#297,#299,.T.);
#295 = VERTEX_POINT('',#296);
#296 = CARTESIAN_POINT('',(235.75848438711,59.836515152749,
    18.298097038856));
#297 = VERTEX_POINT('',#298);
#298 = CARTESIAN_POINT('',(233.65259391178,58.916474226521,
    20.596194077713));
#299 = SURFACE_CURVE('',#300,(#304,#311),.PCURVE_S1.);
#300 = LINE('',#301,#302);
#301 = CARTESIAN_POINT('',(242.95280371551,62.979635982647,
    10.447145558284));
#302 = VECTOR('',#303,1.);
#303 = DIRECTION('',(-0.6479663001,-0.283089515762,0.707106781187));
#304 = PCURVE('',#66,#305);
#305 = DEFINITIONAL_REPRESENTATION('',(#306),#310);
#306 = LINE('',#307,#308);
#307 = CARTESIAN_POINT('',(-9.850951480572,-10.44714555828));
#308 = VECTOR('',#309,1.);
#309 = DIRECTION('',(-0.707106781187,-0.707106781187));
#310 = ( GEOMETRIC_REPRESENTATION_CONTEXT(2) 
PARAMETRIC_REPRESENTATION_CONTEXT() REPRESENTATION_CONTEXT('2D SPACE',''
  ) );
#311 = PCURVE('',#312,#317);
#312 = PLANE('',#313);
#313 = AXIS2_PLACEMENT_3D('',#314,#315,#316);
#314 = CARTESIAN_POINT('',(234.05294294434,58.000111496958,
    20.596194077713));
#315 = DIRECTION('',(0.6479663001,0.283089515762,0.707106781187));
#316 = DIRECTION('',(-0.6479663001,-0.283089515762,0.707106781187));
#317 = DEFINITIONAL_REPRESENTATION('',(#318),#322);
#318 = LINE('',#319,#320);
#319 = CARTESIAN_POINT('',(-14.35292206135,-1.));
#320 = VECTOR('',#321,1.);
#321 = DIRECTION('',(1.,5.551115123126E-17));
#322 = ( GEOMETRIC_REPRESENTATION_CONTEXT(2) 
PARAMETRIC_REPRESENTATION_CONTEXT() REPRESENTATION_CONTEXT('2D SPACE',''
  ) );
#323 = ORIENTED_EDGE('',*,*,#324,.T.);
#324 = EDGE_CURVE('',#295,#325,#327,.T.);
#325 = VERTEX_POINT('',#326);
#326 = CARTESIAN_POINT('',(231.54670343646,57.996433300293,
    18.298097038856));
#327 = SURFACE_CURVE('',#328,(#333,#340),.PCURVE_S1.);
#328 = CIRCLE('',#329,3.25);
#329 = AXIS2_PLACEMENT_3D('',#330,#331,#332);
#330 = CARTESIAN_POINT('',(233.65259391178,58.916474226521,16.));
#331 = DIRECTION('',(-0.400349032557,0.916362729562,6.162975822039E-33)
  );
#332 = DIRECTION('',(0.916362729562,0.400349032557,1.224646799147E-16));
#333 = PCURVE('',#66,#334);
#334 = DEFINITIONAL_REPRESENTATION('',(#335),#339);
#335 = CIRCLE('',#336,3.25);
#336 = AXIS2_PLACEMENT_2D('',#337,#338);
#337 = CARTESIAN_POINT('',(-20.,-16.));
#338 = DIRECTION('',(1.,-2.465190328816E-32));
#339 = ( GEOMETRIC_REPRESENTATION_CONTEXT(2) 
PARAMETRIC_REPRESENTATION_CONTEXT() REPRESENTATION_CONTEXT('2D SPACE',''
  ) );
#340 = PCURVE('',#341,#346);
#341 = CYLINDRICAL_SURFACE('',#342,3.25);
#342 = AXIS2_PLACEMENT_3D('',#343,#344,#345);
#343 = CARTESIAN_POINT('',(234.05294294434,58.000111496958,16.));
#344 = DIRECTION('',(0.400349032557,-0.916362729562,0.));
#345 = DIRECTION('',(0.916362729562,0.400349032557,1.224646799147E-16));
#346 = DEFINITIONAL_REPRESENTATION('',(#347),#351);
#347 = LINE('',#348,#349);
#348 = CARTESIAN_POINT('',(12.566370614359,-1.));
#349 = VECTOR('',#350,1.);
#350 = DIRECTION('',(-1.,0.));
#351 = ( GEOMETRIC_REPRESENTATION_CONTEXT(2) 
PARAMETRIC_REPRESENTATION_CONTEXT() REPRESENTATION_CONTEXT('2D SPACE',''
  ) );
#352 = ORIENTED_EDGE('',*,*,#353,.F.);
#353 = EDGE_CURVE('',#297,#325,#354,.T.);
#354 = SURFACE_CURVE('',#355,(#359,#366),.PCURVE_S1.);
#355 = LINE('',#356,#357);
#356 = CARTESIAN_POINT('',(232.46306616602,58.39678233285,
    19.298097038856));
#357 = VECTOR('',#358,1.);
#358 = DIRECTION('',(-0.6479663001,-0.283089515762,-0.707106781187));
#359 = PCURVE('',#66,#360);
#360 = DEFINITIONAL_REPRESENTATION('',(#361),#365);
#361 = LINE('',#362,#363);
#362 = CARTESIAN_POINT('',(-21.29809703885,-19.29809703885));
#363 = VECTOR('',#364,1.);
#364 = DIRECTION('',(-0.707106781187,0.707106781187));
#365 = ( GEOMETRIC_REPRESENTATION_CONTEXT(2) 
PARAMETRIC_REPRESENTATION_CONTEXT() REPRESENTATION_CONTEXT('2D SPACE',''
  ) );
#366 = PCURVE('',#367,#372);
#367 = PLANE('',#368);
#368 = AXIS2_PLACEMENT_3D('',#369,#370,#371);
#369 = CARTESIAN_POINT('',(231.94705246901,57.08007057073,
    18.298097038856));
#370 = DIRECTION('',(-0.6479663001,-0.283089515762,0.707106781187));
#371 = DIRECTION('',(-0.6479663001,-0.283089515762,-0.707106781187));
#372 = DEFINITIONAL_REPRESENTATION('',(#373),#377);
#373 = LINE('',#374,#375);
#374 = CARTESIAN_POINT('',(-1.414213562373,-1.));
#375 = VECTOR('',#376,1.);
#376 = DIRECTION('',(1.,-5.551115123126E-17));
#377 = ( GEOMETRIC_REPRESENTATION_CONTEXT(2) 
PARAMETRIC_REPRESENTATION_CONTEXT() REPRESENTATION_CONTEXT('2D SPACE',''
  ) );
#378 = FACE_BOUND('',#379,.T.);
#379 = EDGE_LOOP('',(#380,#410,#439));
#380 = ORIENTED_EDGE('',*,*,#381,.F.);
#381 = EDGE_CURVE('',#382,#384,#386,.T.);
#382 = VERTEX_POINT('',#383);
#383 = CARTESIAN_POINT('',(189.940347909,39.819063524904,18.298097038856
    ));
#384 = VERTEX_POINT('',#385);
#385 = CARTESIAN_POINT('',(187.83445743367,38.899022598676,
    20.596194077713));
#386 = SURFACE_CURVE('',#387,(#391,#398),.PCURVE_S1.);
#387 = LINE('',#388,#389);
#388 = CARTESIAN_POINT('',(208.58920135692,47.966547261763,
    -2.052854441716));
#389 = VECTOR('',#390,1.);
#390 = DIRECTION('',(-0.6479663001,-0.283089515762,0.707106781187));
#391 = PCURVE('',#66,#392);
#392 = DEFINITIONAL_REPRESENTATION('',(#393),#397);
#393 = LINE('',#394,#395);
#394 = CARTESIAN_POINT('',(-47.35095148057,2.052854441716));
#395 = VECTOR('',#396,1.);
#396 = DIRECTION('',(-0.707106781187,-0.707106781187));
#397 = ( GEOMETRIC_REPRESENTATION_CONTEXT(2) 
PARAMETRIC_REPRESENTATION_CONTEXT() REPRESENTATION_CONTEXT('2D SPACE',''
  ) );
#398 = PCURVE('',#399,#404);
#399 = PLANE('',#400);
#400 = AXIS2_PLACEMENT_3D('',#401,#402,#403);
#401 = CARTESIAN_POINT('',(188.23480646623,37.982659869114,
    20.596194077713));
#402 = DIRECTION('',(0.6479663001,0.283089515762,0.707106781187));
#403 = DIRECTION('',(-0.6479663001,-0.283089515762,0.707106781187));
#404 = DEFINITIONAL_REPRESENTATION('',(#405),#409);
#405 = LINE('',#406,#407);
#406 = CARTESIAN_POINT('',(-32.03059159102,-1.));
#407 = VECTOR('',#408,1.);
#408 = DIRECTION('',(1.,5.551115123126E-17));
#409 = ( GEOMETRIC_REPRESENTATION_CONTEXT(2) 
PARAMETRIC_REPRESENTATION_CONTEXT() REPRESENTATION_CONTEXT('2D SPACE',''
  ) );
#410 = ORIENTED_EDGE('',*,*,#411,.T.);
#411 = EDGE_CURVE('',#382,#412,#414,.T.);
#412 = VERTEX_POINT('',#413);
#413 = CARTESIAN_POINT('',(185.72856695835,37.978981672448,
    18.298097038856));
#414 = SURFACE_CURVE('',#415,(#420,#427),.PCURVE_S1.);
#415 = CIRCLE('',#416,3.25);
#416 = AXIS2_PLACEMENT_3D('',#417,#418,#419);
#417 = CARTESIAN_POINT('',(187.83445743367,38.899022598676,16.));
#418 = DIRECTION('',(-0.400349032557,0.916362729562,6.162975822039E-33)
  );
#419 = DIRECTION('',(0.916362729562,0.400349032557,1.224646799147E-16));
#420 = PCURVE('',#66,#421);
#421 = DEFINITIONAL_REPRESENTATION('',(#422),#426);
#422 = CIRCLE('',#423,3.25);
#423 = AXIS2_PLACEMENT_2D('',#424,#425);
#424 = CARTESIAN_POINT('',(-70.,-16.));
#425 = DIRECTION('',(1.,-2.465190328816E-32));
#426 = ( GEOMETRIC_REPRESENTATION_CONTEXT(2) 
PARAMETRIC_REPRESENTATION_CONTEXT() REPRESENTATION_CONTEXT('2D SPACE',''
  ) );
#427 = PCURVE('',#428,#433);
#428 = CYLINDRICAL_SURFACE('',#429,3.25);
#429 = AXIS2_PLACEMENT_3D('',#430,#431,#432);
#430 = CARTESIAN_POINT('',(188.23480646623,37.982659869114,16.));
#431 = DIRECTION('',(0.400349032557,-0.916362729562,0.));
#432 = DIRECTION('',(0.916362729562,0.400349032557,1.224646799147E-16));
#433 = DEFINITIONAL_REPRESENTATION('',(#434),#438);
#434 = LINE('',#435,#436);
#435 = CARTESIAN_POINT('',(12.566370614359,-1.));
#436 = VECTOR('',#437,1.);
#437 = DIRECTION('',(-1.,0.));
#438 = ( GEOMETRIC_REPRESENTATION_CONTEXT(2) 
PARAMETRIC_REPRESENTATION_CONTEXT() REPRESENTATION_CONTEXT('2D SPACE',''
  ) );
#439 = ORIENTED_EDGE('',*,*,#440,.F.);
#440 = EDGE_CURVE('',#384,#412,#441,.T.);
#441 = SURFACE_CURVE('',#442,(#446,#453),.PCURVE_S1.);
#442 = LINE('',#443,#444);
#443 = CARTESIAN_POINT('',(198.09946380744,43.383693611966,
    31.798097038856));
#444 = VECTOR('',#445,1.);
#445 = DIRECTION('',(-0.6479663001,-0.283089515762,-0.707106781187));
#446 = PCURVE('',#66,#447);
#447 = DEFINITIONAL_REPRESENTATION('',(#448),#452);
#448 = LINE('',#449,#450);
#449 = CARTESIAN_POINT('',(-58.79809703885,-31.79809703885));
#450 = VECTOR('',#451,1.);
#451 = DIRECTION('',(-0.707106781187,0.707106781187));
#452 = ( GEOMETRIC_REPRESENTATION_CONTEXT(2) 
PARAMETRIC_REPRESENTATION_CONTEXT() REPRESENTATION_CONTEXT('2D SPACE',''
  ) );
#453 = PCURVE('',#454,#459);
#454 = PLANE('',#455);
#455 = AXIS2_PLACEMENT_3D('',#456,#457,#458);
#456 = CARTESIAN_POINT('',(186.1289159909,37.062618942886,
    18.298097038856));
#457 = DIRECTION('',(-0.6479663001,-0.283089515762,0.707106781187));
#458 = DIRECTION('',(-0.6479663001,-0.283089515762,-0.707106781187));
#459 = DEFINITIONAL_REPRESENTATION('',(#460),#464);
#460 = LINE('',#461,#462);
#461 = CARTESIAN_POINT('',(-19.09188309203,-1.));
#462 = VECTOR('',#463,1.);
#463 = DIRECTION('',(1.,-5.551115123126E-17));
#464 = ( GEOMETRIC_REPRESENTATION_CONTEXT(2) 
PARAMETRIC_REPRESENTATION_CONTEXT() REPRESENTATION_CONTEXT('2D SPACE',''
  ) );
#465 = FACE_BOUND('',#466,.T.);
#466 = EDGE_LOOP('',(#467,#497,#526));
#467 = ORIENTED_EDGE('',*,*,#468,.F.);
#468 = EDGE_CURVE('',#469,#471,#473,.T.);
#469 = VERTEX_POINT('',#470);
#470 = CARTESIAN_POINT('',(143.20584870132,19.401262864502,
    18.298097038856));
#471 = VERTEX_POINT('',#472);
#472 = CARTESIAN_POINT('',(141.099958226,18.481221938274,20.596194077713
    ));
#473 = SURFACE_CURVE('',#474,(#478,#485),.PCURVE_S1.);
#474 = LINE('',#475,#476);
#475 = CARTESIAN_POINT('',(173.53832695117,32.653196766462,
    -14.80285444171));
#476 = VECTOR('',#477,1.);
#477 = DIRECTION('',(-0.6479663001,-0.283089515762,0.707106781187));
#478 = PCURVE('',#66,#479);
#479 = DEFINITIONAL_REPRESENTATION('',(#480),#484);
#480 = LINE('',#481,#482);
#481 = CARTESIAN_POINT('',(-85.60095148057,14.802854441716));
#482 = VECTOR('',#483,1.);
#483 = DIRECTION('',(-0.707106781187,-0.707106781187));
#484 = ( GEOMETRIC_REPRESENTATION_CONTEXT(2) 
PARAMETRIC_REPRESENTATION_CONTEXT() REPRESENTATION_CONTEXT('2D SPACE',''
  ) );
#485 = PCURVE('',#486,#491);
#486 = PLANE('',#487);
#487 = AXIS2_PLACEMENT_3D('',#488,#489,#490);
#488 = CARTESIAN_POINT('',(141.50030725855,17.564859208712,
    20.596194077713));
#489 = DIRECTION('',(0.6479663001,0.283089515762,0.707106781187));
#490 = DIRECTION('',(-0.6479663001,-0.283089515762,0.707106781187));
#491 = DEFINITIONAL_REPRESENTATION('',(#492),#496);
#492 = LINE('',#493,#494);
#493 = CARTESIAN_POINT('',(-50.06181451127,-1.));
#494 = VECTOR('',#495,1.);
#495 = DIRECTION('',(1.,-0.));
#496 = ( GEOMETRIC_REPRESENTATION_CONTEXT(2) 
PARAMETRIC_REPRESENTATION_CONTEXT() REPRESENTATION_CONTEXT('2D SPACE',''
  ) );
#497 = ORIENTED_EDGE('',*,*,#498,.T.);
#498 = EDGE_CURVE('',#469,#499,#501,.T.);
#499 = VERTEX_POINT('',#500);
#500 = CARTESIAN_POINT('',(138.99406775067,17.561181012046,
    18.298097038856));
#501 = SURFACE_CURVE('',#502,(#507,#514),.PCURVE_S1.);
#502 = CIRCLE('',#503,3.25);
#503 = AXIS2_PLACEMENT_3D('',#504,#505,#506);
#504 = CARTESIAN_POINT('',(141.099958226,18.481221938274,16.));
#505 = DIRECTION('',(-0.400349032557,0.916362729562,6.162975822039E-33)
  );
#506 = DIRECTION('',(0.916362729562,0.400349032557,1.224646799147E-16));
#507 = PCURVE('',#66,#508);
#508 = DEFINITIONAL_REPRESENTATION('',(#509),#513);
#509 = CIRCLE('',#510,3.25);
#510 = AXIS2_PLACEMENT_2D('',#511,#512);
#511 = CARTESIAN_POINT('',(-121.,-16.));
#512 = DIRECTION('',(1.,-2.465190328816E-32));
#513 = ( GEOMETRIC_REPRESENTATION_CONTEXT(2) 
PARAMETRIC_REPRESENTATION_CONTEXT() REPRESENTATION_CONTEXT('2D SPACE',''
  ) );
#514 = PCURVE('',#515,#520);
#515 = CYLINDRICAL_SURFACE('',#516,3.25);
#516 = AXIS2_PLACEMENT_3D('',#517,#518,#519);
#517 = CARTESIAN_POINT('',(141.50030725855,17.564859208712,16.));
#518 = DIRECTION('',(0.400349032557,-0.916362729562,0.));
#519 = DIRECTION('',(0.916362729562,0.400349032557,1.224646799147E-16));
#520 = DEFINITIONAL_REPRESENTATION('',(#521),#525);
#521 = LINE('',#522,#523);
#522 = CARTESIAN_POINT('',(12.566370614359,-1.));
#523 = VECTOR('',#524,1.);
#524 = DIRECTION('',(-1.,0.));
#525 = ( GEOMETRIC_REPRESENTATION_CONTEXT(2) 
PARAMETRIC_REPRESENTATION_CONTEXT() REPRESENTATION_CONTEXT('2D SPACE',''
  ) );
#526 = ORIENTED_EDGE('',*,*,#527,.F.);
#527 = EDGE_CURVE('',#471,#499,#528,.T.);
#528 = SURFACE_CURVE('',#529,(#533,#540),.PCURVE_S1.);
#529 = LINE('',#530,#531);
#530 = CARTESIAN_POINT('',(163.04858940168,28.070343116665,
    44.548097038856));
#531 = VECTOR('',#532,1.);
#532 = DIRECTION('',(-0.6479663001,-0.283089515762,-0.707106781187));
#533 = PCURVE('',#66,#534);
#534 = DEFINITIONAL_REPRESENTATION('',(#535),#539);
#535 = LINE('',#536,#537);
#536 = CARTESIAN_POINT('',(-97.04809703885,-44.54809703885));
#537 = VECTOR('',#538,1.);
#538 = DIRECTION('',(-0.707106781187,0.707106781187));
#539 = ( GEOMETRIC_REPRESENTATION_CONTEXT(2) 
PARAMETRIC_REPRESENTATION_CONTEXT() REPRESENTATION_CONTEXT('2D SPACE',''
  ) );
#540 = PCURVE('',#541,#546);
#541 = PLANE('',#542);
#542 = AXIS2_PLACEMENT_3D('',#543,#544,#545);
#543 = CARTESIAN_POINT('',(139.39441678323,16.644818282484,
    18.298097038856));
#544 = DIRECTION('',(-0.6479663001,-0.283089515762,0.707106781187));
#545 = DIRECTION('',(-0.6479663001,-0.283089515762,-0.707106781187));
#546 = DEFINITIONAL_REPRESENTATION('',(#547),#551);
#547 = LINE('',#548,#549);
#548 = CARTESIAN_POINT('',(-37.12310601229,-1.));
#549 = VECTOR('',#550,1.);
#550 = DIRECTION('',(1.,-0.));
#551 = ( GEOMETRIC_REPRESENTATION_CONTEXT(2) 
PARAMETRIC_REPRESENTATION_CONTEXT() REPRESENTATION_CONTEXT('2D SPACE',''
  ) );
#552 = ADVANCED_FACE('',(#553),#94,.T.);
#553 = FACE_BOUND('',#554,.F.);
#554 = EDGE_LOOP('',(#555,#556,#557,#580));
#555 = ORIENTED_EDGE('',*,*,#249,.F.);
#556 = ORIENTED_EDGE('',*,*,#78,.T.);
#557 = ORIENTED_EDGE('',*,*,#558,.T.);
#558 = EDGE_CURVE('',#79,#559,#561,.T.);
#559 = VERTEX_POINT('',#560);
#560 = CARTESIAN_POINT('',(15.016504251715,247.12715484309,64.));
#561 = SURFACE_CURVE('',#562,(#566,#573),.PCURVE_S1.);
#562 = LINE('',#563,#564);
#563 = CARTESIAN_POINT('',(4.020151496968,242.3229664524,64.));
#564 = VECTOR('',#565,1.);
#565 = DIRECTION('',(0.916362729562,0.400349032557,1.224646799147E-16));
#566 = PCURVE('',#94,#567);
#567 = DEFINITIONAL_REPRESENTATION('',(#568),#572);
#568 = LINE('',#569,#570);
#569 = CARTESIAN_POINT('',(-260.,0.));
#570 = VECTOR('',#571,1.);
#571 = DIRECTION('',(-0.,1.));
#572 = ( GEOMETRIC_REPRESENTATION_CONTEXT(2) 
PARAMETRIC_REPRESENTATION_CONTEXT() REPRESENTATION_CONTEXT('2D SPACE',''
  ) );
#573 = PCURVE('',#122,#574);
#574 = DEFINITIONAL_REPRESENTATION('',(#575),#579);
#575 = LINE('',#576,#577);
#576 = CARTESIAN_POINT('',(-7.837739514543E-15,-64.));
#577 = VECTOR('',#578,1.);
#578 = DIRECTION('',(-1.,-2.465190328816E-32));
#579 = ( GEOMETRIC_REPRESENTATION_CONTEXT(2) 
PARAMETRIC_REPRESENTATION_CONTEXT() REPRESENTATION_CONTEXT('2D SPACE',''
  ) );
#580 = ORIENTED_EDGE('',*,*,#581,.F.);
#581 = EDGE_CURVE('',#222,#559,#582,.T.);
#582 = SURFACE_CURVE('',#583,(#587,#594),.PCURVE_S1.);
#583 = LINE('',#584,#585);
#584 = CARTESIAN_POINT('',(119.1072527165,8.872845156909,64.));
#585 = VECTOR('',#586,1.);
#586 = DIRECTION('',(-0.400349032557,0.916362729562,0.));
#587 = PCURVE('',#94,#588);
#588 = DEFINITIONAL_REPRESENTATION('',(#589),#593);
#589 = LINE('',#590,#591);
#590 = CARTESIAN_POINT('',(1.7763568394E-15,12.));
#591 = VECTOR('',#592,1.);
#592 = DIRECTION('',(-1.,7.547468613683E-49));
#593 = ( GEOMETRIC_REPRESENTATION_CONTEXT(2) 
PARAMETRIC_REPRESENTATION_CONTEXT() REPRESENTATION_CONTEXT('2D SPACE',''
  ) );
#594 = PCURVE('',#237,#595);
#595 = DEFINITIONAL_REPRESENTATION('',(#596),#600);
#596 = LINE('',#597,#598);
#597 = CARTESIAN_POINT('',(-32.,-3.255574404059E-15));
#598 = VECTOR('',#599,1.);
#599 = DIRECTION('',(6.162975822039E-33,1.));
#600 = ( GEOMETRIC_REPRESENTATION_CONTEXT(2) 
PARAMETRIC_REPRESENTATION_CONTEXT() REPRESENTATION_CONTEXT('2D SPACE',''
  ) );
#601 = ADVANCED_FACE('',(#602),#122,.F.);
#602 = FACE_BOUND('',#603,.T.);
#603 = EDGE_LOOP('',(#604,#605,#606,#629,#652,#680));
#604 = ORIENTED_EDGE('',*,*,#106,.T.);
#605 = ORIENTED_EDGE('',*,*,#558,.T.);
#606 = ORIENTED_EDGE('',*,*,#607,.F.);
#607 = EDGE_CURVE('',#608,#559,#610,.T.);
#608 = VERTEX_POINT('',#609);
#609 = CARTESIAN_POINT('',(15.016504251715,247.12715484309,32.));
#610 = SURFACE_CURVE('',#611,(#615,#622),.PCURVE_S1.);
#611 = LINE('',#612,#613);
#612 = CARTESIAN_POINT('',(15.016504251715,247.12715484309,32.));
#613 = VECTOR('',#614,1.);
#614 = DIRECTION('',(-1.122220683616E-16,-4.902861612625E-17,1.));
#615 = PCURVE('',#122,#616);
#616 = DEFINITIONAL_REPRESENTATION('',(#617),#621);
#617 = LINE('',#618,#619);
#618 = CARTESIAN_POINT('',(-12.,-32.));
#619 = VECTOR('',#620,1.);
#620 = DIRECTION('',(-2.465190328816E-32,-1.));
#621 = ( GEOMETRIC_REPRESENTATION_CONTEXT(2) 
PARAMETRIC_REPRESENTATION_CONTEXT() REPRESENTATION_CONTEXT('2D SPACE',''
  ) );
#622 = PCURVE('',#237,#623);
#623 = DEFINITIONAL_REPRESENTATION('',(#624),#628);
#624 = LINE('',#625,#626);
#625 = CARTESIAN_POINT('',(3.155443620884E-30,260.));
#626 = VECTOR('',#627,1.);
#627 = DIRECTION('',(-1.,0.));
#628 = ( GEOMETRIC_REPRESENTATION_CONTEXT(2) 
PARAMETRIC_REPRESENTATION_CONTEXT() REPRESENTATION_CONTEXT('2D SPACE',''
  ) );
#629 = ORIENTED_EDGE('',*,*,#630,.T.);
#630 = EDGE_CURVE('',#608,#631,#633,.T.);
#631 = VERTEX_POINT('',#632);
#632 = CARTESIAN_POINT('',(26.012857006462,251.93134323377,32.));
#633 = SURFACE_CURVE('',#634,(#638,#645),.PCURVE_S1.);
#634 = LINE('',#635,#636);
#635 = CARTESIAN_POINT('',(4.020151496968,242.3229664524,32.));
#636 = VECTOR('',#637,1.);
#637 = DIRECTION('',(0.916362729562,0.400349032557,1.224646799147E-16));
#638 = PCURVE('',#122,#639);
#639 = DEFINITIONAL_REPRESENTATION('',(#640),#644);
#640 = LINE('',#641,#642);
#641 = CARTESIAN_POINT('',(-3.918869757272E-15,-32.));
#642 = VECTOR('',#643,1.);
#643 = DIRECTION('',(-1.,-2.465190328816E-32));
#644 = ( GEOMETRIC_REPRESENTATION_CONTEXT(2) 
PARAMETRIC_REPRESENTATION_CONTEXT() REPRESENTATION_CONTEXT('2D SPACE',''
  ) );
#645 = PCURVE('',#209,#646);
#646 = DEFINITIONAL_REPRESENTATION('',(#647),#651);
#647 = LINE('',#648,#649);
#648 = CARTESIAN_POINT('',(-153.2696539725,-54.4167365895));
#649 = VECTOR('',#650,1.);
#650 = DIRECTION('',(-0.,1.));
#651 = ( GEOMETRIC_REPRESENTATION_CONTEXT(2) 
PARAMETRIC_REPRESENTATION_CONTEXT() REPRESENTATION_CONTEXT('2D SPACE',''
  ) );
#652 = ORIENTED_EDGE('',*,*,#653,.F.);
#653 = EDGE_CURVE('',#654,#631,#656,.T.);
#654 = VERTEX_POINT('',#655);
#655 = CARTESIAN_POINT('',(26.012857006462,251.93134323377,0.));
#656 = SURFACE_CURVE('',#657,(#661,#668),.PCURVE_S1.);
#657 = LINE('',#658,#659);
#658 = CARTESIAN_POINT('',(26.012857006462,251.93134323377,0.));
#659 = VECTOR('',#660,1.);
#660 = DIRECTION('',(-1.122220683616E-16,-4.902861612625E-17,1.));
#661 = PCURVE('',#122,#662);
#662 = DEFINITIONAL_REPRESENTATION('',(#663),#667);
#663 = LINE('',#664,#665);
#664 = CARTESIAN_POINT('',(-24.,2.939152317954E-15));
#665 = VECTOR('',#666,1.);
#666 = DIRECTION('',(-2.465190328816E-32,-1.));
#667 = ( GEOMETRIC_REPRESENTATION_CONTEXT(2) 
PARAMETRIC_REPRESENTATION_CONTEXT() REPRESENTATION_CONTEXT('2D SPACE',''
  ) );
#668 = PCURVE('',#669,#674);
#669 = PLANE('',#670);
#670 = AXIS2_PLACEMENT_3D('',#671,#672,#673);
#671 = CARTESIAN_POINT('',(26.012857006462,251.93134323377,0.));
#672 = DIRECTION('',(-0.6183503941,-0.785902532198,-1.07924273762E-16));
#673 = DIRECTION('',(-0.785902532198,0.6183503941,-5.787874359009E-17));
#674 = DEFINITIONAL_REPRESENTATION('',(#675),#679);
#675 = LINE('',#676,#677);
#676 = CARTESIAN_POINT('',(-0.,0.));
#677 = VECTOR('',#678,1.);
#678 = DIRECTION('',(-1.232595164408E-32,-1.));
#679 = ( GEOMETRIC_REPRESENTATION_CONTEXT(2) 
PARAMETRIC_REPRESENTATION_CONTEXT() REPRESENTATION_CONTEXT('2D SPACE',''
  ) );
#680 = ORIENTED_EDGE('',*,*,#681,.F.);
#681 = EDGE_CURVE('',#107,#654,#682,.T.);
#682 = SURFACE_CURVE('',#683,(#687,#694),.PCURVE_S1.);
#683 = LINE('',#684,#685);
#684 = CARTESIAN_POINT('',(4.020151496968,242.3229664524,0.));
#685 = VECTOR('',#686,1.);
#686 = DIRECTION('',(0.916362729562,0.400349032557,1.224646799147E-16));
#687 = PCURVE('',#122,#688);
#688 = DEFINITIONAL_REPRESENTATION('',(#689),#693);
#689 = LINE('',#690,#691);
#690 = CARTESIAN_POINT('',(-0.,0.));
#691 = VECTOR('',#692,1.);
#692 = DIRECTION('',(-1.,-2.465190328816E-32));
#693 = ( GEOMETRIC_REPRESENTATION_CONTEXT(2) 
PARAMETRIC_REPRESENTATION_CONTEXT() REPRESENTATION_CONTEXT('2D SPACE',''
  ) );
#694 = PCURVE('',#148,#695);
#695 = DEFINITIONAL_REPRESENTATION('',(#696),#700);
#696 = LINE('',#697,#698);
#697 = CARTESIAN_POINT('',(-153.2696539725,-54.4167365895));
#698 = VECTOR('',#699,1.);
#699 = DIRECTION('',(-0.,1.));
#700 = ( GEOMETRIC_REPRESENTATION_CONTEXT(2) 
PARAMETRIC_REPRESENTATION_CONTEXT() REPRESENTATION_CONTEXT('2D SPACE',''
  ) );
#701 = ADVANCED_FACE('',(#702),#148,.F.);
#702 = FACE_BOUND('',#703,.T.);
#703 = EDGE_LOOP('',(#704,#705,#706,#729,#750));
#704 = ORIENTED_EDGE('',*,*,#134,.T.);
#705 = ORIENTED_EDGE('',*,*,#681,.T.);
#706 = ORIENTED_EDGE('',*,*,#707,.T.);
#707 = EDGE_CURVE('',#654,#708,#710,.T.);
#708 = VERTEX_POINT('',#709);
#709 = CARTESIAN_POINT('',(247.17566011234,77.919807632405,
    1.7763568394E-14));
#710 = SURFACE_CURVE('',#711,(#715,#722),.PCURVE_S1.);
#711 = LINE('',#712,#713);
#712 = CARTESIAN_POINT('',(26.012857006462,251.93134323377,0.));
#713 = VECTOR('',#714,1.);
#714 = DIRECTION('',(0.785902532198,-0.6183503941,5.787874359009E-17));
#715 = PCURVE('',#148,#716);
#716 = DEFINITIONAL_REPRESENTATION('',(#717),#721);
#717 = LINE('',#718,#719);
#718 = CARTESIAN_POINT('',(-153.2696539725,-30.4167365895));
#719 = VECTOR('',#720,1.);
#720 = DIRECTION('',(0.881268573413,0.472615807516));
#721 = ( GEOMETRIC_REPRESENTATION_CONTEXT(2) 
PARAMETRIC_REPRESENTATION_CONTEXT() REPRESENTATION_CONTEXT('2D SPACE',''
  ) );
#722 = PCURVE('',#669,#723);
#723 = DEFINITIONAL_REPRESENTATION('',(#724),#728);
#724 = LINE('',#725,#726);
#725 = CARTESIAN_POINT('',(-0.,0.));
#726 = VECTOR('',#727,1.);
#727 = DIRECTION('',(-1.,-1.232595164408E-32));
#728 = ( GEOMETRIC_REPRESENTATION_CONTEXT(2) 
PARAMETRIC_REPRESENTATION_CONTEXT() REPRESENTATION_CONTEXT('2D SPACE',''
  ) );
#729 = ORIENTED_EDGE('',*,*,#730,.T.);
#730 = EDGE_CURVE('',#708,#164,#731,.T.);
#731 = SURFACE_CURVE('',#732,(#736,#743),.PCURVE_S1.);
#732 = LINE('',#733,#734);
#733 = CARTESIAN_POINT('',(247.17566011234,77.919807632405,
    1.7763568394E-14));
#734 = VECTOR('',#735,1.);
#735 = DIRECTION('',(0.400349032557,-0.916362729562,0.));
#736 = PCURVE('',#148,#737);
#737 = DEFINITIONAL_REPRESENTATION('',(#738),#742);
#738 = LINE('',#739,#740);
#739 = CARTESIAN_POINT('',(94.730346027469,102.58326341049));
#740 = VECTOR('',#741,1.);
#741 = DIRECTION('',(1.,-7.547468613683E-49));
#742 = ( GEOMETRIC_REPRESENTATION_CONTEXT(2) 
PARAMETRIC_REPRESENTATION_CONTEXT() REPRESENTATION_CONTEXT('2D SPACE',''
  ) );
#743 = PCURVE('',#181,#744);
#744 = DEFINITIONAL_REPRESENTATION('',(#745),#749);
#745 = LINE('',#746,#747);
#746 = CARTESIAN_POINT('',(-0.,0.));
#747 = VECTOR('',#748,1.);
#748 = DIRECTION('',(-1.,-6.162975822039E-33));
#749 = ( GEOMETRIC_REPRESENTATION_CONTEXT(2) 
PARAMETRIC_REPRESENTATION_CONTEXT() REPRESENTATION_CONTEXT('2D SPACE',''
  ) );
#750 = ORIENTED_EDGE('',*,*,#271,.T.);
#751 = ADVANCED_FACE('',(#752),#181,.F.);
#752 = FACE_BOUND('',#753,.T.);
#753 = EDGE_LOOP('',(#754,#777,#798,#799));
#754 = ORIENTED_EDGE('',*,*,#755,.T.);
#755 = EDGE_CURVE('',#708,#756,#758,.T.);
#756 = VERTEX_POINT('',#757);
#757 = CARTESIAN_POINT('',(247.17566011234,77.919807632405,32.));
#758 = SURFACE_CURVE('',#759,(#763,#770),.PCURVE_S1.);
#759 = LINE('',#760,#761);
#760 = CARTESIAN_POINT('',(247.17566011234,77.919807632405,
    1.7763568394E-14));
#761 = VECTOR('',#762,1.);
#762 = DIRECTION('',(-1.122220683616E-16,-4.902861612625E-17,1.));
#763 = PCURVE('',#181,#764);
#764 = DEFINITIONAL_REPRESENTATION('',(#765),#769);
#765 = LINE('',#766,#767);
#766 = CARTESIAN_POINT('',(-0.,0.));
#767 = VECTOR('',#768,1.);
#768 = DIRECTION('',(-0.,-1.));
#769 = ( GEOMETRIC_REPRESENTATION_CONTEXT(2) 
PARAMETRIC_REPRESENTATION_CONTEXT() REPRESENTATION_CONTEXT('2D SPACE',''
  ) );
#770 = PCURVE('',#669,#771);
#771 = DEFINITIONAL_REPRESENTATION('',(#772),#776);
#772 = LINE('',#773,#774);
#773 = CARTESIAN_POINT('',(-281.4125086061,-1.475765965343E-15));
#774 = VECTOR('',#775,1.);
#775 = DIRECTION('',(-1.232595164408E-32,-1.));
#776 = ( GEOMETRIC_REPRESENTATION_CONTEXT(2) 
PARAMETRIC_REPRESENTATION_CONTEXT() REPRESENTATION_CONTEXT('2D SPACE',''
  ) );
#777 = ORIENTED_EDGE('',*,*,#778,.T.);
#778 = EDGE_CURVE('',#756,#166,#779,.T.);
#779 = SURFACE_CURVE('',#780,(#784,#791),.PCURVE_S1.);
#780 = LINE('',#781,#782);
#781 = CARTESIAN_POINT('',(247.17566011234,77.919807632405,32.));
#782 = VECTOR('',#783,1.);
#783 = DIRECTION('',(0.400349032557,-0.916362729562,0.));
#784 = PCURVE('',#181,#785);
#785 = DEFINITIONAL_REPRESENTATION('',(#786),#790);
#786 = LINE('',#787,#788);
#787 = CARTESIAN_POINT('',(-0.,-32.));
#788 = VECTOR('',#789,1.);
#789 = DIRECTION('',(-1.,-6.162975822039E-33));
#790 = ( GEOMETRIC_REPRESENTATION_CONTEXT(2) 
PARAMETRIC_REPRESENTATION_CONTEXT() REPRESENTATION_CONTEXT('2D SPACE',''
  ) );
#791 = PCURVE('',#209,#792);
#792 = DEFINITIONAL_REPRESENTATION('',(#793),#797);
#793 = LINE('',#794,#795);
#794 = CARTESIAN_POINT('',(94.730346027469,102.58326341049));
#795 = VECTOR('',#796,1.);
#796 = DIRECTION('',(1.,-7.547468613683E-49));
#797 = ( GEOMETRIC_REPRESENTATION_CONTEXT(2) 
PARAMETRIC_REPRESENTATION_CONTEXT() REPRESENTATION_CONTEXT('2D SPACE',''
  ) );
#798 = ORIENTED_EDGE('',*,*,#163,.F.);
#799 = ORIENTED_EDGE('',*,*,#730,.F.);
#800 = ADVANCED_FACE('',(#801),#209,.T.);
#801 = FACE_BOUND('',#802,.F.);
#802 = EDGE_LOOP('',(#803,#804,#825,#826,#847));
#803 = ORIENTED_EDGE('',*,*,#193,.T.);
#804 = ORIENTED_EDGE('',*,*,#805,.T.);
#805 = EDGE_CURVE('',#194,#608,#806,.T.);
#806 = SURFACE_CURVE('',#807,(#811,#818),.PCURVE_S1.);
#807 = LINE('',#808,#809);
#808 = CARTESIAN_POINT('',(119.1072527165,8.872845156909,32.));
#809 = VECTOR('',#810,1.);
#810 = DIRECTION('',(-0.400349032557,0.916362729562,0.));
#811 = PCURVE('',#209,#812);
#812 = DEFINITIONAL_REPRESENTATION('',(#813),#817);
#813 = LINE('',#814,#815);
#814 = CARTESIAN_POINT('',(106.73034602746,-42.4167365895));
#815 = VECTOR('',#816,1.);
#816 = DIRECTION('',(-1.,7.547468613683E-49));
#817 = ( GEOMETRIC_REPRESENTATION_CONTEXT(2) 
PARAMETRIC_REPRESENTATION_CONTEXT() REPRESENTATION_CONTEXT('2D SPACE',''
  ) );
#818 = PCURVE('',#237,#819);
#819 = DEFINITIONAL_REPRESENTATION('',(#820),#824);
#820 = LINE('',#821,#822);
#821 = CARTESIAN_POINT('',(-0.,0.));
#822 = VECTOR('',#823,1.);
#823 = DIRECTION('',(6.162975822039E-33,1.));
#824 = ( GEOMETRIC_REPRESENTATION_CONTEXT(2) 
PARAMETRIC_REPRESENTATION_CONTEXT() REPRESENTATION_CONTEXT('2D SPACE',''
  ) );
#825 = ORIENTED_EDGE('',*,*,#630,.T.);
#826 = ORIENTED_EDGE('',*,*,#827,.T.);
#827 = EDGE_CURVE('',#631,#756,#828,.T.);
#828 = SURFACE_CURVE('',#829,(#833,#840),.PCURVE_S1.);
#829 = LINE('',#830,#831);
#830 = CARTESIAN_POINT('',(26.012857006462,251.93134323377,32.));
#831 = VECTOR('',#832,1.);
#832 = DIRECTION('',(0.785902532198,-0.6183503941,5.787874359009E-17));
#833 = PCURVE('',#209,#834);
#834 = DEFINITIONAL_REPRESENTATION('',(#835),#839);
#835 = LINE('',#836,#837);
#836 = CARTESIAN_POINT('',(-153.2696539725,-30.4167365895));
#837 = VECTOR('',#838,1.);
#838 = DIRECTION('',(0.881268573413,0.472615807516));
#839 = ( GEOMETRIC_REPRESENTATION_CONTEXT(2) 
PARAMETRIC_REPRESENTATION_CONTEXT() REPRESENTATION_CONTEXT('2D SPACE',''
  ) );
#840 = PCURVE('',#669,#841);
#841 = DEFINITIONAL_REPRESENTATION('',(#842),#846);
#842 = LINE('',#843,#844);
#843 = CARTESIAN_POINT('',(9.399668814624E-16,-32.));
#844 = VECTOR('',#845,1.);
#845 = DIRECTION('',(-1.,-1.232595164408E-32));
#846 = ( GEOMETRIC_REPRESENTATION_CONTEXT(2) 
PARAMETRIC_REPRESENTATION_CONTEXT() REPRESENTATION_CONTEXT('2D SPACE',''
  ) );
#847 = ORIENTED_EDGE('',*,*,#778,.T.);
#848 = ADVANCED_FACE('',(#849,#855,#890),#237,.T.);
#849 = FACE_BOUND('',#850,.F.);
#850 = EDGE_LOOP('',(#851,#852,#853,#854));
#851 = ORIENTED_EDGE('',*,*,#805,.F.);
#852 = ORIENTED_EDGE('',*,*,#221,.T.);
#853 = ORIENTED_EDGE('',*,*,#581,.T.);
#854 = ORIENTED_EDGE('',*,*,#607,.F.);
#855 = FACE_BOUND('',#856,.F.);
#856 = EDGE_LOOP('',(#857));
#857 = ORIENTED_EDGE('',*,*,#858,.F.);
#858 = EDGE_CURVE('',#859,#859,#861,.T.);
#859 = VERTEX_POINT('',#860);
#860 = CARTESIAN_POINT('',(79.072349460818,100.50911811313,49.5));
#861 = SURFACE_CURVE('',#862,(#867,#878),.PCURVE_S1.);
#862 = CIRCLE('',#863,1.5);
#863 = AXIS2_PLACEMENT_3D('',#864,#865,#866);
#864 = CARTESIAN_POINT('',(79.072349460818,100.50911811313,48.));
#865 = DIRECTION('',(-0.916362729562,-0.400349032557,-1.224646799147E-16
    ));
#866 = DIRECTION('',(-1.122220683616E-16,-4.902861612625E-17,1.));
#867 = PCURVE('',#237,#868);
#868 = DEFINITIONAL_REPRESENTATION('',(#869),#877);
#869 = ( BOUNDED_CURVE() B_SPLINE_CURVE(2,(#870,#871,#872,#873,#874,#875
,#876),.UNSPECIFIED.,.T.,.F.) B_SPLINE_CURVE_WITH_KNOTS((1,2,2,2,2,1),(
    -2.094395102393,0.,2.094395102393,4.188790204786,6.28318530718,
8.377580409573),.UNSPECIFIED.) CURVE() GEOMETRIC_REPRESENTATION_ITEM() 
RATIONAL_B_SPLINE_CURVE((1.,0.5,1.,0.5,1.,0.5,1.)) REPRESENTATION_ITEM(
  '') );
#870 = CARTESIAN_POINT('',(-17.5,100.));
#871 = CARTESIAN_POINT('',(-17.5,102.59807621135));
#872 = CARTESIAN_POINT('',(-15.25,101.29903810567));
#873 = CARTESIAN_POINT('',(-13.,100.));
#874 = CARTESIAN_POINT('',(-15.25,98.700961894323));
#875 = CARTESIAN_POINT('',(-17.5,97.401923788647));
#876 = CARTESIAN_POINT('',(-17.5,100.));
#877 = ( GEOMETRIC_REPRESENTATION_CONTEXT(2) 
PARAMETRIC_REPRESENTATION_CONTEXT() REPRESENTATION_CONTEXT('2D SPACE',''
  ) );
#878 = PCURVE('',#879,#884);
#879 = CYLINDRICAL_SURFACE('',#880,1.5);
#880 = AXIS2_PLACEMENT_3D('',#881,#882,#883);
#881 = CARTESIAN_POINT('',(71.74144762432,97.306325852678,48.));
#882 = DIRECTION('',(0.916362729562,0.400349032557,1.224646799147E-16));
#883 = DIRECTION('',(-1.122220683616E-16,-4.902861612625E-17,1.));
#884 = DEFINITIONAL_REPRESENTATION('',(#885),#889);
#885 = LINE('',#886,#887);
#886 = CARTESIAN_POINT('',(-0.,8.));
#887 = VECTOR('',#888,1.);
#888 = DIRECTION('',(-1.,0.));
#889 = ( GEOMETRIC_REPRESENTATION_CONTEXT(2) 
PARAMETRIC_REPRESENTATION_CONTEXT() REPRESENTATION_CONTEXT('2D SPACE',''
  ) );
#890 = FACE_BOUND('',#891,.F.);
#891 = EDGE_LOOP('',(#892));
#892 = ORIENTED_EDGE('',*,*,#893,.F.);
#893 = EDGE_CURVE('',#894,#894,#896,.T.);
#894 = VERTEX_POINT('',#895);
#895 = CARTESIAN_POINT('',(31.030465553991,210.4726456606,49.5));
#896 = SURFACE_CURVE('',#897,(#902,#913),.PCURVE_S1.);
#897 = CIRCLE('',#898,1.5);
#898 = AXIS2_PLACEMENT_3D('',#899,#900,#901);
#899 = CARTESIAN_POINT('',(31.030465553991,210.4726456606,48.));
#900 = DIRECTION('',(-0.916362729562,-0.400349032557,-1.224646799147E-16
    ));
#901 = DIRECTION('',(-1.122220683616E-16,-4.902861612625E-17,1.));
#902 = PCURVE('',#237,#903);
#903 = DEFINITIONAL_REPRESENTATION('',(#904),#912);
#904 = ( BOUNDED_CURVE() B_SPLINE_CURVE(2,(#905,#906,#907,#908,#909,#910
,#911),.UNSPECIFIED.,.T.,.F.) B_SPLINE_CURVE_WITH_KNOTS((1,2,2,2,2,1),(
    -2.094395102393,0.,2.094395102393,4.188790204786,6.28318530718,
8.377580409573),.UNSPECIFIED.) CURVE() GEOMETRIC_REPRESENTATION_ITEM() 
RATIONAL_B_SPLINE_CURVE((1.,0.5,1.,0.5,1.,0.5,1.)) REPRESENTATION_ITEM(
  '') );
#905 = CARTESIAN_POINT('',(-17.5,220.));
#906 = CARTESIAN_POINT('',(-17.5,222.59807621135));
#907 = CARTESIAN_POINT('',(-15.25,221.29903810567));
#908 = CARTESIAN_POINT('',(-13.,220.));
#909 = CARTESIAN_POINT('',(-15.25,218.70096189432));
#910 = CARTESIAN_POINT('',(-17.5,217.40192378864));
#911 = CARTESIAN_POINT('',(-17.5,220.));
#912 = ( GEOMETRIC_REPRESENTATION_CONTEXT(2) 
PARAMETRIC_REPRESENTATION_CONTEXT() REPRESENTATION_CONTEXT('2D SPACE',''
  ) );
#913 = PCURVE('',#914,#919);
#914 = CYLINDRICAL_SURFACE('',#915,1.5);
#915 = AXIS2_PLACEMENT_3D('',#916,#917,#918);
#916 = CARTESIAN_POINT('',(23.699563717493,207.26985340014,48.));
#917 = DIRECTION('',(0.916362729562,0.400349032557,1.224646799147E-16));
#918 = DIRECTION('',(-1.122220683616E-16,-4.902861612625E-17,1.));
#919 = DEFINITIONAL_REPRESENTATION('',(#920),#924);
#920 = LINE('',#921,#922);
#921 = CARTESIAN_POINT('',(-0.,8.));
#922 = VECTOR('',#923,1.);
#923 = DIRECTION('',(-1.,0.));
#924 = ( GEOMETRIC_REPRESENTATION_CONTEXT(2) 
PARAMETRIC_REPRESENTATION_CONTEXT() REPRESENTATION_CONTEXT('2D SPACE',''
  ) );
#925 = ADVANCED_FACE('',(#926),#312,.F.);
#926 = FACE_BOUND('',#927,.T.);
#927 = EDGE_LOOP('',(#928,#951,#952,#975));
#928 = ORIENTED_EDGE('',*,*,#929,.F.);
#929 = EDGE_CURVE('',#295,#930,#932,.T.);
#930 = VERTEX_POINT('',#931);
#931 = CARTESIAN_POINT('',(232.55569212665,67.167416989247,
    18.298097038856));
#932 = SURFACE_CURVE('',#933,(#937,#944),.PCURVE_S1.);
#933 = LINE('',#934,#935);
#934 = CARTESIAN_POINT('',(236.15883341966,58.920152423186,
    18.298097038856));
#935 = VECTOR('',#936,1.);
#936 = DIRECTION('',(-0.400349032557,0.916362729562,0.));
#937 = PCURVE('',#312,#938);
#938 = DEFINITIONAL_REPRESENTATION('',(#939),#943);
#939 = LINE('',#940,#941);
#940 = CARTESIAN_POINT('',(-3.25,5.107025913276E-15));
#941 = VECTOR('',#942,1.);
#942 = DIRECTION('',(-0.,-1.));
#943 = ( GEOMETRIC_REPRESENTATION_CONTEXT(2) 
PARAMETRIC_REPRESENTATION_CONTEXT() REPRESENTATION_CONTEXT('2D SPACE',''
  ) );
#944 = PCURVE('',#341,#945);
#945 = DEFINITIONAL_REPRESENTATION('',(#946),#950);
#946 = LINE('',#947,#948);
#947 = CARTESIAN_POINT('',(7.068583470577,0.));
#948 = VECTOR('',#949,1.);
#949 = DIRECTION('',(0.,-1.));
#950 = ( GEOMETRIC_REPRESENTATION_CONTEXT(2) 
PARAMETRIC_REPRESENTATION_CONTEXT() REPRESENTATION_CONTEXT('2D SPACE',''
  ) );
#951 = ORIENTED_EDGE('',*,*,#294,.T.);
#952 = ORIENTED_EDGE('',*,*,#953,.T.);
#953 = EDGE_CURVE('',#297,#954,#956,.T.);
#954 = VERTEX_POINT('',#955);
#955 = CARTESIAN_POINT('',(230.44980165133,66.247376063019,
    20.596194077713));
#956 = SURFACE_CURVE('',#957,(#961,#968),.PCURVE_S1.);
#957 = LINE('',#958,#959);
#958 = CARTESIAN_POINT('',(234.05294294434,58.000111496958,
    20.596194077713));
#959 = VECTOR('',#960,1.);
#960 = DIRECTION('',(-0.400349032557,0.916362729562,0.));
#961 = PCURVE('',#312,#962);
#962 = DEFINITIONAL_REPRESENTATION('',(#963),#967);
#963 = LINE('',#964,#965);
#964 = CARTESIAN_POINT('',(-0.,0.));
#965 = VECTOR('',#966,1.);
#966 = DIRECTION('',(-0.,-1.));
#967 = ( GEOMETRIC_REPRESENTATION_CONTEXT(2) 
PARAMETRIC_REPRESENTATION_CONTEXT() REPRESENTATION_CONTEXT('2D SPACE',''
  ) );
#968 = PCURVE('',#367,#969);
#969 = DEFINITIONAL_REPRESENTATION('',(#970),#974);
#970 = LINE('',#971,#972);
#971 = CARTESIAN_POINT('',(-3.25,-1.276756478319E-14));
#972 = VECTOR('',#973,1.);
#973 = DIRECTION('',(8.326672684689E-17,-1.));
#974 = ( GEOMETRIC_REPRESENTATION_CONTEXT(2) 
PARAMETRIC_REPRESENTATION_CONTEXT() REPRESENTATION_CONTEXT('2D SPACE',''
  ) );
#975 = ORIENTED_EDGE('',*,*,#976,.T.);
#976 = EDGE_CURVE('',#954,#930,#977,.T.);
#977 = SURFACE_CURVE('',#978,(#982,#989),.PCURVE_S1.);
#978 = LINE('',#979,#980);
#979 = CARTESIAN_POINT('',(231.50274688899,66.707396526133,
    19.447145558284));
#980 = VECTOR('',#981,1.);
#981 = DIRECTION('',(0.6479663001,0.283089515762,-0.707106781187));
#982 = PCURVE('',#312,#983);
#983 = DEFINITIONAL_REPRESENTATION('',(#984),#988);
#984 = LINE('',#985,#986);
#985 = CARTESIAN_POINT('',(-1.625,-9.));
#986 = VECTOR('',#987,1.);
#987 = DIRECTION('',(-1.,-5.551115123126E-17));
#988 = ( GEOMETRIC_REPRESENTATION_CONTEXT(2) 
PARAMETRIC_REPRESENTATION_CONTEXT() REPRESENTATION_CONTEXT('2D SPACE',''
  ) );
#989 = PCURVE('',#990,#995);
#990 = PLANE('',#991);
#991 = AXIS2_PLACEMENT_3D('',#992,#993,#994);
#992 = CARTESIAN_POINT('',(230.44980165133,66.247376063019,16.));
#993 = DIRECTION('',(-0.400349032557,0.916362729562,0.));
#994 = DIRECTION('',(1.122220683616E-16,4.902861612625E-17,-1.));
#995 = DEFINITIONAL_REPRESENTATION('',(#996),#1000);
#996 = LINE('',#997,#998);
#997 = CARTESIAN_POINT('',(-3.447145558284,-1.149048519428));
#998 = VECTOR('',#999,1.);
#999 = DIRECTION('',(0.707106781187,-0.707106781187));
#1000 = ( GEOMETRIC_REPRESENTATION_CONTEXT(2) 
PARAMETRIC_REPRESENTATION_CONTEXT() REPRESENTATION_CONTEXT('2D SPACE',''
  ) );
#1001 = ADVANCED_FACE('',(#1002),#367,.F.);
#1002 = FACE_BOUND('',#1003,.T.);
#1003 = EDGE_LOOP('',(#1004,#1005,#1006,#1029));
#1004 = ORIENTED_EDGE('',*,*,#953,.F.);
#1005 = ORIENTED_EDGE('',*,*,#353,.T.);
#1006 = ORIENTED_EDGE('',*,*,#1007,.T.);
#1007 = EDGE_CURVE('',#325,#1008,#1010,.T.);
#1008 = VERTEX_POINT('',#1009);
#1009 = CARTESIAN_POINT('',(228.343911176,65.327335136791,
    18.298097038856));
#1010 = SURFACE_CURVE('',#1011,(#1015,#1022),.PCURVE_S1.);
#1011 = LINE('',#1012,#1013);
#1012 = CARTESIAN_POINT('',(231.94705246901,57.08007057073,
    18.298097038856));
#1013 = VECTOR('',#1014,1.);
#1014 = DIRECTION('',(-0.400349032557,0.916362729562,0.));
#1015 = PCURVE('',#367,#1016);
#1016 = DEFINITIONAL_REPRESENTATION('',(#1017),#1021);
#1017 = LINE('',#1018,#1019);
#1018 = CARTESIAN_POINT('',(-0.,0.));
#1019 = VECTOR('',#1020,1.);
#1020 = DIRECTION('',(8.326672684689E-17,-1.));
#1021 = ( GEOMETRIC_REPRESENTATION_CONTEXT(2) 
PARAMETRIC_REPRESENTATION_CONTEXT() REPRESENTATION_CONTEXT('2D SPACE',''
  ) );
#1022 = PCURVE('',#341,#1023);
#1023 = DEFINITIONAL_REPRESENTATION('',(#1024),#1028);
#1024 = LINE('',#1025,#1026);
#1025 = CARTESIAN_POINT('',(2.356194490192,0.));
#1026 = VECTOR('',#1027,1.);
#1027 = DIRECTION('',(0.,-1.));
#1028 = ( GEOMETRIC_REPRESENTATION_CONTEXT(2) 
PARAMETRIC_REPRESENTATION_CONTEXT() REPRESENTATION_CONTEXT('2D SPACE',''
  ) );
#1029 = ORIENTED_EDGE('',*,*,#1030,.T.);
#1030 = EDGE_CURVE('',#1008,#954,#1031,.T.);
#1031 = SURFACE_CURVE('',#1032,(#1036,#1043),.PCURVE_S1.);
#1032 = LINE('',#1033,#1034);
#1033 = CARTESIAN_POINT('',(228.343911176,65.327335136791,
    18.298097038856));
#1034 = VECTOR('',#1035,1.);
#1035 = DIRECTION('',(0.6479663001,0.283089515762,0.707106781187));
#1036 = PCURVE('',#367,#1037);
#1037 = DEFINITIONAL_REPRESENTATION('',(#1038),#1042);
#1038 = LINE('',#1039,#1040);
#1039 = CARTESIAN_POINT('',(2.307956614643E-14,-9.));
#1040 = VECTOR('',#1041,1.);
#1041 = DIRECTION('',(-1.,5.551115123126E-17));
#1042 = ( GEOMETRIC_REPRESENTATION_CONTEXT(2) 
PARAMETRIC_REPRESENTATION_CONTEXT() REPRESENTATION_CONTEXT('2D SPACE',''
  ) );
#1043 = PCURVE('',#990,#1044);
#1044 = DEFINITIONAL_REPRESENTATION('',(#1045),#1049);
#1045 = LINE('',#1046,#1047);
#1046 = CARTESIAN_POINT('',(-2.298097038856,2.298097038856));
#1047 = VECTOR('',#1048,1.);
#1048 = DIRECTION('',(-0.707106781187,-0.707106781187));
#1049 = ( GEOMETRIC_REPRESENTATION_CONTEXT(2) 
PARAMETRIC_REPRESENTATION_CONTEXT() REPRESENTATION_CONTEXT('2D SPACE',''
  ) );
#1050 = ADVANCED_FACE('',(#1051),#341,.F.);
#1051 = FACE_BOUND('',#1052,.F.);
#1052 = EDGE_LOOP('',(#1053,#1054,#1055,#1056));
#1053 = ORIENTED_EDGE('',*,*,#929,.F.);
#1054 = ORIENTED_EDGE('',*,*,#324,.T.);
#1055 = ORIENTED_EDGE('',*,*,#1007,.T.);
#1056 = ORIENTED_EDGE('',*,*,#1057,.F.);
#1057 = EDGE_CURVE('',#930,#1008,#1058,.T.);
#1058 = SURFACE_CURVE('',#1059,(#1064,#1071),.PCURVE_S1.);
#1059 = CIRCLE('',#1060,3.25);
#1060 = AXIS2_PLACEMENT_3D('',#1061,#1062,#1063);
#1061 = CARTESIAN_POINT('',(230.44980165133,66.247376063019,16.));
#1062 = DIRECTION('',(-0.400349032557,0.916362729562,6.162975822039E-33)
  );
#1063 = DIRECTION('',(0.916362729562,0.400349032557,1.224646799147E-16)
  );
#1064 = PCURVE('',#341,#1065);
#1065 = DEFINITIONAL_REPRESENTATION('',(#1066),#1070);
#1066 = LINE('',#1067,#1068);
#1067 = CARTESIAN_POINT('',(12.566370614359,-9.));
#1068 = VECTOR('',#1069,1.);
#1069 = DIRECTION('',(-1.,0.));
#1070 = ( GEOMETRIC_REPRESENTATION_CONTEXT(2) 
PARAMETRIC_REPRESENTATION_CONTEXT() REPRESENTATION_CONTEXT('2D SPACE',''
  ) );
#1071 = PCURVE('',#990,#1072);
#1072 = DEFINITIONAL_REPRESENTATION('',(#1073),#1077);
#1073 = CIRCLE('',#1074,3.25);
#1074 = AXIS2_PLACEMENT_2D('',#1075,#1076);
#1075 = CARTESIAN_POINT('',(3.886281559311E-30,-3.173389716951E-14));
#1076 = DIRECTION('',(-2.465190328816E-32,-1.));
#1077 = ( GEOMETRIC_REPRESENTATION_CONTEXT(2) 
PARAMETRIC_REPRESENTATION_CONTEXT() REPRESENTATION_CONTEXT('2D SPACE',''
  ) );
#1078 = ADVANCED_FACE('',(#1079),#399,.F.);
#1079 = FACE_BOUND('',#1080,.T.);
#1080 = EDGE_LOOP('',(#1081,#1104,#1105,#1128));
#1081 = ORIENTED_EDGE('',*,*,#1082,.F.);
#1082 = EDGE_CURVE('',#382,#1083,#1085,.T.);
#1083 = VERTEX_POINT('',#1084);
#1084 = CARTESIAN_POINT('',(186.73755564854,47.149965361402,
    18.298097038856));
#1085 = SURFACE_CURVE('',#1086,(#1090,#1097),.PCURVE_S1.);
#1086 = LINE('',#1087,#1088);
#1087 = CARTESIAN_POINT('',(190.34069694155,38.902700795342,
    18.298097038856));
#1088 = VECTOR('',#1089,1.);
#1089 = DIRECTION('',(-0.400349032557,0.916362729562,0.));
#1090 = PCURVE('',#399,#1091);
#1091 = DEFINITIONAL_REPRESENTATION('',(#1092),#1096);
#1092 = LINE('',#1093,#1094);
#1093 = CARTESIAN_POINT('',(-3.25,-6.217248937901E-15));
#1094 = VECTOR('',#1095,1.);
#1095 = DIRECTION('',(-0.,-1.));
#1096 = ( GEOMETRIC_REPRESENTATION_CONTEXT(2) 
PARAMETRIC_REPRESENTATION_CONTEXT() REPRESENTATION_CONTEXT('2D SPACE',''
  ) );
#1097 = PCURVE('',#428,#1098);
#1098 = DEFINITIONAL_REPRESENTATION('',(#1099),#1103);
#1099 = LINE('',#1100,#1101);
#1100 = CARTESIAN_POINT('',(7.068583470577,0.));
#1101 = VECTOR('',#1102,1.);
#1102 = DIRECTION('',(0.,-1.));
#1103 = ( GEOMETRIC_REPRESENTATION_CONTEXT(2) 
PARAMETRIC_REPRESENTATION_CONTEXT() REPRESENTATION_CONTEXT('2D SPACE',''
  ) );
#1104 = ORIENTED_EDGE('',*,*,#381,.T.);
#1105 = ORIENTED_EDGE('',*,*,#1106,.T.);
#1106 = EDGE_CURVE('',#384,#1107,#1109,.T.);
#1107 = VERTEX_POINT('',#1108);
#1108 = CARTESIAN_POINT('',(184.63166517322,46.229924435174,
    20.596194077713));
#1109 = SURFACE_CURVE('',#1110,(#1114,#1121),.PCURVE_S1.);
#1110 = LINE('',#1111,#1112);
#1111 = CARTESIAN_POINT('',(188.23480646623,37.982659869114,
    20.596194077713));
#1112 = VECTOR('',#1113,1.);
#1113 = DIRECTION('',(-0.400349032557,0.916362729562,0.));
#1114 = PCURVE('',#399,#1115);
#1115 = DEFINITIONAL_REPRESENTATION('',(#1116),#1120);
#1116 = LINE('',#1117,#1118);
#1117 = CARTESIAN_POINT('',(-0.,0.));
#1118 = VECTOR('',#1119,1.);
#1119 = DIRECTION('',(-0.,-1.));
#1120 = ( GEOMETRIC_REPRESENTATION_CONTEXT(2) 
PARAMETRIC_REPRESENTATION_CONTEXT() REPRESENTATION_CONTEXT('2D SPACE',''
  ) );
#1121 = PCURVE('',#454,#1122);
#1122 = DEFINITIONAL_REPRESENTATION('',(#1123),#1127);
#1123 = LINE('',#1124,#1125);
#1124 = CARTESIAN_POINT('',(-3.25,-1.443289932013E-15));
#1125 = VECTOR('',#1126,1.);
#1126 = DIRECTION('',(8.326672684689E-17,-1.));
#1127 = ( GEOMETRIC_REPRESENTATION_CONTEXT(2) 
PARAMETRIC_REPRESENTATION_CONTEXT() REPRESENTATION_CONTEXT('2D SPACE',''
  ) );
#1128 = ORIENTED_EDGE('',*,*,#1129,.T.);
#1129 = EDGE_CURVE('',#1107,#1083,#1130,.T.);
#1130 = SURFACE_CURVE('',#1131,(#1135,#1142),.PCURVE_S1.);
#1131 = LINE('',#1132,#1133);
#1132 = CARTESIAN_POINT('',(185.68461041088,46.689944898288,
    19.447145558284));
#1133 = VECTOR('',#1134,1.);
#1134 = DIRECTION('',(0.6479663001,0.283089515762,-0.707106781187));
#1135 = PCURVE('',#399,#1136);
#1136 = DEFINITIONAL_REPRESENTATION('',(#1137),#1141);
#1137 = LINE('',#1138,#1139);
#1138 = CARTESIAN_POINT('',(-1.625,-9.));
#1139 = VECTOR('',#1140,1.);
#1140 = DIRECTION('',(-1.,-5.551115123126E-17));
#1141 = ( GEOMETRIC_REPRESENTATION_CONTEXT(2) 
PARAMETRIC_REPRESENTATION_CONTEXT() REPRESENTATION_CONTEXT('2D SPACE',''
  ) );
#1142 = PCURVE('',#1143,#1148);
#1143 = PLANE('',#1144);
#1144 = AXIS2_PLACEMENT_3D('',#1145,#1146,#1147);
#1145 = CARTESIAN_POINT('',(184.63166517322,46.229924435174,16.));
#1146 = DIRECTION('',(-0.400349032557,0.916362729562,0.));
#1147 = DIRECTION('',(1.122220683616E-16,4.902861612625E-17,-1.));
#1148 = DEFINITIONAL_REPRESENTATION('',(#1149),#1153);
#1149 = LINE('',#1150,#1151);
#1150 = CARTESIAN_POINT('',(-3.447145558284,-1.149048519428));
#1151 = VECTOR('',#1152,1.);
#1152 = DIRECTION('',(0.707106781187,-0.707106781187));
#1153 = ( GEOMETRIC_REPRESENTATION_CONTEXT(2) 
PARAMETRIC_REPRESENTATION_CONTEXT() REPRESENTATION_CONTEXT('2D SPACE',''
  ) );
#1154 = ADVANCED_FACE('',(#1155),#428,.F.);
#1155 = FACE_BOUND('',#1156,.F.);
#1156 = EDGE_LOOP('',(#1157,#1158,#1159,#1182));
#1157 = ORIENTED_EDGE('',*,*,#1082,.F.);
#1158 = ORIENTED_EDGE('',*,*,#411,.T.);
#1159 = ORIENTED_EDGE('',*,*,#1160,.T.);
#1160 = EDGE_CURVE('',#412,#1161,#1163,.T.);
#1161 = VERTEX_POINT('',#1162);
#1162 = CARTESIAN_POINT('',(182.52577469789,45.309883508946,
    18.298097038856));
#1163 = SURFACE_CURVE('',#1164,(#1168,#1175),.PCURVE_S1.);
#1164 = LINE('',#1165,#1166);
#1165 = CARTESIAN_POINT('',(186.1289159909,37.062618942886,
    18.298097038856));
#1166 = VECTOR('',#1167,1.);
#1167 = DIRECTION('',(-0.400349032557,0.916362729562,0.));
#1168 = PCURVE('',#428,#1169);
#1169 = DEFINITIONAL_REPRESENTATION('',(#1170),#1174);
#1170 = LINE('',#1171,#1172);
#1171 = CARTESIAN_POINT('',(2.356194490192,0.));
#1172 = VECTOR('',#1173,1.);
#1173 = DIRECTION('',(0.,-1.));
#1174 = ( GEOMETRIC_REPRESENTATION_CONTEXT(2) 
PARAMETRIC_REPRESENTATION_CONTEXT() REPRESENTATION_CONTEXT('2D SPACE',''
  ) );
#1175 = PCURVE('',#454,#1176);
#1176 = DEFINITIONAL_REPRESENTATION('',(#1177),#1181);
#1177 = LINE('',#1178,#1179);
#1178 = CARTESIAN_POINT('',(-0.,0.));
#1179 = VECTOR('',#1180,1.);
#1180 = DIRECTION('',(8.326672684689E-17,-1.));
#1181 = ( GEOMETRIC_REPRESENTATION_CONTEXT(2) 
PARAMETRIC_REPRESENTATION_CONTEXT() REPRESENTATION_CONTEXT('2D SPACE',''
  ) );
#1182 = ORIENTED_EDGE('',*,*,#1183,.F.);
#1183 = EDGE_CURVE('',#1083,#1161,#1184,.T.);
#1184 = SURFACE_CURVE('',#1185,(#1190,#1197),.PCURVE_S1.);
#1185 = CIRCLE('',#1186,3.25);
#1186 = AXIS2_PLACEMENT_3D('',#1187,#1188,#1189);
#1187 = CARTESIAN_POINT('',(184.63166517322,46.229924435174,16.));
#1188 = DIRECTION('',(-0.400349032557,0.916362729562,6.162975822039E-33)
  );
#1189 = DIRECTION('',(0.916362729562,0.400349032557,1.224646799147E-16)
  );
#1190 = PCURVE('',#428,#1191);
#1191 = DEFINITIONAL_REPRESENTATION('',(#1192),#1196);
#1192 = LINE('',#1193,#1194);
#1193 = CARTESIAN_POINT('',(12.566370614359,-9.));
#1194 = VECTOR('',#1195,1.);
#1195 = DIRECTION('',(-1.,0.));
#1196 = ( GEOMETRIC_REPRESENTATION_CONTEXT(2) 
PARAMETRIC_REPRESENTATION_CONTEXT() REPRESENTATION_CONTEXT('2D SPACE',''
  ) );
#1197 = PCURVE('',#1143,#1198);
#1198 = DEFINITIONAL_REPRESENTATION('',(#1199),#1203);
#1199 = CIRCLE('',#1200,3.25);
#1200 = AXIS2_PLACEMENT_2D('',#1201,#1202);
#1201 = CARTESIAN_POINT('',(3.886281559311E-30,-3.173389716951E-14));
#1202 = DIRECTION('',(-2.465190328816E-32,-1.));
#1203 = ( GEOMETRIC_REPRESENTATION_CONTEXT(2) 
PARAMETRIC_REPRESENTATION_CONTEXT() REPRESENTATION_CONTEXT('2D SPACE',''
  ) );
#1204 = ADVANCED_FACE('',(#1205),#454,.F.);
#1205 = FACE_BOUND('',#1206,.T.);
#1206 = EDGE_LOOP('',(#1207,#1208,#1209,#1210));
#1207 = ORIENTED_EDGE('',*,*,#1106,.F.);
#1208 = ORIENTED_EDGE('',*,*,#440,.T.);
#1209 = ORIENTED_EDGE('',*,*,#1160,.T.);
#1210 = ORIENTED_EDGE('',*,*,#1211,.T.);
#1211 = EDGE_CURVE('',#1161,#1107,#1212,.T.);
#1212 = SURFACE_CURVE('',#1213,(#1217,#1224),.PCURVE_S1.);
#1213 = LINE('',#1214,#1215);
#1214 = CARTESIAN_POINT('',(182.52577469789,45.309883508946,
    18.298097038856));
#1215 = VECTOR('',#1216,1.);
#1216 = DIRECTION('',(0.6479663001,0.283089515762,0.707106781187));
#1217 = PCURVE('',#454,#1218);
#1218 = DEFINITIONAL_REPRESENTATION('',(#1219),#1223);
#1219 = LINE('',#1220,#1221);
#1220 = CARTESIAN_POINT('',(-6.661338147751E-15,-9.));
#1221 = VECTOR('',#1222,1.);
#1222 = DIRECTION('',(-1.,5.551115123126E-17));
#1223 = ( GEOMETRIC_REPRESENTATION_CONTEXT(2) 
PARAMETRIC_REPRESENTATION_CONTEXT() REPRESENTATION_CONTEXT('2D SPACE',''
  ) );
#1224 = PCURVE('',#1143,#1225);
#1225 = DEFINITIONAL_REPRESENTATION('',(#1226),#1230);
#1226 = LINE('',#1227,#1228);
#1227 = CARTESIAN_POINT('',(-2.298097038856,2.298097038856));
#1228 = VECTOR('',#1229,1.);
#1229 = DIRECTION('',(-0.707106781187,-0.707106781187));
#1230 = ( GEOMETRIC_REPRESENTATION_CONTEXT(2) 
PARAMETRIC_REPRESENTATION_CONTEXT() REPRESENTATION_CONTEXT('2D SPACE',''
  ) );
#1231 = ADVANCED_FACE('',(#1232),#486,.F.);
#1232 = FACE_BOUND('',#1233,.T.);
#1233 = EDGE_LOOP('',(#1234,#1257,#1258,#1281));
#1234 = ORIENTED_EDGE('',*,*,#1235,.F.);
#1235 = EDGE_CURVE('',#469,#1236,#1238,.T.);
#1236 = VERTEX_POINT('',#1237);
#1237 = CARTESIAN_POINT('',(140.00305644087,26.732164701,18.298097038856
    ));
#1238 = SURFACE_CURVE('',#1239,(#1243,#1250),.PCURVE_S1.);
#1239 = LINE('',#1240,#1241);
#1240 = CARTESIAN_POINT('',(143.60619773388,18.48490013494,
    18.298097038856));
#1241 = VECTOR('',#1242,1.);
#1242 = DIRECTION('',(-0.400349032557,0.916362729562,0.));
#1243 = PCURVE('',#486,#1244);
#1244 = DEFINITIONAL_REPRESENTATION('',(#1245),#1249);
#1245 = LINE('',#1246,#1247);
#1246 = CARTESIAN_POINT('',(-3.25,-9.547918011776E-15));
#1247 = VECTOR('',#1248,1.);
#1248 = DIRECTION('',(-0.,-1.));
#1249 = ( GEOMETRIC_REPRESENTATION_CONTEXT(2) 
PARAMETRIC_REPRESENTATION_CONTEXT() REPRESENTATION_CONTEXT('2D SPACE',''
  ) );
#1250 = PCURVE('',#515,#1251);
#1251 = DEFINITIONAL_REPRESENTATION('',(#1252),#1256);
#1252 = LINE('',#1253,#1254);
#1253 = CARTESIAN_POINT('',(7.068583470577,0.));
#1254 = VECTOR('',#1255,1.);
#1255 = DIRECTION('',(0.,-1.));
#1256 = ( GEOMETRIC_REPRESENTATION_CONTEXT(2) 
PARAMETRIC_REPRESENTATION_CONTEXT() REPRESENTATION_CONTEXT('2D SPACE',''
  ) );
#1257 = ORIENTED_EDGE('',*,*,#468,.T.);
#1258 = ORIENTED_EDGE('',*,*,#1259,.T.);
#1259 = EDGE_CURVE('',#471,#1260,#1262,.T.);
#1260 = VERTEX_POINT('',#1261);
#1261 = CARTESIAN_POINT('',(137.89716596554,25.812123774772,
    20.596194077713));
#1262 = SURFACE_CURVE('',#1263,(#1267,#1274),.PCURVE_S1.);
#1263 = LINE('',#1264,#1265);
#1264 = CARTESIAN_POINT('',(141.50030725855,17.564859208712,
    20.596194077713));
#1265 = VECTOR('',#1266,1.);
#1266 = DIRECTION('',(-0.400349032557,0.916362729562,0.));
#1267 = PCURVE('',#486,#1268);
#1268 = DEFINITIONAL_REPRESENTATION('',(#1269),#1273);
#1269 = LINE('',#1270,#1271);
#1270 = CARTESIAN_POINT('',(-0.,0.));
#1271 = VECTOR('',#1272,1.);
#1272 = DIRECTION('',(-0.,-1.));
#1273 = ( GEOMETRIC_REPRESENTATION_CONTEXT(2) 
PARAMETRIC_REPRESENTATION_CONTEXT() REPRESENTATION_CONTEXT('2D SPACE',''
  ) );
#1274 = PCURVE('',#541,#1275);
#1275 = DEFINITIONAL_REPRESENTATION('',(#1276),#1280);
#1276 = LINE('',#1277,#1278);
#1277 = CARTESIAN_POINT('',(-3.25,8.326672684689E-15));
#1278 = VECTOR('',#1279,1.);
#1279 = DIRECTION('',(-0.,-1.));
#1280 = ( GEOMETRIC_REPRESENTATION_CONTEXT(2) 
PARAMETRIC_REPRESENTATION_CONTEXT() REPRESENTATION_CONTEXT('2D SPACE',''
  ) );
#1281 = ORIENTED_EDGE('',*,*,#1282,.T.);
#1282 = EDGE_CURVE('',#1260,#1236,#1283,.T.);
#1283 = SURFACE_CURVE('',#1284,(#1288,#1295),.PCURVE_S1.);
#1284 = LINE('',#1285,#1286);
#1285 = CARTESIAN_POINT('',(138.9501112032,26.272144237886,
    19.447145558284));
#1286 = VECTOR('',#1287,1.);
#1287 = DIRECTION('',(0.6479663001,0.283089515762,-0.707106781187));
#1288 = PCURVE('',#486,#1289);
#1289 = DEFINITIONAL_REPRESENTATION('',(#1290),#1294);
#1290 = LINE('',#1291,#1292);
#1291 = CARTESIAN_POINT('',(-1.625,-9.));
#1292 = VECTOR('',#1293,1.);
#1293 = DIRECTION('',(-1.,0.));
#1294 = ( GEOMETRIC_REPRESENTATION_CONTEXT(2) 
PARAMETRIC_REPRESENTATION_CONTEXT() REPRESENTATION_CONTEXT('2D SPACE',''
  ) );
#1295 = PCURVE('',#1296,#1301);
#1296 = PLANE('',#1297);
#1297 = AXIS2_PLACEMENT_3D('',#1298,#1299,#1300);
#1298 = CARTESIAN_POINT('',(137.89716596554,25.812123774772,16.));
#1299 = DIRECTION('',(-0.400349032557,0.916362729562,0.));
#1300 = DIRECTION('',(1.122220683616E-16,4.902861612625E-17,-1.));
#1301 = DEFINITIONAL_REPRESENTATION('',(#1302),#1306);
#1302 = LINE('',#1303,#1304);
#1303 = CARTESIAN_POINT('',(-3.447145558284,-1.149048519428));
#1304 = VECTOR('',#1305,1.);
#1305 = DIRECTION('',(0.707106781187,-0.707106781187));
#1306 = ( GEOMETRIC_REPRESENTATION_CONTEXT(2) 
PARAMETRIC_REPRESENTATION_CONTEXT() REPRESENTATION_CONTEXT('2D SPACE',''
  ) );
#1307 = ADVANCED_FACE('',(#1308),#515,.F.);
#1308 = FACE_BOUND('',#1309,.F.);
#1309 = EDGE_LOOP('',(#1310,#1311,#1312,#1335));
#1310 = ORIENTED_EDGE('',*,*,#1235,.F.);
#1311 = ORIENTED_EDGE('',*,*,#498,.T.);
#1312 = ORIENTED_EDGE('',*,*,#1313,.T.);
#1313 = EDGE_CURVE('',#499,#1314,#1316,.T.);
#1314 = VERTEX_POINT('',#1315);
#1315 = CARTESIAN_POINT('',(135.79127549022,24.892082848544,
    18.298097038856));
#1316 = SURFACE_CURVE('',#1317,(#1321,#1328),.PCURVE_S1.);
#1317 = LINE('',#1318,#1319);
#1318 = CARTESIAN_POINT('',(139.39441678323,16.644818282484,
    18.298097038856));
#1319 = VECTOR('',#1320,1.);
#1320 = DIRECTION('',(-0.400349032557,0.916362729562,0.));
#1321 = PCURVE('',#515,#1322);
#1322 = DEFINITIONAL_REPRESENTATION('',(#1323),#1327);
#1323 = LINE('',#1324,#1325);
#1324 = CARTESIAN_POINT('',(2.356194490192,0.));
#1325 = VECTOR('',#1326,1.);
#1326 = DIRECTION('',(0.,-1.));
#1327 = ( GEOMETRIC_REPRESENTATION_CONTEXT(2) 
PARAMETRIC_REPRESENTATION_CONTEXT() REPRESENTATION_CONTEXT('2D SPACE',''
  ) );
#1328 = PCURVE('',#541,#1329);
#1329 = DEFINITIONAL_REPRESENTATION('',(#1330),#1334);
#1330 = LINE('',#1331,#1332);
#1331 = CARTESIAN_POINT('',(-0.,0.));
#1332 = VECTOR('',#1333,1.);
#1333 = DIRECTION('',(-0.,-1.));
#1334 = ( GEOMETRIC_REPRESENTATION_CONTEXT(2) 
PARAMETRIC_REPRESENTATION_CONTEXT() REPRESENTATION_CONTEXT('2D SPACE',''
  ) );
#1335 = ORIENTED_EDGE('',*,*,#1336,.F.);
#1336 = EDGE_CURVE('',#1236,#1314,#1337,.T.);
#1337 = SURFACE_CURVE('',#1338,(#1343,#1350),.PCURVE_S1.);
#1338 = CIRCLE('',#1339,3.25);
#1339 = AXIS2_PLACEMENT_3D('',#1340,#1341,#1342);
#1340 = CARTESIAN_POINT('',(137.89716596554,25.812123774772,16.));
#1341 = DIRECTION('',(-0.400349032557,0.916362729562,6.162975822039E-33)
  );
#1342 = DIRECTION('',(0.916362729562,0.400349032557,1.224646799147E-16)
  );
#1343 = PCURVE('',#515,#1344);
#1344 = DEFINITIONAL_REPRESENTATION('',(#1345),#1349);
#1345 = LINE('',#1346,#1347);
#1346 = CARTESIAN_POINT('',(12.566370614359,-9.));
#1347 = VECTOR('',#1348,1.);
#1348 = DIRECTION('',(-1.,0.));
#1349 = ( GEOMETRIC_REPRESENTATION_CONTEXT(2) 
PARAMETRIC_REPRESENTATION_CONTEXT() REPRESENTATION_CONTEXT('2D SPACE',''
  ) );
#1350 = PCURVE('',#1296,#1351);
#1351 = DEFINITIONAL_REPRESENTATION('',(#1352),#1356);
#1352 = CIRCLE('',#1353,3.25);
#1353 = AXIS2_PLACEMENT_2D('',#1354,#1355);
#1354 = CARTESIAN_POINT('',(0.,0.));
#1355 = DIRECTION('',(-2.465190328816E-32,-1.));
#1356 = ( GEOMETRIC_REPRESENTATION_CONTEXT(2) 
PARAMETRIC_REPRESENTATION_CONTEXT() REPRESENTATION_CONTEXT('2D SPACE',''
  ) );
#1357 = ADVANCED_FACE('',(#1358),#541,.F.);
#1358 = FACE_BOUND('',#1359,.T.);
#1359 = EDGE_LOOP('',(#1360,#1361,#1362,#1363));
#1360 = ORIENTED_EDGE('',*,*,#1259,.F.);
#1361 = ORIENTED_EDGE('',*,*,#527,.T.);
#1362 = ORIENTED_EDGE('',*,*,#1313,.T.);
#1363 = ORIENTED_EDGE('',*,*,#1364,.T.);
#1364 = EDGE_CURVE('',#1314,#1260,#1365,.T.);
#1365 = SURFACE_CURVE('',#1366,(#1370,#1377),.PCURVE_S1.);
#1366 = LINE('',#1367,#1368);
#1367 = CARTESIAN_POINT('',(135.79127549022,24.892082848544,
    18.298097038856));
#1368 = VECTOR('',#1369,1.);
#1369 = DIRECTION('',(0.6479663001,0.283089515762,0.707106781187));
#1370 = PCURVE('',#541,#1371);
#1371 = DEFINITIONAL_REPRESENTATION('',(#1372),#1376);
#1372 = LINE('',#1373,#1374);
#1373 = CARTESIAN_POINT('',(-4.884981308351E-15,-9.));
#1374 = VECTOR('',#1375,1.);
#1375 = DIRECTION('',(-1.,0.));
#1376 = ( GEOMETRIC_REPRESENTATION_CONTEXT(2) 
PARAMETRIC_REPRESENTATION_CONTEXT() REPRESENTATION_CONTEXT('2D SPACE',''
  ) );
#1377 = PCURVE('',#1296,#1378);
#1378 = DEFINITIONAL_REPRESENTATION('',(#1379),#1383);
#1379 = LINE('',#1380,#1381);
#1380 = CARTESIAN_POINT('',(-2.298097038856,2.298097038856));
#1381 = VECTOR('',#1382,1.);
#1382 = DIRECTION('',(-0.707106781187,-0.707106781187));
#1383 = ( GEOMETRIC_REPRESENTATION_CONTEXT(2) 
PARAMETRIC_REPRESENTATION_CONTEXT() REPRESENTATION_CONTEXT('2D SPACE',''
  ) );
#1384 = ADVANCED_FACE('',(#1385,#1391,#1509,#1627),#669,.F.);
#1385 = FACE_BOUND('',#1386,.T.);
#1386 = EDGE_LOOP('',(#1387,#1388,#1389,#1390));
#1387 = ORIENTED_EDGE('',*,*,#653,.T.);
#1388 = ORIENTED_EDGE('',*,*,#827,.T.);
#1389 = ORIENTED_EDGE('',*,*,#755,.F.);
#1390 = ORIENTED_EDGE('',*,*,#707,.F.);
#1391 = FACE_BOUND('',#1392,.T.);
#1392 = EDGE_LOOP('',(#1393,#1455,#1483));
#1393 = ORIENTED_EDGE('',*,*,#1394,.F.);
#1394 = EDGE_CURVE('',#1395,#1397,#1399,.T.);
#1395 = VERTEX_POINT('',#1396);
#1396 = CARTESIAN_POINT('',(56.843845932235,227.67343163317,
    22.540737725976));
#1397 = VERTEX_POINT('',#1398);
#1398 = CARTESIAN_POINT('',(35.090945332879,244.78867698149,
    22.540737725976));
#1399 = SURFACE_CURVE('',#1400,(#1405,#1416),.PCURVE_S1.);
#1400 = ELLIPSE('',#1401,19.571922591028,9.25);
#1401 = AXIS2_PLACEMENT_3D('',#1402,#1403,#1404);
#1402 = CARTESIAN_POINT('',(45.967395632557,236.23105430733,16.));
#1403 = DIRECTION('',(0.6183503941,0.785902532198,1.07924273762E-16));
#1404 = DIRECTION('',(0.785902532198,-0.6183503941,5.787874359009E-17));
#1405 = PCURVE('',#669,#1406);
#1406 = DEFINITIONAL_REPRESENTATION('',(#1407),#1415);
#1407 = ( BOUNDED_CURVE() B_SPLINE_CURVE(2,(#1408,#1409,#1410,#1411,
#1412,#1413,#1414),.UNSPECIFIED.,.T.,.F.) B_SPLINE_CURVE_WITH_KNOTS((1,2
    ,2,2,2,1),(-2.094395102393,0.,2.094395102393,4.188790204786,
6.28318530718,8.377580409573),.UNSPECIFIED.) CURVE() 
GEOMETRIC_REPRESENTATION_ITEM() RATIONAL_B_SPLINE_CURVE((1.,0.5,1.,0.5,
1.,0.5,1.)) REPRESENTATION_ITEM('') );
#1408 = CARTESIAN_POINT('',(-44.96252487128,-16.));
#1409 = CARTESIAN_POINT('',(-44.96252487128,2.146997001211E-02));
#1410 = CARTESIAN_POINT('',(-15.60464098473,-7.989265014994));
#1411 = CARTESIAN_POINT('',(13.753242901804,-16.));
#1412 = CARTESIAN_POINT('',(-15.60464098473,-24.010734985));
#1413 = CARTESIAN_POINT('',(-44.96252487128,-32.02146997001));
#1414 = CARTESIAN_POINT('',(-44.96252487128,-16.));
#1415 = ( GEOMETRIC_REPRESENTATION_CONTEXT(2) 
PARAMETRIC_REPRESENTATION_CONTEXT() REPRESENTATION_CONTEXT('2D SPACE',''
  ) );
#1416 = PCURVE('',#1417,#1422);
#1417 = CYLINDRICAL_SURFACE('',#1418,9.25);
#1418 = AXIS2_PLACEMENT_3D('',#1419,#1420,#1421);
#1419 = CARTESIAN_POINT('',(137.89716596554,25.812123774772,16.));
#1420 = DIRECTION('',(0.400349032557,-0.916362729562,0.));
#1421 = DIRECTION('',(0.916362729562,0.400349032557,1.224646799147E-16)
  );
#1422 = DEFINITIONAL_REPRESENTATION('',(#1423),#1454);
#1423 = B_SPLINE_CURVE_WITH_KNOTS('',8,(#1424,#1425,#1426,#1427,#1428,
    #1429,#1430,#1431,#1432,#1433,#1434,#1435,#1436,#1437,#1438,#1439,
    #1440,#1441,#1442,#1443,#1444,#1445,#1446,#1447,#1448,#1449,#1450,
    #1451,#1452,#1453),.UNSPECIFIED.,.F.,.F.,(9,7,7,7,9),(5.497787143782
    ,6.675884388878,7.5594573227,8.884816723434,10.210176124167),
  .UNSPECIFIED.);
#1424 = CARTESIAN_POINT('',(7.068583470577,-217.4277973229));
#1425 = CARTESIAN_POINT('',(6.92132131494,-215.6317493683));
#1426 = CARTESIAN_POINT('',(6.774059159303,-214.1379755583));
#1427 = CARTESIAN_POINT('',(6.626797003666,-213.005827468));
#1428 = CARTESIAN_POINT('',(6.47953484803,-212.280671308));
#1429 = CARTESIAN_POINT('',(6.332272692391,-211.9897737405));
#1430 = CARTESIAN_POINT('',(6.185010536755,-212.1397867733));
#1431 = CARTESIAN_POINT('',(6.037748381118,-212.7168606814));
#1432 = CARTESIAN_POINT('',(5.780039608753,-214.4178854417));
#1433 = CARTESIAN_POINT('',(5.669592992025,-215.3690500572));
#1434 = CARTESIAN_POINT('',(5.559146375298,-216.5288168736));
#1435 = CARTESIAN_POINT('',(5.44869975857,-217.8778563566));
#1436 = CARTESIAN_POINT('',(5.338253141842,-219.3915796646));
#1437 = CARTESIAN_POINT('',(5.227806525114,-221.0410603544));
#1438 = CARTESIAN_POINT('',(5.117359908386,-222.7942270945));
#1439 = CARTESIAN_POINT('',(4.841243366567,-227.3516471471));
#1440 = CARTESIAN_POINT('',(4.675573441477,-230.2431520214));
#1441 = CARTESIAN_POINT('',(4.509903516382,-233.1773439655));
#1442 = CARTESIAN_POINT('',(4.344233591294,-236.0306722309));
#1443 = CARTESIAN_POINT('',(4.178563666203,-238.6804004142));
#1444 = CARTESIAN_POINT('',(4.01289374111,-241.0161177351));
#1445 = CARTESIAN_POINT('',(3.847223816017,-242.9492204837));
#1446 = CARTESIAN_POINT('',(3.515883965834,-245.8873123183));
#1447 = CARTESIAN_POINT('',(3.350214040744,-246.8923016019));
#1448 = CARTESIAN_POINT('',(3.184544115641,-247.3717940816));
#1449 = CARTESIAN_POINT('',(3.01887419058,-247.2915207459));
#1450 = CARTESIAN_POINT('',(2.853204265462,-246.6497811613));
#1451 = CARTESIAN_POINT('',(2.687534340379,-245.478865176));
#1452 = CARTESIAN_POINT('',(2.521864415284,-243.8408769267));
#1453 = CARTESIAN_POINT('',(2.356194490192,-241.8203229777));
#1454 = ( GEOMETRIC_REPRESENTATION_CONTEXT(2) 
PARAMETRIC_REPRESENTATION_CONTEXT() REPRESENTATION_CONTEXT('2D SPACE',''
  ) );
#1455 = ORIENTED_EDGE('',*,*,#1456,.F.);
#1456 = EDGE_CURVE('',#1457,#1395,#1459,.T.);
#1457 = VERTEX_POINT('',#1458);
#1458 = CARTESIAN_POINT('',(45.967395632557,236.23105430733,
    29.081475451951));
#1459 = SURFACE_CURVE('',#1460,(#1464,#1471),.PCURVE_S1.);
#1460 = LINE('',#1461,#1462);
#1461 = CARTESIAN_POINT('',(107.22577348159,188.03278475991,
    -7.757288298124));
#1462 = VECTOR('',#1463,1.);
#1463 = DIRECTION('',(0.710543282378,-0.559057517546,-0.427297245419));
#1464 = PCURVE('',#669,#1465);
#1465 = DEFINITIONAL_REPRESENTATION('',(#1466),#1470);
#1466 = LINE('',#1467,#1468);
#1467 = CARTESIAN_POINT('',(-103.3371355197,7.757288298124));
#1468 = VECTOR('',#1469,1.);
#1469 = DIRECTION('',(-0.904111201157,0.427297245419));
#1470 = ( GEOMETRIC_REPRESENTATION_CONTEXT(2) 
PARAMETRIC_REPRESENTATION_CONTEXT() REPRESENTATION_CONTEXT('2D SPACE',''
  ) );
#1471 = PCURVE('',#1472,#1477);
#1472 = PLANE('',#1473);
#1473 = AXIS2_PLACEMENT_3D('',#1474,#1475,#1476);
#1474 = CARTESIAN_POINT('',(137.89716596554,25.812123774772,
    29.081475451951));
#1475 = DIRECTION('',(0.6479663001,0.283089515762,0.707106781187));
#1476 = DIRECTION('',(-0.6479663001,-0.283089515762,0.707106781187));
#1477 = DEFINITIONAL_REPRESENTATION('',(#1478),#1482);
#1478 = LINE('',#1479,#1480);
#1479 = CARTESIAN_POINT('',(-52.09787931641,-160.9322299998));
#1480 = VECTOR('',#1481,1.);
#1481 = DIRECTION('',(-0.604289559636,0.796764788451));
#1482 = ( GEOMETRIC_REPRESENTATION_CONTEXT(2) 
PARAMETRIC_REPRESENTATION_CONTEXT() REPRESENTATION_CONTEXT('2D SPACE',''
  ) );
#1483 = ORIENTED_EDGE('',*,*,#1484,.F.);
#1484 = EDGE_CURVE('',#1397,#1457,#1485,.T.);
#1485 = SURFACE_CURVE('',#1486,(#1490,#1497),.PCURVE_S1.);
#1486 = LINE('',#1487,#1488);
#1487 = CARTESIAN_POINT('',(96.410399799567,196.54235217397,
    59.416230935224));
#1488 = VECTOR('',#1489,1.);
#1489 = DIRECTION('',(0.710543282378,-0.559057517546,0.427297245419));
#1490 = PCURVE('',#669,#1491);
#1491 = DEFINITIONAL_REPRESENTATION('',(#1492),#1496);
#1492 = LINE('',#1493,#1494);
#1493 = CARTESIAN_POINT('',(-89.57541159229,-59.41623093522));
#1494 = VECTOR('',#1495,1.);
#1495 = DIRECTION('',(-0.904111201157,-0.427297245419));
#1496 = ( GEOMETRIC_REPRESENTATION_CONTEXT(2) 
PARAMETRIC_REPRESENTATION_CONTEXT() REPRESENTATION_CONTEXT('2D SPACE',''
  ) );
#1497 = PCURVE('',#1498,#1503);
#1498 = PLANE('',#1499);
#1499 = AXIS2_PLACEMENT_3D('',#1500,#1501,#1502);
#1500 = CARTESIAN_POINT('',(131.90347768962,23.19354575397,
    22.540737725976));
#1501 = DIRECTION('',(-0.6479663001,-0.283089515762,0.707106781187));
#1502 = DIRECTION('',(-0.6479663001,-0.283089515762,-0.707106781187));
#1503 = DEFINITIONAL_REPRESENTATION('',(#1504),#1508);
#1504 = LINE('',#1505,#1506);
#1505 = CARTESIAN_POINT('',(-52.14982261571,-173.0600048131));
#1506 = VECTOR('',#1507,1.);
#1507 = DIRECTION('',(-0.604289559636,0.796764788451));
#1508 = ( GEOMETRIC_REPRESENTATION_CONTEXT(2) 
PARAMETRIC_REPRESENTATION_CONTEXT() REPRESENTATION_CONTEXT('2D SPACE',''
  ) );
#1509 = FACE_BOUND('',#1510,.T.);
#1510 = EDGE_LOOP('',(#1511,#1573,#1601));
#1511 = ORIENTED_EDGE('',*,*,#1512,.F.);
#1512 = EDGE_CURVE('',#1513,#1515,#1517,.T.);
#1513 = VERTEX_POINT('',#1514);
#1514 = CARTESIAN_POINT('',(224.7945460352,95.529333168981,
    22.540737725976));
#1515 = VERTEX_POINT('',#1516);
#1516 = CARTESIAN_POINT('',(203.04164543584,112.64457851729,
    22.540737725976));
#1517 = SURFACE_CURVE('',#1518,(#1523,#1534),.PCURVE_S1.);
#1518 = ELLIPSE('',#1519,19.571922591028,9.25);
#1519 = AXIS2_PLACEMENT_3D('',#1520,#1521,#1522);
#1520 = CARTESIAN_POINT('',(213.91809573552,104.08695584313,16.));
#1521 = DIRECTION('',(0.6183503941,0.785902532198,1.07924273762E-16));
#1522 = DIRECTION('',(0.785902532198,-0.6183503941,5.787874359009E-17));
#1523 = PCURVE('',#669,#1524);
#1524 = DEFINITIONAL_REPRESENTATION('',(#1525),#1533);
#1525 = ( BOUNDED_CURVE() B_SPLINE_CURVE(2,(#1526,#1527,#1528,#1529,
#1530,#1531,#1532),.UNSPECIFIED.,.T.,.F.) B_SPLINE_CURVE_WITH_KNOTS((1,2
    ,2,2,2,1),(-2.094395102393,0.,2.094395102393,4.188790204786,
6.28318530718,8.377580409573),.UNSPECIFIED.) CURVE() 
GEOMETRIC_REPRESENTATION_ITEM() RATIONAL_B_SPLINE_CURVE((1.,0.5,1.,0.5,
1.,0.5,1.)) REPRESENTATION_ITEM('') );
#1526 = CARTESIAN_POINT('',(-258.66676073,-16.));
#1527 = CARTESIAN_POINT('',(-258.66676073,2.146997001211E-02));
#1528 = CARTESIAN_POINT('',(-229.3088768435,-7.989265014994));
#1529 = CARTESIAN_POINT('',(-199.9509929569,-16.));
#1530 = CARTESIAN_POINT('',(-229.3088768435,-24.010734985));
#1531 = CARTESIAN_POINT('',(-258.66676073,-32.02146997001));
#1532 = CARTESIAN_POINT('',(-258.66676073,-16.));
#1533 = ( GEOMETRIC_REPRESENTATION_CONTEXT(2) 
PARAMETRIC_REPRESENTATION_CONTEXT() REPRESENTATION_CONTEXT('2D SPACE',''
  ) );
#1534 = PCURVE('',#1535,#1540);
#1535 = CYLINDRICAL_SURFACE('',#1536,9.25);
#1536 = AXIS2_PLACEMENT_3D('',#1537,#1538,#1539);
#1537 = CARTESIAN_POINT('',(230.44980165133,66.247376063019,16.));
#1538 = DIRECTION('',(0.400349032557,-0.916362729562,0.));
#1539 = DIRECTION('',(0.916362729562,0.400349032557,1.224646799147E-16)
  );
#1540 = DEFINITIONAL_REPRESENTATION('',(#1541),#1572);
#1541 = B_SPLINE_CURVE_WITH_KNOTS('',8,(#1542,#1543,#1544,#1545,#1546,
    #1547,#1548,#1549,#1550,#1551,#1552,#1553,#1554,#1555,#1556,#1557,
    #1558,#1559,#1560,#1561,#1562,#1563,#1564,#1565,#1566,#1567,#1568,
    #1569,#1570,#1571),.UNSPECIFIED.,.F.,.F.,(9,7,7,7,9),(5.497787143782
    ,6.675884388878,7.5594573227,8.884816723434,10.210176124167),
  .UNSPECIFIED.);
#1542 = CARTESIAN_POINT('',(7.068583470577,-29.09697025532));
#1543 = CARTESIAN_POINT('',(6.92132131494,-27.30092230064));
#1544 = CARTESIAN_POINT('',(6.774059159303,-25.8071484908));
#1545 = CARTESIAN_POINT('',(6.626797003665,-24.67500040032));
#1546 = CARTESIAN_POINT('',(6.47953484803,-23.94984424056));
#1547 = CARTESIAN_POINT('',(6.332272692392,-23.65894667274));
#1548 = CARTESIAN_POINT('',(6.185010536755,-23.80895970574));
#1549 = CARTESIAN_POINT('',(6.037748381118,-24.3860336138));
#1550 = CARTESIAN_POINT('',(5.780039608753,-26.0870583741));
#1551 = CARTESIAN_POINT('',(5.669592992025,-27.03822298961));
#1552 = CARTESIAN_POINT('',(5.559146375297,-28.19798980594));
#1553 = CARTESIAN_POINT('',(5.44869975857,-29.54702928895));
#1554 = CARTESIAN_POINT('',(5.338253141842,-31.06075259704));
#1555 = CARTESIAN_POINT('',(5.227806525114,-32.71023328675));
#1556 = CARTESIAN_POINT('',(5.117359908387,-34.46340002693));
#1557 = CARTESIAN_POINT('',(4.841243366567,-39.02082007949));
#1558 = CARTESIAN_POINT('',(4.675573441474,-41.91232495375));
#1559 = CARTESIAN_POINT('',(4.509903516397,-44.84651689772));
#1560 = CARTESIAN_POINT('',(4.344233591283,-47.69984516344));
#1561 = CARTESIAN_POINT('',(4.178563666214,-50.34957334681));
#1562 = CARTESIAN_POINT('',(4.012893741107,-52.68529066753));
#1563 = CARTESIAN_POINT('',(3.847223816017,-54.61839341611));
#1564 = CARTESIAN_POINT('',(3.515883965834,-57.55648525065));
#1565 = CARTESIAN_POINT('',(3.350214040745,-58.56147453417));
#1566 = CARTESIAN_POINT('',(3.18454411566,-59.04096701508));
#1567 = CARTESIAN_POINT('',(3.018874190572,-58.96069367806));
#1568 = CARTESIAN_POINT('',(2.853204265471,-58.31895409445));
#1569 = CARTESIAN_POINT('',(2.687534340379,-57.14803810831));
#1570 = CARTESIAN_POINT('',(2.521864415284,-55.5100498591));
#1571 = CARTESIAN_POINT('',(2.356194490192,-53.48949591009));
#1572 = ( GEOMETRIC_REPRESENTATION_CONTEXT(2) 
PARAMETRIC_REPRESENTATION_CONTEXT() REPRESENTATION_CONTEXT('2D SPACE',''
  ) );
#1573 = ORIENTED_EDGE('',*,*,#1574,.F.);
#1574 = EDGE_CURVE('',#1575,#1513,#1577,.T.);
#1575 = VERTEX_POINT('',#1576);
#1576 = CARTESIAN_POINT('',(213.91809573552,104.08695584313,
    29.081475451951));
#1577 = SURFACE_CURVE('',#1578,(#1582,#1589),.PCURVE_S1.);
#1578 = LINE('',#1579,#1580);
#1579 = CARTESIAN_POINT('',(153.22317135924,151.84189856227,
    65.581396906558));
#1580 = VECTOR('',#1581,1.);
#1581 = DIRECTION('',(0.710543282378,-0.559057517546,-0.427297245419));
#1582 = PCURVE('',#669,#1583);
#1583 = DEFINITIONAL_REPRESENTATION('',(#1584),#1588);
#1584 = LINE('',#1585,#1586);
#1585 = CARTESIAN_POINT('',(-161.8652557295,-65.58139690655));
#1586 = VECTOR('',#1587,1.);
#1587 = DIRECTION('',(-0.904111201157,0.427297245419));
#1588 = ( GEOMETRIC_REPRESENTATION_CONTEXT(2) 
PARAMETRIC_REPRESENTATION_CONTEXT() REPRESENTATION_CONTEXT('2D SPACE',''
  ) );
#1589 = PCURVE('',#1590,#1595);
#1590 = PLANE('',#1591);
#1591 = AXIS2_PLACEMENT_3D('',#1592,#1593,#1594);
#1592 = CARTESIAN_POINT('',(230.44980165133,66.247376063019,
    29.081475451951));
#1593 = DIRECTION('',(0.6479663001,0.283089515762,0.707106781187));
#1594 = DIRECTION('',(-0.6479663001,-0.283089515762,0.707106781187));
#1595 = DEFINITIONAL_REPRESENTATION('',(#1596),#1600);
#1596 = LINE('',#1597,#1598);
#1597 = CARTESIAN_POINT('',(51.618683946658,-109.353236998));
#1598 = VECTOR('',#1599,1.);
#1599 = DIRECTION('',(-0.604289559636,0.796764788451));
#1600 = ( GEOMETRIC_REPRESENTATION_CONTEXT(2) 
PARAMETRIC_REPRESENTATION_CONTEXT() REPRESENTATION_CONTEXT('2D SPACE',''
  ) );
#1601 = ORIENTED_EDGE('',*,*,#1602,.F.);
#1602 = EDGE_CURVE('',#1515,#1575,#1603,.T.);
#1603 = SURFACE_CURVE('',#1604,(#1608,#1615),.PCURVE_S1.);
#1604 = LINE('',#1605,#1606);
#1605 = CARTESIAN_POINT('',(142.40779767721,160.35146597633,
    -13.92245426945));
#1606 = VECTOR('',#1607,1.);
#1607 = DIRECTION('',(0.710543282378,-0.559057517546,0.427297245419));
#1608 = PCURVE('',#669,#1609);
#1609 = DEFINITIONAL_REPRESENTATION('',(#1610),#1614);
#1610 = LINE('',#1611,#1612);
#1611 = CARTESIAN_POINT('',(-148.103531802,13.922454269458));
#1612 = VECTOR('',#1613,1.);
#1613 = DIRECTION('',(-0.904111201157,-0.427297245419));
#1614 = ( GEOMETRIC_REPRESENTATION_CONTEXT(2) 
PARAMETRIC_REPRESENTATION_CONTEXT() REPRESENTATION_CONTEXT('2D SPACE',''
  ) );
#1615 = PCURVE('',#1616,#1621);
#1616 = PLANE('',#1617);
#1617 = AXIS2_PLACEMENT_3D('',#1618,#1619,#1620);
#1618 = CARTESIAN_POINT('',(224.4561133754,63.628798042216,
    22.540737725976));
#1619 = DIRECTION('',(-0.6479663001,-0.283089515762,0.707106781187));
#1620 = DIRECTION('',(-0.6479663001,-0.283089515762,-0.707106781187));
#1621 = DEFINITIONAL_REPRESENTATION('',(#1622),#1626);
#1622 = LINE('',#1623,#1624);
#1623 = CARTESIAN_POINT('',(51.566740647356,-121.4810118113));
#1624 = VECTOR('',#1625,1.);
#1625 = DIRECTION('',(-0.604289559636,0.796764788451));
#1626 = ( GEOMETRIC_REPRESENTATION_CONTEXT(2) 
PARAMETRIC_REPRESENTATION_CONTEXT() REPRESENTATION_CONTEXT('2D SPACE',''
  ) );
#1627 = FACE_BOUND('',#1628,.T.);
#1628 = EDGE_LOOP('',(#1629,#1691,#1719));
#1629 = ORIENTED_EDGE('',*,*,#1630,.F.);
#1630 = EDGE_CURVE('',#1631,#1633,#1635,.T.);
#1631 = VERTEX_POINT('',#1632);
#1632 = CARTESIAN_POINT('',(141.65063509313,160.94720369581,
    22.540737725976));
#1633 = VERTEX_POINT('',#1634);
#1634 = CARTESIAN_POINT('',(119.89773449378,178.06244904412,
    22.540737725976));
#1635 = SURFACE_CURVE('',#1636,(#1641,#1652),.PCURVE_S1.);
#1636 = ELLIPSE('',#1637,19.571922591028,9.25);
#1637 = AXIS2_PLACEMENT_3D('',#1638,#1639,#1640);
#1638 = CARTESIAN_POINT('',(130.77418479346,169.50482636996,16.));
#1639 = DIRECTION('',(0.6183503941,0.785902532198,1.07924273762E-16));
#1640 = DIRECTION('',(0.785902532198,-0.6183503941,5.787874359009E-17));
#1641 = PCURVE('',#669,#1642);
#1642 = DEFINITIONAL_REPRESENTATION('',(#1643),#1651);
#1643 = ( BOUNDED_CURVE() B_SPLINE_CURVE(2,(#1644,#1645,#1646,#1647,
#1648,#1649,#1650),.UNSPECIFIED.,.T.,.F.) B_SPLINE_CURVE_WITH_KNOTS((1,2
    ,2,2,2,1),(-2.094395102393,0.,2.094395102393,4.188790204786,
6.28318530718,8.377580409573),.UNSPECIFIED.) CURVE() 
GEOMETRIC_REPRESENTATION_ITEM() RATIONAL_B_SPLINE_CURVE((1.,0.5,1.,0.5,
1.,0.5,1.)) REPRESENTATION_ITEM('') );
#1644 = CARTESIAN_POINT('',(-152.8725845623,-16.));
#1645 = CARTESIAN_POINT('',(-152.8725845623,2.146997001211E-02));
#1646 = CARTESIAN_POINT('',(-123.5147006758,-7.989265014994));
#1647 = CARTESIAN_POINT('',(-94.15681678927,-16.));
#1648 = CARTESIAN_POINT('',(-123.5147006758,-24.010734985));
#1649 = CARTESIAN_POINT('',(-152.8725845623,-32.02146997001));
#1650 = CARTESIAN_POINT('',(-152.8725845623,-16.));
#1651 = ( GEOMETRIC_REPRESENTATION_CONTEXT(2) 
PARAMETRIC_REPRESENTATION_CONTEXT() REPRESENTATION_CONTEXT('2D SPACE',''
  ) );
#1652 = PCURVE('',#1653,#1658);
#1653 = CYLINDRICAL_SURFACE('',#1654,9.25);
#1654 = AXIS2_PLACEMENT_3D('',#1655,#1656,#1657);
#1655 = CARTESIAN_POINT('',(184.63166517322,46.229924435174,16.));
#1656 = DIRECTION('',(0.400349032557,-0.916362729562,0.));
#1657 = DIRECTION('',(0.916362729562,0.400349032557,1.224646799147E-16)
  );
#1658 = DEFINITIONAL_REPRESENTATION('',(#1659),#1690);
#1659 = B_SPLINE_CURVE_WITH_KNOTS('',8,(#1660,#1661,#1662,#1663,#1664,
    #1665,#1666,#1667,#1668,#1669,#1670,#1671,#1672,#1673,#1674,#1675,
    #1676,#1677,#1678,#1679,#1680,#1681,#1682,#1683,#1684,#1685,#1686,
    #1687,#1688,#1689),.UNSPECIFIED.,.F.,.F.,(9,7,7,7,9),(5.497787143782
    ,6.675884388878,7.5594573227,8.884816723434,10.210176124167),
  .UNSPECIFIED.);
#1660 = CARTESIAN_POINT('',(7.068583470577,-122.330052962));
#1661 = CARTESIAN_POINT('',(6.92132131494,-120.5340050074));
#1662 = CARTESIAN_POINT('',(6.774059159303,-119.0402311975));
#1663 = CARTESIAN_POINT('',(6.626797003666,-117.9080831072));
#1664 = CARTESIAN_POINT('',(6.479534848028,-117.182926947));
#1665 = CARTESIAN_POINT('',(6.332272692392,-116.8920293793));
#1666 = CARTESIAN_POINT('',(6.185010536755,-117.0420424124));
#1667 = CARTESIAN_POINT('',(6.037748381118,-117.6191163205));
#1668 = CARTESIAN_POINT('',(5.780039608753,-119.3201410808));
#1669 = CARTESIAN_POINT('',(5.669592992025,-120.2713056963));
#1670 = CARTESIAN_POINT('',(5.559146375297,-121.4310725127));
#1671 = CARTESIAN_POINT('',(5.44869975857,-122.7801119957));
#1672 = CARTESIAN_POINT('',(5.338253141842,-124.2938353037));
#1673 = CARTESIAN_POINT('',(5.227806525114,-125.9433159935));
#1674 = CARTESIAN_POINT('',(5.117359908386,-127.6964827336));
#1675 = CARTESIAN_POINT('',(4.841243366567,-132.2539027862));
#1676 = CARTESIAN_POINT('',(4.675573441477,-135.1454076603));
#1677 = CARTESIAN_POINT('',(4.509903516381,-138.0795996047));
#1678 = CARTESIAN_POINT('',(4.344233591296,-140.9329278687));
#1679 = CARTESIAN_POINT('',(4.178563666202,-143.5826560538));
#1680 = CARTESIAN_POINT('',(4.01289374111,-145.9183733742));
#1681 = CARTESIAN_POINT('',(3.847223816017,-147.8514761228));
#1682 = CARTESIAN_POINT('',(3.515883965834,-150.7895679574));
#1683 = CARTESIAN_POINT('',(3.350214040745,-151.794557241));
#1684 = CARTESIAN_POINT('',(3.18454411566,-152.2740497204));
#1685 = CARTESIAN_POINT('',(3.018874190572,-152.1937763856));
#1686 = CARTESIAN_POINT('',(2.853204265471,-151.5520368));
#1687 = CARTESIAN_POINT('',(2.687534340379,-150.3811208151));
#1688 = CARTESIAN_POINT('',(2.521864415284,-148.7431325658));
#1689 = CARTESIAN_POINT('',(2.356194490192,-146.7225786168));
#1690 = ( GEOMETRIC_REPRESENTATION_CONTEXT(2) 
PARAMETRIC_REPRESENTATION_CONTEXT() REPRESENTATION_CONTEXT('2D SPACE',''
  ) );
#1691 = ORIENTED_EDGE('',*,*,#1692,.F.);
#1692 = EDGE_CURVE('',#1693,#1631,#1695,.T.);
#1693 = VERTEX_POINT('',#1694);
#1694 = CARTESIAN_POINT('',(130.77418479346,169.50482636996,
    29.081475451951));
#1695 = SURFACE_CURVE('',#1696,(#1700,#1707),.PCURVE_S1.);
#1696 = LINE('',#1697,#1698);
#1697 = CARTESIAN_POINT('',(130.4521823109,169.75817885813,
    29.27511710226));
#1698 = VECTOR('',#1699,1.);
#1699 = DIRECTION('',(0.710543282378,-0.559057517546,-0.427297245419));
#1700 = PCURVE('',#669,#1701);
#1701 = DEFINITIONAL_REPRESENTATION('',(#1702),#1706);
#1702 = LINE('',#1703,#1704);
#1703 = CARTESIAN_POINT('',(-132.890938794,-29.27511710226));
#1704 = VECTOR('',#1705,1.);
#1705 = DIRECTION('',(-0.904111201157,0.427297245419));
#1706 = ( GEOMETRIC_REPRESENTATION_CONTEXT(2) 
PARAMETRIC_REPRESENTATION_CONTEXT() REPRESENTATION_CONTEXT('2D SPACE',''
  ) );
#1707 = PCURVE('',#1708,#1713);
#1708 = PLANE('',#1709);
#1709 = AXIS2_PLACEMENT_3D('',#1710,#1711,#1712);
#1710 = CARTESIAN_POINT('',(184.63166517322,46.229924435174,
    29.081475451951));
#1711 = DIRECTION('',(0.6479663001,0.283089515762,0.707106781187));
#1712 = DIRECTION('',(-0.6479663001,-0.283089515762,0.707106781187));
#1713 = DEFINITIONAL_REPRESENTATION('',(#1714),#1718);
#1714 = LINE('',#1715,#1716);
#1715 = CARTESIAN_POINT('',(0.273850648107,-134.8873919494));
#1716 = VECTOR('',#1717,1.);
#1717 = DIRECTION('',(-0.604289559636,0.796764788451));
#1718 = ( GEOMETRIC_REPRESENTATION_CONTEXT(2) 
PARAMETRIC_REPRESENTATION_CONTEXT() REPRESENTATION_CONTEXT('2D SPACE',''
  ) );
#1719 = ORIENTED_EDGE('',*,*,#1720,.F.);
#1720 = EDGE_CURVE('',#1633,#1693,#1721,.T.);
#1721 = SURFACE_CURVE('',#1722,(#1726,#1733),.PCURVE_S1.);
#1722 = LINE('',#1723,#1724);
#1723 = CARTESIAN_POINT('',(119.63680862887,178.2677462722,
    22.38382553484));
#1724 = VECTOR('',#1725,1.);
#1725 = DIRECTION('',(0.710543282378,-0.559057517546,0.427297245419));
#1726 = PCURVE('',#669,#1727);
#1727 = DEFINITIONAL_REPRESENTATION('',(#1728),#1732);
#1728 = LINE('',#1729,#1730);
#1729 = CARTESIAN_POINT('',(-119.1292148665,-22.38382553484));
#1730 = VECTOR('',#1731,1.);
#1731 = DIRECTION('',(-0.904111201157,-0.427297245419));
#1732 = ( GEOMETRIC_REPRESENTATION_CONTEXT(2) 
PARAMETRIC_REPRESENTATION_CONTEXT() REPRESENTATION_CONTEXT('2D SPACE',''
  ) );
#1733 = PCURVE('',#1734,#1739);
#1734 = PLANE('',#1735);
#1735 = AXIS2_PLACEMENT_3D('',#1736,#1737,#1738);
#1736 = CARTESIAN_POINT('',(178.63797689729,43.611346414371,
    22.540737725976));
#1737 = DIRECTION('',(-0.6479663001,-0.283089515762,0.707106781187));
#1738 = DIRECTION('',(-0.6479663001,-0.283089515762,-0.707106781187));
#1739 = DEFINITIONAL_REPRESENTATION('',(#1740),#1744);
#1740 = LINE('',#1741,#1742);
#1741 = CARTESIAN_POINT('',(0.221907348806,-147.0151667627));
#1742 = VECTOR('',#1743,1.);
#1743 = DIRECTION('',(-0.604289559636,0.796764788451));
#1744 = ( GEOMETRIC_REPRESENTATION_CONTEXT(2) 
PARAMETRIC_REPRESENTATION_CONTEXT() REPRESENTATION_CONTEXT('2D SPACE',''
  ) );
#1745 = ADVANCED_FACE('',(#1746),#879,.F.);
#1746 = FACE_BOUND('',#1747,.T.);
#1747 = EDGE_LOOP('',(#1748,#1749,#1772,#1803));
#1748 = ORIENTED_EDGE('',*,*,#858,.F.);
#1749 = ORIENTED_EDGE('',*,*,#1750,.F.);
#1750 = EDGE_CURVE('',#1751,#859,#1753,.T.);
#1751 = VERTEX_POINT('',#1752);
#1752 = CARTESIAN_POINT('',(71.74144762432,97.306325852678,49.5));
#1753 = SEAM_CURVE('',#1754,(#1758,#1765),.PCURVE_S1.);
#1754 = LINE('',#1755,#1756);
#1755 = CARTESIAN_POINT('',(71.74144762432,97.306325852678,49.5));
#1756 = VECTOR('',#1757,1.);
#1757 = DIRECTION('',(0.916362729562,0.400349032557,1.224646799147E-16)
  );
#1758 = PCURVE('',#879,#1759);
#1759 = DEFINITIONAL_REPRESENTATION('',(#1760),#1764);
#1760 = LINE('',#1761,#1762);
#1761 = CARTESIAN_POINT('',(-6.28318530718,-0.));
#1762 = VECTOR('',#1763,1.);
#1763 = DIRECTION('',(-0.,1.));
#1764 = ( GEOMETRIC_REPRESENTATION_CONTEXT(2) 
PARAMETRIC_REPRESENTATION_CONTEXT() REPRESENTATION_CONTEXT('2D SPACE',''
  ) );
#1765 = PCURVE('',#879,#1766);
#1766 = DEFINITIONAL_REPRESENTATION('',(#1767),#1771);
#1767 = LINE('',#1768,#1769);
#1768 = CARTESIAN_POINT('',(-0.,-0.));
#1769 = VECTOR('',#1770,1.);
#1770 = DIRECTION('',(-0.,1.));
#1771 = ( GEOMETRIC_REPRESENTATION_CONTEXT(2) 
PARAMETRIC_REPRESENTATION_CONTEXT() REPRESENTATION_CONTEXT('2D SPACE',''
  ) );
#1772 = ORIENTED_EDGE('',*,*,#1773,.T.);
#1773 = EDGE_CURVE('',#1751,#1751,#1774,.T.);
#1774 = SURFACE_CURVE('',#1775,(#1780,#1787),.PCURVE_S1.);
#1775 = CIRCLE('',#1776,1.5);
#1776 = AXIS2_PLACEMENT_3D('',#1777,#1778,#1779);
#1777 = CARTESIAN_POINT('',(71.74144762432,97.306325852678,48.));
#1778 = DIRECTION('',(-0.916362729562,-0.400349032557,
    -1.224646799147E-16));
#1779 = DIRECTION('',(-1.122220683616E-16,-4.902861612625E-17,1.));
#1780 = PCURVE('',#879,#1781);
#1781 = DEFINITIONAL_REPRESENTATION('',(#1782),#1786);
#1782 = LINE('',#1783,#1784);
#1783 = CARTESIAN_POINT('',(-0.,0.));
#1784 = VECTOR('',#1785,1.);
#1785 = DIRECTION('',(-1.,0.));
#1786 = ( GEOMETRIC_REPRESENTATION_CONTEXT(2) 
PARAMETRIC_REPRESENTATION_CONTEXT() REPRESENTATION_CONTEXT('2D SPACE',''
  ) );
#1787 = PCURVE('',#1788,#1793);
#1788 = PLANE('',#1789);
#1789 = AXIS2_PLACEMENT_3D('',#1790,#1791,#1792);
#1790 = CARTESIAN_POINT('',(71.74144762432,97.306325852678,48.));
#1791 = DIRECTION('',(0.916362729562,0.400349032557,1.224646799147E-16)
  );
#1792 = DIRECTION('',(1.122220683616E-16,4.902861612625E-17,-1.));
#1793 = DEFINITIONAL_REPRESENTATION('',(#1794),#1802);
#1794 = ( BOUNDED_CURVE() B_SPLINE_CURVE(2,(#1795,#1796,#1797,#1798,
#1799,#1800,#1801),.UNSPECIFIED.,.T.,.F.) B_SPLINE_CURVE_WITH_KNOTS((1,2
    ,2,2,2,1),(-2.094395102393,0.,2.094395102393,4.188790204786,
6.28318530718,8.377580409573),.UNSPECIFIED.) CURVE() 
GEOMETRIC_REPRESENTATION_ITEM() RATIONAL_B_SPLINE_CURVE((1.,0.5,1.,0.5,
1.,0.5,1.)) REPRESENTATION_ITEM('') );
#1795 = CARTESIAN_POINT('',(-1.5,0.));
#1796 = CARTESIAN_POINT('',(-1.5,2.598076211353));
#1797 = CARTESIAN_POINT('',(0.75,1.299038105677));
#1798 = CARTESIAN_POINT('',(3.,3.673940397442E-16));
#1799 = CARTESIAN_POINT('',(0.75,-1.299038105677));
#1800 = CARTESIAN_POINT('',(-1.5,-2.598076211353));
#1801 = CARTESIAN_POINT('',(-1.5,0.));
#1802 = ( GEOMETRIC_REPRESENTATION_CONTEXT(2) 
PARAMETRIC_REPRESENTATION_CONTEXT() REPRESENTATION_CONTEXT('2D SPACE',''
  ) );
#1803 = ORIENTED_EDGE('',*,*,#1750,.T.);
#1804 = ADVANCED_FACE('',(#1805),#914,.F.);
#1805 = FACE_BOUND('',#1806,.T.);
#1806 = EDGE_LOOP('',(#1807,#1808,#1831,#1862));
#1807 = ORIENTED_EDGE('',*,*,#893,.F.);
#1808 = ORIENTED_EDGE('',*,*,#1809,.F.);
#1809 = EDGE_CURVE('',#1810,#894,#1812,.T.);
#1810 = VERTEX_POINT('',#1811);
#1811 = CARTESIAN_POINT('',(23.699563717493,207.26985340014,49.5));
#1812 = SEAM_CURVE('',#1813,(#1817,#1824),.PCURVE_S1.);
#1813 = LINE('',#1814,#1815);
#1814 = CARTESIAN_POINT('',(23.699563717493,207.26985340014,49.5));
#1815 = VECTOR('',#1816,1.);
#1816 = DIRECTION('',(0.916362729562,0.400349032557,1.224646799147E-16)
  );
#1817 = PCURVE('',#914,#1818);
#1818 = DEFINITIONAL_REPRESENTATION('',(#1819),#1823);
#1819 = LINE('',#1820,#1821);
#1820 = CARTESIAN_POINT('',(-6.28318530718,-0.));
#1821 = VECTOR('',#1822,1.);
#1822 = DIRECTION('',(-0.,1.));
#1823 = ( GEOMETRIC_REPRESENTATION_CONTEXT(2) 
PARAMETRIC_REPRESENTATION_CONTEXT() REPRESENTATION_CONTEXT('2D SPACE',''
  ) );
#1824 = PCURVE('',#914,#1825);
#1825 = DEFINITIONAL_REPRESENTATION('',(#1826),#1830);
#1826 = LINE('',#1827,#1828);
#1827 = CARTESIAN_POINT('',(-0.,-0.));
#1828 = VECTOR('',#1829,1.);
#1829 = DIRECTION('',(-0.,1.));
#1830 = ( GEOMETRIC_REPRESENTATION_CONTEXT(2) 
PARAMETRIC_REPRESENTATION_CONTEXT() REPRESENTATION_CONTEXT('2D SPACE',''
  ) );
#1831 = ORIENTED_EDGE('',*,*,#1832,.T.);
#1832 = EDGE_CURVE('',#1810,#1810,#1833,.T.);
#1833 = SURFACE_CURVE('',#1834,(#1839,#1846),.PCURVE_S1.);
#1834 = CIRCLE('',#1835,1.5);
#1835 = AXIS2_PLACEMENT_3D('',#1836,#1837,#1838);
#1836 = CARTESIAN_POINT('',(23.699563717493,207.26985340014,48.));
#1837 = DIRECTION('',(-0.916362729562,-0.400349032557,
    -1.224646799147E-16));
#1838 = DIRECTION('',(-1.122220683616E-16,-4.902861612625E-17,1.));
#1839 = PCURVE('',#914,#1840);
#1840 = DEFINITIONAL_REPRESENTATION('',(#1841),#1845);
#1841 = LINE('',#1842,#1843);
#1842 = CARTESIAN_POINT('',(-0.,0.));
#1843 = VECTOR('',#1844,1.);
#1844 = DIRECTION('',(-1.,0.));
#1845 = ( GEOMETRIC_REPRESENTATION_CONTEXT(2) 
PARAMETRIC_REPRESENTATION_CONTEXT() REPRESENTATION_CONTEXT('2D SPACE',''
  ) );
#1846 = PCURVE('',#1847,#1852);
#1847 = PLANE('',#1848);
#1848 = AXIS2_PLACEMENT_3D('',#1849,#1850,#1851);
#1849 = CARTESIAN_POINT('',(23.699563717493,207.26985340014,48.));
#1850 = DIRECTION('',(0.916362729562,0.400349032557,1.224646799147E-16)
  );
#1851 = DIRECTION('',(1.122220683616E-16,4.902861612625E-17,-1.));
#1852 = DEFINITIONAL_REPRESENTATION('',(#1853),#1861);
#1853 = ( BOUNDED_CURVE() B_SPLINE_CURVE(2,(#1854,#1855,#1856,#1857,
#1858,#1859,#1860),.UNSPECIFIED.,.T.,.F.) B_SPLINE_CURVE_WITH_KNOTS((1,2
    ,2,2,2,1),(-2.094395102393,0.,2.094395102393,4.188790204786,
6.28318530718,8.377580409573),.UNSPECIFIED.) CURVE() 
GEOMETRIC_REPRESENTATION_ITEM() RATIONAL_B_SPLINE_CURVE((1.,0.5,1.,0.5,
1.,0.5,1.)) REPRESENTATION_ITEM('') );
#1854 = CARTESIAN_POINT('',(-1.5,0.));
#1855 = CARTESIAN_POINT('',(-1.5,2.598076211353));
#1856 = CARTESIAN_POINT('',(0.75,1.299038105677));
#1857 = CARTESIAN_POINT('',(3.,3.673940397442E-16));
#1858 = CARTESIAN_POINT('',(0.75,-1.299038105677));
#1859 = CARTESIAN_POINT('',(-1.5,-2.598076211353));
#1860 = CARTESIAN_POINT('',(-1.5,0.));
#1861 = ( GEOMETRIC_REPRESENTATION_CONTEXT(2) 
PARAMETRIC_REPRESENTATION_CONTEXT() REPRESENTATION_CONTEXT('2D SPACE',''
  ) );
#1862 = ORIENTED_EDGE('',*,*,#1809,.T.);
#1863 = ADVANCED_FACE('',(#1864,#1940),#990,.T.);
#1864 = FACE_BOUND('',#1865,.F.);
#1865 = EDGE_LOOP('',(#1866,#1896,#1919));
#1866 = ORIENTED_EDGE('',*,*,#1867,.T.);
#1867 = EDGE_CURVE('',#1868,#1870,#1872,.T.);
#1868 = VERTEX_POINT('',#1869);
#1869 = CARTESIAN_POINT('',(224.4561133754,63.628798042216,
    22.540737725976));
#1870 = VERTEX_POINT('',#1871);
#1871 = CARTESIAN_POINT('',(236.44348992725,68.865954083821,
    22.540737725976));
#1872 = SURFACE_CURVE('',#1873,(#1878,#1889),.PCURVE_S1.);
#1873 = CIRCLE('',#1874,9.25);
#1874 = AXIS2_PLACEMENT_3D('',#1875,#1876,#1877);
#1875 = CARTESIAN_POINT('',(230.44980165133,66.247376063019,16.));
#1876 = DIRECTION('',(0.400349032557,-0.916362729562,0.));
#1877 = DIRECTION('',(-0.6479663001,-0.283089515762,0.707106781187));
#1878 = PCURVE('',#990,#1879);
#1879 = DEFINITIONAL_REPRESENTATION('',(#1880),#1888);
#1880 = ( BOUNDED_CURVE() B_SPLINE_CURVE(2,(#1881,#1882,#1883,#1884,
#1885,#1886,#1887),.UNSPECIFIED.,.T.,.F.) B_SPLINE_CURVE_WITH_KNOTS((1,2
    ,2,2,2,1),(-2.094395102393,0.,2.094395102393,4.188790204786,
6.28318530718,8.377580409573),.UNSPECIFIED.) CURVE() 
GEOMETRIC_REPRESENTATION_ITEM() RATIONAL_B_SPLINE_CURVE((1.,0.5,1.,0.5,
1.,0.5,1.)) REPRESENTATION_ITEM('') );
#1881 = CARTESIAN_POINT('',(-6.540737725976,6.540737725976));
#1882 = CARTESIAN_POINT('',(4.788152334397,17.869627786348));
#1883 = CARTESIAN_POINT('',(8.934813893174,2.394076167198));
#1884 = CARTESIAN_POINT('',(13.081475451951,-13.08147545195));
#1885 = CARTESIAN_POINT('',(-2.394076167198,-8.934813893174));
#1886 = CARTESIAN_POINT('',(-17.86962778634,-4.788152334397));
#1887 = CARTESIAN_POINT('',(-6.540737725976,6.540737725976));
#1888 = ( GEOMETRIC_REPRESENTATION_CONTEXT(2) 
PARAMETRIC_REPRESENTATION_CONTEXT() REPRESENTATION_CONTEXT('2D SPACE',''
  ) );
#1889 = PCURVE('',#1535,#1890);
#1890 = DEFINITIONAL_REPRESENTATION('',(#1891),#1895);
#1891 = LINE('',#1892,#1893);
#1892 = CARTESIAN_POINT('',(2.356194490192,0.));
#1893 = VECTOR('',#1894,1.);
#1894 = DIRECTION('',(1.,0.));
#1895 = ( GEOMETRIC_REPRESENTATION_CONTEXT(2) 
PARAMETRIC_REPRESENTATION_CONTEXT() REPRESENTATION_CONTEXT('2D SPACE',''
  ) );
#1896 = ORIENTED_EDGE('',*,*,#1897,.F.);
#1897 = EDGE_CURVE('',#1898,#1870,#1900,.T.);
#1898 = VERTEX_POINT('',#1899);
#1899 = CARTESIAN_POINT('',(230.44980165133,66.247376063019,
    29.081475451951));
#1900 = SURFACE_CURVE('',#1901,(#1905,#1912),.PCURVE_S1.);
#1901 = LINE('',#1902,#1903);
#1902 = CARTESIAN_POINT('',(230.44980165133,66.247376063019,
    29.081475451951));
#1903 = VECTOR('',#1904,1.);
#1904 = DIRECTION('',(0.6479663001,0.283089515762,-0.707106781187));
#1905 = PCURVE('',#990,#1906);
#1906 = DEFINITIONAL_REPRESENTATION('',(#1907),#1911);
#1907 = LINE('',#1908,#1909);
#1908 = CARTESIAN_POINT('',(-13.08147545195,-3.333591587354E-14));
#1909 = VECTOR('',#1910,1.);
#1910 = DIRECTION('',(0.707106781187,-0.707106781187));
#1911 = ( GEOMETRIC_REPRESENTATION_CONTEXT(2) 
PARAMETRIC_REPRESENTATION_CONTEXT() REPRESENTATION_CONTEXT('2D SPACE',''
  ) );
#1912 = PCURVE('',#1590,#1913);
#1913 = DEFINITIONAL_REPRESENTATION('',(#1914),#1918);
#1914 = LINE('',#1915,#1916);
#1915 = CARTESIAN_POINT('',(-0.,0.));
#1916 = VECTOR('',#1917,1.);
#1917 = DIRECTION('',(-1.,0.));
#1918 = ( GEOMETRIC_REPRESENTATION_CONTEXT(2) 
PARAMETRIC_REPRESENTATION_CONTEXT() REPRESENTATION_CONTEXT('2D SPACE',''
  ) );
#1919 = ORIENTED_EDGE('',*,*,#1920,.F.);
#1920 = EDGE_CURVE('',#1868,#1898,#1921,.T.);
#1921 = SURFACE_CURVE('',#1922,(#1926,#1933),.PCURVE_S1.);
#1922 = LINE('',#1923,#1924);
#1923 = CARTESIAN_POINT('',(224.4561133754,63.628798042216,
    22.540737725976));
#1924 = VECTOR('',#1925,1.);
#1925 = DIRECTION('',(0.6479663001,0.283089515762,0.707106781187));
#1926 = PCURVE('',#990,#1927);
#1927 = DEFINITIONAL_REPRESENTATION('',(#1928),#1932);
#1928 = LINE('',#1929,#1930);
#1929 = CARTESIAN_POINT('',(-6.540737725976,6.540737725976));
#1930 = VECTOR('',#1931,1.);
#1931 = DIRECTION('',(-0.707106781187,-0.707106781187));
#1932 = ( GEOMETRIC_REPRESENTATION_CONTEXT(2) 
PARAMETRIC_REPRESENTATION_CONTEXT() REPRESENTATION_CONTEXT('2D SPACE',''
  ) );
#1933 = PCURVE('',#1616,#1934);
#1934 = DEFINITIONAL_REPRESENTATION('',(#1935),#1939);
#1935 = LINE('',#1936,#1937);
#1936 = CARTESIAN_POINT('',(-0.,0.));
#1937 = VECTOR('',#1938,1.);
#1938 = DIRECTION('',(-1.,-5.551115123126E-17));
#1939 = ( GEOMETRIC_REPRESENTATION_CONTEXT(2) 
PARAMETRIC_REPRESENTATION_CONTEXT() REPRESENTATION_CONTEXT('2D SPACE',''
  ) );
#1940 = FACE_BOUND('',#1941,.F.);
#1941 = EDGE_LOOP('',(#1942,#1943,#1944));
#1942 = ORIENTED_EDGE('',*,*,#1030,.T.);
#1943 = ORIENTED_EDGE('',*,*,#976,.T.);
#1944 = ORIENTED_EDGE('',*,*,#1057,.T.);
#1945 = ADVANCED_FACE('',(#1946,#2022),#1143,.T.);
#1946 = FACE_BOUND('',#1947,.F.);
#1947 = EDGE_LOOP('',(#1948,#1978,#2001));
#1948 = ORIENTED_EDGE('',*,*,#1949,.T.);
#1949 = EDGE_CURVE('',#1950,#1952,#1954,.T.);
#1950 = VERTEX_POINT('',#1951);
#1951 = CARTESIAN_POINT('',(178.63797689729,43.611346414371,
    22.540737725976));
#1952 = VERTEX_POINT('',#1953);
#1953 = CARTESIAN_POINT('',(190.62535344914,48.848502455977,
    22.540737725976));
#1954 = SURFACE_CURVE('',#1955,(#1960,#1971),.PCURVE_S1.);
#1955 = CIRCLE('',#1956,9.25);
#1956 = AXIS2_PLACEMENT_3D('',#1957,#1958,#1959);
#1957 = CARTESIAN_POINT('',(184.63166517322,46.229924435174,16.));
#1958 = DIRECTION('',(0.400349032557,-0.916362729562,0.));
#1959 = DIRECTION('',(-0.6479663001,-0.283089515762,0.707106781187));
#1960 = PCURVE('',#1143,#1961);
#1961 = DEFINITIONAL_REPRESENTATION('',(#1962),#1970);
#1962 = ( BOUNDED_CURVE() B_SPLINE_CURVE(2,(#1963,#1964,#1965,#1966,
#1967,#1968,#1969),.UNSPECIFIED.,.T.,.F.) B_SPLINE_CURVE_WITH_KNOTS((1,2
    ,2,2,2,1),(-2.094395102393,0.,2.094395102393,4.188790204786,
6.28318530718,8.377580409573),.UNSPECIFIED.) CURVE() 
GEOMETRIC_REPRESENTATION_ITEM() RATIONAL_B_SPLINE_CURVE((1.,0.5,1.,0.5,
1.,0.5,1.)) REPRESENTATION_ITEM('') );
#1963 = CARTESIAN_POINT('',(-6.540737725976,6.540737725976));
#1964 = CARTESIAN_POINT('',(4.788152334397,17.869627786348));
#1965 = CARTESIAN_POINT('',(8.934813893174,2.394076167198));
#1966 = CARTESIAN_POINT('',(13.081475451951,-13.08147545195));
#1967 = CARTESIAN_POINT('',(-2.394076167198,-8.934813893174));
#1968 = CARTESIAN_POINT('',(-17.86962778634,-4.788152334397));
#1969 = CARTESIAN_POINT('',(-6.540737725976,6.540737725976));
#1970 = ( GEOMETRIC_REPRESENTATION_CONTEXT(2) 
PARAMETRIC_REPRESENTATION_CONTEXT() REPRESENTATION_CONTEXT('2D SPACE',''
  ) );
#1971 = PCURVE('',#1653,#1972);
#1972 = DEFINITIONAL_REPRESENTATION('',(#1973),#1977);
#1973 = LINE('',#1974,#1975);
#1974 = CARTESIAN_POINT('',(2.356194490192,0.));
#1975 = VECTOR('',#1976,1.);
#1976 = DIRECTION('',(1.,0.));
#1977 = ( GEOMETRIC_REPRESENTATION_CONTEXT(2) 
PARAMETRIC_REPRESENTATION_CONTEXT() REPRESENTATION_CONTEXT('2D SPACE',''
  ) );
#1978 = ORIENTED_EDGE('',*,*,#1979,.F.);
#1979 = EDGE_CURVE('',#1980,#1952,#1982,.T.);
#1980 = VERTEX_POINT('',#1981);
#1981 = CARTESIAN_POINT('',(184.63166517322,46.229924435174,
    29.081475451951));
#1982 = SURFACE_CURVE('',#1983,(#1987,#1994),.PCURVE_S1.);
#1983 = LINE('',#1984,#1985);
#1984 = CARTESIAN_POINT('',(184.63166517322,46.229924435174,
    29.081475451951));
#1985 = VECTOR('',#1986,1.);
#1986 = DIRECTION('',(0.6479663001,0.283089515762,-0.707106781187));
#1987 = PCURVE('',#1143,#1988);
#1988 = DEFINITIONAL_REPRESENTATION('',(#1989),#1993);
#1989 = LINE('',#1990,#1991);
#1990 = CARTESIAN_POINT('',(-13.08147545195,-3.333591587354E-14));
#1991 = VECTOR('',#1992,1.);
#1992 = DIRECTION('',(0.707106781187,-0.707106781187));
#1993 = ( GEOMETRIC_REPRESENTATION_CONTEXT(2) 
PARAMETRIC_REPRESENTATION_CONTEXT() REPRESENTATION_CONTEXT('2D SPACE',''
  ) );
#1994 = PCURVE('',#1708,#1995);
#1995 = DEFINITIONAL_REPRESENTATION('',(#1996),#2000);
#1996 = LINE('',#1997,#1998);
#1997 = CARTESIAN_POINT('',(-0.,0.));
#1998 = VECTOR('',#1999,1.);
#1999 = DIRECTION('',(-1.,0.));
#2000 = ( GEOMETRIC_REPRESENTATION_CONTEXT(2) 
PARAMETRIC_REPRESENTATION_CONTEXT() REPRESENTATION_CONTEXT('2D SPACE',''
  ) );
#2001 = ORIENTED_EDGE('',*,*,#2002,.F.);
#2002 = EDGE_CURVE('',#1950,#1980,#2003,.T.);
#2003 = SURFACE_CURVE('',#2004,(#2008,#2015),.PCURVE_S1.);
#2004 = LINE('',#2005,#2006);
#2005 = CARTESIAN_POINT('',(178.63797689729,43.611346414371,
    22.540737725976));
#2006 = VECTOR('',#2007,1.);
#2007 = DIRECTION('',(0.6479663001,0.283089515762,0.707106781187));
#2008 = PCURVE('',#1143,#2009);
#2009 = DEFINITIONAL_REPRESENTATION('',(#2010),#2014);
#2010 = LINE('',#2011,#2012);
#2011 = CARTESIAN_POINT('',(-6.540737725976,6.540737725976));
#2012 = VECTOR('',#2013,1.);
#2013 = DIRECTION('',(-0.707106781187,-0.707106781187));
#2014 = ( GEOMETRIC_REPRESENTATION_CONTEXT(2) 
PARAMETRIC_REPRESENTATION_CONTEXT() REPRESENTATION_CONTEXT('2D SPACE',''
  ) );
#2015 = PCURVE('',#1734,#2016);
#2016 = DEFINITIONAL_REPRESENTATION('',(#2017),#2021);
#2017 = LINE('',#2018,#2019);
#2018 = CARTESIAN_POINT('',(-0.,0.));
#2019 = VECTOR('',#2020,1.);
#2020 = DIRECTION('',(-1.,-5.551115123126E-17));
#2021 = ( GEOMETRIC_REPRESENTATION_CONTEXT(2) 
PARAMETRIC_REPRESENTATION_CONTEXT() REPRESENTATION_CONTEXT('2D SPACE',''
  ) );
#2022 = FACE_BOUND('',#2023,.F.);
#2023 = EDGE_LOOP('',(#2024,#2025,#2026));
#2024 = ORIENTED_EDGE('',*,*,#1211,.T.);
#2025 = ORIENTED_EDGE('',*,*,#1129,.T.);
#2026 = ORIENTED_EDGE('',*,*,#1183,.T.);
#2027 = ADVANCED_FACE('',(#2028,#2104),#1296,.T.);
#2028 = FACE_BOUND('',#2029,.F.);
#2029 = EDGE_LOOP('',(#2030,#2060,#2083));
#2030 = ORIENTED_EDGE('',*,*,#2031,.T.);
#2031 = EDGE_CURVE('',#2032,#2034,#2036,.T.);
#2032 = VERTEX_POINT('',#2033);
#2033 = CARTESIAN_POINT('',(131.90347768962,23.19354575397,
    22.540737725976));
#2034 = VERTEX_POINT('',#2035);
#2035 = CARTESIAN_POINT('',(143.89085424147,28.430701795575,
    22.540737725976));
#2036 = SURFACE_CURVE('',#2037,(#2042,#2053),.PCURVE_S1.);
#2037 = CIRCLE('',#2038,9.25);
#2038 = AXIS2_PLACEMENT_3D('',#2039,#2040,#2041);
#2039 = CARTESIAN_POINT('',(137.89716596554,25.812123774772,16.));
#2040 = DIRECTION('',(0.400349032557,-0.916362729562,0.));
#2041 = DIRECTION('',(-0.6479663001,-0.283089515762,0.707106781187));
#2042 = PCURVE('',#1296,#2043);
#2043 = DEFINITIONAL_REPRESENTATION('',(#2044),#2052);
#2044 = ( BOUNDED_CURVE() B_SPLINE_CURVE(2,(#2045,#2046,#2047,#2048,
#2049,#2050,#2051),.UNSPECIFIED.,.T.,.F.) B_SPLINE_CURVE_WITH_KNOTS((1,2
    ,2,2,2,1),(-2.094395102393,0.,2.094395102393,4.188790204786,
6.28318530718,8.377580409573),.UNSPECIFIED.) CURVE() 
GEOMETRIC_REPRESENTATION_ITEM() RATIONAL_B_SPLINE_CURVE((1.,0.5,1.,0.5,
1.,0.5,1.)) REPRESENTATION_ITEM('') );
#2045 = CARTESIAN_POINT('',(-6.540737725976,6.540737725976));
#2046 = CARTESIAN_POINT('',(4.788152334397,17.869627786348));
#2047 = CARTESIAN_POINT('',(8.934813893174,2.394076167198));
#2048 = CARTESIAN_POINT('',(13.081475451951,-13.08147545195));
#2049 = CARTESIAN_POINT('',(-2.394076167198,-8.934813893174));
#2050 = CARTESIAN_POINT('',(-17.86962778634,-4.788152334397));
#2051 = CARTESIAN_POINT('',(-6.540737725976,6.540737725976));
#2052 = ( GEOMETRIC_REPRESENTATION_CONTEXT(2) 
PARAMETRIC_REPRESENTATION_CONTEXT() REPRESENTATION_CONTEXT('2D SPACE',''
  ) );
#2053 = PCURVE('',#1417,#2054);
#2054 = DEFINITIONAL_REPRESENTATION('',(#2055),#2059);
#2055 = LINE('',#2056,#2057);
#2056 = CARTESIAN_POINT('',(2.356194490192,0.));
#2057 = VECTOR('',#2058,1.);
#2058 = DIRECTION('',(1.,0.));
#2059 = ( GEOMETRIC_REPRESENTATION_CONTEXT(2) 
PARAMETRIC_REPRESENTATION_CONTEXT() REPRESENTATION_CONTEXT('2D SPACE',''
  ) );
#2060 = ORIENTED_EDGE('',*,*,#2061,.F.);
#2061 = EDGE_CURVE('',#2062,#2034,#2064,.T.);
#2062 = VERTEX_POINT('',#2063);
#2063 = CARTESIAN_POINT('',(137.89716596554,25.812123774772,
    29.081475451951));
#2064 = SURFACE_CURVE('',#2065,(#2069,#2076),.PCURVE_S1.);
#2065 = LINE('',#2066,#2067);
#2066 = CARTESIAN_POINT('',(137.89716596554,25.812123774772,
    29.081475451951));
#2067 = VECTOR('',#2068,1.);
#2068 = DIRECTION('',(0.6479663001,0.283089515762,-0.707106781187));
#2069 = PCURVE('',#1296,#2070);
#2070 = DEFINITIONAL_REPRESENTATION('',(#2071),#2075);
#2071 = LINE('',#2072,#2073);
#2072 = CARTESIAN_POINT('',(-13.08147545195,-1.602018704036E-15));
#2073 = VECTOR('',#2074,1.);
#2074 = DIRECTION('',(0.707106781187,-0.707106781187));
#2075 = ( GEOMETRIC_REPRESENTATION_CONTEXT(2) 
PARAMETRIC_REPRESENTATION_CONTEXT() REPRESENTATION_CONTEXT('2D SPACE',''
  ) );
#2076 = PCURVE('',#1472,#2077);
#2077 = DEFINITIONAL_REPRESENTATION('',(#2078),#2082);
#2078 = LINE('',#2079,#2080);
#2079 = CARTESIAN_POINT('',(-0.,0.));
#2080 = VECTOR('',#2081,1.);
#2081 = DIRECTION('',(-1.,0.));
#2082 = ( GEOMETRIC_REPRESENTATION_CONTEXT(2) 
PARAMETRIC_REPRESENTATION_CONTEXT() REPRESENTATION_CONTEXT('2D SPACE',''
  ) );
#2083 = ORIENTED_EDGE('',*,*,#2084,.F.);
#2084 = EDGE_CURVE('',#2032,#2062,#2085,.T.);
#2085 = SURFACE_CURVE('',#2086,(#2090,#2097),.PCURVE_S1.);
#2086 = LINE('',#2087,#2088);
#2087 = CARTESIAN_POINT('',(131.90347768962,23.19354575397,
    22.540737725976));
#2088 = VECTOR('',#2089,1.);
#2089 = DIRECTION('',(0.6479663001,0.283089515762,0.707106781187));
#2090 = PCURVE('',#1296,#2091);
#2091 = DEFINITIONAL_REPRESENTATION('',(#2092),#2096);
#2092 = LINE('',#2093,#2094);
#2093 = CARTESIAN_POINT('',(-6.540737725976,6.540737725976));
#2094 = VECTOR('',#2095,1.);
#2095 = DIRECTION('',(-0.707106781187,-0.707106781187));
#2096 = ( GEOMETRIC_REPRESENTATION_CONTEXT(2) 
PARAMETRIC_REPRESENTATION_CONTEXT() REPRESENTATION_CONTEXT('2D SPACE',''
  ) );
#2097 = PCURVE('',#1498,#2098);
#2098 = DEFINITIONAL_REPRESENTATION('',(#2099),#2103);
#2099 = LINE('',#2100,#2101);
#2100 = CARTESIAN_POINT('',(-0.,0.));
#2101 = VECTOR('',#2102,1.);
#2102 = DIRECTION('',(-1.,0.));
#2103 = ( GEOMETRIC_REPRESENTATION_CONTEXT(2) 
PARAMETRIC_REPRESENTATION_CONTEXT() REPRESENTATION_CONTEXT('2D SPACE',''
  ) );
#2104 = FACE_BOUND('',#2105,.F.);
#2105 = EDGE_LOOP('',(#2106,#2107,#2108));
#2106 = ORIENTED_EDGE('',*,*,#1364,.T.);
#2107 = ORIENTED_EDGE('',*,*,#1282,.T.);
#2108 = ORIENTED_EDGE('',*,*,#1336,.T.);
#2109 = ADVANCED_FACE('',(#2110),#1417,.F.);
#2110 = FACE_BOUND('',#2111,.F.);
#2111 = EDGE_LOOP('',(#2112,#2113,#2134,#2135));
#2112 = ORIENTED_EDGE('',*,*,#2031,.F.);
#2113 = ORIENTED_EDGE('',*,*,#2114,.T.);
#2114 = EDGE_CURVE('',#2032,#1397,#2115,.T.);
#2115 = SURFACE_CURVE('',#2116,(#2120,#2127),.PCURVE_S1.);
#2116 = LINE('',#2117,#2118);
#2117 = CARTESIAN_POINT('',(131.90347768962,23.19354575397,
    22.540737725976));
#2118 = VECTOR('',#2119,1.);
#2119 = DIRECTION('',(-0.400349032557,0.916362729562,0.));
#2120 = PCURVE('',#1417,#2121);
#2121 = DEFINITIONAL_REPRESENTATION('',(#2122),#2126);
#2122 = LINE('',#2123,#2124);
#2123 = CARTESIAN_POINT('',(2.356194490192,0.));
#2124 = VECTOR('',#2125,1.);
#2125 = DIRECTION('',(0.,-1.));
#2126 = ( GEOMETRIC_REPRESENTATION_CONTEXT(2) 
PARAMETRIC_REPRESENTATION_CONTEXT() REPRESENTATION_CONTEXT('2D SPACE',''
  ) );
#2127 = PCURVE('',#1498,#2128);
#2128 = DEFINITIONAL_REPRESENTATION('',(#2129),#2133);
#2129 = LINE('',#2130,#2131);
#2130 = CARTESIAN_POINT('',(-0.,0.));
#2131 = VECTOR('',#2132,1.);
#2132 = DIRECTION('',(-0.,-1.));
#2133 = ( GEOMETRIC_REPRESENTATION_CONTEXT(2) 
PARAMETRIC_REPRESENTATION_CONTEXT() REPRESENTATION_CONTEXT('2D SPACE',''
  ) );
#2134 = ORIENTED_EDGE('',*,*,#1394,.F.);
#2135 = ORIENTED_EDGE('',*,*,#2136,.F.);
#2136 = EDGE_CURVE('',#2034,#1395,#2137,.T.);
#2137 = SURFACE_CURVE('',#2138,(#2142,#2149),.PCURVE_S1.);
#2138 = LINE('',#2139,#2140);
#2139 = CARTESIAN_POINT('',(143.89085424147,28.430701795575,
    22.540737725976));
#2140 = VECTOR('',#2141,1.);
#2141 = DIRECTION('',(-0.400349032557,0.916362729562,0.));
#2142 = PCURVE('',#1417,#2143);
#2143 = DEFINITIONAL_REPRESENTATION('',(#2144),#2148);
#2144 = LINE('',#2145,#2146);
#2145 = CARTESIAN_POINT('',(7.068583470577,0.));
#2146 = VECTOR('',#2147,1.);
#2147 = DIRECTION('',(0.,-1.));
#2148 = ( GEOMETRIC_REPRESENTATION_CONTEXT(2) 
PARAMETRIC_REPRESENTATION_CONTEXT() REPRESENTATION_CONTEXT('2D SPACE',''
  ) );
#2149 = PCURVE('',#1472,#2150);
#2150 = DEFINITIONAL_REPRESENTATION('',(#2151),#2155);
#2151 = LINE('',#2152,#2153);
#2152 = CARTESIAN_POINT('',(-9.25,-2.6645352591E-15));
#2153 = VECTOR('',#2154,1.);
#2154 = DIRECTION('',(-0.,-1.));
#2155 = ( GEOMETRIC_REPRESENTATION_CONTEXT(2) 
PARAMETRIC_REPRESENTATION_CONTEXT() REPRESENTATION_CONTEXT('2D SPACE',''
  ) );
#2156 = ADVANCED_FACE('',(#2157),#1472,.F.);
#2157 = FACE_BOUND('',#2158,.T.);
#2158 = EDGE_LOOP('',(#2159,#2160,#2181,#2182));
#2159 = ORIENTED_EDGE('',*,*,#2061,.F.);
#2160 = ORIENTED_EDGE('',*,*,#2161,.T.);
#2161 = EDGE_CURVE('',#2062,#1457,#2162,.T.);
#2162 = SURFACE_CURVE('',#2163,(#2167,#2174),.PCURVE_S1.);
#2163 = LINE('',#2164,#2165);
#2164 = CARTESIAN_POINT('',(137.89716596554,25.812123774772,
    29.081475451951));
#2165 = VECTOR('',#2166,1.);
#2166 = DIRECTION('',(-0.400349032557,0.916362729562,0.));
#2167 = PCURVE('',#1472,#2168);
#2168 = DEFINITIONAL_REPRESENTATION('',(#2169),#2173);
#2169 = LINE('',#2170,#2171);
#2170 = CARTESIAN_POINT('',(-0.,0.));
#2171 = VECTOR('',#2172,1.);
#2172 = DIRECTION('',(-0.,-1.));
#2173 = ( GEOMETRIC_REPRESENTATION_CONTEXT(2) 
PARAMETRIC_REPRESENTATION_CONTEXT() REPRESENTATION_CONTEXT('2D SPACE',''
  ) );
#2174 = PCURVE('',#1498,#2175);
#2175 = DEFINITIONAL_REPRESENTATION('',(#2176),#2180);
#2176 = LINE('',#2177,#2178);
#2177 = CARTESIAN_POINT('',(-9.25,1.199040866595E-14));
#2178 = VECTOR('',#2179,1.);
#2179 = DIRECTION('',(-0.,-1.));
#2180 = ( GEOMETRIC_REPRESENTATION_CONTEXT(2) 
PARAMETRIC_REPRESENTATION_CONTEXT() REPRESENTATION_CONTEXT('2D SPACE',''
  ) );
#2181 = ORIENTED_EDGE('',*,*,#1456,.T.);
#2182 = ORIENTED_EDGE('',*,*,#2136,.F.);
#2183 = ADVANCED_FACE('',(#2184),#1498,.F.);
#2184 = FACE_BOUND('',#2185,.T.);
#2185 = EDGE_LOOP('',(#2186,#2187,#2188,#2189));
#2186 = ORIENTED_EDGE('',*,*,#2084,.F.);
#2187 = ORIENTED_EDGE('',*,*,#2114,.T.);
#2188 = ORIENTED_EDGE('',*,*,#1484,.T.);
#2189 = ORIENTED_EDGE('',*,*,#2161,.F.);
#2190 = ADVANCED_FACE('',(#2191),#1535,.F.);
#2191 = FACE_BOUND('',#2192,.F.);
#2192 = EDGE_LOOP('',(#2193,#2194,#2215,#2216));
#2193 = ORIENTED_EDGE('',*,*,#1867,.F.);
#2194 = ORIENTED_EDGE('',*,*,#2195,.T.);
#2195 = EDGE_CURVE('',#1868,#1515,#2196,.T.);
#2196 = SURFACE_CURVE('',#2197,(#2201,#2208),.PCURVE_S1.);
#2197 = LINE('',#2198,#2199);
#2198 = CARTESIAN_POINT('',(224.4561133754,63.628798042216,
    22.540737725976));
#2199 = VECTOR('',#2200,1.);
#2200 = DIRECTION('',(-0.400349032557,0.916362729562,0.));
#2201 = PCURVE('',#1535,#2202);
#2202 = DEFINITIONAL_REPRESENTATION('',(#2203),#2207);
#2203 = LINE('',#2204,#2205);
#2204 = CARTESIAN_POINT('',(2.356194490192,0.));
#2205 = VECTOR('',#2206,1.);
#2206 = DIRECTION('',(0.,-1.));
#2207 = ( GEOMETRIC_REPRESENTATION_CONTEXT(2) 
PARAMETRIC_REPRESENTATION_CONTEXT() REPRESENTATION_CONTEXT('2D SPACE',''
  ) );
#2208 = PCURVE('',#1616,#2209);
#2209 = DEFINITIONAL_REPRESENTATION('',(#2210),#2214);
#2210 = LINE('',#2211,#2212);
#2211 = CARTESIAN_POINT('',(-0.,0.));
#2212 = VECTOR('',#2213,1.);
#2213 = DIRECTION('',(-2.775557561563E-17,-1.));
#2214 = ( GEOMETRIC_REPRESENTATION_CONTEXT(2) 
PARAMETRIC_REPRESENTATION_CONTEXT() REPRESENTATION_CONTEXT('2D SPACE',''
  ) );
#2215 = ORIENTED_EDGE('',*,*,#1512,.F.);
#2216 = ORIENTED_EDGE('',*,*,#2217,.F.);
#2217 = EDGE_CURVE('',#1870,#1513,#2218,.T.);
#2218 = SURFACE_CURVE('',#2219,(#2223,#2230),.PCURVE_S1.);
#2219 = LINE('',#2220,#2221);
#2220 = CARTESIAN_POINT('',(236.44348992725,68.865954083821,
    22.540737725976));
#2221 = VECTOR('',#2222,1.);
#2222 = DIRECTION('',(-0.400349032557,0.916362729562,0.));
#2223 = PCURVE('',#1535,#2224);
#2224 = DEFINITIONAL_REPRESENTATION('',(#2225),#2229);
#2225 = LINE('',#2226,#2227);
#2226 = CARTESIAN_POINT('',(7.068583470577,0.));
#2227 = VECTOR('',#2228,1.);
#2228 = DIRECTION('',(0.,-1.));
#2229 = ( GEOMETRIC_REPRESENTATION_CONTEXT(2) 
PARAMETRIC_REPRESENTATION_CONTEXT() REPRESENTATION_CONTEXT('2D SPACE',''
  ) );
#2230 = PCURVE('',#1590,#2231);
#2231 = DEFINITIONAL_REPRESENTATION('',(#2232),#2236);
#2232 = LINE('',#2233,#2234);
#2233 = CARTESIAN_POINT('',(-9.25,-1.376676550535E-14));
#2234 = VECTOR('',#2235,1.);
#2235 = DIRECTION('',(-0.,-1.));
#2236 = ( GEOMETRIC_REPRESENTATION_CONTEXT(2) 
PARAMETRIC_REPRESENTATION_CONTEXT() REPRESENTATION_CONTEXT('2D SPACE',''
  ) );
#2237 = ADVANCED_FACE('',(#2238),#1616,.F.);
#2238 = FACE_BOUND('',#2239,.T.);
#2239 = EDGE_LOOP('',(#2240,#2241,#2242,#2243));
#2240 = ORIENTED_EDGE('',*,*,#1920,.F.);
#2241 = ORIENTED_EDGE('',*,*,#2195,.T.);
#2242 = ORIENTED_EDGE('',*,*,#1602,.T.);
#2243 = ORIENTED_EDGE('',*,*,#2244,.F.);
#2244 = EDGE_CURVE('',#1898,#1575,#2245,.T.);
#2245 = SURFACE_CURVE('',#2246,(#2250,#2257),.PCURVE_S1.);
#2246 = LINE('',#2247,#2248);
#2247 = CARTESIAN_POINT('',(230.44980165133,66.247376063019,
    29.081475451951));
#2248 = VECTOR('',#2249,1.);
#2249 = DIRECTION('',(-0.400349032557,0.916362729562,0.));
#2250 = PCURVE('',#1616,#2251);
#2251 = DEFINITIONAL_REPRESENTATION('',(#2252),#2256);
#2252 = LINE('',#2253,#2254);
#2253 = CARTESIAN_POINT('',(-9.25,1.554312234475E-14));
#2254 = VECTOR('',#2255,1.);
#2255 = DIRECTION('',(-2.775557561563E-17,-1.));
#2256 = ( GEOMETRIC_REPRESENTATION_CONTEXT(2) 
PARAMETRIC_REPRESENTATION_CONTEXT() REPRESENTATION_CONTEXT('2D SPACE',''
  ) );
#2257 = PCURVE('',#1590,#2258);
#2258 = DEFINITIONAL_REPRESENTATION('',(#2259),#2263);
#2259 = LINE('',#2260,#2261);
#2260 = CARTESIAN_POINT('',(-0.,0.));
#2261 = VECTOR('',#2262,1.);
#2262 = DIRECTION('',(-0.,-1.));
#2263 = ( GEOMETRIC_REPRESENTATION_CONTEXT(2) 
PARAMETRIC_REPRESENTATION_CONTEXT() REPRESENTATION_CONTEXT('2D SPACE',''
  ) );
#2264 = ADVANCED_FACE('',(#2265),#1590,.F.);
#2265 = FACE_BOUND('',#2266,.T.);
#2266 = EDGE_LOOP('',(#2267,#2268,#2269,#2270));
#2267 = ORIENTED_EDGE('',*,*,#1897,.F.);
#2268 = ORIENTED_EDGE('',*,*,#2244,.T.);
#2269 = ORIENTED_EDGE('',*,*,#1574,.T.);
#2270 = ORIENTED_EDGE('',*,*,#2217,.F.);
#2271 = ADVANCED_FACE('',(#2272),#1653,.F.);
#2272 = FACE_BOUND('',#2273,.F.);
#2273 = EDGE_LOOP('',(#2274,#2275,#2296,#2297));
#2274 = ORIENTED_EDGE('',*,*,#1949,.F.);
#2275 = ORIENTED_EDGE('',*,*,#2276,.T.);
#2276 = EDGE_CURVE('',#1950,#1633,#2277,.T.);
#2277 = SURFACE_CURVE('',#2278,(#2282,#2289),.PCURVE_S1.);
#2278 = LINE('',#2279,#2280);
#2279 = CARTESIAN_POINT('',(178.63797689729,43.611346414371,
    22.540737725976));
#2280 = VECTOR('',#2281,1.);
#2281 = DIRECTION('',(-0.400349032557,0.916362729562,0.));
#2282 = PCURVE('',#1653,#2283);
#2283 = DEFINITIONAL_REPRESENTATION('',(#2284),#2288);
#2284 = LINE('',#2285,#2286);
#2285 = CARTESIAN_POINT('',(2.356194490192,0.));
#2286 = VECTOR('',#2287,1.);
#2287 = DIRECTION('',(0.,-1.));
#2288 = ( GEOMETRIC_REPRESENTATION_CONTEXT(2) 
PARAMETRIC_REPRESENTATION_CONTEXT() REPRESENTATION_CONTEXT('2D SPACE',''
  ) );
#2289 = PCURVE('',#1734,#2290);
#2290 = DEFINITIONAL_REPRESENTATION('',(#2291),#2295);
#2291 = LINE('',#2292,#2293);
#2292 = CARTESIAN_POINT('',(-0.,0.));
#2293 = VECTOR('',#2294,1.);
#2294 = DIRECTION('',(-2.775557561563E-17,-1.));
#2295 = ( GEOMETRIC_REPRESENTATION_CONTEXT(2) 
PARAMETRIC_REPRESENTATION_CONTEXT() REPRESENTATION_CONTEXT('2D SPACE',''
  ) );
#2296 = ORIENTED_EDGE('',*,*,#1630,.F.);
#2297 = ORIENTED_EDGE('',*,*,#2298,.F.);
#2298 = EDGE_CURVE('',#1952,#1631,#2299,.T.);
#2299 = SURFACE_CURVE('',#2300,(#2304,#2311),.PCURVE_S1.);
#2300 = LINE('',#2301,#2302);
#2301 = CARTESIAN_POINT('',(190.62535344914,48.848502455977,
    22.540737725976));
#2302 = VECTOR('',#2303,1.);
#2303 = DIRECTION('',(-0.400349032557,0.916362729562,0.));
#2304 = PCURVE('',#1653,#2305);
#2305 = DEFINITIONAL_REPRESENTATION('',(#2306),#2310);
#2306 = LINE('',#2307,#2308);
#2307 = CARTESIAN_POINT('',(7.068583470577,0.));
#2308 = VECTOR('',#2309,1.);
#2309 = DIRECTION('',(0.,-1.));
#2310 = ( GEOMETRIC_REPRESENTATION_CONTEXT(2) 
PARAMETRIC_REPRESENTATION_CONTEXT() REPRESENTATION_CONTEXT('2D SPACE',''
  ) );
#2311 = PCURVE('',#1708,#2312);
#2312 = DEFINITIONAL_REPRESENTATION('',(#2313),#2317);
#2313 = LINE('',#2314,#2315);
#2314 = CARTESIAN_POINT('',(-9.25,-2.6645352591E-15));
#2315 = VECTOR('',#2316,1.);
#2316 = DIRECTION('',(-0.,-1.));
#2317 = ( GEOMETRIC_REPRESENTATION_CONTEXT(2) 
PARAMETRIC_REPRESENTATION_CONTEXT() REPRESENTATION_CONTEXT('2D SPACE',''
  ) );
#2318 = ADVANCED_FACE('',(#2319),#1708,.F.);
#2319 = FACE_BOUND('',#2320,.T.);
#2320 = EDGE_LOOP('',(#2321,#2322,#2343,#2344));
#2321 = ORIENTED_EDGE('',*,*,#1979,.F.);
#2322 = ORIENTED_EDGE('',*,*,#2323,.T.);
#2323 = EDGE_CURVE('',#1980,#1693,#2324,.T.);
#2324 = SURFACE_CURVE('',#2325,(#2329,#2336),.PCURVE_S1.);
#2325 = LINE('',#2326,#2327);
#2326 = CARTESIAN_POINT('',(184.63166517322,46.229924435174,
    29.081475451951));
#2327 = VECTOR('',#2328,1.);
#2328 = DIRECTION('',(-0.400349032557,0.916362729562,0.));
#2329 = PCURVE('',#1708,#2330);
#2330 = DEFINITIONAL_REPRESENTATION('',(#2331),#2335);
#2331 = LINE('',#2332,#2333);
#2332 = CARTESIAN_POINT('',(-0.,0.));
#2333 = VECTOR('',#2334,1.);
#2334 = DIRECTION('',(-0.,-1.));
#2335 = ( GEOMETRIC_REPRESENTATION_CONTEXT(2) 
PARAMETRIC_REPRESENTATION_CONTEXT() REPRESENTATION_CONTEXT('2D SPACE',''
  ) );
#2336 = PCURVE('',#1734,#2337);
#2337 = DEFINITIONAL_REPRESENTATION('',(#2338),#2342);
#2338 = LINE('',#2339,#2340);
#2339 = CARTESIAN_POINT('',(-9.25,-2.6645352591E-15));
#2340 = VECTOR('',#2341,1.);
#2341 = DIRECTION('',(-2.775557561563E-17,-1.));
#2342 = ( GEOMETRIC_REPRESENTATION_CONTEXT(2) 
PARAMETRIC_REPRESENTATION_CONTEXT() REPRESENTATION_CONTEXT('2D SPACE',''
  ) );
#2343 = ORIENTED_EDGE('',*,*,#1692,.T.);
#2344 = ORIENTED_EDGE('',*,*,#2298,.F.);
#2345 = ADVANCED_FACE('',(#2346),#1734,.F.);
#2346 = FACE_BOUND('',#2347,.T.);
#2347 = EDGE_LOOP('',(#2348,#2349,#2350,#2351));
#2348 = ORIENTED_EDGE('',*,*,#2002,.F.);
#2349 = ORIENTED_EDGE('',*,*,#2276,.T.);
#2350 = ORIENTED_EDGE('',*,*,#1720,.T.);
#2351 = ORIENTED_EDGE('',*,*,#2323,.F.);
#2352 = ADVANCED_FACE('',(#2353),#1788,.T.);
#2353 = FACE_BOUND('',#2354,.T.);
#2354 = EDGE_LOOP('',(#2355));
#2355 = ORIENTED_EDGE('',*,*,#1773,.F.);
#2356 = ADVANCED_FACE('',(#2357),#1847,.T.);
#2357 = FACE_BOUND('',#2358,.T.);
#2358 = EDGE_LOOP('',(#2359));
#2359 = ORIENTED_EDGE('',*,*,#1832,.F.);
#2360 = ( GEOMETRIC_REPRESENTATION_CONTEXT(3) 
GLOBAL_UNCERTAINTY_ASSIGNED_CONTEXT((#2364)) 
GLOBAL_UNIT_ASSIGNED_CONTEXT((#2361,#2362,#2363)) REPRESENTATION_CONTEXT
('Context #1','3D Context with UNIT and UNCERTAINTY') );
#2361 = ( LENGTH_UNIT() NAMED_UNIT(*) SI_UNIT(.MILLI.,.METRE.) );
#2362 = ( NAMED_UNIT(*) PLANE_ANGLE_UNIT() SI_UNIT($,.RADIAN.) );
#2363 = ( NAMED_UNIT(*) SI_UNIT($,.STERADIAN.) SOLID_ANGLE_UNIT() );
#2364 = UNCERTAINTY_MEASURE_WITH_UNIT(LENGTH_MEASURE(1.E-07),#2361,
  'distance_accuracy_value','confusion accuracy');
#2365 = CONTEXT_DEPENDENT_SHAPE_REPRESENTATION(#2366,#2368);
#2366 = ( REPRESENTATION_RELATIONSHIP('','',#36,#10) 
REPRESENTATION_RELATIONSHIP_WITH_TRANSFORMATION(#2367) 
SHAPE_REPRESENTATION_RELATIONSHIP() );
#2367 = ITEM_DEFINED_TRANSFORMATION('','',#11,#15);
#2368 = PRODUCT_DEFINITION_SHAPE('Placement','Placement of an item',
  #2369);
#2369 = NEXT_ASSEMBLY_USAGE_OCCURRENCE('6',
  'whole_body_100_percent_modifier','',#5,#31,$);
#2370 = PRODUCT_RELATED_PRODUCT_CATEGORY('part',$,(#33));
#2371 = CONTEXT_DEPENDENT_SHAPE_REPRESENTATION(#2372,#2374);
#2372 = ( REPRESENTATION_RELATIONSHIP('','',#36,#10) 
REPRESENTATION_RELATIONSHIP_WITH_TRANSFORMATION(#2373) 
SHAPE_REPRESENTATION_RELATIONSHIP() );
#2373 = ITEM_DEFINED_TRANSFORMATION('','',#11,#19);
#2374 = PRODUCT_DEFINITION_SHAPE('Placement','Placement of an item',
  #2375);
#2375 = NEXT_ASSEMBLY_USAGE_OCCURRENCE('7','','',#5,#31,$);
ENDSEC;
END-ISO-10303-21;
