ISO-10303-21;
HEADER;
FILE_DESCRIPTION(('Open CASCADE Model'),'2;1');
FILE_NAME('Open CASCADE Shape Model','2026-09-12T16:26:51',('Author'),(
    'Open CASCADE'),'Open CASCADE STEP processor 7.8','Open CASCADE 7.8'
  ,'Unknown');
FILE_SCHEMA(('AUTOMOTIVE_DESIGN { 1 0 10303 214 1 1 1 1 }'));
ENDSEC;
DATA;
#1 = APPLICATION_PROTOCOL_DEFINITION('international standard',
  'automotive_design',2000,#2);
#2 = APPLICATION_CONTEXT(
  'core data for automotive mechanical design processes');
#3 = SHAPE_DEFINITION_REPRESENTATION(#4,#10);
#4 = PRODUCT_DEFINITION_SHAPE('','',#5);
#5 = PRODUCT_DEFINITION('design','',#6,#9);
#6 = PRODUCT_DEFINITION_FORMATION('','',#7);
#7 = PRODUCT('Open CASCADE STEP translator 7.8 6',
  'Open CASCADE STEP translator 7.8 6','',(#8));
#8 = PRODUCT_CONTEXT('',#2,'mechanical');
#9 = PRODUCT_DEFINITION_CONTEXT('part definition',#2,'design');
#10 = ADVANCED_BREP_SHAPE_REPRESENTATION('',(#11,#15),#2494);
#11 = AXIS2_PLACEMENT_3D('',#12,#13,#14);
#12 = CARTESIAN_POINT('',(0.,0.,0.));
#13 = DIRECTION('',(0.,0.,1.));
#14 = DIRECTION('',(1.,0.,-0.));
#15 = MANIFOLD_SOLID_BREP('',#16);
#16 = CLOSED_SHELL('',(#17,#137,#530,#635,#735,#785,#834,#928,#955,#1031
    ,#1080,#1108,#1184,#1234,#1261,#1337,#1387,#1414,#1511,#1518,#1879,
    #1961,#2043,#2125,#2184,#2243,#2290,#2317,#2324,#2371,#2398,#2405,
    #2452,#2479,#2486,#2490));
#17 = ADVANCED_FACE('',(#18),#32,.F.);
#18 = FACE_BOUND('',#19,.T.);
#19 = EDGE_LOOP('',(#20,#55,#83,#111));
#20 = ORIENTED_EDGE('',*,*,#21,.F.);
#21 = EDGE_CURVE('',#22,#24,#26,.T.);
#22 = VERTEX_POINT('',#23);
#23 = CARTESIAN_POINT('',(0.,-12.,-32.));
#24 = VERTEX_POINT('',#25);
#25 = CARTESIAN_POINT('',(0.,-12.,32.));
#26 = SURFACE_CURVE('',#27,(#31,#43),.PCURVE_S1.);
#27 = LINE('',#28,#29);
#28 = CARTESIAN_POINT('',(0.,-12.,-32.));
#29 = VECTOR('',#30,1.);
#30 = DIRECTION('',(-0.,-0.,1.));
#31 = PCURVE('',#32,#37);
#32 = PLANE('',#33);
#33 = AXIS2_PLACEMENT_3D('',#34,#35,#36);
#34 = CARTESIAN_POINT('',(0.,-12.,32.));
#35 = DIRECTION('',(-0.,1.,-0.));
#36 = DIRECTION('',(-1.,0.,0.));
#37 = DEFINITIONAL_REPRESENTATION('',(#38),#42);
#38 = LINE('',#39,#40);
#39 = CARTESIAN_POINT('',(-0.,-64.));
#40 = VECTOR('',#41,1.);
#41 = DIRECTION('',(-0.,1.));
#42 = ( GEOMETRIC_REPRESENTATION_CONTEXT(2) 
PARAMETRIC_REPRESENTATION_CONTEXT() REPRESENTATION_CONTEXT('2D SPACE',''
  ) );
#43 = PCURVE('',#44,#49);
#44 = PLANE('',#45);
#45 = AXIS2_PLACEMENT_3D('',#46,#47,#48);
#46 = CARTESIAN_POINT('',(0.,145.,32.));
#47 = DIRECTION('',(1.,-0.,-0.));
#48 = DIRECTION('',(0.,1.,0.));
#49 = DEFINITIONAL_REPRESENTATION('',(#50),#54);
#50 = LINE('',#51,#52);
#51 = CARTESIAN_POINT('',(-157.,-64.));
#52 = VECTOR('',#53,1.);
#53 = DIRECTION('',(-0.,1.));
#54 = ( GEOMETRIC_REPRESENTATION_CONTEXT(2) 
PARAMETRIC_REPRESENTATION_CONTEXT() REPRESENTATION_CONTEXT('2D SPACE',''
  ) );
#55 = ORIENTED_EDGE('',*,*,#56,.T.);
#56 = EDGE_CURVE('',#22,#57,#59,.T.);
#57 = VERTEX_POINT('',#58);
#58 = CARTESIAN_POINT('',(260.,-12.,-32.));
#59 = SURFACE_CURVE('',#60,(#64,#71),.PCURVE_S1.);
#60 = LINE('',#61,#62);
#61 = CARTESIAN_POINT('',(0.,-12.,-32.));
#62 = VECTOR('',#63,1.);
#63 = DIRECTION('',(1.,0.,-0.));
#64 = PCURVE('',#32,#65);
#65 = DEFINITIONAL_REPRESENTATION('',(#66),#70);
#66 = LINE('',#67,#68);
#67 = CARTESIAN_POINT('',(-0.,-64.));
#68 = VECTOR('',#69,1.);
#69 = DIRECTION('',(-1.,0.));
#70 = ( GEOMETRIC_REPRESENTATION_CONTEXT(2) 
PARAMETRIC_REPRESENTATION_CONTEXT() REPRESENTATION_CONTEXT('2D SPACE',''
  ) );
#71 = PCURVE('',#72,#77);
#72 = PLANE('',#73);
#73 = AXIS2_PLACEMENT_3D('',#74,#75,#76);
#74 = CARTESIAN_POINT('',(0.,-12.,-32.));
#75 = DIRECTION('',(-0.,-0.,-1.));
#76 = DIRECTION('',(-1.,0.,0.));
#77 = DEFINITIONAL_REPRESENTATION('',(#78),#82);
#78 = LINE('',#79,#80);
#79 = CARTESIAN_POINT('',(-0.,0.));
#80 = VECTOR('',#81,1.);
#81 = DIRECTION('',(-1.,0.));
#82 = ( GEOMETRIC_REPRESENTATION_CONTEXT(2) 
PARAMETRIC_REPRESENTATION_CONTEXT() REPRESENTATION_CONTEXT('2D SPACE',''
  ) );
#83 = ORIENTED_EDGE('',*,*,#84,.F.);
#84 = EDGE_CURVE('',#85,#57,#87,.T.);
#85 = VERTEX_POINT('',#86);
#86 = CARTESIAN_POINT('',(260.,-12.,32.));
#87 = SURFACE_CURVE('',#88,(#92,#99),.PCURVE_S1.);
#88 = LINE('',#89,#90);
#89 = CARTESIAN_POINT('',(260.,-12.,32.));
#90 = VECTOR('',#91,1.);
#91 = DIRECTION('',(-0.,-0.,-1.));
#92 = PCURVE('',#32,#93);
#93 = DEFINITIONAL_REPRESENTATION('',(#94),#98);
#94 = LINE('',#95,#96);
#95 = CARTESIAN_POINT('',(-260.,0.));
#96 = VECTOR('',#97,1.);
#97 = DIRECTION('',(-0.,-1.));
#98 = ( GEOMETRIC_REPRESENTATION_CONTEXT(2) 
PARAMETRIC_REPRESENTATION_CONTEXT() REPRESENTATION_CONTEXT('2D SPACE',''
  ) );
#99 = PCURVE('',#100,#105);
#100 = PLANE('',#101);
#101 = AXIS2_PLACEMENT_3D('',#102,#103,#104);
#102 = CARTESIAN_POINT('',(260.,-12.,32.));
#103 = DIRECTION('',(-1.,-0.,-0.));
#104 = DIRECTION('',(0.,-1.,0.));
#105 = DEFINITIONAL_REPRESENTATION('',(#106),#110);
#106 = LINE('',#107,#108);
#107 = CARTESIAN_POINT('',(-0.,0.));
#108 = VECTOR('',#109,1.);
#109 = DIRECTION('',(-0.,-1.));
#110 = ( GEOMETRIC_REPRESENTATION_CONTEXT(2) 
PARAMETRIC_REPRESENTATION_CONTEXT() REPRESENTATION_CONTEXT('2D SPACE',''
  ) );
#111 = ORIENTED_EDGE('',*,*,#112,.F.);
#112 = EDGE_CURVE('',#24,#85,#113,.T.);
#113 = SURFACE_CURVE('',#114,(#118,#125),.PCURVE_S1.);
#114 = LINE('',#115,#116);
#115 = CARTESIAN_POINT('',(0.,-12.,32.));
#116 = VECTOR('',#117,1.);
#117 = DIRECTION('',(1.,-0.,-0.));
#118 = PCURVE('',#32,#119);
#119 = DEFINITIONAL_REPRESENTATION('',(#120),#124);
#120 = LINE('',#121,#122);
#121 = CARTESIAN_POINT('',(-0.,0.));
#122 = VECTOR('',#123,1.);
#123 = DIRECTION('',(-1.,0.));
#124 = ( GEOMETRIC_REPRESENTATION_CONTEXT(2) 
PARAMETRIC_REPRESENTATION_CONTEXT() REPRESENTATION_CONTEXT('2D SPACE',''
  ) );
#125 = PCURVE('',#126,#131);
#126 = PLANE('',#127);
#127 = AXIS2_PLACEMENT_3D('',#128,#129,#130);
#128 = CARTESIAN_POINT('',(106.73034602746,42.416736589502,32.));
#129 = DIRECTION('',(-0.,-0.,-1.));
#130 = DIRECTION('',(-1.,0.,0.));
#131 = DEFINITIONAL_REPRESENTATION('',(#132),#136);
#132 = LINE('',#133,#134);
#133 = CARTESIAN_POINT('',(106.73034602746,-54.4167365895));
#134 = VECTOR('',#135,1.);
#135 = DIRECTION('',(-1.,0.));
#136 = ( GEOMETRIC_REPRESENTATION_CONTEXT(2) 
PARAMETRIC_REPRESENTATION_CONTEXT() REPRESENTATION_CONTEXT('2D SPACE',''
  ) );
#137 = ADVANCED_FACE('',(#138,#269,#356,#443),#44,.F.);
#138 = FACE_BOUND('',#139,.T.);
#139 = EDGE_LOOP('',(#140,#170,#198,#226,#247,#248));
#140 = ORIENTED_EDGE('',*,*,#141,.T.);
#141 = EDGE_CURVE('',#142,#144,#146,.T.);
#142 = VERTEX_POINT('',#143);
#143 = CARTESIAN_POINT('',(0.,145.,32.));
#144 = VERTEX_POINT('',#145);
#145 = CARTESIAN_POINT('',(0.,145.,0.));
#146 = SURFACE_CURVE('',#147,(#151,#158),.PCURVE_S1.);
#147 = LINE('',#148,#149);
#148 = CARTESIAN_POINT('',(0.,145.,32.));
#149 = VECTOR('',#150,1.);
#150 = DIRECTION('',(-0.,-0.,-1.));
#151 = PCURVE('',#44,#152);
#152 = DEFINITIONAL_REPRESENTATION('',(#153),#157);
#153 = LINE('',#154,#155);
#154 = CARTESIAN_POINT('',(0.,-0.));
#155 = VECTOR('',#156,1.);
#156 = DIRECTION('',(-0.,-1.));
#157 = ( GEOMETRIC_REPRESENTATION_CONTEXT(2) 
PARAMETRIC_REPRESENTATION_CONTEXT() REPRESENTATION_CONTEXT('2D SPACE',''
  ) );
#158 = PCURVE('',#159,#164);
#159 = PLANE('',#160);
#160 = AXIS2_PLACEMENT_3D('',#161,#162,#163);
#161 = CARTESIAN_POINT('',(12.,145.,32.));
#162 = DIRECTION('',(-0.,-1.,-0.));
#163 = DIRECTION('',(1.,0.,0.));
#164 = DEFINITIONAL_REPRESENTATION('',(#165),#169);
#165 = LINE('',#166,#167);
#166 = CARTESIAN_POINT('',(-12.,0.));
#167 = VECTOR('',#168,1.);
#168 = DIRECTION('',(-0.,-1.));
#169 = ( GEOMETRIC_REPRESENTATION_CONTEXT(2) 
PARAMETRIC_REPRESENTATION_CONTEXT() REPRESENTATION_CONTEXT('2D SPACE',''
  ) );
#170 = ORIENTED_EDGE('',*,*,#171,.T.);
#171 = EDGE_CURVE('',#144,#172,#174,.T.);
#172 = VERTEX_POINT('',#173);
#173 = CARTESIAN_POINT('',(0.,6.,0.));
#174 = SURFACE_CURVE('',#175,(#179,#186),.PCURVE_S1.);
#175 = LINE('',#176,#177);
#176 = CARTESIAN_POINT('',(0.,145.,0.));
#177 = VECTOR('',#178,1.);
#178 = DIRECTION('',(-0.,-1.,-0.));
#179 = PCURVE('',#44,#180);
#180 = DEFINITIONAL_REPRESENTATION('',(#181),#185);
#181 = LINE('',#182,#183);
#182 = CARTESIAN_POINT('',(-0.,-32.));
#183 = VECTOR('',#184,1.);
#184 = DIRECTION('',(-1.,0.));
#185 = ( GEOMETRIC_REPRESENTATION_CONTEXT(2) 
PARAMETRIC_REPRESENTATION_CONTEXT() REPRESENTATION_CONTEXT('2D SPACE',''
  ) );
#186 = PCURVE('',#187,#192);
#187 = PLANE('',#188);
#188 = AXIS2_PLACEMENT_3D('',#189,#190,#191);
#189 = CARTESIAN_POINT('',(106.73034602746,42.416736589502,0.));
#190 = DIRECTION('',(-0.,-0.,-1.));
#191 = DIRECTION('',(-1.,0.,0.));
#192 = DEFINITIONAL_REPRESENTATION('',(#193),#197);
#193 = LINE('',#194,#195);
#194 = CARTESIAN_POINT('',(106.73034602746,102.58326341049));
#195 = VECTOR('',#196,1.);
#196 = DIRECTION('',(-0.,-1.));
#197 = ( GEOMETRIC_REPRESENTATION_CONTEXT(2) 
PARAMETRIC_REPRESENTATION_CONTEXT() REPRESENTATION_CONTEXT('2D SPACE',''
  ) );
#198 = ORIENTED_EDGE('',*,*,#199,.T.);
#199 = EDGE_CURVE('',#172,#200,#202,.T.);
#200 = VERTEX_POINT('',#201);
#201 = CARTESIAN_POINT('',(0.,6.,-32.));
#202 = SURFACE_CURVE('',#203,(#207,#214),.PCURVE_S1.);
#203 = LINE('',#204,#205);
#204 = CARTESIAN_POINT('',(0.,6.,0.));
#205 = VECTOR('',#206,1.);
#206 = DIRECTION('',(0.,-0.,-1.));
#207 = PCURVE('',#44,#208);
#208 = DEFINITIONAL_REPRESENTATION('',(#209),#213);
#209 = LINE('',#210,#211);
#210 = CARTESIAN_POINT('',(-139.,-32.));
#211 = VECTOR('',#212,1.);
#212 = DIRECTION('',(-0.,-1.));
#213 = ( GEOMETRIC_REPRESENTATION_CONTEXT(2) 
PARAMETRIC_REPRESENTATION_CONTEXT() REPRESENTATION_CONTEXT('2D SPACE',''
  ) );
#214 = PCURVE('',#215,#220);
#215 = PLANE('',#216);
#216 = AXIS2_PLACEMENT_3D('',#217,#218,#219);
#217 = CARTESIAN_POINT('',(0.,6.,0.));
#218 = DIRECTION('',(-0.,1.,0.));
#219 = DIRECTION('',(0.,0.,1.));
#220 = DEFINITIONAL_REPRESENTATION('',(#221),#225);
#221 = LINE('',#222,#223);
#222 = CARTESIAN_POINT('',(0.,-0.));
#223 = VECTOR('',#224,1.);
#224 = DIRECTION('',(-1.,0.));
#225 = ( GEOMETRIC_REPRESENTATION_CONTEXT(2) 
PARAMETRIC_REPRESENTATION_CONTEXT() REPRESENTATION_CONTEXT('2D SPACE',''
  ) );
#226 = ORIENTED_EDGE('',*,*,#227,.F.);
#227 = EDGE_CURVE('',#22,#200,#228,.T.);
#228 = SURFACE_CURVE('',#229,(#233,#240),.PCURVE_S1.);
#229 = LINE('',#230,#231);
#230 = CARTESIAN_POINT('',(0.,-12.,-32.));
#231 = VECTOR('',#232,1.);
#232 = DIRECTION('',(-0.,1.,-0.));
#233 = PCURVE('',#44,#234);
#234 = DEFINITIONAL_REPRESENTATION('',(#235),#239);
#235 = LINE('',#236,#237);
#236 = CARTESIAN_POINT('',(-157.,-64.));
#237 = VECTOR('',#238,1.);
#238 = DIRECTION('',(1.,-0.));
#239 = ( GEOMETRIC_REPRESENTATION_CONTEXT(2) 
PARAMETRIC_REPRESENTATION_CONTEXT() REPRESENTATION_CONTEXT('2D SPACE',''
  ) );
#240 = PCURVE('',#72,#241);
#241 = DEFINITIONAL_REPRESENTATION('',(#242),#246);
#242 = LINE('',#243,#244);
#243 = CARTESIAN_POINT('',(-0.,0.));
#244 = VECTOR('',#245,1.);
#245 = DIRECTION('',(-0.,1.));
#246 = ( GEOMETRIC_REPRESENTATION_CONTEXT(2) 
PARAMETRIC_REPRESENTATION_CONTEXT() REPRESENTATION_CONTEXT('2D SPACE',''
  ) );
#247 = ORIENTED_EDGE('',*,*,#21,.T.);
#248 = ORIENTED_EDGE('',*,*,#249,.F.);
#249 = EDGE_CURVE('',#142,#24,#250,.T.);
#250 = SURFACE_CURVE('',#251,(#255,#262),.PCURVE_S1.);
#251 = LINE('',#252,#253);
#252 = CARTESIAN_POINT('',(0.,145.,32.));
#253 = VECTOR('',#254,1.);
#254 = DIRECTION('',(-0.,-1.,-0.));
#255 = PCURVE('',#44,#256);
#256 = DEFINITIONAL_REPRESENTATION('',(#257),#261);
#257 = LINE('',#258,#259);
#258 = CARTESIAN_POINT('',(0.,-0.));
#259 = VECTOR('',#260,1.);
#260 = DIRECTION('',(-1.,0.));
#261 = ( GEOMETRIC_REPRESENTATION_CONTEXT(2) 
PARAMETRIC_REPRESENTATION_CONTEXT() REPRESENTATION_CONTEXT('2D SPACE',''
  ) );
#262 = PCURVE('',#126,#263);
#263 = DEFINITIONAL_REPRESENTATION('',(#264),#268);
#264 = LINE('',#265,#266);
#265 = CARTESIAN_POINT('',(106.73034602746,102.58326341049));
#266 = VECTOR('',#267,1.);
#267 = DIRECTION('',(-0.,-1.));
#268 = ( GEOMETRIC_REPRESENTATION_CONTEXT(2) 
PARAMETRIC_REPRESENTATION_CONTEXT() REPRESENTATION_CONTEXT('2D SPACE',''
  ) );
#269 = FACE_BOUND('',#270,.T.);
#270 = EDGE_LOOP('',(#271,#301,#330));
#271 = ORIENTED_EDGE('',*,*,#272,.F.);
#272 = EDGE_CURVE('',#273,#275,#277,.T.);
#273 = VERTEX_POINT('',#274);
#274 = CARTESIAN_POINT('',(0.,127.29809703885,13.701902961144));
#275 = VERTEX_POINT('',#276);
#276 = CARTESIAN_POINT('',(0.,125.,11.403805922287));
#277 = SURFACE_CURVE('',#278,(#282,#289),.PCURVE_S1.);
#278 = LINE('',#279,#280);
#279 = CARTESIAN_POINT('',(1.110223024625E-16,135.14904851942,
    21.552854441716));
#280 = VECTOR('',#281,1.);
#281 = DIRECTION('',(-0.,-0.707106781187,-0.707106781187));
#282 = PCURVE('',#44,#283);
#283 = DEFINITIONAL_REPRESENTATION('',(#284),#288);
#284 = LINE('',#285,#286);
#285 = CARTESIAN_POINT('',(-9.850951480572,-10.44714555828));
#286 = VECTOR('',#287,1.);
#287 = DIRECTION('',(-0.707106781187,-0.707106781187));
#288 = ( GEOMETRIC_REPRESENTATION_CONTEXT(2) 
PARAMETRIC_REPRESENTATION_CONTEXT() REPRESENTATION_CONTEXT('2D SPACE',''
  ) );
#289 = PCURVE('',#290,#295);
#290 = PLANE('',#291);
#291 = AXIS2_PLACEMENT_3D('',#292,#293,#294);
#292 = CARTESIAN_POINT('',(-1.,125.,11.403805922287));
#293 = DIRECTION('',(-0.,0.707106781187,-0.707106781187));
#294 = DIRECTION('',(0.,-0.707106781187,-0.707106781187));
#295 = DEFINITIONAL_REPRESENTATION('',(#296),#300);
#296 = LINE('',#297,#298);
#297 = CARTESIAN_POINT('',(-14.35292206135,-1.));
#298 = VECTOR('',#299,1.);
#299 = DIRECTION('',(1.,-0.));
#300 = ( GEOMETRIC_REPRESENTATION_CONTEXT(2) 
PARAMETRIC_REPRESENTATION_CONTEXT() REPRESENTATION_CONTEXT('2D SPACE',''
  ) );
#301 = ORIENTED_EDGE('',*,*,#302,.T.);
#302 = EDGE_CURVE('',#273,#303,#305,.T.);
#303 = VERTEX_POINT('',#304);
#304 = CARTESIAN_POINT('',(0.,122.70190296114,13.701902961144));
#305 = SURFACE_CURVE('',#306,(#311,#318),.PCURVE_S1.);
#306 = CIRCLE('',#307,3.25);
#307 = AXIS2_PLACEMENT_3D('',#308,#309,#310);
#308 = CARTESIAN_POINT('',(0.,125.,16.));
#309 = DIRECTION('',(1.,0.,0.));
#310 = DIRECTION('',(-0.,1.,-0.));
#311 = PCURVE('',#44,#312);
#312 = DEFINITIONAL_REPRESENTATION('',(#313),#317);
#313 = CIRCLE('',#314,3.25);
#314 = AXIS2_PLACEMENT_2D('',#315,#316);
#315 = CARTESIAN_POINT('',(-20.,-16.));
#316 = DIRECTION('',(1.,-0.));
#317 = ( GEOMETRIC_REPRESENTATION_CONTEXT(2) 
PARAMETRIC_REPRESENTATION_CONTEXT() REPRESENTATION_CONTEXT('2D SPACE',''
  ) );
#318 = PCURVE('',#319,#324);
#319 = CYLINDRICAL_SURFACE('',#320,3.25);
#320 = AXIS2_PLACEMENT_3D('',#321,#322,#323);
#321 = CARTESIAN_POINT('',(-1.,125.,16.));
#322 = DIRECTION('',(-1.,-0.,0.));
#323 = DIRECTION('',(-0.,1.,-0.));
#324 = DEFINITIONAL_REPRESENTATION('',(#325),#329);
#325 = LINE('',#326,#327);
#326 = CARTESIAN_POINT('',(12.566370614359,-1.));
#327 = VECTOR('',#328,1.);
#328 = DIRECTION('',(-1.,0.));
#329 = ( GEOMETRIC_REPRESENTATION_CONTEXT(2) 
PARAMETRIC_REPRESENTATION_CONTEXT() REPRESENTATION_CONTEXT('2D SPACE',''
  ) );
#330 = ORIENTED_EDGE('',*,*,#331,.F.);
#331 = EDGE_CURVE('',#275,#303,#332,.T.);
#332 = SURFACE_CURVE('',#333,(#337,#344),.PCURVE_S1.);
#333 = LINE('',#334,#335);
#334 = CARTESIAN_POINT('',(1.110223024625E-16,123.70190296114,
    12.701902961144));
#335 = VECTOR('',#336,1.);
#336 = DIRECTION('',(0.,-0.707106781187,0.707106781187));
#337 = PCURVE('',#44,#338);
#338 = DEFINITIONAL_REPRESENTATION('',(#339),#343);
#339 = LINE('',#340,#341);
#340 = CARTESIAN_POINT('',(-21.29809703885,-19.29809703885));
#341 = VECTOR('',#342,1.);
#342 = DIRECTION('',(-0.707106781187,0.707106781187));
#343 = ( GEOMETRIC_REPRESENTATION_CONTEXT(2) 
PARAMETRIC_REPRESENTATION_CONTEXT() REPRESENTATION_CONTEXT('2D SPACE',''
  ) );
#344 = PCURVE('',#345,#350);
#345 = PLANE('',#346);
#346 = AXIS2_PLACEMENT_3D('',#347,#348,#349);
#347 = CARTESIAN_POINT('',(-1.,122.70190296114,13.701902961144));
#348 = DIRECTION('',(-0.,-0.707106781187,-0.707106781187));
#349 = DIRECTION('',(0.,-0.707106781187,0.707106781187));
#350 = DEFINITIONAL_REPRESENTATION('',(#351),#355);
#351 = LINE('',#352,#353);
#352 = CARTESIAN_POINT('',(-1.414213562373,-1.));
#353 = VECTOR('',#354,1.);
#354 = DIRECTION('',(1.,-0.));
#355 = ( GEOMETRIC_REPRESENTATION_CONTEXT(2) 
PARAMETRIC_REPRESENTATION_CONTEXT() REPRESENTATION_CONTEXT('2D SPACE',''
  ) );
#356 = FACE_BOUND('',#357,.T.);
#357 = EDGE_LOOP('',(#358,#388,#417));
#358 = ORIENTED_EDGE('',*,*,#359,.F.);
#359 = EDGE_CURVE('',#360,#362,#364,.T.);
#360 = VERTEX_POINT('',#361);
#361 = CARTESIAN_POINT('',(0.,77.298097038856,13.701902961144));
#362 = VERTEX_POINT('',#363);
#363 = CARTESIAN_POINT('',(0.,75.,11.403805922287));
#364 = SURFACE_CURVE('',#365,(#369,#376),.PCURVE_S1.);
#365 = LINE('',#366,#367);
#366 = CARTESIAN_POINT('',(1.110223024625E-16,97.649048519428,
    34.052854441716));
#367 = VECTOR('',#368,1.);
#368 = DIRECTION('',(-0.,-0.707106781187,-0.707106781187));
#369 = PCURVE('',#44,#370);
#370 = DEFINITIONAL_REPRESENTATION('',(#371),#375);
#371 = LINE('',#372,#373);
#372 = CARTESIAN_POINT('',(-47.35095148057,2.052854441716));
#373 = VECTOR('',#374,1.);
#374 = DIRECTION('',(-0.707106781187,-0.707106781187));
#375 = ( GEOMETRIC_REPRESENTATION_CONTEXT(2) 
PARAMETRIC_REPRESENTATION_CONTEXT() REPRESENTATION_CONTEXT('2D SPACE',''
  ) );
#376 = PCURVE('',#377,#382);
#377 = PLANE('',#378);
#378 = AXIS2_PLACEMENT_3D('',#379,#380,#381);
#379 = CARTESIAN_POINT('',(-1.,75.,11.403805922287));
#380 = DIRECTION('',(-0.,0.707106781187,-0.707106781187));
#381 = DIRECTION('',(0.,-0.707106781187,-0.707106781187));
#382 = DEFINITIONAL_REPRESENTATION('',(#383),#387);
#383 = LINE('',#384,#385);
#384 = CARTESIAN_POINT('',(-32.03059159102,-1.));
#385 = VECTOR('',#386,1.);
#386 = DIRECTION('',(1.,-0.));
#387 = ( GEOMETRIC_REPRESENTATION_CONTEXT(2) 
PARAMETRIC_REPRESENTATION_CONTEXT() REPRESENTATION_CONTEXT('2D SPACE',''
  ) );
#388 = ORIENTED_EDGE('',*,*,#389,.T.);
#389 = EDGE_CURVE('',#360,#390,#392,.T.);
#390 = VERTEX_POINT('',#391);
#391 = CARTESIAN_POINT('',(0.,72.701902961144,13.701902961144));
#392 = SURFACE_CURVE('',#393,(#398,#405),.PCURVE_S1.);
#393 = CIRCLE('',#394,3.25);
#394 = AXIS2_PLACEMENT_3D('',#395,#396,#397);
#395 = CARTESIAN_POINT('',(0.,75.,16.));
#396 = DIRECTION('',(1.,0.,0.));
#397 = DIRECTION('',(-0.,1.,-0.));
#398 = PCURVE('',#44,#399);
#399 = DEFINITIONAL_REPRESENTATION('',(#400),#404);
#400 = CIRCLE('',#401,3.25);
#401 = AXIS2_PLACEMENT_2D('',#402,#403);
#402 = CARTESIAN_POINT('',(-70.,-16.));
#403 = DIRECTION('',(1.,-0.));
#404 = ( GEOMETRIC_REPRESENTATION_CONTEXT(2) 
PARAMETRIC_REPRESENTATION_CONTEXT() REPRESENTATION_CONTEXT('2D SPACE',''
  ) );
#405 = PCURVE('',#406,#411);
#406 = CYLINDRICAL_SURFACE('',#407,3.25);
#407 = AXIS2_PLACEMENT_3D('',#408,#409,#410);
#408 = CARTESIAN_POINT('',(-1.,75.,16.));
#409 = DIRECTION('',(-1.,-0.,0.));
#410 = DIRECTION('',(-0.,1.,-0.));
#411 = DEFINITIONAL_REPRESENTATION('',(#412),#416);
#412 = LINE('',#413,#414);
#413 = CARTESIAN_POINT('',(12.566370614359,-1.));
#414 = VECTOR('',#415,1.);
#415 = DIRECTION('',(-1.,0.));
#416 = ( GEOMETRIC_REPRESENTATION_CONTEXT(2) 
PARAMETRIC_REPRESENTATION_CONTEXT() REPRESENTATION_CONTEXT('2D SPACE',''
  ) );
#417 = ORIENTED_EDGE('',*,*,#418,.F.);
#418 = EDGE_CURVE('',#362,#390,#419,.T.);
#419 = SURFACE_CURVE('',#420,(#424,#431),.PCURVE_S1.);
#420 = LINE('',#421,#422);
#421 = CARTESIAN_POINT('',(1.110223024625E-16,86.201902961144,
    0.201902961144));
#422 = VECTOR('',#423,1.);
#423 = DIRECTION('',(0.,-0.707106781187,0.707106781187));
#424 = PCURVE('',#44,#425);
#425 = DEFINITIONAL_REPRESENTATION('',(#426),#430);
#426 = LINE('',#427,#428);
#427 = CARTESIAN_POINT('',(-58.79809703885,-31.79809703885));
#428 = VECTOR('',#429,1.);
#429 = DIRECTION('',(-0.707106781187,0.707106781187));
#430 = ( GEOMETRIC_REPRESENTATION_CONTEXT(2) 
PARAMETRIC_REPRESENTATION_CONTEXT() REPRESENTATION_CONTEXT('2D SPACE',''
  ) );
#431 = PCURVE('',#432,#437);
#432 = PLANE('',#433);
#433 = AXIS2_PLACEMENT_3D('',#434,#435,#436);
#434 = CARTESIAN_POINT('',(-1.,72.701902961144,13.701902961144));
#435 = DIRECTION('',(-0.,-0.707106781187,-0.707106781187));
#436 = DIRECTION('',(0.,-0.707106781187,0.707106781187));
#437 = DEFINITIONAL_REPRESENTATION('',(#438),#442);
#438 = LINE('',#439,#440);
#439 = CARTESIAN_POINT('',(-19.09188309203,-1.));
#440 = VECTOR('',#441,1.);
#441 = DIRECTION('',(1.,-0.));
#442 = ( GEOMETRIC_REPRESENTATION_CONTEXT(2) 
PARAMETRIC_REPRESENTATION_CONTEXT() REPRESENTATION_CONTEXT('2D SPACE',''
  ) );
#443 = FACE_BOUND('',#444,.T.);
#444 = EDGE_LOOP('',(#445,#475,#504));
#445 = ORIENTED_EDGE('',*,*,#446,.F.);
#446 = EDGE_CURVE('',#447,#449,#451,.T.);
#447 = VERTEX_POINT('',#448);
#448 = CARTESIAN_POINT('',(0.,26.298097038856,13.701902961144));
#449 = VERTEX_POINT('',#450);
#450 = CARTESIAN_POINT('',(0.,24.,11.403805922287));
#451 = SURFACE_CURVE('',#452,(#456,#463),.PCURVE_S1.);
#452 = LINE('',#453,#454);
#453 = CARTESIAN_POINT('',(1.110223024625E-16,59.399048519428,
    46.802854441716));
#454 = VECTOR('',#455,1.);
#455 = DIRECTION('',(-0.,-0.707106781187,-0.707106781187));
#456 = PCURVE('',#44,#457);
#457 = DEFINITIONAL_REPRESENTATION('',(#458),#462);
#458 = LINE('',#459,#460);
#459 = CARTESIAN_POINT('',(-85.60095148057,14.802854441716));
#460 = VECTOR('',#461,1.);
#461 = DIRECTION('',(-0.707106781187,-0.707106781187));
#462 = ( GEOMETRIC_REPRESENTATION_CONTEXT(2) 
PARAMETRIC_REPRESENTATION_CONTEXT() REPRESENTATION_CONTEXT('2D SPACE',''
  ) );
#463 = PCURVE('',#464,#469);
#464 = PLANE('',#465);
#465 = AXIS2_PLACEMENT_3D('',#466,#467,#468);
#466 = CARTESIAN_POINT('',(-1.,24.,11.403805922287));
#467 = DIRECTION('',(-0.,0.707106781187,-0.707106781187));
#468 = DIRECTION('',(0.,-0.707106781187,-0.707106781187));
#469 = DEFINITIONAL_REPRESENTATION('',(#470),#474);
#470 = LINE('',#471,#472);
#471 = CARTESIAN_POINT('',(-50.06181451127,-1.));
#472 = VECTOR('',#473,1.);
#473 = DIRECTION('',(1.,-0.));
#474 = ( GEOMETRIC_REPRESENTATION_CONTEXT(2) 
PARAMETRIC_REPRESENTATION_CONTEXT() REPRESENTATION_CONTEXT('2D SPACE',''
  ) );
#475 = ORIENTED_EDGE('',*,*,#476,.T.);
#476 = EDGE_CURVE('',#447,#477,#479,.T.);
#477 = VERTEX_POINT('',#478);
#478 = CARTESIAN_POINT('',(0.,21.701902961144,13.701902961144));
#479 = SURFACE_CURVE('',#480,(#485,#492),.PCURVE_S1.);
#480 = CIRCLE('',#481,3.25);
#481 = AXIS2_PLACEMENT_3D('',#482,#483,#484);
#482 = CARTESIAN_POINT('',(0.,24.,16.));
#483 = DIRECTION('',(1.,0.,0.));
#484 = DIRECTION('',(-0.,1.,-0.));
#485 = PCURVE('',#44,#486);
#486 = DEFINITIONAL_REPRESENTATION('',(#487),#491);
#487 = CIRCLE('',#488,3.25);
#488 = AXIS2_PLACEMENT_2D('',#489,#490);
#489 = CARTESIAN_POINT('',(-121.,-16.));
#490 = DIRECTION('',(1.,-0.));
#491 = ( GEOMETRIC_REPRESENTATION_CONTEXT(2) 
PARAMETRIC_REPRESENTATION_CONTEXT() REPRESENTATION_CONTEXT('2D SPACE',''
  ) );
#492 = PCURVE('',#493,#498);
#493 = CYLINDRICAL_SURFACE('',#494,3.25);
#494 = AXIS2_PLACEMENT_3D('',#495,#496,#497);
#495 = CARTESIAN_POINT('',(-1.,24.,16.));
#496 = DIRECTION('',(-1.,-0.,0.));
#497 = DIRECTION('',(-0.,1.,-0.));
#498 = DEFINITIONAL_REPRESENTATION('',(#499),#503);
#499 = LINE('',#500,#501);
#500 = CARTESIAN_POINT('',(12.566370614359,-1.));
#501 = VECTOR('',#502,1.);
#502 = DIRECTION('',(-1.,0.));
#503 = ( GEOMETRIC_REPRESENTATION_CONTEXT(2) 
PARAMETRIC_REPRESENTATION_CONTEXT() REPRESENTATION_CONTEXT('2D SPACE',''
  ) );
#504 = ORIENTED_EDGE('',*,*,#505,.F.);
#505 = EDGE_CURVE('',#449,#477,#506,.T.);
#506 = SURFACE_CURVE('',#507,(#511,#518),.PCURVE_S1.);
#507 = LINE('',#508,#509);
#508 = CARTESIAN_POINT('',(1.110223024625E-16,47.951902961144,
    -12.54809703885));
#509 = VECTOR('',#510,1.);
#510 = DIRECTION('',(0.,-0.707106781187,0.707106781187));
#511 = PCURVE('',#44,#512);
#512 = DEFINITIONAL_REPRESENTATION('',(#513),#517);
#513 = LINE('',#514,#515);
#514 = CARTESIAN_POINT('',(-97.04809703885,-44.54809703885));
#515 = VECTOR('',#516,1.);
#516 = DIRECTION('',(-0.707106781187,0.707106781187));
#517 = ( GEOMETRIC_REPRESENTATION_CONTEXT(2) 
PARAMETRIC_REPRESENTATION_CONTEXT() REPRESENTATION_CONTEXT('2D SPACE',''
  ) );
#518 = PCURVE('',#519,#524);
#519 = PLANE('',#520);
#520 = AXIS2_PLACEMENT_3D('',#521,#522,#523);
#521 = CARTESIAN_POINT('',(-1.,21.701902961144,13.701902961144));
#522 = DIRECTION('',(-0.,-0.707106781187,-0.707106781187));
#523 = DIRECTION('',(0.,-0.707106781187,0.707106781187));
#524 = DEFINITIONAL_REPRESENTATION('',(#525),#529);
#525 = LINE('',#526,#527);
#526 = CARTESIAN_POINT('',(-37.12310601229,-1.));
#527 = VECTOR('',#528,1.);
#528 = DIRECTION('',(1.,-0.));
#529 = ( GEOMETRIC_REPRESENTATION_CONTEXT(2) 
PARAMETRIC_REPRESENTATION_CONTEXT() REPRESENTATION_CONTEXT('2D SPACE',''
  ) );
#530 = ADVANCED_FACE('',(#531),#72,.T.);
#531 = FACE_BOUND('',#532,.F.);
#532 = EDGE_LOOP('',(#533,#534,#535,#558,#586,#614));
#533 = ORIENTED_EDGE('',*,*,#227,.F.);
#534 = ORIENTED_EDGE('',*,*,#56,.T.);
#535 = ORIENTED_EDGE('',*,*,#536,.T.);
#536 = EDGE_CURVE('',#57,#537,#539,.T.);
#537 = VERTEX_POINT('',#538);
#538 = CARTESIAN_POINT('',(260.,0.,-32.));
#539 = SURFACE_CURVE('',#540,(#544,#551),.PCURVE_S1.);
#540 = LINE('',#541,#542);
#541 = CARTESIAN_POINT('',(260.,-12.,-32.));
#542 = VECTOR('',#543,1.);
#543 = DIRECTION('',(-0.,1.,0.));
#544 = PCURVE('',#72,#545);
#545 = DEFINITIONAL_REPRESENTATION('',(#546),#550);
#546 = LINE('',#547,#548);
#547 = CARTESIAN_POINT('',(-260.,0.));
#548 = VECTOR('',#549,1.);
#549 = DIRECTION('',(-0.,1.));
#550 = ( GEOMETRIC_REPRESENTATION_CONTEXT(2) 
PARAMETRIC_REPRESENTATION_CONTEXT() REPRESENTATION_CONTEXT('2D SPACE',''
  ) );
#551 = PCURVE('',#100,#552);
#552 = DEFINITIONAL_REPRESENTATION('',(#553),#557);
#553 = LINE('',#554,#555);
#554 = CARTESIAN_POINT('',(-0.,-64.));
#555 = VECTOR('',#556,1.);
#556 = DIRECTION('',(-1.,0.));
#557 = ( GEOMETRIC_REPRESENTATION_CONTEXT(2) 
PARAMETRIC_REPRESENTATION_CONTEXT() REPRESENTATION_CONTEXT('2D SPACE',''
  ) );
#558 = ORIENTED_EDGE('',*,*,#559,.F.);
#559 = EDGE_CURVE('',#560,#537,#562,.T.);
#560 = VERTEX_POINT('',#561);
#561 = CARTESIAN_POINT('',(10.,0.,-32.));
#562 = SURFACE_CURVE('',#563,(#567,#574),.PCURVE_S1.);
#563 = LINE('',#564,#565);
#564 = CARTESIAN_POINT('',(0.,0.,-32.));
#565 = VECTOR('',#566,1.);
#566 = DIRECTION('',(1.,0.,-0.));
#567 = PCURVE('',#72,#568);
#568 = DEFINITIONAL_REPRESENTATION('',(#569),#573);
#569 = LINE('',#570,#571);
#570 = CARTESIAN_POINT('',(-0.,12.));
#571 = VECTOR('',#572,1.);
#572 = DIRECTION('',(-1.,0.));
#573 = ( GEOMETRIC_REPRESENTATION_CONTEXT(2) 
PARAMETRIC_REPRESENTATION_CONTEXT() REPRESENTATION_CONTEXT('2D SPACE',''
  ) );
#574 = PCURVE('',#575,#580);
#575 = PLANE('',#576);
#576 = AXIS2_PLACEMENT_3D('',#577,#578,#579);
#577 = CARTESIAN_POINT('',(0.,0.,0.));
#578 = DIRECTION('',(-0.,1.,0.));
#579 = DIRECTION('',(0.,0.,1.));
#580 = DEFINITIONAL_REPRESENTATION('',(#581),#585);
#581 = LINE('',#582,#583);
#582 = CARTESIAN_POINT('',(-32.,0.));
#583 = VECTOR('',#584,1.);
#584 = DIRECTION('',(-0.,1.));
#585 = ( GEOMETRIC_REPRESENTATION_CONTEXT(2) 
PARAMETRIC_REPRESENTATION_CONTEXT() REPRESENTATION_CONTEXT('2D SPACE',''
  ) );
#586 = ORIENTED_EDGE('',*,*,#587,.T.);
#587 = EDGE_CURVE('',#560,#588,#590,.T.);
#588 = VERTEX_POINT('',#589);
#589 = CARTESIAN_POINT('',(10.,6.,-32.));
#590 = SURFACE_CURVE('',#591,(#595,#602),.PCURVE_S1.);
#591 = LINE('',#592,#593);
#592 = CARTESIAN_POINT('',(10.,0.,-32.));
#593 = VECTOR('',#594,1.);
#594 = DIRECTION('',(-0.,1.,0.));
#595 = PCURVE('',#72,#596);
#596 = DEFINITIONAL_REPRESENTATION('',(#597),#601);
#597 = LINE('',#598,#599);
#598 = CARTESIAN_POINT('',(-10.,12.));
#599 = VECTOR('',#600,1.);
#600 = DIRECTION('',(-0.,1.));
#601 = ( GEOMETRIC_REPRESENTATION_CONTEXT(2) 
PARAMETRIC_REPRESENTATION_CONTEXT() REPRESENTATION_CONTEXT('2D SPACE',''
  ) );
#602 = PCURVE('',#603,#608);
#603 = PLANE('',#604);
#604 = AXIS2_PLACEMENT_3D('',#605,#606,#607);
#605 = CARTESIAN_POINT('',(10.,0.,0.));
#606 = DIRECTION('',(1.,0.,-0.));
#607 = DIRECTION('',(0.,0.,1.));
#608 = DEFINITIONAL_REPRESENTATION('',(#609),#613);
#609 = LINE('',#610,#611);
#610 = CARTESIAN_POINT('',(-32.,0.));
#611 = VECTOR('',#612,1.);
#612 = DIRECTION('',(-0.,-1.));
#613 = ( GEOMETRIC_REPRESENTATION_CONTEXT(2) 
PARAMETRIC_REPRESENTATION_CONTEXT() REPRESENTATION_CONTEXT('2D SPACE',''
  ) );
#614 = ORIENTED_EDGE('',*,*,#615,.F.);
#615 = EDGE_CURVE('',#200,#588,#616,.T.);
#616 = SURFACE_CURVE('',#617,(#621,#628),.PCURVE_S1.);
#617 = LINE('',#618,#619);
#618 = CARTESIAN_POINT('',(0.,6.,-32.));
#619 = VECTOR('',#620,1.);
#620 = DIRECTION('',(1.,0.,-0.));
#621 = PCURVE('',#72,#622);
#622 = DEFINITIONAL_REPRESENTATION('',(#623),#627);
#623 = LINE('',#624,#625);
#624 = CARTESIAN_POINT('',(-0.,18.));
#625 = VECTOR('',#626,1.);
#626 = DIRECTION('',(-1.,0.));
#627 = ( GEOMETRIC_REPRESENTATION_CONTEXT(2) 
PARAMETRIC_REPRESENTATION_CONTEXT() REPRESENTATION_CONTEXT('2D SPACE',''
  ) );
#628 = PCURVE('',#215,#629);
#629 = DEFINITIONAL_REPRESENTATION('',(#630),#634);
#630 = LINE('',#631,#632);
#631 = CARTESIAN_POINT('',(-32.,0.));
#632 = VECTOR('',#633,1.);
#633 = DIRECTION('',(-0.,1.));
#634 = ( GEOMETRIC_REPRESENTATION_CONTEXT(2) 
PARAMETRIC_REPRESENTATION_CONTEXT() REPRESENTATION_CONTEXT('2D SPACE',''
  ) );
#635 = ADVANCED_FACE('',(#636),#100,.F.);
#636 = FACE_BOUND('',#637,.T.);
#637 = EDGE_LOOP('',(#638,#639,#640,#663,#686,#714));
#638 = ORIENTED_EDGE('',*,*,#84,.T.);
#639 = ORIENTED_EDGE('',*,*,#536,.T.);
#640 = ORIENTED_EDGE('',*,*,#641,.F.);
#641 = EDGE_CURVE('',#642,#537,#644,.T.);
#642 = VERTEX_POINT('',#643);
#643 = CARTESIAN_POINT('',(260.,0.,0.));
#644 = SURFACE_CURVE('',#645,(#649,#656),.PCURVE_S1.);
#645 = LINE('',#646,#647);
#646 = CARTESIAN_POINT('',(260.,0.,0.));
#647 = VECTOR('',#648,1.);
#648 = DIRECTION('',(0.,-0.,-1.));
#649 = PCURVE('',#100,#650);
#650 = DEFINITIONAL_REPRESENTATION('',(#651),#655);
#651 = LINE('',#652,#653);
#652 = CARTESIAN_POINT('',(-12.,-32.));
#653 = VECTOR('',#654,1.);
#654 = DIRECTION('',(-0.,-1.));
#655 = ( GEOMETRIC_REPRESENTATION_CONTEXT(2) 
PARAMETRIC_REPRESENTATION_CONTEXT() REPRESENTATION_CONTEXT('2D SPACE',''
  ) );
#656 = PCURVE('',#575,#657);
#657 = DEFINITIONAL_REPRESENTATION('',(#658),#662);
#658 = LINE('',#659,#660);
#659 = CARTESIAN_POINT('',(0.,260.));
#660 = VECTOR('',#661,1.);
#661 = DIRECTION('',(-1.,0.));
#662 = ( GEOMETRIC_REPRESENTATION_CONTEXT(2) 
PARAMETRIC_REPRESENTATION_CONTEXT() REPRESENTATION_CONTEXT('2D SPACE',''
  ) );
#663 = ORIENTED_EDGE('',*,*,#664,.T.);
#664 = EDGE_CURVE('',#642,#665,#667,.T.);
#665 = VERTEX_POINT('',#666);
#666 = CARTESIAN_POINT('',(260.,12.,0.));
#667 = SURFACE_CURVE('',#668,(#672,#679),.PCURVE_S1.);
#668 = LINE('',#669,#670);
#669 = CARTESIAN_POINT('',(260.,-12.,0.));
#670 = VECTOR('',#671,1.);
#671 = DIRECTION('',(-0.,1.,-0.));
#672 = PCURVE('',#100,#673);
#673 = DEFINITIONAL_REPRESENTATION('',(#674),#678);
#674 = LINE('',#675,#676);
#675 = CARTESIAN_POINT('',(-0.,-32.));
#676 = VECTOR('',#677,1.);
#677 = DIRECTION('',(-1.,0.));
#678 = ( GEOMETRIC_REPRESENTATION_CONTEXT(2) 
PARAMETRIC_REPRESENTATION_CONTEXT() REPRESENTATION_CONTEXT('2D SPACE',''
  ) );
#679 = PCURVE('',#187,#680);
#680 = DEFINITIONAL_REPRESENTATION('',(#681),#685);
#681 = LINE('',#682,#683);
#682 = CARTESIAN_POINT('',(-153.2696539725,-54.4167365895));
#683 = VECTOR('',#684,1.);
#684 = DIRECTION('',(-0.,1.));
#685 = ( GEOMETRIC_REPRESENTATION_CONTEXT(2) 
PARAMETRIC_REPRESENTATION_CONTEXT() REPRESENTATION_CONTEXT('2D SPACE',''
  ) );
#686 = ORIENTED_EDGE('',*,*,#687,.F.);
#687 = EDGE_CURVE('',#688,#665,#690,.T.);
#688 = VERTEX_POINT('',#689);
#689 = CARTESIAN_POINT('',(260.,12.,32.));
#690 = SURFACE_CURVE('',#691,(#695,#702),.PCURVE_S1.);
#691 = LINE('',#692,#693);
#692 = CARTESIAN_POINT('',(260.,12.,32.));
#693 = VECTOR('',#694,1.);
#694 = DIRECTION('',(-0.,-0.,-1.));
#695 = PCURVE('',#100,#696);
#696 = DEFINITIONAL_REPRESENTATION('',(#697),#701);
#697 = LINE('',#698,#699);
#698 = CARTESIAN_POINT('',(-24.,0.));
#699 = VECTOR('',#700,1.);
#700 = DIRECTION('',(-0.,-1.));
#701 = ( GEOMETRIC_REPRESENTATION_CONTEXT(2) 
PARAMETRIC_REPRESENTATION_CONTEXT() REPRESENTATION_CONTEXT('2D SPACE',''
  ) );
#702 = PCURVE('',#703,#708);
#703 = PLANE('',#704);
#704 = AXIS2_PLACEMENT_3D('',#705,#706,#707);
#705 = CARTESIAN_POINT('',(260.,12.,32.));
#706 = DIRECTION('',(-0.472615807516,-0.881268573413,-0.));
#707 = DIRECTION('',(0.881268573413,-0.472615807516,0.));
#708 = DEFINITIONAL_REPRESENTATION('',(#709),#713);
#709 = LINE('',#710,#711);
#710 = CARTESIAN_POINT('',(-0.,0.));
#711 = VECTOR('',#712,1.);
#712 = DIRECTION('',(-0.,-1.));
#713 = ( GEOMETRIC_REPRESENTATION_CONTEXT(2) 
PARAMETRIC_REPRESENTATION_CONTEXT() REPRESENTATION_CONTEXT('2D SPACE',''
  ) );
#714 = ORIENTED_EDGE('',*,*,#715,.F.);
#715 = EDGE_CURVE('',#85,#688,#716,.T.);
#716 = SURFACE_CURVE('',#717,(#721,#728),.PCURVE_S1.);
#717 = LINE('',#718,#719);
#718 = CARTESIAN_POINT('',(260.,-12.,32.));
#719 = VECTOR('',#720,1.);
#720 = DIRECTION('',(-0.,1.,-0.));
#721 = PCURVE('',#100,#722);
#722 = DEFINITIONAL_REPRESENTATION('',(#723),#727);
#723 = LINE('',#724,#725);
#724 = CARTESIAN_POINT('',(-0.,0.));
#725 = VECTOR('',#726,1.);
#726 = DIRECTION('',(-1.,0.));
#727 = ( GEOMETRIC_REPRESENTATION_CONTEXT(2) 
PARAMETRIC_REPRESENTATION_CONTEXT() REPRESENTATION_CONTEXT('2D SPACE',''
  ) );
#728 = PCURVE('',#126,#729);
#729 = DEFINITIONAL_REPRESENTATION('',(#730),#734);
#730 = LINE('',#731,#732);
#731 = CARTESIAN_POINT('',(-153.2696539725,-54.4167365895));
#732 = VECTOR('',#733,1.);
#733 = DIRECTION('',(-0.,1.));
#734 = ( GEOMETRIC_REPRESENTATION_CONTEXT(2) 
PARAMETRIC_REPRESENTATION_CONTEXT() REPRESENTATION_CONTEXT('2D SPACE',''
  ) );
#735 = ADVANCED_FACE('',(#736),#126,.F.);
#736 = FACE_BOUND('',#737,.T.);
#737 = EDGE_LOOP('',(#738,#739,#740,#763,#784));
#738 = ORIENTED_EDGE('',*,*,#112,.T.);
#739 = ORIENTED_EDGE('',*,*,#715,.T.);
#740 = ORIENTED_EDGE('',*,*,#741,.T.);
#741 = EDGE_CURVE('',#688,#742,#744,.T.);
#742 = VERTEX_POINT('',#743);
#743 = CARTESIAN_POINT('',(12.,145.,32.));
#744 = SURFACE_CURVE('',#745,(#749,#756),.PCURVE_S1.);
#745 = LINE('',#746,#747);
#746 = CARTESIAN_POINT('',(260.,12.,32.));
#747 = VECTOR('',#748,1.);
#748 = DIRECTION('',(-0.881268573413,0.472615807516,-0.));
#749 = PCURVE('',#126,#750);
#750 = DEFINITIONAL_REPRESENTATION('',(#751),#755);
#751 = LINE('',#752,#753);
#752 = CARTESIAN_POINT('',(-153.2696539725,-30.4167365895));
#753 = VECTOR('',#754,1.);
#754 = DIRECTION('',(0.881268573413,0.472615807516));
#755 = ( GEOMETRIC_REPRESENTATION_CONTEXT(2) 
PARAMETRIC_REPRESENTATION_CONTEXT() REPRESENTATION_CONTEXT('2D SPACE',''
  ) );
#756 = PCURVE('',#703,#757);
#757 = DEFINITIONAL_REPRESENTATION('',(#758),#762);
#758 = LINE('',#759,#760);
#759 = CARTESIAN_POINT('',(-0.,0.));
#760 = VECTOR('',#761,1.);
#761 = DIRECTION('',(-1.,0.));
#762 = ( GEOMETRIC_REPRESENTATION_CONTEXT(2) 
PARAMETRIC_REPRESENTATION_CONTEXT() REPRESENTATION_CONTEXT('2D SPACE',''
  ) );
#763 = ORIENTED_EDGE('',*,*,#764,.T.);
#764 = EDGE_CURVE('',#742,#142,#765,.T.);
#765 = SURFACE_CURVE('',#766,(#770,#777),.PCURVE_S1.);
#766 = LINE('',#767,#768);
#767 = CARTESIAN_POINT('',(12.,145.,32.));
#768 = VECTOR('',#769,1.);
#769 = DIRECTION('',(-1.,-0.,-0.));
#770 = PCURVE('',#126,#771);
#771 = DEFINITIONAL_REPRESENTATION('',(#772),#776);
#772 = LINE('',#773,#774);
#773 = CARTESIAN_POINT('',(94.730346027469,102.58326341049));
#774 = VECTOR('',#775,1.);
#775 = DIRECTION('',(1.,-0.));
#776 = ( GEOMETRIC_REPRESENTATION_CONTEXT(2) 
PARAMETRIC_REPRESENTATION_CONTEXT() REPRESENTATION_CONTEXT('2D SPACE',''
  ) );
#777 = PCURVE('',#159,#778);
#778 = DEFINITIONAL_REPRESENTATION('',(#779),#783);
#779 = LINE('',#780,#781);
#780 = CARTESIAN_POINT('',(0.,-0.));
#781 = VECTOR('',#782,1.);
#782 = DIRECTION('',(-1.,0.));
#783 = ( GEOMETRIC_REPRESENTATION_CONTEXT(2) 
PARAMETRIC_REPRESENTATION_CONTEXT() REPRESENTATION_CONTEXT('2D SPACE',''
  ) );
#784 = ORIENTED_EDGE('',*,*,#249,.T.);
#785 = ADVANCED_FACE('',(#786),#159,.F.);
#786 = FACE_BOUND('',#787,.T.);
#787 = EDGE_LOOP('',(#788,#811,#832,#833));
#788 = ORIENTED_EDGE('',*,*,#789,.T.);
#789 = EDGE_CURVE('',#742,#790,#792,.T.);
#790 = VERTEX_POINT('',#791);
#791 = CARTESIAN_POINT('',(12.,145.,0.));
#792 = SURFACE_CURVE('',#793,(#797,#804),.PCURVE_S1.);
#793 = LINE('',#794,#795);
#794 = CARTESIAN_POINT('',(12.,145.,32.));
#795 = VECTOR('',#796,1.);
#796 = DIRECTION('',(-0.,-0.,-1.));
#797 = PCURVE('',#159,#798);
#798 = DEFINITIONAL_REPRESENTATION('',(#799),#803);
#799 = LINE('',#800,#801);
#800 = CARTESIAN_POINT('',(0.,-0.));
#801 = VECTOR('',#802,1.);
#802 = DIRECTION('',(-0.,-1.));
#803 = ( GEOMETRIC_REPRESENTATION_CONTEXT(2) 
PARAMETRIC_REPRESENTATION_CONTEXT() REPRESENTATION_CONTEXT('2D SPACE',''
  ) );
#804 = PCURVE('',#703,#805);
#805 = DEFINITIONAL_REPRESENTATION('',(#806),#810);
#806 = LINE('',#807,#808);
#807 = CARTESIAN_POINT('',(-281.4125086061,0.));
#808 = VECTOR('',#809,1.);
#809 = DIRECTION('',(-0.,-1.));
#810 = ( GEOMETRIC_REPRESENTATION_CONTEXT(2) 
PARAMETRIC_REPRESENTATION_CONTEXT() REPRESENTATION_CONTEXT('2D SPACE',''
  ) );
#811 = ORIENTED_EDGE('',*,*,#812,.T.);
#812 = EDGE_CURVE('',#790,#144,#813,.T.);
#813 = SURFACE_CURVE('',#814,(#818,#825),.PCURVE_S1.);
#814 = LINE('',#815,#816);
#815 = CARTESIAN_POINT('',(12.,145.,0.));
#816 = VECTOR('',#817,1.);
#817 = DIRECTION('',(-1.,-0.,-0.));
#818 = PCURVE('',#159,#819);
#819 = DEFINITIONAL_REPRESENTATION('',(#820),#824);
#820 = LINE('',#821,#822);
#821 = CARTESIAN_POINT('',(-0.,-32.));
#822 = VECTOR('',#823,1.);
#823 = DIRECTION('',(-1.,0.));
#824 = ( GEOMETRIC_REPRESENTATION_CONTEXT(2) 
PARAMETRIC_REPRESENTATION_CONTEXT() REPRESENTATION_CONTEXT('2D SPACE',''
  ) );
#825 = PCURVE('',#187,#826);
#826 = DEFINITIONAL_REPRESENTATION('',(#827),#831);
#827 = LINE('',#828,#829);
#828 = CARTESIAN_POINT('',(94.730346027469,102.58326341049));
#829 = VECTOR('',#830,1.);
#830 = DIRECTION('',(1.,-0.));
#831 = ( GEOMETRIC_REPRESENTATION_CONTEXT(2) 
PARAMETRIC_REPRESENTATION_CONTEXT() REPRESENTATION_CONTEXT('2D SPACE',''
  ) );
#832 = ORIENTED_EDGE('',*,*,#141,.F.);
#833 = ORIENTED_EDGE('',*,*,#764,.F.);
#834 = ADVANCED_FACE('',(#835),#187,.T.);
#835 = FACE_BOUND('',#836,.F.);
#836 = EDGE_LOOP('',(#837,#838,#839,#862,#885,#906,#907));
#837 = ORIENTED_EDGE('',*,*,#812,.T.);
#838 = ORIENTED_EDGE('',*,*,#171,.T.);
#839 = ORIENTED_EDGE('',*,*,#840,.T.);
#840 = EDGE_CURVE('',#172,#841,#843,.T.);
#841 = VERTEX_POINT('',#842);
#842 = CARTESIAN_POINT('',(10.,6.,0.));
#843 = SURFACE_CURVE('',#844,(#848,#855),.PCURVE_S1.);
#844 = LINE('',#845,#846);
#845 = CARTESIAN_POINT('',(0.,6.,0.));
#846 = VECTOR('',#847,1.);
#847 = DIRECTION('',(1.,0.,-0.));
#848 = PCURVE('',#187,#849);
#849 = DEFINITIONAL_REPRESENTATION('',(#850),#854);
#850 = LINE('',#851,#852);
#851 = CARTESIAN_POINT('',(106.73034602746,-36.4167365895));
#852 = VECTOR('',#853,1.);
#853 = DIRECTION('',(-1.,0.));
#854 = ( GEOMETRIC_REPRESENTATION_CONTEXT(2) 
PARAMETRIC_REPRESENTATION_CONTEXT() REPRESENTATION_CONTEXT('2D SPACE',''
  ) );
#855 = PCURVE('',#215,#856);
#856 = DEFINITIONAL_REPRESENTATION('',(#857),#861);
#857 = LINE('',#858,#859);
#858 = CARTESIAN_POINT('',(0.,-0.));
#859 = VECTOR('',#860,1.);
#860 = DIRECTION('',(-0.,1.));
#861 = ( GEOMETRIC_REPRESENTATION_CONTEXT(2) 
PARAMETRIC_REPRESENTATION_CONTEXT() REPRESENTATION_CONTEXT('2D SPACE',''
  ) );
#862 = ORIENTED_EDGE('',*,*,#863,.F.);
#863 = EDGE_CURVE('',#864,#841,#866,.T.);
#864 = VERTEX_POINT('',#865);
#865 = CARTESIAN_POINT('',(10.,0.,0.));
#866 = SURFACE_CURVE('',#867,(#871,#878),.PCURVE_S1.);
#867 = LINE('',#868,#869);
#868 = CARTESIAN_POINT('',(10.,0.,0.));
#869 = VECTOR('',#870,1.);
#870 = DIRECTION('',(-0.,1.,0.));
#871 = PCURVE('',#187,#872);
#872 = DEFINITIONAL_REPRESENTATION('',(#873),#877);
#873 = LINE('',#874,#875);
#874 = CARTESIAN_POINT('',(96.730346027469,-42.4167365895));
#875 = VECTOR('',#876,1.);
#876 = DIRECTION('',(-0.,1.));
#877 = ( GEOMETRIC_REPRESENTATION_CONTEXT(2) 
PARAMETRIC_REPRESENTATION_CONTEXT() REPRESENTATION_CONTEXT('2D SPACE',''
  ) );
#878 = PCURVE('',#603,#879);
#879 = DEFINITIONAL_REPRESENTATION('',(#880),#884);
#880 = LINE('',#881,#882);
#881 = CARTESIAN_POINT('',(-0.,-0.));
#882 = VECTOR('',#883,1.);
#883 = DIRECTION('',(-0.,-1.));
#884 = ( GEOMETRIC_REPRESENTATION_CONTEXT(2) 
PARAMETRIC_REPRESENTATION_CONTEXT() REPRESENTATION_CONTEXT('2D SPACE',''
  ) );
#885 = ORIENTED_EDGE('',*,*,#886,.T.);
#886 = EDGE_CURVE('',#864,#642,#887,.T.);
#887 = SURFACE_CURVE('',#888,(#892,#899),.PCURVE_S1.);
#888 = LINE('',#889,#890);
#889 = CARTESIAN_POINT('',(0.,0.,0.));
#890 = VECTOR('',#891,1.);
#891 = DIRECTION('',(1.,0.,-0.));
#892 = PCURVE('',#187,#893);
#893 = DEFINITIONAL_REPRESENTATION('',(#894),#898);
#894 = LINE('',#895,#896);
#895 = CARTESIAN_POINT('',(106.73034602746,-42.4167365895));
#896 = VECTOR('',#897,1.);
#897 = DIRECTION('',(-1.,0.));
#898 = ( GEOMETRIC_REPRESENTATION_CONTEXT(2) 
PARAMETRIC_REPRESENTATION_CONTEXT() REPRESENTATION_CONTEXT('2D SPACE',''
  ) );
#899 = PCURVE('',#575,#900);
#900 = DEFINITIONAL_REPRESENTATION('',(#901),#905);
#901 = LINE('',#902,#903);
#902 = CARTESIAN_POINT('',(0.,-0.));
#903 = VECTOR('',#904,1.);
#904 = DIRECTION('',(-0.,1.));
#905 = ( GEOMETRIC_REPRESENTATION_CONTEXT(2) 
PARAMETRIC_REPRESENTATION_CONTEXT() REPRESENTATION_CONTEXT('2D SPACE',''
  ) );
#906 = ORIENTED_EDGE('',*,*,#664,.T.);
#907 = ORIENTED_EDGE('',*,*,#908,.T.);
#908 = EDGE_CURVE('',#665,#790,#909,.T.);
#909 = SURFACE_CURVE('',#910,(#914,#921),.PCURVE_S1.);
#910 = LINE('',#911,#912);
#911 = CARTESIAN_POINT('',(260.,12.,0.));
#912 = VECTOR('',#913,1.);
#913 = DIRECTION('',(-0.881268573413,0.472615807516,-0.));
#914 = PCURVE('',#187,#915);
#915 = DEFINITIONAL_REPRESENTATION('',(#916),#920);
#916 = LINE('',#917,#918);
#917 = CARTESIAN_POINT('',(-153.2696539725,-30.4167365895));
#918 = VECTOR('',#919,1.);
#919 = DIRECTION('',(0.881268573413,0.472615807516));
#920 = ( GEOMETRIC_REPRESENTATION_CONTEXT(2) 
PARAMETRIC_REPRESENTATION_CONTEXT() REPRESENTATION_CONTEXT('2D SPACE',''
  ) );
#921 = PCURVE('',#703,#922);
#922 = DEFINITIONAL_REPRESENTATION('',(#923),#927);
#923 = LINE('',#924,#925);
#924 = CARTESIAN_POINT('',(-0.,-32.));
#925 = VECTOR('',#926,1.);
#926 = DIRECTION('',(-1.,0.));
#927 = ( GEOMETRIC_REPRESENTATION_CONTEXT(2) 
PARAMETRIC_REPRESENTATION_CONTEXT() REPRESENTATION_CONTEXT('2D SPACE',''
  ) );
#928 = ADVANCED_FACE('',(#929),#215,.T.);
#929 = FACE_BOUND('',#930,.F.);
#930 = EDGE_LOOP('',(#931,#932,#933,#934));
#931 = ORIENTED_EDGE('',*,*,#840,.F.);
#932 = ORIENTED_EDGE('',*,*,#199,.T.);
#933 = ORIENTED_EDGE('',*,*,#615,.T.);
#934 = ORIENTED_EDGE('',*,*,#935,.F.);
#935 = EDGE_CURVE('',#841,#588,#936,.T.);
#936 = SURFACE_CURVE('',#937,(#941,#948),.PCURVE_S1.);
#937 = LINE('',#938,#939);
#938 = CARTESIAN_POINT('',(10.,6.,0.));
#939 = VECTOR('',#940,1.);
#940 = DIRECTION('',(0.,-0.,-1.));
#941 = PCURVE('',#215,#942);
#942 = DEFINITIONAL_REPRESENTATION('',(#943),#947);
#943 = LINE('',#944,#945);
#944 = CARTESIAN_POINT('',(0.,10.));
#945 = VECTOR('',#946,1.);
#946 = DIRECTION('',(-1.,0.));
#947 = ( GEOMETRIC_REPRESENTATION_CONTEXT(2) 
PARAMETRIC_REPRESENTATION_CONTEXT() REPRESENTATION_CONTEXT('2D SPACE',''
  ) );
#948 = PCURVE('',#603,#949);
#949 = DEFINITIONAL_REPRESENTATION('',(#950),#954);
#950 = LINE('',#951,#952);
#951 = CARTESIAN_POINT('',(-0.,-6.));
#952 = VECTOR('',#953,1.);
#953 = DIRECTION('',(-1.,0.));
#954 = ( GEOMETRIC_REPRESENTATION_CONTEXT(2) 
PARAMETRIC_REPRESENTATION_CONTEXT() REPRESENTATION_CONTEXT('2D SPACE',''
  ) );
#955 = ADVANCED_FACE('',(#956),#290,.F.);
#956 = FACE_BOUND('',#957,.T.);
#957 = EDGE_LOOP('',(#958,#981,#982,#1005));
#958 = ORIENTED_EDGE('',*,*,#959,.F.);
#959 = EDGE_CURVE('',#273,#960,#962,.T.);
#960 = VERTEX_POINT('',#961);
#961 = CARTESIAN_POINT('',(8.,127.29809703885,13.701902961144));
#962 = SURFACE_CURVE('',#963,(#967,#974),.PCURVE_S1.);
#963 = LINE('',#964,#965);
#964 = CARTESIAN_POINT('',(-1.,127.29809703885,13.701902961144));
#965 = VECTOR('',#966,1.);
#966 = DIRECTION('',(1.,-0.,-0.));
#967 = PCURVE('',#290,#968);
#968 = DEFINITIONAL_REPRESENTATION('',(#969),#973);
#969 = LINE('',#970,#971);
#970 = CARTESIAN_POINT('',(-3.25,0.));
#971 = VECTOR('',#972,1.);
#972 = DIRECTION('',(-0.,-1.));
#973 = ( GEOMETRIC_REPRESENTATION_CONTEXT(2) 
PARAMETRIC_REPRESENTATION_CONTEXT() REPRESENTATION_CONTEXT('2D SPACE',''
  ) );
#974 = PCURVE('',#319,#975);
#975 = DEFINITIONAL_REPRESENTATION('',(#976),#980);
#976 = LINE('',#977,#978);
#977 = CARTESIAN_POINT('',(7.068583470577,0.));
#978 = VECTOR('',#979,1.);
#979 = DIRECTION('',(0.,-1.));
#980 = ( GEOMETRIC_REPRESENTATION_CONTEXT(2) 
PARAMETRIC_REPRESENTATION_CONTEXT() REPRESENTATION_CONTEXT('2D SPACE',''
  ) );
#981 = ORIENTED_EDGE('',*,*,#272,.T.);
#982 = ORIENTED_EDGE('',*,*,#983,.T.);
#983 = EDGE_CURVE('',#275,#984,#986,.T.);
#984 = VERTEX_POINT('',#985);
#985 = CARTESIAN_POINT('',(8.,125.,11.403805922287));
#986 = SURFACE_CURVE('',#987,(#991,#998),.PCURVE_S1.);
#987 = LINE('',#988,#989);
#988 = CARTESIAN_POINT('',(-1.,125.,11.403805922287));
#989 = VECTOR('',#990,1.);
#990 = DIRECTION('',(1.,-0.,-0.));
#991 = PCURVE('',#290,#992);
#992 = DEFINITIONAL_REPRESENTATION('',(#993),#997);
#993 = LINE('',#994,#995);
#994 = CARTESIAN_POINT('',(-0.,0.));
#995 = VECTOR('',#996,1.);
#996 = DIRECTION('',(-0.,-1.));
#997 = ( GEOMETRIC_REPRESENTATION_CONTEXT(2) 
PARAMETRIC_REPRESENTATION_CONTEXT() REPRESENTATION_CONTEXT('2D SPACE',''
  ) );
#998 = PCURVE('',#345,#999);
#999 = DEFINITIONAL_REPRESENTATION('',(#1000),#1004);
#1000 = LINE('',#1001,#1002);
#1001 = CARTESIAN_POINT('',(-3.25,0.));
#1002 = VECTOR('',#1003,1.);
#1003 = DIRECTION('',(-0.,-1.));
#1004 = ( GEOMETRIC_REPRESENTATION_CONTEXT(2) 
PARAMETRIC_REPRESENTATION_CONTEXT() REPRESENTATION_CONTEXT('2D SPACE',''
  ) );
#1005 = ORIENTED_EDGE('',*,*,#1006,.T.);
#1006 = EDGE_CURVE('',#984,#960,#1007,.T.);
#1007 = SURFACE_CURVE('',#1008,(#1012,#1019),.PCURVE_S1.);
#1008 = LINE('',#1009,#1010);
#1009 = CARTESIAN_POINT('',(8.,126.14904851942,12.552854441716));
#1010 = VECTOR('',#1011,1.);
#1011 = DIRECTION('',(-0.,0.707106781187,0.707106781187));
#1012 = PCURVE('',#290,#1013);
#1013 = DEFINITIONAL_REPRESENTATION('',(#1014),#1018);
#1014 = LINE('',#1015,#1016);
#1015 = CARTESIAN_POINT('',(-1.625,-9.));
#1016 = VECTOR('',#1017,1.);
#1017 = DIRECTION('',(-1.,0.));
#1018 = ( GEOMETRIC_REPRESENTATION_CONTEXT(2) 
PARAMETRIC_REPRESENTATION_CONTEXT() REPRESENTATION_CONTEXT('2D SPACE',''
  ) );
#1019 = PCURVE('',#1020,#1025);
#1020 = PLANE('',#1021);
#1021 = AXIS2_PLACEMENT_3D('',#1022,#1023,#1024);
#1022 = CARTESIAN_POINT('',(8.,125.,16.));
#1023 = DIRECTION('',(1.,-0.,-0.));
#1024 = DIRECTION('',(0.,0.,1.));
#1025 = DEFINITIONAL_REPRESENTATION('',(#1026),#1030);
#1026 = LINE('',#1027,#1028);
#1027 = CARTESIAN_POINT('',(-3.447145558284,-1.149048519428));
#1028 = VECTOR('',#1029,1.);
#1029 = DIRECTION('',(0.707106781187,-0.707106781187));
#1030 = ( GEOMETRIC_REPRESENTATION_CONTEXT(2) 
PARAMETRIC_REPRESENTATION_CONTEXT() REPRESENTATION_CONTEXT('2D SPACE',''
  ) );
#1031 = ADVANCED_FACE('',(#1032),#345,.F.);
#1032 = FACE_BOUND('',#1033,.T.);
#1033 = EDGE_LOOP('',(#1034,#1035,#1036,#1059));
#1034 = ORIENTED_EDGE('',*,*,#983,.F.);
#1035 = ORIENTED_EDGE('',*,*,#331,.T.);
#1036 = ORIENTED_EDGE('',*,*,#1037,.T.);
#1037 = EDGE_CURVE('',#303,#1038,#1040,.T.);
#1038 = VERTEX_POINT('',#1039);
#1039 = CARTESIAN_POINT('',(8.,122.70190296114,13.701902961144));
#1040 = SURFACE_CURVE('',#1041,(#1045,#1052),.PCURVE_S1.);
#1041 = LINE('',#1042,#1043);
#1042 = CARTESIAN_POINT('',(-1.,122.70190296114,13.701902961144));
#1043 = VECTOR('',#1044,1.);
#1044 = DIRECTION('',(1.,-0.,-0.));
#1045 = PCURVE('',#345,#1046);
#1046 = DEFINITIONAL_REPRESENTATION('',(#1047),#1051);
#1047 = LINE('',#1048,#1049);
#1048 = CARTESIAN_POINT('',(-0.,-0.));
#1049 = VECTOR('',#1050,1.);
#1050 = DIRECTION('',(-0.,-1.));
#1051 = ( GEOMETRIC_REPRESENTATION_CONTEXT(2) 
PARAMETRIC_REPRESENTATION_CONTEXT() REPRESENTATION_CONTEXT('2D SPACE',''
  ) );
#1052 = PCURVE('',#319,#1053);
#1053 = DEFINITIONAL_REPRESENTATION('',(#1054),#1058);
#1054 = LINE('',#1055,#1056);
#1055 = CARTESIAN_POINT('',(2.356194490192,0.));
#1056 = VECTOR('',#1057,1.);
#1057 = DIRECTION('',(0.,-1.));
#1058 = ( GEOMETRIC_REPRESENTATION_CONTEXT(2) 
PARAMETRIC_REPRESENTATION_CONTEXT() REPRESENTATION_CONTEXT('2D SPACE',''
  ) );
#1059 = ORIENTED_EDGE('',*,*,#1060,.T.);
#1060 = EDGE_CURVE('',#1038,#984,#1061,.T.);
#1061 = SURFACE_CURVE('',#1062,(#1066,#1073),.PCURVE_S1.);
#1062 = LINE('',#1063,#1064);
#1063 = CARTESIAN_POINT('',(8.,122.70190296114,13.701902961144));
#1064 = VECTOR('',#1065,1.);
#1065 = DIRECTION('',(-0.,0.707106781187,-0.707106781187));
#1066 = PCURVE('',#345,#1067);
#1067 = DEFINITIONAL_REPRESENTATION('',(#1068),#1072);
#1068 = LINE('',#1069,#1070);
#1069 = CARTESIAN_POINT('',(1.507288760336E-14,-9.));
#1070 = VECTOR('',#1071,1.);
#1071 = DIRECTION('',(-1.,0.));
#1072 = ( GEOMETRIC_REPRESENTATION_CONTEXT(2) 
PARAMETRIC_REPRESENTATION_CONTEXT() REPRESENTATION_CONTEXT('2D SPACE',''
  ) );
#1073 = PCURVE('',#1020,#1074);
#1074 = DEFINITIONAL_REPRESENTATION('',(#1075),#1079);
#1075 = LINE('',#1076,#1077);
#1076 = CARTESIAN_POINT('',(-2.298097038856,2.298097038856));
#1077 = VECTOR('',#1078,1.);
#1078 = DIRECTION('',(-0.707106781187,-0.707106781187));
#1079 = ( GEOMETRIC_REPRESENTATION_CONTEXT(2) 
PARAMETRIC_REPRESENTATION_CONTEXT() REPRESENTATION_CONTEXT('2D SPACE',''
  ) );
#1080 = ADVANCED_FACE('',(#1081),#319,.F.);
#1081 = FACE_BOUND('',#1082,.F.);
#1082 = EDGE_LOOP('',(#1083,#1084,#1085,#1086));
#1083 = ORIENTED_EDGE('',*,*,#959,.F.);
#1084 = ORIENTED_EDGE('',*,*,#302,.T.);
#1085 = ORIENTED_EDGE('',*,*,#1037,.T.);
#1086 = ORIENTED_EDGE('',*,*,#1087,.F.);
#1087 = EDGE_CURVE('',#960,#1038,#1088,.T.);
#1088 = SURFACE_CURVE('',#1089,(#1094,#1101),.PCURVE_S1.);
#1089 = CIRCLE('',#1090,3.25);
#1090 = AXIS2_PLACEMENT_3D('',#1091,#1092,#1093);
#1091 = CARTESIAN_POINT('',(8.,125.,16.));
#1092 = DIRECTION('',(1.,0.,0.));
#1093 = DIRECTION('',(-0.,1.,-0.));
#1094 = PCURVE('',#319,#1095);
#1095 = DEFINITIONAL_REPRESENTATION('',(#1096),#1100);
#1096 = LINE('',#1097,#1098);
#1097 = CARTESIAN_POINT('',(12.566370614359,-9.));
#1098 = VECTOR('',#1099,1.);
#1099 = DIRECTION('',(-1.,0.));
#1100 = ( GEOMETRIC_REPRESENTATION_CONTEXT(2) 
PARAMETRIC_REPRESENTATION_CONTEXT() REPRESENTATION_CONTEXT('2D SPACE',''
  ) );
#1101 = PCURVE('',#1020,#1102);
#1102 = DEFINITIONAL_REPRESENTATION('',(#1103),#1107);
#1103 = CIRCLE('',#1104,3.25);
#1104 = AXIS2_PLACEMENT_2D('',#1105,#1106);
#1105 = CARTESIAN_POINT('',(0.,-1.42108547152E-14));
#1106 = DIRECTION('',(-0.,-1.));
#1107 = ( GEOMETRIC_REPRESENTATION_CONTEXT(2) 
PARAMETRIC_REPRESENTATION_CONTEXT() REPRESENTATION_CONTEXT('2D SPACE',''
  ) );
#1108 = ADVANCED_FACE('',(#1109),#377,.F.);
#1109 = FACE_BOUND('',#1110,.T.);
#1110 = EDGE_LOOP('',(#1111,#1134,#1135,#1158));
#1111 = ORIENTED_EDGE('',*,*,#1112,.F.);
#1112 = EDGE_CURVE('',#360,#1113,#1115,.T.);
#1113 = VERTEX_POINT('',#1114);
#1114 = CARTESIAN_POINT('',(8.,77.298097038856,13.701902961144));
#1115 = SURFACE_CURVE('',#1116,(#1120,#1127),.PCURVE_S1.);
#1116 = LINE('',#1117,#1118);
#1117 = CARTESIAN_POINT('',(-1.,77.298097038856,13.701902961144));
#1118 = VECTOR('',#1119,1.);
#1119 = DIRECTION('',(1.,-0.,-0.));
#1120 = PCURVE('',#377,#1121);
#1121 = DEFINITIONAL_REPRESENTATION('',(#1122),#1126);
#1122 = LINE('',#1123,#1124);
#1123 = CARTESIAN_POINT('',(-3.25,0.));
#1124 = VECTOR('',#1125,1.);
#1125 = DIRECTION('',(-0.,-1.));
#1126 = ( GEOMETRIC_REPRESENTATION_CONTEXT(2) 
PARAMETRIC_REPRESENTATION_CONTEXT() REPRESENTATION_CONTEXT('2D SPACE',''
  ) );
#1127 = PCURVE('',#406,#1128);
#1128 = DEFINITIONAL_REPRESENTATION('',(#1129),#1133);
#1129 = LINE('',#1130,#1131);
#1130 = CARTESIAN_POINT('',(7.068583470577,0.));
#1131 = VECTOR('',#1132,1.);
#1132 = DIRECTION('',(0.,-1.));
#1133 = ( GEOMETRIC_REPRESENTATION_CONTEXT(2) 
PARAMETRIC_REPRESENTATION_CONTEXT() REPRESENTATION_CONTEXT('2D SPACE',''
  ) );
#1134 = ORIENTED_EDGE('',*,*,#359,.T.);
#1135 = ORIENTED_EDGE('',*,*,#1136,.T.);
#1136 = EDGE_CURVE('',#362,#1137,#1139,.T.);
#1137 = VERTEX_POINT('',#1138);
#1138 = CARTESIAN_POINT('',(8.,75.,11.403805922287));
#1139 = SURFACE_CURVE('',#1140,(#1144,#1151),.PCURVE_S1.);
#1140 = LINE('',#1141,#1142);
#1141 = CARTESIAN_POINT('',(-1.,75.,11.403805922287));
#1142 = VECTOR('',#1143,1.);
#1143 = DIRECTION('',(1.,-0.,-0.));
#1144 = PCURVE('',#377,#1145);
#1145 = DEFINITIONAL_REPRESENTATION('',(#1146),#1150);
#1146 = LINE('',#1147,#1148);
#1147 = CARTESIAN_POINT('',(-0.,0.));
#1148 = VECTOR('',#1149,1.);
#1149 = DIRECTION('',(-0.,-1.));
#1150 = ( GEOMETRIC_REPRESENTATION_CONTEXT(2) 
PARAMETRIC_REPRESENTATION_CONTEXT() REPRESENTATION_CONTEXT('2D SPACE',''
  ) );
#1151 = PCURVE('',#432,#1152);
#1152 = DEFINITIONAL_REPRESENTATION('',(#1153),#1157);
#1153 = LINE('',#1154,#1155);
#1154 = CARTESIAN_POINT('',(-3.25,0.));
#1155 = VECTOR('',#1156,1.);
#1156 = DIRECTION('',(-0.,-1.));
#1157 = ( GEOMETRIC_REPRESENTATION_CONTEXT(2) 
PARAMETRIC_REPRESENTATION_CONTEXT() REPRESENTATION_CONTEXT('2D SPACE',''
  ) );
#1158 = ORIENTED_EDGE('',*,*,#1159,.T.);
#1159 = EDGE_CURVE('',#1137,#1113,#1160,.T.);
#1160 = SURFACE_CURVE('',#1161,(#1165,#1172),.PCURVE_S1.);
#1161 = LINE('',#1162,#1163);
#1162 = CARTESIAN_POINT('',(8.,76.149048519428,12.552854441716));
#1163 = VECTOR('',#1164,1.);
#1164 = DIRECTION('',(-0.,0.707106781187,0.707106781187));
#1165 = PCURVE('',#377,#1166);
#1166 = DEFINITIONAL_REPRESENTATION('',(#1167),#1171);
#1167 = LINE('',#1168,#1169);
#1168 = CARTESIAN_POINT('',(-1.625,-9.));
#1169 = VECTOR('',#1170,1.);
#1170 = DIRECTION('',(-1.,0.));
#1171 = ( GEOMETRIC_REPRESENTATION_CONTEXT(2) 
PARAMETRIC_REPRESENTATION_CONTEXT() REPRESENTATION_CONTEXT('2D SPACE',''
  ) );
#1172 = PCURVE('',#1173,#1178);
#1173 = PLANE('',#1174);
#1174 = AXIS2_PLACEMENT_3D('',#1175,#1176,#1177);
#1175 = CARTESIAN_POINT('',(8.,75.,16.));
#1176 = DIRECTION('',(1.,-0.,-0.));
#1177 = DIRECTION('',(0.,0.,1.));
#1178 = DEFINITIONAL_REPRESENTATION('',(#1179),#1183);
#1179 = LINE('',#1180,#1181);
#1180 = CARTESIAN_POINT('',(-3.447145558284,-1.149048519428));
#1181 = VECTOR('',#1182,1.);
#1182 = DIRECTION('',(0.707106781187,-0.707106781187));
#1183 = ( GEOMETRIC_REPRESENTATION_CONTEXT(2) 
PARAMETRIC_REPRESENTATION_CONTEXT() REPRESENTATION_CONTEXT('2D SPACE',''
  ) );
#1184 = ADVANCED_FACE('',(#1185),#406,.F.);
#1185 = FACE_BOUND('',#1186,.F.);
#1186 = EDGE_LOOP('',(#1187,#1188,#1189,#1212));
#1187 = ORIENTED_EDGE('',*,*,#1112,.F.);
#1188 = ORIENTED_EDGE('',*,*,#389,.T.);
#1189 = ORIENTED_EDGE('',*,*,#1190,.T.);
#1190 = EDGE_CURVE('',#390,#1191,#1193,.T.);
#1191 = VERTEX_POINT('',#1192);
#1192 = CARTESIAN_POINT('',(8.,72.701902961144,13.701902961144));
#1193 = SURFACE_CURVE('',#1194,(#1198,#1205),.PCURVE_S1.);
#1194 = LINE('',#1195,#1196);
#1195 = CARTESIAN_POINT('',(-1.,72.701902961144,13.701902961144));
#1196 = VECTOR('',#1197,1.);
#1197 = DIRECTION('',(1.,-0.,-0.));
#1198 = PCURVE('',#406,#1199);
#1199 = DEFINITIONAL_REPRESENTATION('',(#1200),#1204);
#1200 = LINE('',#1201,#1202);
#1201 = CARTESIAN_POINT('',(2.356194490192,0.));
#1202 = VECTOR('',#1203,1.);
#1203 = DIRECTION('',(0.,-1.));
#1204 = ( GEOMETRIC_REPRESENTATION_CONTEXT(2) 
PARAMETRIC_REPRESENTATION_CONTEXT() REPRESENTATION_CONTEXT('2D SPACE',''
  ) );
#1205 = PCURVE('',#432,#1206);
#1206 = DEFINITIONAL_REPRESENTATION('',(#1207),#1211);
#1207 = LINE('',#1208,#1209);
#1208 = CARTESIAN_POINT('',(-0.,-0.));
#1209 = VECTOR('',#1210,1.);
#1210 = DIRECTION('',(-0.,-1.));
#1211 = ( GEOMETRIC_REPRESENTATION_CONTEXT(2) 
PARAMETRIC_REPRESENTATION_CONTEXT() REPRESENTATION_CONTEXT('2D SPACE',''
  ) );
#1212 = ORIENTED_EDGE('',*,*,#1213,.F.);
#1213 = EDGE_CURVE('',#1113,#1191,#1214,.T.);
#1214 = SURFACE_CURVE('',#1215,(#1220,#1227),.PCURVE_S1.);
#1215 = CIRCLE('',#1216,3.25);
#1216 = AXIS2_PLACEMENT_3D('',#1217,#1218,#1219);
#1217 = CARTESIAN_POINT('',(8.,75.,16.));
#1218 = DIRECTION('',(1.,0.,0.));
#1219 = DIRECTION('',(-0.,1.,-0.));
#1220 = PCURVE('',#406,#1221);
#1221 = DEFINITIONAL_REPRESENTATION('',(#1222),#1226);
#1222 = LINE('',#1223,#1224);
#1223 = CARTESIAN_POINT('',(12.566370614359,-9.));
#1224 = VECTOR('',#1225,1.);
#1225 = DIRECTION('',(-1.,0.));
#1226 = ( GEOMETRIC_REPRESENTATION_CONTEXT(2) 
PARAMETRIC_REPRESENTATION_CONTEXT() REPRESENTATION_CONTEXT('2D SPACE',''
  ) );
#1227 = PCURVE('',#1173,#1228);
#1228 = DEFINITIONAL_REPRESENTATION('',(#1229),#1233);
#1229 = CIRCLE('',#1230,3.25);
#1230 = AXIS2_PLACEMENT_2D('',#1231,#1232);
#1231 = CARTESIAN_POINT('',(0.,-1.42108547152E-14));
#1232 = DIRECTION('',(-0.,-1.));
#1233 = ( GEOMETRIC_REPRESENTATION_CONTEXT(2) 
PARAMETRIC_REPRESENTATION_CONTEXT() REPRESENTATION_CONTEXT('2D SPACE',''
  ) );
#1234 = ADVANCED_FACE('',(#1235),#432,.F.);
#1235 = FACE_BOUND('',#1236,.T.);
#1236 = EDGE_LOOP('',(#1237,#1238,#1239,#1240));
#1237 = ORIENTED_EDGE('',*,*,#1136,.F.);
#1238 = ORIENTED_EDGE('',*,*,#418,.T.);
#1239 = ORIENTED_EDGE('',*,*,#1190,.T.);
#1240 = ORIENTED_EDGE('',*,*,#1241,.T.);
#1241 = EDGE_CURVE('',#1191,#1137,#1242,.T.);
#1242 = SURFACE_CURVE('',#1243,(#1247,#1254),.PCURVE_S1.);
#1243 = LINE('',#1244,#1245);
#1244 = CARTESIAN_POINT('',(8.,72.701902961144,13.701902961144));
#1245 = VECTOR('',#1246,1.);
#1246 = DIRECTION('',(-0.,0.707106781187,-0.707106781187));
#1247 = PCURVE('',#432,#1248);
#1248 = DEFINITIONAL_REPRESENTATION('',(#1249),#1253);
#1249 = LINE('',#1250,#1251);
#1250 = CARTESIAN_POINT('',(1.256073966947E-15,-9.));
#1251 = VECTOR('',#1252,1.);
#1252 = DIRECTION('',(-1.,0.));
#1253 = ( GEOMETRIC_REPRESENTATION_CONTEXT(2) 
PARAMETRIC_REPRESENTATION_CONTEXT() REPRESENTATION_CONTEXT('2D SPACE',''
  ) );
#1254 = PCURVE('',#1173,#1255);
#1255 = DEFINITIONAL_REPRESENTATION('',(#1256),#1260);
#1256 = LINE('',#1257,#1258);
#1257 = CARTESIAN_POINT('',(-2.298097038856,2.298097038856));
#1258 = VECTOR('',#1259,1.);
#1259 = DIRECTION('',(-0.707106781187,-0.707106781187));
#1260 = ( GEOMETRIC_REPRESENTATION_CONTEXT(2) 
PARAMETRIC_REPRESENTATION_CONTEXT() REPRESENTATION_CONTEXT('2D SPACE',''
  ) );
#1261 = ADVANCED_FACE('',(#1262),#464,.F.);
#1262 = FACE_BOUND('',#1263,.T.);
#1263 = EDGE_LOOP('',(#1264,#1287,#1288,#1311));
#1264 = ORIENTED_EDGE('',*,*,#1265,.F.);
#1265 = EDGE_CURVE('',#447,#1266,#1268,.T.);
#1266 = VERTEX_POINT('',#1267);
#1267 = CARTESIAN_POINT('',(8.,26.298097038856,13.701902961144));
#1268 = SURFACE_CURVE('',#1269,(#1273,#1280),.PCURVE_S1.);
#1269 = LINE('',#1270,#1271);
#1270 = CARTESIAN_POINT('',(-1.,26.298097038856,13.701902961144));
#1271 = VECTOR('',#1272,1.);
#1272 = DIRECTION('',(1.,-0.,-0.));
#1273 = PCURVE('',#464,#1274);
#1274 = DEFINITIONAL_REPRESENTATION('',(#1275),#1279);
#1275 = LINE('',#1276,#1277);
#1276 = CARTESIAN_POINT('',(-3.25,0.));
#1277 = VECTOR('',#1278,1.);
#1278 = DIRECTION('',(-0.,-1.));
#1279 = ( GEOMETRIC_REPRESENTATION_CONTEXT(2) 
PARAMETRIC_REPRESENTATION_CONTEXT() REPRESENTATION_CONTEXT('2D SPACE',''
  ) );
#1280 = PCURVE('',#493,#1281);
#1281 = DEFINITIONAL_REPRESENTATION('',(#1282),#1286);
#1282 = LINE('',#1283,#1284);
#1283 = CARTESIAN_POINT('',(7.068583470577,0.));
#1284 = VECTOR('',#1285,1.);
#1285 = DIRECTION('',(0.,-1.));
#1286 = ( GEOMETRIC_REPRESENTATION_CONTEXT(2) 
PARAMETRIC_REPRESENTATION_CONTEXT() REPRESENTATION_CONTEXT('2D SPACE',''
  ) );
#1287 = ORIENTED_EDGE('',*,*,#446,.T.);
#1288 = ORIENTED_EDGE('',*,*,#1289,.T.);
#1289 = EDGE_CURVE('',#449,#1290,#1292,.T.);
#1290 = VERTEX_POINT('',#1291);
#1291 = CARTESIAN_POINT('',(8.,24.,11.403805922287));
#1292 = SURFACE_CURVE('',#1293,(#1297,#1304),.PCURVE_S1.);
#1293 = LINE('',#1294,#1295);
#1294 = CARTESIAN_POINT('',(-1.,24.,11.403805922287));
#1295 = VECTOR('',#1296,1.);
#1296 = DIRECTION('',(1.,-0.,-0.));
#1297 = PCURVE('',#464,#1298);
#1298 = DEFINITIONAL_REPRESENTATION('',(#1299),#1303);
#1299 = LINE('',#1300,#1301);
#1300 = CARTESIAN_POINT('',(-0.,0.));
#1301 = VECTOR('',#1302,1.);
#1302 = DIRECTION('',(-0.,-1.));
#1303 = ( GEOMETRIC_REPRESENTATION_CONTEXT(2) 
PARAMETRIC_REPRESENTATION_CONTEXT() REPRESENTATION_CONTEXT('2D SPACE',''
  ) );
#1304 = PCURVE('',#519,#1305);
#1305 = DEFINITIONAL_REPRESENTATION('',(#1306),#1310);
#1306 = LINE('',#1307,#1308);
#1307 = CARTESIAN_POINT('',(-3.25,0.));
#1308 = VECTOR('',#1309,1.);
#1309 = DIRECTION('',(-0.,-1.));
#1310 = ( GEOMETRIC_REPRESENTATION_CONTEXT(2) 
PARAMETRIC_REPRESENTATION_CONTEXT() REPRESENTATION_CONTEXT('2D SPACE',''
  ) );
#1311 = ORIENTED_EDGE('',*,*,#1312,.T.);
#1312 = EDGE_CURVE('',#1290,#1266,#1313,.T.);
#1313 = SURFACE_CURVE('',#1314,(#1318,#1325),.PCURVE_S1.);
#1314 = LINE('',#1315,#1316);
#1315 = CARTESIAN_POINT('',(8.,25.149048519428,12.552854441716));
#1316 = VECTOR('',#1317,1.);
#1317 = DIRECTION('',(-0.,0.707106781187,0.707106781187));
#1318 = PCURVE('',#464,#1319);
#1319 = DEFINITIONAL_REPRESENTATION('',(#1320),#1324);
#1320 = LINE('',#1321,#1322);
#1321 = CARTESIAN_POINT('',(-1.625,-9.));
#1322 = VECTOR('',#1323,1.);
#1323 = DIRECTION('',(-1.,0.));
#1324 = ( GEOMETRIC_REPRESENTATION_CONTEXT(2) 
PARAMETRIC_REPRESENTATION_CONTEXT() REPRESENTATION_CONTEXT('2D SPACE',''
  ) );
#1325 = PCURVE('',#1326,#1331);
#1326 = PLANE('',#1327);
#1327 = AXIS2_PLACEMENT_3D('',#1328,#1329,#1330);
#1328 = CARTESIAN_POINT('',(8.,24.,16.));
#1329 = DIRECTION('',(1.,-0.,-0.));
#1330 = DIRECTION('',(0.,0.,1.));
#1331 = DEFINITIONAL_REPRESENTATION('',(#1332),#1336);
#1332 = LINE('',#1333,#1334);
#1333 = CARTESIAN_POINT('',(-3.447145558284,-1.149048519428));
#1334 = VECTOR('',#1335,1.);
#1335 = DIRECTION('',(0.707106781187,-0.707106781187));
#1336 = ( GEOMETRIC_REPRESENTATION_CONTEXT(2) 
PARAMETRIC_REPRESENTATION_CONTEXT() REPRESENTATION_CONTEXT('2D SPACE',''
  ) );
#1337 = ADVANCED_FACE('',(#1338),#493,.F.);
#1338 = FACE_BOUND('',#1339,.F.);
#1339 = EDGE_LOOP('',(#1340,#1341,#1342,#1365));
#1340 = ORIENTED_EDGE('',*,*,#1265,.F.);
#1341 = ORIENTED_EDGE('',*,*,#476,.T.);
#1342 = ORIENTED_EDGE('',*,*,#1343,.T.);
#1343 = EDGE_CURVE('',#477,#1344,#1346,.T.);
#1344 = VERTEX_POINT('',#1345);
#1345 = CARTESIAN_POINT('',(8.,21.701902961144,13.701902961144));
#1346 = SURFACE_CURVE('',#1347,(#1351,#1358),.PCURVE_S1.);
#1347 = LINE('',#1348,#1349);
#1348 = CARTESIAN_POINT('',(-1.,21.701902961144,13.701902961144));
#1349 = VECTOR('',#1350,1.);
#1350 = DIRECTION('',(1.,-0.,-0.));
#1351 = PCURVE('',#493,#1352);
#1352 = DEFINITIONAL_REPRESENTATION('',(#1353),#1357);
#1353 = LINE('',#1354,#1355);
#1354 = CARTESIAN_POINT('',(2.356194490192,0.));
#1355 = VECTOR('',#1356,1.);
#1356 = DIRECTION('',(0.,-1.));
#1357 = ( GEOMETRIC_REPRESENTATION_CONTEXT(2) 
PARAMETRIC_REPRESENTATION_CONTEXT() REPRESENTATION_CONTEXT('2D SPACE',''
  ) );
#1358 = PCURVE('',#519,#1359);
#1359 = DEFINITIONAL_REPRESENTATION('',(#1360),#1364);
#1360 = LINE('',#1361,#1362);
#1361 = CARTESIAN_POINT('',(-0.,-0.));
#1362 = VECTOR('',#1363,1.);
#1363 = DIRECTION('',(-0.,-1.));
#1364 = ( GEOMETRIC_REPRESENTATION_CONTEXT(2) 
PARAMETRIC_REPRESENTATION_CONTEXT() REPRESENTATION_CONTEXT('2D SPACE',''
  ) );
#1365 = ORIENTED_EDGE('',*,*,#1366,.F.);
#1366 = EDGE_CURVE('',#1266,#1344,#1367,.T.);
#1367 = SURFACE_CURVE('',#1368,(#1373,#1380),.PCURVE_S1.);
#1368 = CIRCLE('',#1369,3.25);
#1369 = AXIS2_PLACEMENT_3D('',#1370,#1371,#1372);
#1370 = CARTESIAN_POINT('',(8.,24.,16.));
#1371 = DIRECTION('',(1.,0.,0.));
#1372 = DIRECTION('',(-0.,1.,-0.));
#1373 = PCURVE('',#493,#1374);
#1374 = DEFINITIONAL_REPRESENTATION('',(#1375),#1379);
#1375 = LINE('',#1376,#1377);
#1376 = CARTESIAN_POINT('',(12.566370614359,-9.));
#1377 = VECTOR('',#1378,1.);
#1378 = DIRECTION('',(-1.,0.));
#1379 = ( GEOMETRIC_REPRESENTATION_CONTEXT(2) 
PARAMETRIC_REPRESENTATION_CONTEXT() REPRESENTATION_CONTEXT('2D SPACE',''
  ) );
#1380 = PCURVE('',#1326,#1381);
#1381 = DEFINITIONAL_REPRESENTATION('',(#1382),#1386);
#1382 = CIRCLE('',#1383,3.25);
#1383 = AXIS2_PLACEMENT_2D('',#1384,#1385);
#1384 = CARTESIAN_POINT('',(0.,-3.552713678801E-15));
#1385 = DIRECTION('',(-0.,-1.));
#1386 = ( GEOMETRIC_REPRESENTATION_CONTEXT(2) 
PARAMETRIC_REPRESENTATION_CONTEXT() REPRESENTATION_CONTEXT('2D SPACE',''
  ) );
#1387 = ADVANCED_FACE('',(#1388),#519,.F.);
#1388 = FACE_BOUND('',#1389,.T.);
#1389 = EDGE_LOOP('',(#1390,#1391,#1392,#1393));
#1390 = ORIENTED_EDGE('',*,*,#1289,.F.);
#1391 = ORIENTED_EDGE('',*,*,#505,.T.);
#1392 = ORIENTED_EDGE('',*,*,#1343,.T.);
#1393 = ORIENTED_EDGE('',*,*,#1394,.T.);
#1394 = EDGE_CURVE('',#1344,#1290,#1395,.T.);
#1395 = SURFACE_CURVE('',#1396,(#1400,#1407),.PCURVE_S1.);
#1396 = LINE('',#1397,#1398);
#1397 = CARTESIAN_POINT('',(8.,21.701902961144,13.701902961144));
#1398 = VECTOR('',#1399,1.);
#1399 = DIRECTION('',(-0.,0.707106781187,-0.707106781187));
#1400 = PCURVE('',#519,#1401);
#1401 = DEFINITIONAL_REPRESENTATION('',(#1402),#1406);
#1402 = LINE('',#1403,#1404);
#1403 = CARTESIAN_POINT('',(5.024295867788E-15,-9.));
#1404 = VECTOR('',#1405,1.);
#1405 = DIRECTION('',(-1.,0.));
#1406 = ( GEOMETRIC_REPRESENTATION_CONTEXT(2) 
PARAMETRIC_REPRESENTATION_CONTEXT() REPRESENTATION_CONTEXT('2D SPACE',''
  ) );
#1407 = PCURVE('',#1326,#1408);
#1408 = DEFINITIONAL_REPRESENTATION('',(#1409),#1413);
#1409 = LINE('',#1410,#1411);
#1410 = CARTESIAN_POINT('',(-2.298097038856,2.298097038856));
#1411 = VECTOR('',#1412,1.);
#1412 = DIRECTION('',(-0.707106781187,-0.707106781187));
#1413 = ( GEOMETRIC_REPRESENTATION_CONTEXT(2) 
PARAMETRIC_REPRESENTATION_CONTEXT() REPRESENTATION_CONTEXT('2D SPACE',''
  ) );
#1414 = ADVANCED_FACE('',(#1415,#1441,#1476),#575,.T.);
#1415 = FACE_BOUND('',#1416,.F.);
#1416 = EDGE_LOOP('',(#1417,#1418,#1439,#1440));
#1417 = ORIENTED_EDGE('',*,*,#886,.F.);
#1418 = ORIENTED_EDGE('',*,*,#1419,.T.);
#1419 = EDGE_CURVE('',#864,#560,#1420,.T.);
#1420 = SURFACE_CURVE('',#1421,(#1425,#1432),.PCURVE_S1.);
#1421 = LINE('',#1422,#1423);
#1422 = CARTESIAN_POINT('',(10.,0.,0.));
#1423 = VECTOR('',#1424,1.);
#1424 = DIRECTION('',(0.,-0.,-1.));
#1425 = PCURVE('',#575,#1426);
#1426 = DEFINITIONAL_REPRESENTATION('',(#1427),#1431);
#1427 = LINE('',#1428,#1429);
#1428 = CARTESIAN_POINT('',(0.,10.));
#1429 = VECTOR('',#1430,1.);
#1430 = DIRECTION('',(-1.,0.));
#1431 = ( GEOMETRIC_REPRESENTATION_CONTEXT(2) 
PARAMETRIC_REPRESENTATION_CONTEXT() REPRESENTATION_CONTEXT('2D SPACE',''
  ) );
#1432 = PCURVE('',#603,#1433);
#1433 = DEFINITIONAL_REPRESENTATION('',(#1434),#1438);
#1434 = LINE('',#1435,#1436);
#1435 = CARTESIAN_POINT('',(-0.,-0.));
#1436 = VECTOR('',#1437,1.);
#1437 = DIRECTION('',(-1.,0.));
#1438 = ( GEOMETRIC_REPRESENTATION_CONTEXT(2) 
PARAMETRIC_REPRESENTATION_CONTEXT() REPRESENTATION_CONTEXT('2D SPACE',''
  ) );
#1439 = ORIENTED_EDGE('',*,*,#559,.T.);
#1440 = ORIENTED_EDGE('',*,*,#641,.F.);
#1441 = FACE_BOUND('',#1442,.F.);
#1442 = EDGE_LOOP('',(#1443));
#1443 = ORIENTED_EDGE('',*,*,#1444,.F.);
#1444 = EDGE_CURVE('',#1445,#1445,#1447,.T.);
#1445 = VERTEX_POINT('',#1446);
#1446 = CARTESIAN_POINT('',(100.,0.,-17.5));
#1447 = SURFACE_CURVE('',#1448,(#1453,#1464),.PCURVE_S1.);
#1448 = CIRCLE('',#1449,1.5);
#1449 = AXIS2_PLACEMENT_3D('',#1450,#1451,#1452);
#1450 = CARTESIAN_POINT('',(100.,0.,-16.));
#1451 = DIRECTION('',(0.,-1.,0.));
#1452 = DIRECTION('',(-0.,-0.,-1.));
#1453 = PCURVE('',#575,#1454);
#1454 = DEFINITIONAL_REPRESENTATION('',(#1455),#1463);
#1455 = ( BOUNDED_CURVE() B_SPLINE_CURVE(2,(#1456,#1457,#1458,#1459,
#1460,#1461,#1462),.UNSPECIFIED.,.T.,.F.) B_SPLINE_CURVE_WITH_KNOTS((1,2
    ,2,2,2,1),(-2.094395102393,0.,2.094395102393,4.188790204786,
6.28318530718,8.377580409573),.UNSPECIFIED.) CURVE() 
GEOMETRIC_REPRESENTATION_ITEM() RATIONAL_B_SPLINE_CURVE((1.,0.5,1.,0.5,
1.,0.5,1.)) REPRESENTATION_ITEM('') );
#1456 = CARTESIAN_POINT('',(-17.5,100.));
#1457 = CARTESIAN_POINT('',(-17.5,102.59807621135));
#1458 = CARTESIAN_POINT('',(-15.25,101.29903810567));
#1459 = CARTESIAN_POINT('',(-13.,100.));
#1460 = CARTESIAN_POINT('',(-15.25,98.700961894323));
#1461 = CARTESIAN_POINT('',(-17.5,97.401923788647));
#1462 = CARTESIAN_POINT('',(-17.5,100.));
#1463 = ( GEOMETRIC_REPRESENTATION_CONTEXT(2) 
PARAMETRIC_REPRESENTATION_CONTEXT() REPRESENTATION_CONTEXT('2D SPACE',''
  ) );
#1464 = PCURVE('',#1465,#1470);
#1465 = CYLINDRICAL_SURFACE('',#1466,1.5);
#1466 = AXIS2_PLACEMENT_3D('',#1467,#1468,#1469);
#1467 = CARTESIAN_POINT('',(100.,-8.,-16.));
#1468 = DIRECTION('',(-0.,1.,-0.));
#1469 = DIRECTION('',(-0.,-0.,-1.));
#1470 = DEFINITIONAL_REPRESENTATION('',(#1471),#1475);
#1471 = LINE('',#1472,#1473);
#1472 = CARTESIAN_POINT('',(-0.,8.));
#1473 = VECTOR('',#1474,1.);
#1474 = DIRECTION('',(-1.,0.));
#1475 = ( GEOMETRIC_REPRESENTATION_CONTEXT(2) 
PARAMETRIC_REPRESENTATION_CONTEXT() REPRESENTATION_CONTEXT('2D SPACE',''
  ) );
#1476 = FACE_BOUND('',#1477,.F.);
#1477 = EDGE_LOOP('',(#1478));
#1478 = ORIENTED_EDGE('',*,*,#1479,.F.);
#1479 = EDGE_CURVE('',#1480,#1480,#1482,.T.);
#1480 = VERTEX_POINT('',#1481);
#1481 = CARTESIAN_POINT('',(220.,0.,-17.5));
#1482 = SURFACE_CURVE('',#1483,(#1488,#1499),.PCURVE_S1.);
#1483 = CIRCLE('',#1484,1.5);
#1484 = AXIS2_PLACEMENT_3D('',#1485,#1486,#1487);
#1485 = CARTESIAN_POINT('',(220.,0.,-16.));
#1486 = DIRECTION('',(0.,-1.,0.));
#1487 = DIRECTION('',(-0.,-0.,-1.));
#1488 = PCURVE('',#575,#1489);
#1489 = DEFINITIONAL_REPRESENTATION('',(#1490),#1498);
#1490 = ( BOUNDED_CURVE() B_SPLINE_CURVE(2,(#1491,#1492,#1493,#1494,
#1495,#1496,#1497),.UNSPECIFIED.,.T.,.F.) B_SPLINE_CURVE_WITH_KNOTS((1,2
    ,2,2,2,1),(-2.094395102393,0.,2.094395102393,4.188790204786,
6.28318530718,8.377580409573),.UNSPECIFIED.) CURVE() 
GEOMETRIC_REPRESENTATION_ITEM() RATIONAL_B_SPLINE_CURVE((1.,0.5,1.,0.5,
1.,0.5,1.)) REPRESENTATION_ITEM('') );
#1491 = CARTESIAN_POINT('',(-17.5,220.));
#1492 = CARTESIAN_POINT('',(-17.5,222.59807621135));
#1493 = CARTESIAN_POINT('',(-15.25,221.29903810567));
#1494 = CARTESIAN_POINT('',(-13.,220.));
#1495 = CARTESIAN_POINT('',(-15.25,218.70096189432));
#1496 = CARTESIAN_POINT('',(-17.5,217.40192378864));
#1497 = CARTESIAN_POINT('',(-17.5,220.));
#1498 = ( GEOMETRIC_REPRESENTATION_CONTEXT(2) 
PARAMETRIC_REPRESENTATION_CONTEXT() REPRESENTATION_CONTEXT('2D SPACE',''
  ) );
#1499 = PCURVE('',#1500,#1505);
#1500 = CYLINDRICAL_SURFACE('',#1501,1.5);
#1501 = AXIS2_PLACEMENT_3D('',#1502,#1503,#1504);
#1502 = CARTESIAN_POINT('',(220.,-8.,-16.));
#1503 = DIRECTION('',(-0.,1.,-0.));
#1504 = DIRECTION('',(-0.,-0.,-1.));
#1505 = DEFINITIONAL_REPRESENTATION('',(#1506),#1510);
#1506 = LINE('',#1507,#1508);
#1507 = CARTESIAN_POINT('',(-0.,8.));
#1508 = VECTOR('',#1509,1.);
#1509 = DIRECTION('',(-1.,0.));
#1510 = ( GEOMETRIC_REPRESENTATION_CONTEXT(2) 
PARAMETRIC_REPRESENTATION_CONTEXT() REPRESENTATION_CONTEXT('2D SPACE',''
  ) );
#1511 = ADVANCED_FACE('',(#1512),#603,.T.);
#1512 = FACE_BOUND('',#1513,.F.);
#1513 = EDGE_LOOP('',(#1514,#1515,#1516,#1517));
#1514 = ORIENTED_EDGE('',*,*,#1419,.F.);
#1515 = ORIENTED_EDGE('',*,*,#863,.T.);
#1516 = ORIENTED_EDGE('',*,*,#935,.T.);
#1517 = ORIENTED_EDGE('',*,*,#587,.F.);
#1518 = ADVANCED_FACE('',(#1519,#1525,#1643,#1761),#703,.F.);
#1519 = FACE_BOUND('',#1520,.T.);
#1520 = EDGE_LOOP('',(#1521,#1522,#1523,#1524));
#1521 = ORIENTED_EDGE('',*,*,#687,.T.);
#1522 = ORIENTED_EDGE('',*,*,#908,.T.);
#1523 = ORIENTED_EDGE('',*,*,#789,.F.);
#1524 = ORIENTED_EDGE('',*,*,#741,.F.);
#1525 = FACE_BOUND('',#1526,.T.);
#1526 = EDGE_LOOP('',(#1527,#1589,#1617));
#1527 = ORIENTED_EDGE('',*,*,#1528,.F.);
#1528 = EDGE_CURVE('',#1529,#1531,#1533,.T.);
#1529 = VERTEX_POINT('',#1530);
#1530 = CARTESIAN_POINT('',(225.42779732299,30.540737725976,
    9.459262274024));
#1531 = VERTEX_POINT('',#1532);
#1532 = CARTESIAN_POINT('',(249.82032297775,17.459262274024,
    9.459262274024));
#1533 = SURFACE_CURVE('',#1534,(#1539,#1550),.PCURVE_S1.);
#1534 = ELLIPSE('',#1535,19.571922591028,9.25);
#1535 = AXIS2_PLACEMENT_3D('',#1536,#1537,#1538);
#1536 = CARTESIAN_POINT('',(237.62406015037,24.,16.));
#1537 = DIRECTION('',(0.472615807516,0.881268573413,0.));
#1538 = DIRECTION('',(-0.881268573413,0.472615807516,-0.));
#1539 = PCURVE('',#703,#1540);
#1540 = DEFINITIONAL_REPRESENTATION('',(#1541),#1549);
#1541 = ( BOUNDED_CURVE() B_SPLINE_CURVE(2,(#1542,#1543,#1544,#1545,
#1546,#1547,#1548),.UNSPECIFIED.,.T.,.F.) B_SPLINE_CURVE_WITH_KNOTS((1,2
    ,2,2,2,1),(-2.094395102393,0.,2.094395102393,4.188790204786,
6.28318530718,8.377580409573),.UNSPECIFIED.) CURVE() 
GEOMETRIC_REPRESENTATION_ITEM() RATIONAL_B_SPLINE_CURVE((1.,0.5,1.,0.5,
1.,0.5,1.)) REPRESENTATION_ITEM('') );
#1542 = CARTESIAN_POINT('',(-44.96252487128,-16.));
#1543 = CARTESIAN_POINT('',(-44.96252487128,2.146997001211E-02));
#1544 = CARTESIAN_POINT('',(-15.60464098473,-7.989265014994));
#1545 = CARTESIAN_POINT('',(13.753242901804,-16.));
#1546 = CARTESIAN_POINT('',(-15.60464098473,-24.010734985));
#1547 = CARTESIAN_POINT('',(-44.96252487128,-32.02146997001));
#1548 = CARTESIAN_POINT('',(-44.96252487128,-16.));
#1549 = ( GEOMETRIC_REPRESENTATION_CONTEXT(2) 
PARAMETRIC_REPRESENTATION_CONTEXT() REPRESENTATION_CONTEXT('2D SPACE',''
  ) );
#1550 = PCURVE('',#1551,#1556);
#1551 = CYLINDRICAL_SURFACE('',#1552,9.25);
#1552 = AXIS2_PLACEMENT_3D('',#1553,#1554,#1555);
#1553 = CARTESIAN_POINT('',(8.,24.,16.));
#1554 = DIRECTION('',(-1.,-0.,0.));
#1555 = DIRECTION('',(-0.,1.,-0.));
#1556 = DEFINITIONAL_REPRESENTATION('',(#1557),#1588);
#1557 = B_SPLINE_CURVE_WITH_KNOTS('',8,(#1558,#1559,#1560,#1561,#1562,
    #1563,#1564,#1565,#1566,#1567,#1568,#1569,#1570,#1571,#1572,#1573,
    #1574,#1575,#1576,#1577,#1578,#1579,#1580,#1581,#1582,#1583,#1584,
    #1585,#1586,#1587),.UNSPECIFIED.,.F.,.F.,(9,7,7,7,9),(5.497787143782
    ,6.675884388878,7.5594573227,8.884816723434,10.210176124167),
  .UNSPECIFIED.);
#1558 = CARTESIAN_POINT('',(7.068583470577,-217.4277973229));
#1559 = CARTESIAN_POINT('',(6.92132131494,-215.6317493683));
#1560 = CARTESIAN_POINT('',(6.774059159303,-214.1379755583));
#1561 = CARTESIAN_POINT('',(6.626797003666,-213.005827468));
#1562 = CARTESIAN_POINT('',(6.47953484803,-212.280671308));
#1563 = CARTESIAN_POINT('',(6.332272692391,-211.9897737405));
#1564 = CARTESIAN_POINT('',(6.185010536755,-212.1397867733));
#1565 = CARTESIAN_POINT('',(6.037748381118,-212.7168606814));
#1566 = CARTESIAN_POINT('',(5.780039608753,-214.4178854417));
#1567 = CARTESIAN_POINT('',(5.669592992025,-215.3690500572));
#1568 = CARTESIAN_POINT('',(5.559146375298,-216.5288168736));
#1569 = CARTESIAN_POINT('',(5.44869975857,-217.8778563566));
#1570 = CARTESIAN_POINT('',(5.338253141842,-219.3915796646));
#1571 = CARTESIAN_POINT('',(5.227806525114,-221.0410603544));
#1572 = CARTESIAN_POINT('',(5.117359908386,-222.7942270945));
#1573 = CARTESIAN_POINT('',(4.841243366567,-227.3516471471));
#1574 = CARTESIAN_POINT('',(4.675573441477,-230.2431520214));
#1575 = CARTESIAN_POINT('',(4.509903516382,-233.1773439655));
#1576 = CARTESIAN_POINT('',(4.344233591294,-236.0306722309));
#1577 = CARTESIAN_POINT('',(4.178563666203,-238.6804004142));
#1578 = CARTESIAN_POINT('',(4.01289374111,-241.0161177351));
#1579 = CARTESIAN_POINT('',(3.847223816017,-242.9492204837));
#1580 = CARTESIAN_POINT('',(3.515883965834,-245.8873123183));
#1581 = CARTESIAN_POINT('',(3.350214040744,-246.8923016019));
#1582 = CARTESIAN_POINT('',(3.184544115641,-247.3717940816));
#1583 = CARTESIAN_POINT('',(3.01887419058,-247.2915207459));
#1584 = CARTESIAN_POINT('',(2.853204265462,-246.6497811613));
#1585 = CARTESIAN_POINT('',(2.687534340379,-245.478865176));
#1586 = CARTESIAN_POINT('',(2.521864415284,-243.8408769267));
#1587 = CARTESIAN_POINT('',(2.356194490192,-241.8203229777));
#1588 = ( GEOMETRIC_REPRESENTATION_CONTEXT(2) 
PARAMETRIC_REPRESENTATION_CONTEXT() REPRESENTATION_CONTEXT('2D SPACE',''
  ) );
#1589 = ORIENTED_EDGE('',*,*,#1590,.F.);
#1590 = EDGE_CURVE('',#1591,#1529,#1593,.T.);
#1591 = VERTEX_POINT('',#1592);
#1592 = CARTESIAN_POINT('',(237.62406015037,24.,2.918524548049));
#1593 = SURFACE_CURVE('',#1594,(#1598,#1605),.PCURVE_S1.);
#1594 = LINE('',#1595,#1596);
#1595 = CARTESIAN_POINT('',(168.93222999986,60.838763750075,
    39.757288298124));
#1596 = VECTOR('',#1597,1.);
#1597 = DIRECTION('',(-0.796764788451,0.427297245419,0.427297245419));
#1598 = PCURVE('',#703,#1599);
#1599 = DEFINITIONAL_REPRESENTATION('',(#1600),#1604);
#1600 = LINE('',#1601,#1602);
#1601 = CARTESIAN_POINT('',(-103.3371355197,7.757288298124));
#1602 = VECTOR('',#1603,1.);
#1603 = DIRECTION('',(-0.904111201157,0.427297245419));
#1604 = ( GEOMETRIC_REPRESENTATION_CONTEXT(2) 
PARAMETRIC_REPRESENTATION_CONTEXT() REPRESENTATION_CONTEXT('2D SPACE',''
  ) );
#1605 = PCURVE('',#1606,#1611);
#1606 = PLANE('',#1607);
#1607 = AXIS2_PLACEMENT_3D('',#1608,#1609,#1610);
#1608 = CARTESIAN_POINT('',(8.,24.,2.918524548049));
#1609 = DIRECTION('',(-0.,0.707106781187,-0.707106781187));
#1610 = DIRECTION('',(0.,-0.707106781187,-0.707106781187));
#1611 = DEFINITIONAL_REPRESENTATION('',(#1612),#1616);
#1612 = LINE('',#1613,#1614);
#1613 = CARTESIAN_POINT('',(-52.09787931641,-160.9322299998));
#1614 = VECTOR('',#1615,1.);
#1615 = DIRECTION('',(-0.604289559636,0.796764788451));
#1616 = ( GEOMETRIC_REPRESENTATION_CONTEXT(2) 
PARAMETRIC_REPRESENTATION_CONTEXT() REPRESENTATION_CONTEXT('2D SPACE',''
  ) );
#1617 = ORIENTED_EDGE('',*,*,#1618,.F.);
#1618 = EDGE_CURVE('',#1531,#1591,#1619,.T.);
#1619 = SURFACE_CURVE('',#1620,(#1624,#1631),.PCURVE_S1.);
#1620 = LINE('',#1621,#1622);
#1621 = CARTESIAN_POINT('',(181.06000481314,54.334755483273,
    -27.41623093522));
#1622 = VECTOR('',#1623,1.);
#1623 = DIRECTION('',(-0.796764788451,0.427297245419,-0.427297245419));
#1624 = PCURVE('',#703,#1625);
#1625 = DEFINITIONAL_REPRESENTATION('',(#1626),#1630);
#1626 = LINE('',#1627,#1628);
#1627 = CARTESIAN_POINT('',(-89.57541159229,-59.41623093522));
#1628 = VECTOR('',#1629,1.);
#1629 = DIRECTION('',(-0.904111201157,-0.427297245419));
#1630 = ( GEOMETRIC_REPRESENTATION_CONTEXT(2) 
PARAMETRIC_REPRESENTATION_CONTEXT() REPRESENTATION_CONTEXT('2D SPACE',''
  ) );
#1631 = PCURVE('',#1632,#1637);
#1632 = PLANE('',#1633);
#1633 = AXIS2_PLACEMENT_3D('',#1634,#1635,#1636);
#1634 = CARTESIAN_POINT('',(8.,17.459262274024,9.459262274024));
#1635 = DIRECTION('',(-0.,-0.707106781187,-0.707106781187));
#1636 = DIRECTION('',(0.,-0.707106781187,0.707106781187));
#1637 = DEFINITIONAL_REPRESENTATION('',(#1638),#1642);
#1638 = LINE('',#1639,#1640);
#1639 = CARTESIAN_POINT('',(-52.14982261571,-173.0600048131));
#1640 = VECTOR('',#1641,1.);
#1641 = DIRECTION('',(-0.604289559636,0.796764788451));
#1642 = ( GEOMETRIC_REPRESENTATION_CONTEXT(2) 
PARAMETRIC_REPRESENTATION_CONTEXT() REPRESENTATION_CONTEXT('2D SPACE',''
  ) );
#1643 = FACE_BOUND('',#1644,.T.);
#1644 = EDGE_LOOP('',(#1645,#1707,#1735));
#1645 = ORIENTED_EDGE('',*,*,#1646,.F.);
#1646 = EDGE_CURVE('',#1647,#1649,#1651,.T.);
#1647 = VERTEX_POINT('',#1648);
#1648 = CARTESIAN_POINT('',(37.096970255324,131.54073772597,
    9.459262274024));
#1649 = VERTEX_POINT('',#1650);
#1650 = CARTESIAN_POINT('',(61.48949591009,118.45926227402,
    9.459262274024));
#1651 = SURFACE_CURVE('',#1652,(#1657,#1668),.PCURVE_S1.);
#1652 = ELLIPSE('',#1653,19.571922591028,9.25);
#1653 = AXIS2_PLACEMENT_3D('',#1654,#1655,#1656);
#1654 = CARTESIAN_POINT('',(49.293233082707,125.,16.));
#1655 = DIRECTION('',(0.472615807516,0.881268573413,0.));
#1656 = DIRECTION('',(-0.881268573413,0.472615807516,-0.));
#1657 = PCURVE('',#703,#1658);
#1658 = DEFINITIONAL_REPRESENTATION('',(#1659),#1667);
#1659 = ( BOUNDED_CURVE() B_SPLINE_CURVE(2,(#1660,#1661,#1662,#1663,
#1664,#1665,#1666),.UNSPECIFIED.,.T.,.F.) B_SPLINE_CURVE_WITH_KNOTS((1,2
    ,2,2,2,1),(-2.094395102393,0.,2.094395102393,4.188790204786,
6.28318530718,8.377580409573),.UNSPECIFIED.) CURVE() 
GEOMETRIC_REPRESENTATION_ITEM() RATIONAL_B_SPLINE_CURVE((1.,0.5,1.,0.5,
1.,0.5,1.)) REPRESENTATION_ITEM('') );
#1660 = CARTESIAN_POINT('',(-258.66676073,-16.));
#1661 = CARTESIAN_POINT('',(-258.66676073,2.146997001211E-02));
#1662 = CARTESIAN_POINT('',(-229.3088768435,-7.989265014994));
#1663 = CARTESIAN_POINT('',(-199.9509929569,-16.));
#1664 = CARTESIAN_POINT('',(-229.3088768435,-24.010734985));
#1665 = CARTESIAN_POINT('',(-258.66676073,-32.02146997001));
#1666 = CARTESIAN_POINT('',(-258.66676073,-16.));
#1667 = ( GEOMETRIC_REPRESENTATION_CONTEXT(2) 
PARAMETRIC_REPRESENTATION_CONTEXT() REPRESENTATION_CONTEXT('2D SPACE',''
  ) );
#1668 = PCURVE('',#1669,#1674);
#1669 = CYLINDRICAL_SURFACE('',#1670,9.25);
#1670 = AXIS2_PLACEMENT_3D('',#1671,#1672,#1673);
#1671 = CARTESIAN_POINT('',(8.,125.,16.));
#1672 = DIRECTION('',(-1.,-0.,0.));
#1673 = DIRECTION('',(-0.,1.,-0.));
#1674 = DEFINITIONAL_REPRESENTATION('',(#1675),#1706);
#1675 = B_SPLINE_CURVE_WITH_KNOTS('',8,(#1676,#1677,#1678,#1679,#1680,
    #1681,#1682,#1683,#1684,#1685,#1686,#1687,#1688,#1689,#1690,#1691,
    #1692,#1693,#1694,#1695,#1696,#1697,#1698,#1699,#1700,#1701,#1702,
    #1703,#1704,#1705),.UNSPECIFIED.,.F.,.F.,(9,7,7,7,9),(5.497787143782
    ,6.675884388878,7.5594573227,8.884816723434,10.210176124167),
  .UNSPECIFIED.);
#1676 = CARTESIAN_POINT('',(7.068583470577,-29.09697025532));
#1677 = CARTESIAN_POINT('',(6.92132131494,-27.30092230064));
#1678 = CARTESIAN_POINT('',(6.774059159303,-25.8071484908));
#1679 = CARTESIAN_POINT('',(6.626797003665,-24.67500040032));
#1680 = CARTESIAN_POINT('',(6.47953484803,-23.94984424056));
#1681 = CARTESIAN_POINT('',(6.332272692392,-23.65894667274));
#1682 = CARTESIAN_POINT('',(6.185010536755,-23.80895970574));
#1683 = CARTESIAN_POINT('',(6.037748381118,-24.3860336138));
#1684 = CARTESIAN_POINT('',(5.780039608753,-26.0870583741));
#1685 = CARTESIAN_POINT('',(5.669592992025,-27.03822298961));
#1686 = CARTESIAN_POINT('',(5.559146375297,-28.19798980594));
#1687 = CARTESIAN_POINT('',(5.44869975857,-29.54702928895));
#1688 = CARTESIAN_POINT('',(5.338253141842,-31.06075259704));
#1689 = CARTESIAN_POINT('',(5.227806525114,-32.71023328675));
#1690 = CARTESIAN_POINT('',(5.117359908387,-34.46340002693));
#1691 = CARTESIAN_POINT('',(4.841243366567,-39.02082007949));
#1692 = CARTESIAN_POINT('',(4.675573441474,-41.91232495375));
#1693 = CARTESIAN_POINT('',(4.509903516397,-44.84651689772));
#1694 = CARTESIAN_POINT('',(4.344233591283,-47.69984516344));
#1695 = CARTESIAN_POINT('',(4.178563666214,-50.34957334681));
#1696 = CARTESIAN_POINT('',(4.012893741107,-52.68529066753));
#1697 = CARTESIAN_POINT('',(3.847223816017,-54.61839341611));
#1698 = CARTESIAN_POINT('',(3.515883965834,-57.55648525065));
#1699 = CARTESIAN_POINT('',(3.350214040745,-58.56147453417));
#1700 = CARTESIAN_POINT('',(3.18454411566,-59.04096701508));
#1701 = CARTESIAN_POINT('',(3.018874190572,-58.96069367806));
#1702 = CARTESIAN_POINT('',(2.853204265471,-58.31895409445));
#1703 = CARTESIAN_POINT('',(2.687534340379,-57.14803810831));
#1704 = CARTESIAN_POINT('',(2.521864415284,-55.5100498591));
#1705 = CARTESIAN_POINT('',(2.356194490192,-53.48949591009));
#1706 = ( GEOMETRIC_REPRESENTATION_CONTEXT(2) 
PARAMETRIC_REPRESENTATION_CONTEXT() REPRESENTATION_CONTEXT('2D SPACE',''
  ) );
#1707 = ORIENTED_EDGE('',*,*,#1708,.F.);
#1708 = EDGE_CURVE('',#1709,#1647,#1711,.T.);
#1709 = VERTEX_POINT('',#1710);
#1710 = CARTESIAN_POINT('',(49.293233082707,125.,2.918524548049));
#1711 = SURFACE_CURVE('',#1712,(#1716,#1723),.PCURVE_S1.);
#1712 = LINE('',#1713,#1714);
#1713 = CARTESIAN_POINT('',(117.35323699806,88.500078545393,
    -33.58139690655));
#1714 = VECTOR('',#1715,1.);
#1715 = DIRECTION('',(-0.796764788451,0.427297245419,0.427297245419));
#1716 = PCURVE('',#703,#1717);
#1717 = DEFINITIONAL_REPRESENTATION('',(#1718),#1722);
#1718 = LINE('',#1719,#1720);
#1719 = CARTESIAN_POINT('',(-161.8652557295,-65.58139690655));
#1720 = VECTOR('',#1721,1.);
#1721 = DIRECTION('',(-0.904111201157,0.427297245419));
#1722 = ( GEOMETRIC_REPRESENTATION_CONTEXT(2) 
PARAMETRIC_REPRESENTATION_CONTEXT() REPRESENTATION_CONTEXT('2D SPACE',''
  ) );
#1723 = PCURVE('',#1724,#1729);
#1724 = PLANE('',#1725);
#1725 = AXIS2_PLACEMENT_3D('',#1726,#1727,#1728);
#1726 = CARTESIAN_POINT('',(8.,125.,2.918524548049));
#1727 = DIRECTION('',(-0.,0.707106781187,-0.707106781187));
#1728 = DIRECTION('',(0.,-0.707106781187,-0.707106781187));
#1729 = DEFINITIONAL_REPRESENTATION('',(#1730),#1734);
#1730 = LINE('',#1731,#1732);
#1731 = CARTESIAN_POINT('',(51.618683946658,-109.353236998));
#1732 = VECTOR('',#1733,1.);
#1733 = DIRECTION('',(-0.604289559636,0.796764788451));
#1734 = ( GEOMETRIC_REPRESENTATION_CONTEXT(2) 
PARAMETRIC_REPRESENTATION_CONTEXT() REPRESENTATION_CONTEXT('2D SPACE',''
  ) );
#1735 = ORIENTED_EDGE('',*,*,#1736,.F.);
#1736 = EDGE_CURVE('',#1649,#1709,#1737,.T.);
#1737 = SURFACE_CURVE('',#1738,(#1742,#1749),.PCURVE_S1.);
#1738 = LINE('',#1739,#1740);
#1739 = CARTESIAN_POINT('',(129.48101181134,81.996070278591,
    45.922454269458));
#1740 = VECTOR('',#1741,1.);
#1741 = DIRECTION('',(-0.796764788451,0.427297245419,-0.427297245419));
#1742 = PCURVE('',#703,#1743);
#1743 = DEFINITIONAL_REPRESENTATION('',(#1744),#1748);
#1744 = LINE('',#1745,#1746);
#1745 = CARTESIAN_POINT('',(-148.103531802,13.922454269458));
#1746 = VECTOR('',#1747,1.);
#1747 = DIRECTION('',(-0.904111201157,-0.427297245419));
#1748 = ( GEOMETRIC_REPRESENTATION_CONTEXT(2) 
PARAMETRIC_REPRESENTATION_CONTEXT() REPRESENTATION_CONTEXT('2D SPACE',''
  ) );
#1749 = PCURVE('',#1750,#1755);
#1750 = PLANE('',#1751);
#1751 = AXIS2_PLACEMENT_3D('',#1752,#1753,#1754);
#1752 = CARTESIAN_POINT('',(8.,118.45926227402,9.459262274024));
#1753 = DIRECTION('',(-0.,-0.707106781187,-0.707106781187));
#1754 = DIRECTION('',(0.,-0.707106781187,0.707106781187));
#1755 = DEFINITIONAL_REPRESENTATION('',(#1756),#1760);
#1756 = LINE('',#1757,#1758);
#1757 = CARTESIAN_POINT('',(51.566740647356,-121.4810118113));
#1758 = VECTOR('',#1759,1.);
#1759 = DIRECTION('',(-0.604289559636,0.796764788451));
#1760 = ( GEOMETRIC_REPRESENTATION_CONTEXT(2) 
PARAMETRIC_REPRESENTATION_CONTEXT() REPRESENTATION_CONTEXT('2D SPACE',''
  ) );
#1761 = FACE_BOUND('',#1762,.T.);
#1762 = EDGE_LOOP('',(#1763,#1825,#1853));
#1763 = ORIENTED_EDGE('',*,*,#1764,.F.);
#1764 = EDGE_CURVE('',#1765,#1767,#1769,.T.);
#1765 = VERTEX_POINT('',#1766);
#1766 = CARTESIAN_POINT('',(130.33005296209,81.540737725976,
    9.459262274024));
#1767 = VERTEX_POINT('',#1768);
#1768 = CARTESIAN_POINT('',(154.72257861685,68.459262274024,
    9.459262274024));
#1769 = SURFACE_CURVE('',#1770,(#1775,#1786),.PCURVE_S1.);
#1770 = ELLIPSE('',#1771,19.571922591028,9.25);
#1771 = AXIS2_PLACEMENT_3D('',#1772,#1773,#1774);
#1772 = CARTESIAN_POINT('',(142.52631578947,75.,16.));
#1773 = DIRECTION('',(0.472615807516,0.881268573413,0.));
#1774 = DIRECTION('',(-0.881268573413,0.472615807516,-0.));
#1775 = PCURVE('',#703,#1776);
#1776 = DEFINITIONAL_REPRESENTATION('',(#1777),#1785);
#1777 = ( BOUNDED_CURVE() B_SPLINE_CURVE(2,(#1778,#1779,#1780,#1781,
#1782,#1783,#1784),.UNSPECIFIED.,.T.,.F.) B_SPLINE_CURVE_WITH_KNOTS((1,2
    ,2,2,2,1),(-2.094395102393,0.,2.094395102393,4.188790204786,
6.28318530718,8.377580409573),.UNSPECIFIED.) CURVE() 
GEOMETRIC_REPRESENTATION_ITEM() RATIONAL_B_SPLINE_CURVE((1.,0.5,1.,0.5,
1.,0.5,1.)) REPRESENTATION_ITEM('') );
#1778 = CARTESIAN_POINT('',(-152.8725845623,-16.));
#1779 = CARTESIAN_POINT('',(-152.8725845623,2.146997001211E-02));
#1780 = CARTESIAN_POINT('',(-123.5147006758,-7.989265014994));
#1781 = CARTESIAN_POINT('',(-94.15681678927,-16.));
#1782 = CARTESIAN_POINT('',(-123.5147006758,-24.010734985));
#1783 = CARTESIAN_POINT('',(-152.8725845623,-32.02146997001));
#1784 = CARTESIAN_POINT('',(-152.8725845623,-16.));
#1785 = ( GEOMETRIC_REPRESENTATION_CONTEXT(2) 
PARAMETRIC_REPRESENTATION_CONTEXT() REPRESENTATION_CONTEXT('2D SPACE',''
  ) );
#1786 = PCURVE('',#1787,#1792);
#1787 = CYLINDRICAL_SURFACE('',#1788,9.25);
#1788 = AXIS2_PLACEMENT_3D('',#1789,#1790,#1791);
#1789 = CARTESIAN_POINT('',(8.,75.,16.));
#1790 = DIRECTION('',(-1.,-0.,0.));
#1791 = DIRECTION('',(-0.,1.,-0.));
#1792 = DEFINITIONAL_REPRESENTATION('',(#1793),#1824);
#1793 = B_SPLINE_CURVE_WITH_KNOTS('',8,(#1794,#1795,#1796,#1797,#1798,
    #1799,#1800,#1801,#1802,#1803,#1804,#1805,#1806,#1807,#1808,#1809,
    #1810,#1811,#1812,#1813,#1814,#1815,#1816,#1817,#1818,#1819,#1820,
    #1821,#1822,#1823),.UNSPECIFIED.,.F.,.F.,(9,7,7,7,9),(5.497787143782
    ,6.675884388878,7.5594573227,8.884816723434,10.210176124167),
  .UNSPECIFIED.);
#1794 = CARTESIAN_POINT('',(7.068583470577,-122.330052962));
#1795 = CARTESIAN_POINT('',(6.92132131494,-120.5340050074));
#1796 = CARTESIAN_POINT('',(6.774059159303,-119.0402311975));
#1797 = CARTESIAN_POINT('',(6.626797003666,-117.9080831072));
#1798 = CARTESIAN_POINT('',(6.479534848028,-117.182926947));
#1799 = CARTESIAN_POINT('',(6.332272692392,-116.8920293793));
#1800 = CARTESIAN_POINT('',(6.185010536755,-117.0420424124));
#1801 = CARTESIAN_POINT('',(6.037748381118,-117.6191163205));
#1802 = CARTESIAN_POINT('',(5.780039608753,-119.3201410808));
#1803 = CARTESIAN_POINT('',(5.669592992025,-120.2713056963));
#1804 = CARTESIAN_POINT('',(5.559146375297,-121.4310725127));
#1805 = CARTESIAN_POINT('',(5.44869975857,-122.7801119957));
#1806 = CARTESIAN_POINT('',(5.338253141842,-124.2938353037));
#1807 = CARTESIAN_POINT('',(5.227806525114,-125.9433159935));
#1808 = CARTESIAN_POINT('',(5.117359908386,-127.6964827336));
#1809 = CARTESIAN_POINT('',(4.841243366567,-132.2539027862));
#1810 = CARTESIAN_POINT('',(4.675573441477,-135.1454076603));
#1811 = CARTESIAN_POINT('',(4.509903516381,-138.0795996047));
#1812 = CARTESIAN_POINT('',(4.344233591296,-140.9329278687));
#1813 = CARTESIAN_POINT('',(4.178563666202,-143.5826560538));
#1814 = CARTESIAN_POINT('',(4.01289374111,-145.9183733742));
#1815 = CARTESIAN_POINT('',(3.847223816017,-147.8514761228));
#1816 = CARTESIAN_POINT('',(3.515883965834,-150.7895679574));
#1817 = CARTESIAN_POINT('',(3.350214040745,-151.794557241));
#1818 = CARTESIAN_POINT('',(3.18454411566,-152.2740497204));
#1819 = CARTESIAN_POINT('',(3.018874190572,-152.1937763856));
#1820 = CARTESIAN_POINT('',(2.853204265471,-151.5520368));
#1821 = CARTESIAN_POINT('',(2.687534340379,-150.3811208151));
#1822 = CARTESIAN_POINT('',(2.521864415284,-148.7431325658));
#1823 = CARTESIAN_POINT('',(2.356194490192,-146.7225786168));
#1824 = ( GEOMETRIC_REPRESENTATION_CONTEXT(2) 
PARAMETRIC_REPRESENTATION_CONTEXT() REPRESENTATION_CONTEXT('2D SPACE',''
  ) );
#1825 = ORIENTED_EDGE('',*,*,#1826,.F.);
#1826 = EDGE_CURVE('',#1827,#1765,#1829,.T.);
#1827 = VERTEX_POINT('',#1828);
#1828 = CARTESIAN_POINT('',(142.52631578947,75.,2.918524548049));
#1829 = SURFACE_CURVE('',#1830,(#1834,#1841),.PCURVE_S1.);
#1830 = LINE('',#1831,#1832);
#1831 = CARTESIAN_POINT('',(142.88739194944,74.806358349691,
    2.72488289774));
#1832 = VECTOR('',#1833,1.);
#1833 = DIRECTION('',(-0.796764788451,0.427297245419,0.427297245419));
#1834 = PCURVE('',#703,#1835);
#1835 = DEFINITIONAL_REPRESENTATION('',(#1836),#1840);
#1836 = LINE('',#1837,#1838);
#1837 = CARTESIAN_POINT('',(-132.890938794,-29.27511710226));
#1838 = VECTOR('',#1839,1.);
#1839 = DIRECTION('',(-0.904111201157,0.427297245419));
#1840 = ( GEOMETRIC_REPRESENTATION_CONTEXT(2) 
PARAMETRIC_REPRESENTATION_CONTEXT() REPRESENTATION_CONTEXT('2D SPACE',''
  ) );
#1841 = PCURVE('',#1842,#1847);
#1842 = PLANE('',#1843);
#1843 = AXIS2_PLACEMENT_3D('',#1844,#1845,#1846);
#1844 = CARTESIAN_POINT('',(8.,75.,2.918524548049));
#1845 = DIRECTION('',(-0.,0.707106781187,-0.707106781187));
#1846 = DIRECTION('',(0.,-0.707106781187,-0.707106781187));
#1847 = DEFINITIONAL_REPRESENTATION('',(#1848),#1852);
#1848 = LINE('',#1849,#1850);
#1849 = CARTESIAN_POINT('',(0.273850648107,-134.8873919494));
#1850 = VECTOR('',#1851,1.);
#1851 = DIRECTION('',(-0.604289559636,0.796764788451));
#1852 = ( GEOMETRIC_REPRESENTATION_CONTEXT(2) 
PARAMETRIC_REPRESENTATION_CONTEXT() REPRESENTATION_CONTEXT('2D SPACE',''
  ) );
#1853 = ORIENTED_EDGE('',*,*,#1854,.F.);
#1854 = EDGE_CURVE('',#1767,#1827,#1855,.T.);
#1855 = SURFACE_CURVE('',#1856,(#1860,#1867),.PCURVE_S1.);
#1856 = LINE('',#1857,#1858);
#1857 = CARTESIAN_POINT('',(155.01516676273,68.302350082889,
    9.61617446516));
#1858 = VECTOR('',#1859,1.);
#1859 = DIRECTION('',(-0.796764788451,0.427297245419,-0.427297245419));
#1860 = PCURVE('',#703,#1861);
#1861 = DEFINITIONAL_REPRESENTATION('',(#1862),#1866);
#1862 = LINE('',#1863,#1864);
#1863 = CARTESIAN_POINT('',(-119.1292148665,-22.38382553484));
#1864 = VECTOR('',#1865,1.);
#1865 = DIRECTION('',(-0.904111201157,-0.427297245419));
#1866 = ( GEOMETRIC_REPRESENTATION_CONTEXT(2) 
PARAMETRIC_REPRESENTATION_CONTEXT() REPRESENTATION_CONTEXT('2D SPACE',''
  ) );
#1867 = PCURVE('',#1868,#1873);
#1868 = PLANE('',#1869);
#1869 = AXIS2_PLACEMENT_3D('',#1870,#1871,#1872);
#1870 = CARTESIAN_POINT('',(8.,68.459262274024,9.459262274024));
#1871 = DIRECTION('',(-0.,-0.707106781187,-0.707106781187));
#1872 = DIRECTION('',(0.,-0.707106781187,0.707106781187));
#1873 = DEFINITIONAL_REPRESENTATION('',(#1874),#1878);
#1874 = LINE('',#1875,#1876);
#1875 = CARTESIAN_POINT('',(0.221907348806,-147.0151667627));
#1876 = VECTOR('',#1877,1.);
#1877 = DIRECTION('',(-0.604289559636,0.796764788451));
#1878 = ( GEOMETRIC_REPRESENTATION_CONTEXT(2) 
PARAMETRIC_REPRESENTATION_CONTEXT() REPRESENTATION_CONTEXT('2D SPACE',''
  ) );
#1879 = ADVANCED_FACE('',(#1880,#1956),#1020,.T.);
#1880 = FACE_BOUND('',#1881,.F.);
#1881 = EDGE_LOOP('',(#1882,#1912,#1935));
#1882 = ORIENTED_EDGE('',*,*,#1883,.T.);
#1883 = EDGE_CURVE('',#1884,#1886,#1888,.T.);
#1884 = VERTEX_POINT('',#1885);
#1885 = CARTESIAN_POINT('',(8.,118.45926227402,9.459262274024));
#1886 = VERTEX_POINT('',#1887);
#1887 = CARTESIAN_POINT('',(8.,131.54073772597,9.459262274024));
#1888 = SURFACE_CURVE('',#1889,(#1894,#1905),.PCURVE_S1.);
#1889 = CIRCLE('',#1890,9.25);
#1890 = AXIS2_PLACEMENT_3D('',#1891,#1892,#1893);
#1891 = CARTESIAN_POINT('',(8.,125.,16.));
#1892 = DIRECTION('',(-1.,0.,0.));
#1893 = DIRECTION('',(-0.,-0.707106781187,-0.707106781187));
#1894 = PCURVE('',#1020,#1895);
#1895 = DEFINITIONAL_REPRESENTATION('',(#1896),#1904);
#1896 = ( BOUNDED_CURVE() B_SPLINE_CURVE(2,(#1897,#1898,#1899,#1900,
#1901,#1902,#1903),.UNSPECIFIED.,.T.,.F.) B_SPLINE_CURVE_WITH_KNOTS((1,2
    ,2,2,2,1),(-2.094395102393,0.,2.094395102393,4.188790204786,
6.28318530718,8.377580409573),.UNSPECIFIED.) CURVE() 
GEOMETRIC_REPRESENTATION_ITEM() RATIONAL_B_SPLINE_CURVE((1.,0.5,1.,0.5,
1.,0.5,1.)) REPRESENTATION_ITEM('') );
#1897 = CARTESIAN_POINT('',(-6.540737725976,6.540737725976));
#1898 = CARTESIAN_POINT('',(4.788152334397,17.869627786348));
#1899 = CARTESIAN_POINT('',(8.934813893174,2.394076167198));
#1900 = CARTESIAN_POINT('',(13.081475451951,-13.08147545195));
#1901 = CARTESIAN_POINT('',(-2.394076167198,-8.934813893174));
#1902 = CARTESIAN_POINT('',(-17.86962778634,-4.788152334397));
#1903 = CARTESIAN_POINT('',(-6.540737725976,6.540737725976));
#1904 = ( GEOMETRIC_REPRESENTATION_CONTEXT(2) 
PARAMETRIC_REPRESENTATION_CONTEXT() REPRESENTATION_CONTEXT('2D SPACE',''
  ) );
#1905 = PCURVE('',#1669,#1906);
#1906 = DEFINITIONAL_REPRESENTATION('',(#1907),#1911);
#1907 = LINE('',#1908,#1909);
#1908 = CARTESIAN_POINT('',(2.356194490192,0.));
#1909 = VECTOR('',#1910,1.);
#1910 = DIRECTION('',(1.,0.));
#1911 = ( GEOMETRIC_REPRESENTATION_CONTEXT(2) 
PARAMETRIC_REPRESENTATION_CONTEXT() REPRESENTATION_CONTEXT('2D SPACE',''
  ) );
#1912 = ORIENTED_EDGE('',*,*,#1913,.F.);
#1913 = EDGE_CURVE('',#1914,#1886,#1916,.T.);
#1914 = VERTEX_POINT('',#1915);
#1915 = CARTESIAN_POINT('',(8.,125.,2.918524548049));
#1916 = SURFACE_CURVE('',#1917,(#1921,#1928),.PCURVE_S1.);
#1917 = LINE('',#1918,#1919);
#1918 = CARTESIAN_POINT('',(8.,125.,2.918524548049));
#1919 = VECTOR('',#1920,1.);
#1920 = DIRECTION('',(-0.,0.707106781187,0.707106781187));
#1921 = PCURVE('',#1020,#1922);
#1922 = DEFINITIONAL_REPRESENTATION('',(#1923),#1927);
#1923 = LINE('',#1924,#1925);
#1924 = CARTESIAN_POINT('',(-13.08147545195,-1.42108547152E-14));
#1925 = VECTOR('',#1926,1.);
#1926 = DIRECTION('',(0.707106781187,-0.707106781187));
#1927 = ( GEOMETRIC_REPRESENTATION_CONTEXT(2) 
PARAMETRIC_REPRESENTATION_CONTEXT() REPRESENTATION_CONTEXT('2D SPACE',''
  ) );
#1928 = PCURVE('',#1724,#1929);
#1929 = DEFINITIONAL_REPRESENTATION('',(#1930),#1934);
#1930 = LINE('',#1931,#1932);
#1931 = CARTESIAN_POINT('',(-0.,0.));
#1932 = VECTOR('',#1933,1.);
#1933 = DIRECTION('',(-1.,0.));
#1934 = ( GEOMETRIC_REPRESENTATION_CONTEXT(2) 
PARAMETRIC_REPRESENTATION_CONTEXT() REPRESENTATION_CONTEXT('2D SPACE',''
  ) );
#1935 = ORIENTED_EDGE('',*,*,#1936,.F.);
#1936 = EDGE_CURVE('',#1884,#1914,#1937,.T.);
#1937 = SURFACE_CURVE('',#1938,(#1942,#1949),.PCURVE_S1.);
#1938 = LINE('',#1939,#1940);
#1939 = CARTESIAN_POINT('',(8.,118.45926227402,9.459262274024));
#1940 = VECTOR('',#1941,1.);
#1941 = DIRECTION('',(-0.,0.707106781187,-0.707106781187));
#1942 = PCURVE('',#1020,#1943);
#1943 = DEFINITIONAL_REPRESENTATION('',(#1944),#1948);
#1944 = LINE('',#1945,#1946);
#1945 = CARTESIAN_POINT('',(-6.540737725976,6.540737725976));
#1946 = VECTOR('',#1947,1.);
#1947 = DIRECTION('',(-0.707106781187,-0.707106781187));
#1948 = ( GEOMETRIC_REPRESENTATION_CONTEXT(2) 
PARAMETRIC_REPRESENTATION_CONTEXT() REPRESENTATION_CONTEXT('2D SPACE',''
  ) );
#1949 = PCURVE('',#1750,#1950);
#1950 = DEFINITIONAL_REPRESENTATION('',(#1951),#1955);
#1951 = LINE('',#1952,#1953);
#1952 = CARTESIAN_POINT('',(-0.,-0.));
#1953 = VECTOR('',#1954,1.);
#1954 = DIRECTION('',(-1.,0.));
#1955 = ( GEOMETRIC_REPRESENTATION_CONTEXT(2) 
PARAMETRIC_REPRESENTATION_CONTEXT() REPRESENTATION_CONTEXT('2D SPACE',''
  ) );
#1956 = FACE_BOUND('',#1957,.F.);
#1957 = EDGE_LOOP('',(#1958,#1959,#1960));
#1958 = ORIENTED_EDGE('',*,*,#1060,.T.);
#1959 = ORIENTED_EDGE('',*,*,#1006,.T.);
#1960 = ORIENTED_EDGE('',*,*,#1087,.T.);
#1961 = ADVANCED_FACE('',(#1962,#2038),#1173,.T.);
#1962 = FACE_BOUND('',#1963,.F.);
#1963 = EDGE_LOOP('',(#1964,#1994,#2017));
#1964 = ORIENTED_EDGE('',*,*,#1965,.T.);
#1965 = EDGE_CURVE('',#1966,#1968,#1970,.T.);
#1966 = VERTEX_POINT('',#1967);
#1967 = CARTESIAN_POINT('',(8.,68.459262274024,9.459262274024));
#1968 = VERTEX_POINT('',#1969);
#1969 = CARTESIAN_POINT('',(8.,81.540737725976,9.459262274024));
#1970 = SURFACE_CURVE('',#1971,(#1976,#1987),.PCURVE_S1.);
#1971 = CIRCLE('',#1972,9.25);
#1972 = AXIS2_PLACEMENT_3D('',#1973,#1974,#1975);
#1973 = CARTESIAN_POINT('',(8.,75.,16.));
#1974 = DIRECTION('',(-1.,0.,0.));
#1975 = DIRECTION('',(-0.,-0.707106781187,-0.707106781187));
#1976 = PCURVE('',#1173,#1977);
#1977 = DEFINITIONAL_REPRESENTATION('',(#1978),#1986);
#1978 = ( BOUNDED_CURVE() B_SPLINE_CURVE(2,(#1979,#1980,#1981,#1982,
#1983,#1984,#1985),.UNSPECIFIED.,.T.,.F.) B_SPLINE_CURVE_WITH_KNOTS((1,2
    ,2,2,2,1),(-2.094395102393,0.,2.094395102393,4.188790204786,
6.28318530718,8.377580409573),.UNSPECIFIED.) CURVE() 
GEOMETRIC_REPRESENTATION_ITEM() RATIONAL_B_SPLINE_CURVE((1.,0.5,1.,0.5,
1.,0.5,1.)) REPRESENTATION_ITEM('') );
#1979 = CARTESIAN_POINT('',(-6.540737725976,6.540737725976));
#1980 = CARTESIAN_POINT('',(4.788152334397,17.869627786348));
#1981 = CARTESIAN_POINT('',(8.934813893174,2.394076167198));
#1982 = CARTESIAN_POINT('',(13.081475451951,-13.08147545195));
#1983 = CARTESIAN_POINT('',(-2.394076167198,-8.934813893174));
#1984 = CARTESIAN_POINT('',(-17.86962778634,-4.788152334397));
#1985 = CARTESIAN_POINT('',(-6.540737725976,6.540737725976));
#1986 = ( GEOMETRIC_REPRESENTATION_CONTEXT(2) 
PARAMETRIC_REPRESENTATION_CONTEXT() REPRESENTATION_CONTEXT('2D SPACE',''
  ) );
#1987 = PCURVE('',#1787,#1988);
#1988 = DEFINITIONAL_REPRESENTATION('',(#1989),#1993);
#1989 = LINE('',#1990,#1991);
#1990 = CARTESIAN_POINT('',(2.356194490192,0.));
#1991 = VECTOR('',#1992,1.);
#1992 = DIRECTION('',(1.,0.));
#1993 = ( GEOMETRIC_REPRESENTATION_CONTEXT(2) 
PARAMETRIC_REPRESENTATION_CONTEXT() REPRESENTATION_CONTEXT('2D SPACE',''
  ) );
#1994 = ORIENTED_EDGE('',*,*,#1995,.F.);
#1995 = EDGE_CURVE('',#1996,#1968,#1998,.T.);
#1996 = VERTEX_POINT('',#1997);
#1997 = CARTESIAN_POINT('',(8.,75.,2.918524548049));
#1998 = SURFACE_CURVE('',#1999,(#2003,#2010),.PCURVE_S1.);
#1999 = LINE('',#2000,#2001);
#2000 = CARTESIAN_POINT('',(8.,75.,2.918524548049));
#2001 = VECTOR('',#2002,1.);
#2002 = DIRECTION('',(-0.,0.707106781187,0.707106781187));
#2003 = PCURVE('',#1173,#2004);
#2004 = DEFINITIONAL_REPRESENTATION('',(#2005),#2009);
#2005 = LINE('',#2006,#2007);
#2006 = CARTESIAN_POINT('',(-13.08147545195,-1.42108547152E-14));
#2007 = VECTOR('',#2008,1.);
#2008 = DIRECTION('',(0.707106781187,-0.707106781187));
#2009 = ( GEOMETRIC_REPRESENTATION_CONTEXT(2) 
PARAMETRIC_REPRESENTATION_CONTEXT() REPRESENTATION_CONTEXT('2D SPACE',''
  ) );
#2010 = PCURVE('',#1842,#2011);
#2011 = DEFINITIONAL_REPRESENTATION('',(#2012),#2016);
#2012 = LINE('',#2013,#2014);
#2013 = CARTESIAN_POINT('',(-0.,0.));
#2014 = VECTOR('',#2015,1.);
#2015 = DIRECTION('',(-1.,0.));
#2016 = ( GEOMETRIC_REPRESENTATION_CONTEXT(2) 
PARAMETRIC_REPRESENTATION_CONTEXT() REPRESENTATION_CONTEXT('2D SPACE',''
  ) );
#2017 = ORIENTED_EDGE('',*,*,#2018,.F.);
#2018 = EDGE_CURVE('',#1966,#1996,#2019,.T.);
#2019 = SURFACE_CURVE('',#2020,(#2024,#2031),.PCURVE_S1.);
#2020 = LINE('',#2021,#2022);
#2021 = CARTESIAN_POINT('',(8.,68.459262274024,9.459262274024));
#2022 = VECTOR('',#2023,1.);
#2023 = DIRECTION('',(-0.,0.707106781187,-0.707106781187));
#2024 = PCURVE('',#1173,#2025);
#2025 = DEFINITIONAL_REPRESENTATION('',(#2026),#2030);
#2026 = LINE('',#2027,#2028);
#2027 = CARTESIAN_POINT('',(-6.540737725976,6.540737725976));
#2028 = VECTOR('',#2029,1.);
#2029 = DIRECTION('',(-0.707106781187,-0.707106781187));
#2030 = ( GEOMETRIC_REPRESENTATION_CONTEXT(2) 
PARAMETRIC_REPRESENTATION_CONTEXT() REPRESENTATION_CONTEXT('2D SPACE',''
  ) );
#2031 = PCURVE('',#1868,#2032);
#2032 = DEFINITIONAL_REPRESENTATION('',(#2033),#2037);
#2033 = LINE('',#2034,#2035);
#2034 = CARTESIAN_POINT('',(-0.,-0.));
#2035 = VECTOR('',#2036,1.);
#2036 = DIRECTION('',(-1.,0.));
#2037 = ( GEOMETRIC_REPRESENTATION_CONTEXT(2) 
PARAMETRIC_REPRESENTATION_CONTEXT() REPRESENTATION_CONTEXT('2D SPACE',''
  ) );
#2038 = FACE_BOUND('',#2039,.F.);
#2039 = EDGE_LOOP('',(#2040,#2041,#2042));
#2040 = ORIENTED_EDGE('',*,*,#1241,.T.);
#2041 = ORIENTED_EDGE('',*,*,#1159,.T.);
#2042 = ORIENTED_EDGE('',*,*,#1213,.T.);
#2043 = ADVANCED_FACE('',(#2044,#2120),#1326,.T.);
#2044 = FACE_BOUND('',#2045,.F.);
#2045 = EDGE_LOOP('',(#2046,#2076,#2099));
#2046 = ORIENTED_EDGE('',*,*,#2047,.T.);
#2047 = EDGE_CURVE('',#2048,#2050,#2052,.T.);
#2048 = VERTEX_POINT('',#2049);
#2049 = CARTESIAN_POINT('',(8.,17.459262274024,9.459262274024));
#2050 = VERTEX_POINT('',#2051);
#2051 = CARTESIAN_POINT('',(8.,30.540737725976,9.459262274024));
#2052 = SURFACE_CURVE('',#2053,(#2058,#2069),.PCURVE_S1.);
#2053 = CIRCLE('',#2054,9.25);
#2054 = AXIS2_PLACEMENT_3D('',#2055,#2056,#2057);
#2055 = CARTESIAN_POINT('',(8.,24.,16.));
#2056 = DIRECTION('',(-1.,0.,0.));
#2057 = DIRECTION('',(-0.,-0.707106781187,-0.707106781187));
#2058 = PCURVE('',#1326,#2059);
#2059 = DEFINITIONAL_REPRESENTATION('',(#2060),#2068);
#2060 = ( BOUNDED_CURVE() B_SPLINE_CURVE(2,(#2061,#2062,#2063,#2064,
#2065,#2066,#2067),.UNSPECIFIED.,.T.,.F.) B_SPLINE_CURVE_WITH_KNOTS((1,2
    ,2,2,2,1),(-2.094395102393,0.,2.094395102393,4.188790204786,
6.28318530718,8.377580409573),.UNSPECIFIED.) CURVE() 
GEOMETRIC_REPRESENTATION_ITEM() RATIONAL_B_SPLINE_CURVE((1.,0.5,1.,0.5,
1.,0.5,1.)) REPRESENTATION_ITEM('') );
#2061 = CARTESIAN_POINT('',(-6.540737725976,6.540737725976));
#2062 = CARTESIAN_POINT('',(4.788152334397,17.869627786348));
#2063 = CARTESIAN_POINT('',(8.934813893174,2.394076167198));
#2064 = CARTESIAN_POINT('',(13.081475451951,-13.08147545195));
#2065 = CARTESIAN_POINT('',(-2.394076167198,-8.934813893174));
#2066 = CARTESIAN_POINT('',(-17.86962778634,-4.788152334397));
#2067 = CARTESIAN_POINT('',(-6.540737725976,6.540737725976));
#2068 = ( GEOMETRIC_REPRESENTATION_CONTEXT(2) 
PARAMETRIC_REPRESENTATION_CONTEXT() REPRESENTATION_CONTEXT('2D SPACE',''
  ) );
#2069 = PCURVE('',#1551,#2070);
#2070 = DEFINITIONAL_REPRESENTATION('',(#2071),#2075);
#2071 = LINE('',#2072,#2073);
#2072 = CARTESIAN_POINT('',(2.356194490192,0.));
#2073 = VECTOR('',#2074,1.);
#2074 = DIRECTION('',(1.,0.));
#2075 = ( GEOMETRIC_REPRESENTATION_CONTEXT(2) 
PARAMETRIC_REPRESENTATION_CONTEXT() REPRESENTATION_CONTEXT('2D SPACE',''
  ) );
#2076 = ORIENTED_EDGE('',*,*,#2077,.F.);
#2077 = EDGE_CURVE('',#2078,#2050,#2080,.T.);
#2078 = VERTEX_POINT('',#2079);
#2079 = CARTESIAN_POINT('',(8.,24.,2.918524548049));
#2080 = SURFACE_CURVE('',#2081,(#2085,#2092),.PCURVE_S1.);
#2081 = LINE('',#2082,#2083);
#2082 = CARTESIAN_POINT('',(8.,24.,2.918524548049));
#2083 = VECTOR('',#2084,1.);
#2084 = DIRECTION('',(-0.,0.707106781187,0.707106781187));
#2085 = PCURVE('',#1326,#2086);
#2086 = DEFINITIONAL_REPRESENTATION('',(#2087),#2091);
#2087 = LINE('',#2088,#2089);
#2088 = CARTESIAN_POINT('',(-13.08147545195,-3.552713678801E-15));
#2089 = VECTOR('',#2090,1.);
#2090 = DIRECTION('',(0.707106781187,-0.707106781187));
#2091 = ( GEOMETRIC_REPRESENTATION_CONTEXT(2) 
PARAMETRIC_REPRESENTATION_CONTEXT() REPRESENTATION_CONTEXT('2D SPACE',''
  ) );
#2092 = PCURVE('',#1606,#2093);
#2093 = DEFINITIONAL_REPRESENTATION('',(#2094),#2098);
#2094 = LINE('',#2095,#2096);
#2095 = CARTESIAN_POINT('',(-0.,0.));
#2096 = VECTOR('',#2097,1.);
#2097 = DIRECTION('',(-1.,0.));
#2098 = ( GEOMETRIC_REPRESENTATION_CONTEXT(2) 
PARAMETRIC_REPRESENTATION_CONTEXT() REPRESENTATION_CONTEXT('2D SPACE',''
  ) );
#2099 = ORIENTED_EDGE('',*,*,#2100,.F.);
#2100 = EDGE_CURVE('',#2048,#2078,#2101,.T.);
#2101 = SURFACE_CURVE('',#2102,(#2106,#2113),.PCURVE_S1.);
#2102 = LINE('',#2103,#2104);
#2103 = CARTESIAN_POINT('',(8.,17.459262274024,9.459262274024));
#2104 = VECTOR('',#2105,1.);
#2105 = DIRECTION('',(-0.,0.707106781187,-0.707106781187));
#2106 = PCURVE('',#1326,#2107);
#2107 = DEFINITIONAL_REPRESENTATION('',(#2108),#2112);
#2108 = LINE('',#2109,#2110);
#2109 = CARTESIAN_POINT('',(-6.540737725976,6.540737725976));
#2110 = VECTOR('',#2111,1.);
#2111 = DIRECTION('',(-0.707106781187,-0.707106781187));
#2112 = ( GEOMETRIC_REPRESENTATION_CONTEXT(2) 
PARAMETRIC_REPRESENTATION_CONTEXT() REPRESENTATION_CONTEXT('2D SPACE',''
  ) );
#2113 = PCURVE('',#1632,#2114);
#2114 = DEFINITIONAL_REPRESENTATION('',(#2115),#2119);
#2115 = LINE('',#2116,#2117);
#2116 = CARTESIAN_POINT('',(-0.,-0.));
#2117 = VECTOR('',#2118,1.);
#2118 = DIRECTION('',(-1.,0.));
#2119 = ( GEOMETRIC_REPRESENTATION_CONTEXT(2) 
PARAMETRIC_REPRESENTATION_CONTEXT() REPRESENTATION_CONTEXT('2D SPACE',''
  ) );
#2120 = FACE_BOUND('',#2121,.F.);
#2121 = EDGE_LOOP('',(#2122,#2123,#2124));
#2122 = ORIENTED_EDGE('',*,*,#1394,.T.);
#2123 = ORIENTED_EDGE('',*,*,#1312,.T.);
#2124 = ORIENTED_EDGE('',*,*,#1366,.T.);
#2125 = ADVANCED_FACE('',(#2126),#1465,.F.);
#2126 = FACE_BOUND('',#2127,.T.);
#2127 = EDGE_LOOP('',(#2128,#2129,#2152,#2183));
#2128 = ORIENTED_EDGE('',*,*,#1444,.F.);
#2129 = ORIENTED_EDGE('',*,*,#2130,.F.);
#2130 = EDGE_CURVE('',#2131,#1445,#2133,.T.);
#2131 = VERTEX_POINT('',#2132);
#2132 = CARTESIAN_POINT('',(100.,-8.,-17.5));
#2133 = SEAM_CURVE('',#2134,(#2138,#2145),.PCURVE_S1.);
#2134 = LINE('',#2135,#2136);
#2135 = CARTESIAN_POINT('',(100.,-8.,-17.5));
#2136 = VECTOR('',#2137,1.);
#2137 = DIRECTION('',(-0.,1.,-0.));
#2138 = PCURVE('',#1465,#2139);
#2139 = DEFINITIONAL_REPRESENTATION('',(#2140),#2144);
#2140 = LINE('',#2141,#2142);
#2141 = CARTESIAN_POINT('',(-6.28318530718,-0.));
#2142 = VECTOR('',#2143,1.);
#2143 = DIRECTION('',(-0.,1.));
#2144 = ( GEOMETRIC_REPRESENTATION_CONTEXT(2) 
PARAMETRIC_REPRESENTATION_CONTEXT() REPRESENTATION_CONTEXT('2D SPACE',''
  ) );
#2145 = PCURVE('',#1465,#2146);
#2146 = DEFINITIONAL_REPRESENTATION('',(#2147),#2151);
#2147 = LINE('',#2148,#2149);
#2148 = CARTESIAN_POINT('',(-0.,-0.));
#2149 = VECTOR('',#2150,1.);
#2150 = DIRECTION('',(-0.,1.));
#2151 = ( GEOMETRIC_REPRESENTATION_CONTEXT(2) 
PARAMETRIC_REPRESENTATION_CONTEXT() REPRESENTATION_CONTEXT('2D SPACE',''
  ) );
#2152 = ORIENTED_EDGE('',*,*,#2153,.T.);
#2153 = EDGE_CURVE('',#2131,#2131,#2154,.T.);
#2154 = SURFACE_CURVE('',#2155,(#2160,#2167),.PCURVE_S1.);
#2155 = CIRCLE('',#2156,1.5);
#2156 = AXIS2_PLACEMENT_3D('',#2157,#2158,#2159);
#2157 = CARTESIAN_POINT('',(100.,-8.,-16.));
#2158 = DIRECTION('',(0.,-1.,0.));
#2159 = DIRECTION('',(-0.,-0.,-1.));
#2160 = PCURVE('',#1465,#2161);
#2161 = DEFINITIONAL_REPRESENTATION('',(#2162),#2166);
#2162 = LINE('',#2163,#2164);
#2163 = CARTESIAN_POINT('',(-0.,0.));
#2164 = VECTOR('',#2165,1.);
#2165 = DIRECTION('',(-1.,0.));
#2166 = ( GEOMETRIC_REPRESENTATION_CONTEXT(2) 
PARAMETRIC_REPRESENTATION_CONTEXT() REPRESENTATION_CONTEXT('2D SPACE',''
  ) );
#2167 = PCURVE('',#2168,#2173);
#2168 = PLANE('',#2169);
#2169 = AXIS2_PLACEMENT_3D('',#2170,#2171,#2172);
#2170 = CARTESIAN_POINT('',(100.,-8.,-16.));
#2171 = DIRECTION('',(-0.,1.,-0.));
#2172 = DIRECTION('',(0.,0.,1.));
#2173 = DEFINITIONAL_REPRESENTATION('',(#2174),#2182);
#2174 = ( BOUNDED_CURVE() B_SPLINE_CURVE(2,(#2175,#2176,#2177,#2178,
#2179,#2180,#2181),.UNSPECIFIED.,.T.,.F.) B_SPLINE_CURVE_WITH_KNOTS((1,2
    ,2,2,2,1),(-2.094395102393,0.,2.094395102393,4.188790204786,
6.28318530718,8.377580409573),.UNSPECIFIED.) CURVE() 
GEOMETRIC_REPRESENTATION_ITEM() RATIONAL_B_SPLINE_CURVE((1.,0.5,1.,0.5,
1.,0.5,1.)) REPRESENTATION_ITEM('') );
#2175 = CARTESIAN_POINT('',(-1.5,0.));
#2176 = CARTESIAN_POINT('',(-1.5,2.598076211353));
#2177 = CARTESIAN_POINT('',(0.75,1.299038105677));
#2178 = CARTESIAN_POINT('',(3.,3.673940397442E-16));
#2179 = CARTESIAN_POINT('',(0.75,-1.299038105677));
#2180 = CARTESIAN_POINT('',(-1.5,-2.598076211353));
#2181 = CARTESIAN_POINT('',(-1.5,0.));
#2182 = ( GEOMETRIC_REPRESENTATION_CONTEXT(2) 
PARAMETRIC_REPRESENTATION_CONTEXT() REPRESENTATION_CONTEXT('2D SPACE',''
  ) );
#2183 = ORIENTED_EDGE('',*,*,#2130,.T.);
#2184 = ADVANCED_FACE('',(#2185),#1500,.F.);
#2185 = FACE_BOUND('',#2186,.T.);
#2186 = EDGE_LOOP('',(#2187,#2188,#2211,#2242));
#2187 = ORIENTED_EDGE('',*,*,#1479,.F.);
#2188 = ORIENTED_EDGE('',*,*,#2189,.F.);
#2189 = EDGE_CURVE('',#2190,#1480,#2192,.T.);
#2190 = VERTEX_POINT('',#2191);
#2191 = CARTESIAN_POINT('',(220.,-8.,-17.5));
#2192 = SEAM_CURVE('',#2193,(#2197,#2204),.PCURVE_S1.);
#2193 = LINE('',#2194,#2195);
#2194 = CARTESIAN_POINT('',(220.,-8.,-17.5));
#2195 = VECTOR('',#2196,1.);
#2196 = DIRECTION('',(-0.,1.,-0.));
#2197 = PCURVE('',#1500,#2198);
#2198 = DEFINITIONAL_REPRESENTATION('',(#2199),#2203);
#2199 = LINE('',#2200,#2201);
#2200 = CARTESIAN_POINT('',(-6.28318530718,-0.));
#2201 = VECTOR('',#2202,1.);
#2202 = DIRECTION('',(-0.,1.));
#2203 = ( GEOMETRIC_REPRESENTATION_CONTEXT(2) 
PARAMETRIC_REPRESENTATION_CONTEXT() REPRESENTATION_CONTEXT('2D SPACE',''
  ) );
#2204 = PCURVE('',#1500,#2205);
#2205 = DEFINITIONAL_REPRESENTATION('',(#2206),#2210);
#2206 = LINE('',#2207,#2208);
#2207 = CARTESIAN_POINT('',(-0.,-0.));
#2208 = VECTOR('',#2209,1.);
#2209 = DIRECTION('',(-0.,1.));
#2210 = ( GEOMETRIC_REPRESENTATION_CONTEXT(2) 
PARAMETRIC_REPRESENTATION_CONTEXT() REPRESENTATION_CONTEXT('2D SPACE',''
  ) );
#2211 = ORIENTED_EDGE('',*,*,#2212,.T.);
#2212 = EDGE_CURVE('',#2190,#2190,#2213,.T.);
#2213 = SURFACE_CURVE('',#2214,(#2219,#2226),.PCURVE_S1.);
#2214 = CIRCLE('',#2215,1.5);
#2215 = AXIS2_PLACEMENT_3D('',#2216,#2217,#2218);
#2216 = CARTESIAN_POINT('',(220.,-8.,-16.));
#2217 = DIRECTION('',(0.,-1.,0.));
#2218 = DIRECTION('',(-0.,-0.,-1.));
#2219 = PCURVE('',#1500,#2220);
#2220 = DEFINITIONAL_REPRESENTATION('',(#2221),#2225);
#2221 = LINE('',#2222,#2223);
#2222 = CARTESIAN_POINT('',(-0.,0.));
#2223 = VECTOR('',#2224,1.);
#2224 = DIRECTION('',(-1.,0.));
#2225 = ( GEOMETRIC_REPRESENTATION_CONTEXT(2) 
PARAMETRIC_REPRESENTATION_CONTEXT() REPRESENTATION_CONTEXT('2D SPACE',''
  ) );
#2226 = PCURVE('',#2227,#2232);
#2227 = PLANE('',#2228);
#2228 = AXIS2_PLACEMENT_3D('',#2229,#2230,#2231);
#2229 = CARTESIAN_POINT('',(220.,-8.,-16.));
#2230 = DIRECTION('',(-0.,1.,-0.));
#2231 = DIRECTION('',(0.,0.,1.));
#2232 = DEFINITIONAL_REPRESENTATION('',(#2233),#2241);
#2233 = ( BOUNDED_CURVE() B_SPLINE_CURVE(2,(#2234,#2235,#2236,#2237,
#2238,#2239,#2240),.UNSPECIFIED.,.T.,.F.) B_SPLINE_CURVE_WITH_KNOTS((1,2
    ,2,2,2,1),(-2.094395102393,0.,2.094395102393,4.188790204786,
6.28318530718,8.377580409573),.UNSPECIFIED.) CURVE() 
GEOMETRIC_REPRESENTATION_ITEM() RATIONAL_B_SPLINE_CURVE((1.,0.5,1.,0.5,
1.,0.5,1.)) REPRESENTATION_ITEM('') );
#2234 = CARTESIAN_POINT('',(-1.5,0.));
#2235 = CARTESIAN_POINT('',(-1.5,2.598076211353));
#2236 = CARTESIAN_POINT('',(0.75,1.299038105677));
#2237 = CARTESIAN_POINT('',(3.,3.673940397442E-16));
#2238 = CARTESIAN_POINT('',(0.75,-1.299038105677));
#2239 = CARTESIAN_POINT('',(-1.5,-2.598076211353));
#2240 = CARTESIAN_POINT('',(-1.5,0.));
#2241 = ( GEOMETRIC_REPRESENTATION_CONTEXT(2) 
PARAMETRIC_REPRESENTATION_CONTEXT() REPRESENTATION_CONTEXT('2D SPACE',''
  ) );
#2242 = ORIENTED_EDGE('',*,*,#2189,.T.);
#2243 = ADVANCED_FACE('',(#2244),#1551,.F.);
#2244 = FACE_BOUND('',#2245,.F.);
#2245 = EDGE_LOOP('',(#2246,#2247,#2268,#2269));
#2246 = ORIENTED_EDGE('',*,*,#2047,.F.);
#2247 = ORIENTED_EDGE('',*,*,#2248,.T.);
#2248 = EDGE_CURVE('',#2048,#1531,#2249,.T.);
#2249 = SURFACE_CURVE('',#2250,(#2254,#2261),.PCURVE_S1.);
#2250 = LINE('',#2251,#2252);
#2251 = CARTESIAN_POINT('',(8.,17.459262274024,9.459262274024));
#2252 = VECTOR('',#2253,1.);
#2253 = DIRECTION('',(1.,-0.,-0.));
#2254 = PCURVE('',#1551,#2255);
#2255 = DEFINITIONAL_REPRESENTATION('',(#2256),#2260);
#2256 = LINE('',#2257,#2258);
#2257 = CARTESIAN_POINT('',(2.356194490192,0.));
#2258 = VECTOR('',#2259,1.);
#2259 = DIRECTION('',(0.,-1.));
#2260 = ( GEOMETRIC_REPRESENTATION_CONTEXT(2) 
PARAMETRIC_REPRESENTATION_CONTEXT() REPRESENTATION_CONTEXT('2D SPACE',''
  ) );
#2261 = PCURVE('',#1632,#2262);
#2262 = DEFINITIONAL_REPRESENTATION('',(#2263),#2267);
#2263 = LINE('',#2264,#2265);
#2264 = CARTESIAN_POINT('',(-0.,-0.));
#2265 = VECTOR('',#2266,1.);
#2266 = DIRECTION('',(-0.,-1.));
#2267 = ( GEOMETRIC_REPRESENTATION_CONTEXT(2) 
PARAMETRIC_REPRESENTATION_CONTEXT() REPRESENTATION_CONTEXT('2D SPACE',''
  ) );
#2268 = ORIENTED_EDGE('',*,*,#1528,.F.);
#2269 = ORIENTED_EDGE('',*,*,#2270,.F.);
#2270 = EDGE_CURVE('',#2050,#1529,#2271,.T.);
#2271 = SURFACE_CURVE('',#2272,(#2276,#2283),.PCURVE_S1.);
#2272 = LINE('',#2273,#2274);
#2273 = CARTESIAN_POINT('',(8.,30.540737725976,9.459262274024));
#2274 = VECTOR('',#2275,1.);
#2275 = DIRECTION('',(1.,-0.,-0.));
#2276 = PCURVE('',#1551,#2277);
#2277 = DEFINITIONAL_REPRESENTATION('',(#2278),#2282);
#2278 = LINE('',#2279,#2280);
#2279 = CARTESIAN_POINT('',(7.068583470577,0.));
#2280 = VECTOR('',#2281,1.);
#2281 = DIRECTION('',(0.,-1.));
#2282 = ( GEOMETRIC_REPRESENTATION_CONTEXT(2) 
PARAMETRIC_REPRESENTATION_CONTEXT() REPRESENTATION_CONTEXT('2D SPACE',''
  ) );
#2283 = PCURVE('',#1606,#2284);
#2284 = DEFINITIONAL_REPRESENTATION('',(#2285),#2289);
#2285 = LINE('',#2286,#2287);
#2286 = CARTESIAN_POINT('',(-9.25,0.));
#2287 = VECTOR('',#2288,1.);
#2288 = DIRECTION('',(-0.,-1.));
#2289 = ( GEOMETRIC_REPRESENTATION_CONTEXT(2) 
PARAMETRIC_REPRESENTATION_CONTEXT() REPRESENTATION_CONTEXT('2D SPACE',''
  ) );
#2290 = ADVANCED_FACE('',(#2291),#1606,.F.);
#2291 = FACE_BOUND('',#2292,.T.);
#2292 = EDGE_LOOP('',(#2293,#2294,#2315,#2316));
#2293 = ORIENTED_EDGE('',*,*,#2077,.F.);
#2294 = ORIENTED_EDGE('',*,*,#2295,.T.);
#2295 = EDGE_CURVE('',#2078,#1591,#2296,.T.);
#2296 = SURFACE_CURVE('',#2297,(#2301,#2308),.PCURVE_S1.);
#2297 = LINE('',#2298,#2299);
#2298 = CARTESIAN_POINT('',(8.,24.,2.918524548049));
#2299 = VECTOR('',#2300,1.);
#2300 = DIRECTION('',(1.,-0.,-0.));
#2301 = PCURVE('',#1606,#2302);
#2302 = DEFINITIONAL_REPRESENTATION('',(#2303),#2307);
#2303 = LINE('',#2304,#2305);
#2304 = CARTESIAN_POINT('',(-0.,0.));
#2305 = VECTOR('',#2306,1.);
#2306 = DIRECTION('',(-0.,-1.));
#2307 = ( GEOMETRIC_REPRESENTATION_CONTEXT(2) 
PARAMETRIC_REPRESENTATION_CONTEXT() REPRESENTATION_CONTEXT('2D SPACE',''
  ) );
#2308 = PCURVE('',#1632,#2309);
#2309 = DEFINITIONAL_REPRESENTATION('',(#2310),#2314);
#2310 = LINE('',#2311,#2312);
#2311 = CARTESIAN_POINT('',(-9.25,0.));
#2312 = VECTOR('',#2313,1.);
#2313 = DIRECTION('',(-0.,-1.));
#2314 = ( GEOMETRIC_REPRESENTATION_CONTEXT(2) 
PARAMETRIC_REPRESENTATION_CONTEXT() REPRESENTATION_CONTEXT('2D SPACE',''
  ) );
#2315 = ORIENTED_EDGE('',*,*,#1590,.T.);
#2316 = ORIENTED_EDGE('',*,*,#2270,.F.);
#2317 = ADVANCED_FACE('',(#2318),#1632,.F.);
#2318 = FACE_BOUND('',#2319,.T.);
#2319 = EDGE_LOOP('',(#2320,#2321,#2322,#2323));
#2320 = ORIENTED_EDGE('',*,*,#2100,.F.);
#2321 = ORIENTED_EDGE('',*,*,#2248,.T.);
#2322 = ORIENTED_EDGE('',*,*,#1618,.T.);
#2323 = ORIENTED_EDGE('',*,*,#2295,.F.);
#2324 = ADVANCED_FACE('',(#2325),#1669,.F.);
#2325 = FACE_BOUND('',#2326,.F.);
#2326 = EDGE_LOOP('',(#2327,#2328,#2349,#2350));
#2327 = ORIENTED_EDGE('',*,*,#1883,.F.);
#2328 = ORIENTED_EDGE('',*,*,#2329,.T.);
#2329 = EDGE_CURVE('',#1884,#1649,#2330,.T.);
#2330 = SURFACE_CURVE('',#2331,(#2335,#2342),.PCURVE_S1.);
#2331 = LINE('',#2332,#2333);
#2332 = CARTESIAN_POINT('',(8.,118.45926227402,9.459262274024));
#2333 = VECTOR('',#2334,1.);
#2334 = DIRECTION('',(1.,-0.,-0.));
#2335 = PCURVE('',#1669,#2336);
#2336 = DEFINITIONAL_REPRESENTATION('',(#2337),#2341);
#2337 = LINE('',#2338,#2339);
#2338 = CARTESIAN_POINT('',(2.356194490192,0.));
#2339 = VECTOR('',#2340,1.);
#2340 = DIRECTION('',(0.,-1.));
#2341 = ( GEOMETRIC_REPRESENTATION_CONTEXT(2) 
PARAMETRIC_REPRESENTATION_CONTEXT() REPRESENTATION_CONTEXT('2D SPACE',''
  ) );
#2342 = PCURVE('',#1750,#2343);
#2343 = DEFINITIONAL_REPRESENTATION('',(#2344),#2348);
#2344 = LINE('',#2345,#2346);
#2345 = CARTESIAN_POINT('',(-0.,-0.));
#2346 = VECTOR('',#2347,1.);
#2347 = DIRECTION('',(-0.,-1.));
#2348 = ( GEOMETRIC_REPRESENTATION_CONTEXT(2) 
PARAMETRIC_REPRESENTATION_CONTEXT() REPRESENTATION_CONTEXT('2D SPACE',''
  ) );
#2349 = ORIENTED_EDGE('',*,*,#1646,.F.);
#2350 = ORIENTED_EDGE('',*,*,#2351,.F.);
#2351 = EDGE_CURVE('',#1886,#1647,#2352,.T.);
#2352 = SURFACE_CURVE('',#2353,(#2357,#2364),.PCURVE_S1.);
#2353 = LINE('',#2354,#2355);
#2354 = CARTESIAN_POINT('',(8.,131.54073772597,9.459262274024));
#2355 = VECTOR('',#2356,1.);
#2356 = DIRECTION('',(1.,-0.,-0.));
#2357 = PCURVE('',#1669,#2358);
#2358 = DEFINITIONAL_REPRESENTATION('',(#2359),#2363);
#2359 = LINE('',#2360,#2361);
#2360 = CARTESIAN_POINT('',(7.068583470577,0.));
#2361 = VECTOR('',#2362,1.);
#2362 = DIRECTION('',(0.,-1.));
#2363 = ( GEOMETRIC_REPRESENTATION_CONTEXT(2) 
PARAMETRIC_REPRESENTATION_CONTEXT() REPRESENTATION_CONTEXT('2D SPACE',''
  ) );
#2364 = PCURVE('',#1724,#2365);
#2365 = DEFINITIONAL_REPRESENTATION('',(#2366),#2370);
#2366 = LINE('',#2367,#2368);
#2367 = CARTESIAN_POINT('',(-9.25,0.));
#2368 = VECTOR('',#2369,1.);
#2369 = DIRECTION('',(-0.,-1.));
#2370 = ( GEOMETRIC_REPRESENTATION_CONTEXT(2) 
PARAMETRIC_REPRESENTATION_CONTEXT() REPRESENTATION_CONTEXT('2D SPACE',''
  ) );
#2371 = ADVANCED_FACE('',(#2372),#1750,.F.);
#2372 = FACE_BOUND('',#2373,.T.);
#2373 = EDGE_LOOP('',(#2374,#2375,#2376,#2377));
#2374 = ORIENTED_EDGE('',*,*,#1936,.F.);
#2375 = ORIENTED_EDGE('',*,*,#2329,.T.);
#2376 = ORIENTED_EDGE('',*,*,#1736,.T.);
#2377 = ORIENTED_EDGE('',*,*,#2378,.F.);
#2378 = EDGE_CURVE('',#1914,#1709,#2379,.T.);
#2379 = SURFACE_CURVE('',#2380,(#2384,#2391),.PCURVE_S1.);
#2380 = LINE('',#2381,#2382);
#2381 = CARTESIAN_POINT('',(8.,125.,2.918524548049));
#2382 = VECTOR('',#2383,1.);
#2383 = DIRECTION('',(1.,-0.,-0.));
#2384 = PCURVE('',#1750,#2385);
#2385 = DEFINITIONAL_REPRESENTATION('',(#2386),#2390);
#2386 = LINE('',#2387,#2388);
#2387 = CARTESIAN_POINT('',(-9.25,0.));
#2388 = VECTOR('',#2389,1.);
#2389 = DIRECTION('',(-0.,-1.));
#2390 = ( GEOMETRIC_REPRESENTATION_CONTEXT(2) 
PARAMETRIC_REPRESENTATION_CONTEXT() REPRESENTATION_CONTEXT('2D SPACE',''
  ) );
#2391 = PCURVE('',#1724,#2392);
#2392 = DEFINITIONAL_REPRESENTATION('',(#2393),#2397);
#2393 = LINE('',#2394,#2395);
#2394 = CARTESIAN_POINT('',(-0.,0.));
#2395 = VECTOR('',#2396,1.);
#2396 = DIRECTION('',(-0.,-1.));
#2397 = ( GEOMETRIC_REPRESENTATION_CONTEXT(2) 
PARAMETRIC_REPRESENTATION_CONTEXT() REPRESENTATION_CONTEXT('2D SPACE',''
  ) );
#2398 = ADVANCED_FACE('',(#2399),#1724,.F.);
#2399 = FACE_BOUND('',#2400,.T.);
#2400 = EDGE_LOOP('',(#2401,#2402,#2403,#2404));
#2401 = ORIENTED_EDGE('',*,*,#1913,.F.);
#2402 = ORIENTED_EDGE('',*,*,#2378,.T.);
#2403 = ORIENTED_EDGE('',*,*,#1708,.T.);
#2404 = ORIENTED_EDGE('',*,*,#2351,.F.);
#2405 = ADVANCED_FACE('',(#2406),#1787,.F.);
#2406 = FACE_BOUND('',#2407,.F.);
#2407 = EDGE_LOOP('',(#2408,#2409,#2430,#2431));
#2408 = ORIENTED_EDGE('',*,*,#1965,.F.);
#2409 = ORIENTED_EDGE('',*,*,#2410,.T.);
#2410 = EDGE_CURVE('',#1966,#1767,#2411,.T.);
#2411 = SURFACE_CURVE('',#2412,(#2416,#2423),.PCURVE_S1.);
#2412 = LINE('',#2413,#2414);
#2413 = CARTESIAN_POINT('',(8.,68.459262274024,9.459262274024));
#2414 = VECTOR('',#2415,1.);
#2415 = DIRECTION('',(1.,-0.,-0.));
#2416 = PCURVE('',#1787,#2417);
#2417 = DEFINITIONAL_REPRESENTATION('',(#2418),#2422);
#2418 = LINE('',#2419,#2420);
#2419 = CARTESIAN_POINT('',(2.356194490192,0.));
#2420 = VECTOR('',#2421,1.);
#2421 = DIRECTION('',(0.,-1.));
#2422 = ( GEOMETRIC_REPRESENTATION_CONTEXT(2) 
PARAMETRIC_REPRESENTATION_CONTEXT() REPRESENTATION_CONTEXT('2D SPACE',''
  ) );
#2423 = PCURVE('',#1868,#2424);
#2424 = DEFINITIONAL_REPRESENTATION('',(#2425),#2429);
#2425 = LINE('',#2426,#2427);
#2426 = CARTESIAN_POINT('',(-0.,-0.));
#2427 = VECTOR('',#2428,1.);
#2428 = DIRECTION('',(-0.,-1.));
#2429 = ( GEOMETRIC_REPRESENTATION_CONTEXT(2) 
PARAMETRIC_REPRESENTATION_CONTEXT() REPRESENTATION_CONTEXT('2D SPACE',''
  ) );
#2430 = ORIENTED_EDGE('',*,*,#1764,.F.);
#2431 = ORIENTED_EDGE('',*,*,#2432,.F.);
#2432 = EDGE_CURVE('',#1968,#1765,#2433,.T.);
#2433 = SURFACE_CURVE('',#2434,(#2438,#2445),.PCURVE_S1.);
#2434 = LINE('',#2435,#2436);
#2435 = CARTESIAN_POINT('',(8.,81.540737725976,9.459262274024));
#2436 = VECTOR('',#2437,1.);
#2437 = DIRECTION('',(1.,-0.,-0.));
#2438 = PCURVE('',#1787,#2439);
#2439 = DEFINITIONAL_REPRESENTATION('',(#2440),#2444);
#2440 = LINE('',#2441,#2442);
#2441 = CARTESIAN_POINT('',(7.068583470577,0.));
#2442 = VECTOR('',#2443,1.);
#2443 = DIRECTION('',(0.,-1.));
#2444 = ( GEOMETRIC_REPRESENTATION_CONTEXT(2) 
PARAMETRIC_REPRESENTATION_CONTEXT() REPRESENTATION_CONTEXT('2D SPACE',''
  ) );
#2445 = PCURVE('',#1842,#2446);
#2446 = DEFINITIONAL_REPRESENTATION('',(#2447),#2451);
#2447 = LINE('',#2448,#2449);
#2448 = CARTESIAN_POINT('',(-9.25,0.));
#2449 = VECTOR('',#2450,1.);
#2450 = DIRECTION('',(-0.,-1.));
#2451 = ( GEOMETRIC_REPRESENTATION_CONTEXT(2) 
PARAMETRIC_REPRESENTATION_CONTEXT() REPRESENTATION_CONTEXT('2D SPACE',''
  ) );
#2452 = ADVANCED_FACE('',(#2453),#1842,.F.);
#2453 = FACE_BOUND('',#2454,.T.);
#2454 = EDGE_LOOP('',(#2455,#2456,#2477,#2478));
#2455 = ORIENTED_EDGE('',*,*,#1995,.F.);
#2456 = ORIENTED_EDGE('',*,*,#2457,.T.);
#2457 = EDGE_CURVE('',#1996,#1827,#2458,.T.);
#2458 = SURFACE_CURVE('',#2459,(#2463,#2470),.PCURVE_S1.);
#2459 = LINE('',#2460,#2461);
#2460 = CARTESIAN_POINT('',(8.,75.,2.918524548049));
#2461 = VECTOR('',#2462,1.);
#2462 = DIRECTION('',(1.,-0.,-0.));
#2463 = PCURVE('',#1842,#2464);
#2464 = DEFINITIONAL_REPRESENTATION('',(#2465),#2469);
#2465 = LINE('',#2466,#2467);
#2466 = CARTESIAN_POINT('',(-0.,0.));
#2467 = VECTOR('',#2468,1.);
#2468 = DIRECTION('',(-0.,-1.));
#2469 = ( GEOMETRIC_REPRESENTATION_CONTEXT(2) 
PARAMETRIC_REPRESENTATION_CONTEXT() REPRESENTATION_CONTEXT('2D SPACE',''
  ) );
#2470 = PCURVE('',#1868,#2471);
#2471 = DEFINITIONAL_REPRESENTATION('',(#2472),#2476);
#2472 = LINE('',#2473,#2474);
#2473 = CARTESIAN_POINT('',(-9.25,0.));
#2474 = VECTOR('',#2475,1.);
#2475 = DIRECTION('',(-0.,-1.));
#2476 = ( GEOMETRIC_REPRESENTATION_CONTEXT(2) 
PARAMETRIC_REPRESENTATION_CONTEXT() REPRESENTATION_CONTEXT('2D SPACE',''
  ) );
#2477 = ORIENTED_EDGE('',*,*,#1826,.T.);
#2478 = ORIENTED_EDGE('',*,*,#2432,.F.);
#2479 = ADVANCED_FACE('',(#2480),#1868,.F.);
#2480 = FACE_BOUND('',#2481,.T.);
#2481 = EDGE_LOOP('',(#2482,#2483,#2484,#2485));
#2482 = ORIENTED_EDGE('',*,*,#2018,.F.);
#2483 = ORIENTED_EDGE('',*,*,#2410,.T.);
#2484 = ORIENTED_EDGE('',*,*,#1854,.T.);
#2485 = ORIENTED_EDGE('',*,*,#2457,.F.);
#2486 = ADVANCED_FACE('',(#2487),#2168,.T.);
#2487 = FACE_BOUND('',#2488,.T.);
#2488 = EDGE_LOOP('',(#2489));
#2489 = ORIENTED_EDGE('',*,*,#2153,.F.);
#2490 = ADVANCED_FACE('',(#2491),#2227,.T.);
#2491 = FACE_BOUND('',#2492,.T.);
#2492 = EDGE_LOOP('',(#2493));
#2493 = ORIENTED_EDGE('',*,*,#2212,.F.);
#2494 = ( GEOMETRIC_REPRESENTATION_CONTEXT(3) 
GLOBAL_UNCERTAINTY_ASSIGNED_CONTEXT((#2498)) 
GLOBAL_UNIT_ASSIGNED_CONTEXT((#2495,#2496,#2497)) REPRESENTATION_CONTEXT
('Context #1','3D Context with UNIT and UNCERTAINTY') );
#2495 = ( LENGTH_UNIT() NAMED_UNIT(*) SI_UNIT(.MILLI.,.METRE.) );
#2496 = ( NAMED_UNIT(*) PLANE_ANGLE_UNIT() SI_UNIT($,.RADIAN.) );
#2497 = ( NAMED_UNIT(*) SI_UNIT($,.STERADIAN.) SOLID_ANGLE_UNIT() );
#2498 = UNCERTAINTY_MEASURE_WITH_UNIT(LENGTH_MEASURE(1.E-07),#2495,
  'distance_accuracy_value','confusion accuracy');
#2499 = PRODUCT_RELATED_PRODUCT_CATEGORY('part',$,(#7));
ENDSEC;
END-ISO-10303-21;
