solid OpenSCAD_Model
  facet normal -0 0 1
    outer loop
      vertex 88.3244 -7.35001 1.2
      vertex 90.7037 -7.8087 1.2
      vertex 90.9346 -7.35001 1.2
    endloop
  endfacet
  facet normal 0 0 1
    outer loop
      vertex 90.7037 -7.8087 1.2
      vertex 88.3244 -7.35001 1.2
      vertex 90.6618 -7.88698 1.2
    endloop
  endfacet
  facet normal 0 0 1
    outer loop
      vertex 90.6618 -7.88698 1.2
      vertex 88.3244 -7.35001 1.2
      vertex 90.3026 -8.52119 1.2
    endloop
  endfacet
  facet normal -0 0 1
    outer loop
      vertex 88.3088 -7.37758 1.2
      vertex 90.3026 -8.52119 1.2
      vertex 88.3244 -7.35001 1.2
    endloop
  endfacet
  facet normal 0 0 1
    outer loop
      vertex 90.3026 -8.52119 1.2
      vertex 88.3088 -7.37758 1.2
      vertex 90.2572 -8.59695 1.2
    endloop
  endfacet
  facet normal 0 0 1
    outer loop
      vertex 90.2572 -8.59695 1.2
      vertex 88.3088 -7.37758 1.2
      vertex 89.8676 -9.2122 1.2
    endloop
  endfacet
  facet normal 0 0 1
    outer loop
      vertex 89.8676 -9.2122 1.2
      vertex 87.9319 -7.97266 1.2
      vertex 89.8178 -9.28671 1.2
    endloop
  endfacet
  facet normal 0 0 1
    outer loop
      vertex 89.8178 -9.28671 1.2
      vertex 87.9319 -7.97266 1.2
      vertex 89.3989 -9.88153 1.2
    endloop
  endfacet
  facet normal 0 0 1
    outer loop
      vertex 89.3989 -9.88153 1.2
      vertex 87.5264 -8.54852 1.2
      vertex 89.3457 -9.95319 1.2
    endloop
  endfacet
  facet normal 0 0 1
    outer loop
      vertex 89.3457 -9.95319 1.2
      vertex 87.5264 -8.54852 1.2
      vertex 88.8978 -10.5271 1.2
    endloop
  endfacet
  facet normal -0 0 1
    outer loop
      vertex 87.9319 -7.97266 1.2
      vertex 89.8676 -9.2122 1.2
      vertex 88.3088 -7.37758 1.2
    endloop
  endfacet
  facet normal -0 0 1
    outer loop
      vertex 87.5264 -8.54852 1.2
      vertex 89.3989 -9.88153 1.2
      vertex 87.9319 -7.97266 1.2
    endloop
  endfacet
  facet normal -0 0 1
    outer loop
      vertex 87.093 -9.10379 1.2
      vertex 88.8978 -10.5271 1.2
      vertex 87.5264 -8.54852 1.2
    endloop
  endfacet
  facet normal 0 0 1
    outer loop
      vertex 88.8978 -10.5271 1.2
      vertex 87.093 -9.10379 1.2
      vertex 88.8411 -10.5962 1.2
    endloop
  endfacet
  facet normal 0 0 1
    outer loop
      vertex 88.8411 -10.5962 1.2
      vertex 87.093 -9.10379 1.2
      vertex 88.3656 -11.1475 1.2
    endloop
  endfacet
  facet normal -0 0 1
    outer loop
      vertex 86.6329 -9.63713 1.2
      vertex 88.3656 -11.1475 1.2
      vertex 87.093 -9.10379 1.2
    endloop
  endfacet
  facet normal 0 0 1
    outer loop
      vertex 88.3656 -11.1475 1.2
      vertex 86.6329 -9.63713 1.2
      vertex 88.3058 -11.2135 1.2
    endloop
  endfacet
  facet normal 0 0 1
    outer loop
      vertex 88.3058 -11.2135 1.2
      vertex 86.6329 -9.63713 1.2
      vertex 87.8038 -11.7407 1.2
    endloop
  endfacet
  facet normal -0 0 1
    outer loop
      vertex 86.1473 -10.1473 1.2
      vertex 87.8038 -11.7407 1.2
      vertex 86.6329 -9.63713 1.2
    endloop
  endfacet
  facet normal 0 0 1
    outer loop
      vertex 87.8038 -11.7407 1.2
      vertex 86.1473 -10.1473 1.2
      vertex 87.7407 -11.8038 1.2
    endloop
  endfacet
  facet normal 0 0 1
    outer loop
      vertex 87.7407 -11.8038 1.2
      vertex 86.1473 -10.1473 1.2
      vertex 87.2135 -12.3058 1.2
    endloop
  endfacet
  facet normal -0 0 1
    outer loop
      vertex 85.6371 -10.6329 1.2
      vertex 87.2135 -12.3058 1.2
      vertex 86.1473 -10.1473 1.2
    endloop
  endfacet
  facet normal 0 0 1
    outer loop
      vertex 87.2135 -12.3058 1.2
      vertex 85.6371 -10.6329 1.2
      vertex 87.1469 -12.3661 1.2
    endloop
  endfacet
  facet normal -0 0 1
    outer loop
      vertex 85.1038 -11.093 1.2
      vertex 87.1469 -12.3661 1.2
      vertex 85.6371 -10.6329 1.2
    endloop
  endfacet
  facet normal 0 0 1
    outer loop
      vertex 87.1469 -12.3661 1.2
      vertex 85.1038 -11.093 1.2
      vertex 86.5698 -12.8639 1.2
    endloop
  endfacet
  facet normal 0 0 1
    outer loop
      vertex 86.5698 -12.8639 1.2
      vertex 85.1038 -11.093 1.2
      vertex 86.3513 -13.062 1.2
    endloop
  endfacet
  facet normal -0 0 1
    outer loop
      vertex 84.5485 -11.5264 1.2
      vertex 86.3513 -13.062 1.2
      vertex 85.1038 -11.093 1.2
    endloop
  endfacet
  facet normal 0 0 1
    outer loop
      vertex 86.3513 -13.062 1.2
      vertex 84.5485 -11.5264 1.2
      vertex 86.1309 -13.2824 1.2
    endloop
  endfacet
  facet normal 0 0 1
    outer loop
      vertex 86.1309 -13.2824 1.2
      vertex 84.5485 -11.5264 1.2
      vertex 85.9215 -13.5133 1.2
    endloop
  endfacet
  facet normal -0 0 1
    outer loop
      vertex 83.9727 -11.9319 1.2
      vertex 85.9215 -13.5133 1.2
      vertex 84.5485 -11.5264 1.2
    endloop
  endfacet
  facet normal 0 0 1
    outer loop
      vertex 85.9215 -13.5133 1.2
      vertex 83.9727 -11.9319 1.2
      vertex 85.7238 -13.7543 1.2
    endloop
  endfacet
  facet normal 0 0 1
    outer loop
      vertex 85.7238 -13.7543 1.2
      vertex 83.9727 -11.9319 1.2
      vertex 85.5381 -14.0046 1.2
    endloop
  endfacet
  facet normal -0 0 1
    outer loop
      vertex 83.3776 -12.3088 1.2
      vertex 85.5381 -14.0046 1.2
      vertex 83.9727 -11.9319 1.2
    endloop
  endfacet
  facet normal 0 0 1
    outer loop
      vertex 85.5381 -14.0046 1.2
      vertex 83.3776 -12.3088 1.2
      vertex 85.3649 -14.2638 1.2
    endloop
  endfacet
  facet normal 0 0 1
    outer loop
      vertex 85.3649 -14.2638 1.2
      vertex 83.3776 -12.3088 1.2
      vertex 85.2047 -14.5311 1.2
    endloop
  endfacet
  facet normal -0 0 1
    outer loop
      vertex 82.7647 -12.6559 1.2
      vertex 85.2047 -14.5311 1.2
      vertex 83.3776 -12.3088 1.2
    endloop
  endfacet
  facet normal 0 0 1
    outer loop
      vertex 85.2047 -14.5311 1.2
      vertex 82.7647 -12.6559 1.2
      vertex 85.0577 -14.806 1.2
    endloop
  endfacet
  facet normal 0 0 1
    outer loop
      vertex 85.0577 -14.806 1.2
      vertex 82.7647 -12.6559 1.2
      vertex 84.9245 -15.0878 1.2
    endloop
  endfacet
  facet normal -0 0 1
    outer loop
      vertex 82.1356 -12.9726 1.2
      vertex 84.9245 -15.0878 1.2
      vertex 82.7647 -12.6559 1.2
    endloop
  endfacet
  facet normal 0 0 1
    outer loop
      vertex 84.9245 -15.0878 1.2
      vertex 82.1356 -12.9726 1.2
      vertex 84.8052 -15.3757 1.2
    endloop
  endfacet
  facet normal 0 0 1
    outer loop
      vertex 84.8052 -15.3757 1.2
      vertex 82.1356 -12.9726 1.2
      vertex 84.7001 -15.6692 1.2
    endloop
  endfacet
  facet normal -0 0 1
    outer loop
      vertex 81.4917 -13.258 1.2
      vertex 84.7001 -15.6692 1.2
      vertex 82.1356 -12.9726 1.2
    endloop
  endfacet
  facet normal 0 0 1
    outer loop
      vertex 84.7001 -15.6692 1.2
      vertex 81.4917 -13.258 1.2
      vertex 84.6097 -15.9675 1.2
    endloop
  endfacet
  facet normal -0 0 1
    outer loop
      vertex 80.8345 -13.5115 1.2
      vertex 84.5339 -16.2698 1.2
      vertex 81.4917 -13.258 1.2
    endloop
  endfacet
  facet normal 0 0 1
    outer loop
      vertex 84.6097 -15.9675 1.2
      vertex 81.4917 -13.258 1.2
      vertex 84.5339 -16.2698 1.2
    endloop
  endfacet
  facet normal 0 0 1
    outer loop
      vertex 108 -31.35 1.2
      vertex 107.006 -79.5897 1.2
      vertex 108 -79.3755 1.2
    endloop
  endfacet
  facet normal 0 0 1
    outer loop
      vertex 108 -31.35 1.2
      vertex 106.988 -79.5936 1.2
      vertex 107.006 -79.5897 1.2
    endloop
  endfacet
  facet normal -0 0 1
    outer loop
      vertex 93.7278 -31.35 1.2
      vertex 106.988 -79.5936 1.2
      vertex 108 -31.35 1.2
    endloop
  endfacet
  facet normal 0 0 1
    outer loop
      vertex 106.988 -79.5936 1.2
      vertex 93.7278 -31.35 1.2
      vertex 100.977 -80.8263 1.2
    endloop
  endfacet
  facet normal 0 0 1
    outer loop
      vertex 100.977 -80.8263 1.2
      vertex 93.7278 -31.35 1.2
      vertex 100.956 -80.8304 1.2
    endloop
  endfacet
  facet normal 0 0 1
    outer loop
      vertex 100.956 -80.8304 1.2
      vertex 93.7278 -31.35 1.2
      vertex 94.9569 -81.9946 1.2
    endloop
  endfacet
  facet normal 0 0 1
    outer loop
      vertex 93.4328 -31.3428 1.2
      vertex 94.9569 -81.9946 1.2
      vertex 93.7278 -31.35 1.2
    endloop
  endfacet
  facet normal 0 0 1
    outer loop
      vertex 93.122 -31.3198 1.2
      vertex 94.9569 -81.9946 1.2
      vertex 93.4328 -31.3428 1.2
    endloop
  endfacet
  facet normal 0 0 1
    outer loop
      vertex 94.9569 -81.9946 1.2
      vertex 93.122 -31.3198 1.2
      vertex 94.9371 -81.9984 1.2
    endloop
  endfacet
  facet normal 0 0 1
    outer loop
      vertex 92.8126 -31.2817 1.2
      vertex 94.9371 -81.9984 1.2
      vertex 93.122 -31.3198 1.2
    endloop
  endfacet
  facet normal 0 0 1
    outer loop
      vertex 92.5056 -31.2284 1.2
      vertex 94.9371 -81.9984 1.2
      vertex 92.8126 -31.2817 1.2
    endloop
  endfacet
  facet normal 0 0 1
    outer loop
      vertex 88.951 -83.0899 1.2
      vertex 92.5056 -31.2284 1.2
      vertex 92.2014 -31.1601 1.2
    endloop
  endfacet
  facet normal 0 0 1
    outer loop
      vertex 88.951 -83.0899 1.2
      vertex 92.2014 -31.1601 1.2
      vertex 91.901 -31.077 1.2
    endloop
  endfacet
  facet normal 0 0 1
    outer loop
      vertex 88.9262 -83.0943 1.2
      vertex 91.901 -31.077 1.2
      vertex 91.6051 -30.9792 1.2
    endloop
  endfacet
  facet normal 0 0 1
    outer loop
      vertex 88.9262 -83.0943 1.2
      vertex 91.6051 -30.9792 1.2
      vertex 91.3142 -30.867 1.2
    endloop
  endfacet
  facet normal 0 0 1
    outer loop
      vertex 82.9568 -84.1085 1.2
      vertex 91.3142 -30.867 1.2
      vertex 91.0293 -30.7407 1.2
    endloop
  endfacet
  facet normal 0 0 1
    outer loop
      vertex 82.9568 -84.1085 1.2
      vertex 91.0293 -30.7407 1.2
      vertex 90.7509 -30.6006 1.2
    endloop
  endfacet
  facet normal 0 0 1
    outer loop
      vertex 82.935 -84.1121 1.2
      vertex 90.7509 -30.6006 1.2
      vertex 90.4797 -30.4469 1.2
    endloop
  endfacet
  facet normal 0 0 1
    outer loop
      vertex 76.9879 -85.0441 1.2
      vertex 90.4797 -30.4469 1.2
      vertex 90.2163 -30.2802 1.2
    endloop
  endfacet
  facet normal 0 0 1
    outer loop
      vertex 76.9879 -85.0441 1.2
      vertex 90.2163 -30.2802 1.2
      vertex 89.9615 -30.1007 1.2
    endloop
  endfacet
  facet normal 0 0 1
    outer loop
      vertex 76.9642 -85.0476 1.2
      vertex 89.9615 -30.1007 1.2
      vertex 89.7158 -29.9089 1.2
    endloop
  endfacet
  facet normal 0 0 1
    outer loop
      vertex 71.0484 -85.8921 1.2
      vertex 89.7158 -29.9089 1.2
      vertex 89.4798 -29.7054 1.2
    endloop
  endfacet
  facet normal 0 0 1
    outer loop
      vertex 71.0484 -85.8921 1.2
      vertex 89.4798 -29.7054 1.2
      vertex 89.254 -29.4904 1.2
    endloop
  endfacet
  facet normal 0 0 1
    outer loop
      vertex 71.0213 -85.8957 1.2
      vertex 89.254 -29.4904 1.2
      vertex 89.0391 -29.2646 1.2
    endloop
  endfacet
  facet normal 0 0 1
    outer loop
      vertex 92.5056 -31.2284 1.2
      vertex 88.951 -83.0899 1.2
      vertex 94.9371 -81.9984 1.2
    endloop
  endfacet
  facet normal 0 0 1
    outer loop
      vertex 91.901 -31.077 1.2
      vertex 88.9262 -83.0943 1.2
      vertex 88.951 -83.0899 1.2
    endloop
  endfacet
  facet normal 0 0 1
    outer loop
      vertex 65.1395 -86.6481 1.2
      vertex 89.0391 -29.2646 1.2
      vertex 88.8355 -29.0287 1.2
    endloop
  endfacet
  facet normal 0 0 1
    outer loop
      vertex 65.1113 -86.6515 1.2
      vertex 88.8355 -29.0287 1.2
      vertex 88.6437 -28.7829 1.2
    endloop
  endfacet
  facet normal 0 0 1
    outer loop
      vertex 65.1113 -86.6515 1.2
      vertex 88.6437 -28.7829 1.2
      vertex 88.4643 -28.5281 1.2
    endloop
  endfacet
  facet normal 0 0 1
    outer loop
      vertex 59.272 -87.3066 1.2
      vertex 88.4643 -28.5281 1.2
      vertex 88.2975 -28.2648 1.2
    endloop
  endfacet
  facet normal 0 0 1
    outer loop
      vertex 71.1655 -13.5115 1.2
      vertex 88.2975 -28.2648 1.2
      vertex 88.1439 -27.9935 1.2
    endloop
  endfacet
  facet normal 0 0 1
    outer loop
      vertex 71.1655 -13.5115 1.2
      vertex 88.1439 -27.9935 1.2
      vertex 88.0037 -27.7152 1.2
    endloop
  endfacet
  facet normal 0 0 1
    outer loop
      vertex 71.8343 -13.7325 1.2
      vertex 88.0037 -27.7152 1.2
      vertex 87.8774 -27.4302 1.2
    endloop
  endfacet
  facet normal 0 0 1
    outer loop
      vertex 72.5131 -13.9203 1.2
      vertex 87.8774 -27.4302 1.2
      vertex 87.7652 -27.1394 1.2
    endloop
  endfacet
  facet normal 0 0 1
    outer loop
      vertex 73.2004 -14.0747 1.2
      vertex 87.7652 -27.1394 1.2
      vertex 87.6675 -26.8434 1.2
    endloop
  endfacet
  facet normal 0 0 1
    outer loop
      vertex 73.8943 -14.1951 1.2
      vertex 87.6675 -26.8434 1.2
      vertex 87.5843 -26.543 1.2
    endloop
  endfacet
  facet normal 0 0 1
    outer loop
      vertex 73.8943 -14.1951 1.2
      vertex 87.5843 -26.543 1.2
      vertex 87.5179 -26.247 1.2
    endloop
  endfacet
  facet normal 0 0 1
    outer loop
      vertex 85.3647 -21.0587 1.2
      vertex 87.5179 -26.247 1.2
      vertex 87.4893 -26.0938 1.2
    endloop
  endfacet
  facet normal 0 0 1
    outer loop
      vertex 85.5287 -21.3041 1.2
      vertex 87.4893 -26.0938 1.2
      vertex 87.4333 -25.771 1.2
    endloop
  endfacet
  facet normal 0 0 1
    outer loop
      vertex 85.5287 -21.3041 1.2
      vertex 87.4333 -25.771 1.2
      vertex 87.416 -25.6841 1.2
    endloop
  endfacet
  facet normal 0 0 1
    outer loop
      vertex 85.5287 -21.3041 1.2
      vertex 87.416 -25.6841 1.2
      vertex 87.3102 -25.2128 1.2
    endloop
  endfacet
  facet normal 0 0 1
    outer loop
      vertex 85.5287 -21.3041 1.2
      vertex 87.3102 -25.2128 1.2
      vertex 87.2886 -25.1265 1.2
    endloop
  endfacet
  facet normal 0 0 1
    outer loop
      vertex 85.5287 -21.3041 1.2
      vertex 87.2886 -25.1265 1.2
      vertex 87.1599 -24.6614 1.2
    endloop
  endfacet
  facet normal 0 0 1
    outer loop
      vertex 85.5287 -21.3041 1.2
      vertex 87.1599 -24.6614 1.2
      vertex 87.134 -24.576 1.2
    endloop
  endfacet
  facet normal 0 0 1
    outer loop
      vertex 85.5287 -21.3041 1.2
      vertex 87.134 -24.576 1.2
      vertex 86.9825 -24.1175 1.2
    endloop
  endfacet
  facet normal 0 0 1
    outer loop
      vertex 85.5287 -21.3041 1.2
      vertex 86.9825 -24.1175 1.2
      vertex 86.9525 -24.0337 1.2
    endloop
  endfacet
  facet normal 0 0 1
    outer loop
      vertex 85.5287 -21.3041 1.2
      vertex 86.9525 -24.0337 1.2
      vertex 86.7791 -23.584 1.2
    endloop
  endfacet
  facet normal 0 0 1
    outer loop
      vertex 85.5287 -21.3041 1.2
      vertex 86.7791 -23.584 1.2
      vertex 86.7446 -23.5008 1.2
    endloop
  endfacet
  facet normal 0 0 1
    outer loop
      vertex 85.5287 -21.3041 1.2
      vertex 86.7446 -23.5008 1.2
      vertex 86.5492 -23.0601 1.2
    endloop
  endfacet
  facet normal 0 0 1
    outer loop
      vertex 85.5287 -21.3041 1.2
      vertex 86.5492 -23.0601 1.2
      vertex 86.5108 -22.9789 1.2
    endloop
  endfacet
  facet normal 0 0 1
    outer loop
      vertex 85.5287 -21.3041 1.2
      vertex 86.5108 -22.9789 1.2
      vertex 86.2944 -22.549 1.2
    endloop
  endfacet
  facet normal 0 0 1
    outer loop
      vertex 85.5287 -21.3041 1.2
      vertex 86.2944 -22.549 1.2
      vertex 86.2517 -22.4691 1.2
    endloop
  endfacet
  facet normal 0 0 1
    outer loop
      vertex 85.5287 -21.3041 1.2
      vertex 86.2517 -22.4691 1.2
      vertex 86.0145 -22.0503 1.2
    endloop
  endfacet
  facet normal 0 0 1
    outer loop
      vertex 85.5287 -21.3041 1.2
      vertex 86.0145 -22.0503 1.2
      vertex 85.9681 -21.9729 1.2
    endloop
  endfacet
  facet normal 0 0 1
    outer loop
      vertex 85.5287 -21.3041 1.2
      vertex 85.9681 -21.9729 1.2
      vertex 85.7101 -21.5655 1.2
    endloop
  endfacet
  facet normal 0 0 1
    outer loop
      vertex 85.5287 -21.3041 1.2
      vertex 85.7101 -21.5655 1.2
      vertex 85.6605 -21.4912 1.2
    endloop
  endfacet
  facet normal 0 0 1
    outer loop
      vertex 87.4893 -26.0938 1.2
      vertex 85.5287 -21.3041 1.2
      vertex 85.3647 -21.0587 1.2
    endloop
  endfacet
  facet normal 0 0 1
    outer loop
      vertex 87.5179 -26.247 1.2
      vertex 85.3647 -21.0587 1.2
      vertex 74.5934 -14.2813 1.2
    endloop
  endfacet
  facet normal 0 0 1
    outer loop
      vertex 74.5934 -14.2813 1.2
      vertex 85.3647 -21.0587 1.2
      vertex 85.2045 -20.7913 1.2
    endloop
  endfacet
  facet normal 0 0 1
    outer loop
      vertex 75.2958 -14.3331 1.2
      vertex 85.2045 -20.7913 1.2
      vertex 85.0576 -20.5165 1.2
    endloop
  endfacet
  facet normal 0 0 1
    outer loop
      vertex 75.2958 -14.3331 1.2
      vertex 85.0576 -20.5165 1.2
      vertex 84.9243 -20.2346 1.2
    endloop
  endfacet
  facet normal 0 0 1
    outer loop
      vertex 76 -14.3504 1.2
      vertex 84.9243 -20.2346 1.2
      vertex 84.8051 -19.9467 1.2
    endloop
  endfacet
  facet normal 0 0 1
    outer loop
      vertex 76.7041 -14.3331 1.2
      vertex 84.8051 -19.9467 1.2
      vertex 84.7001 -19.6532 1.2
    endloop
  endfacet
  facet normal 0 0 1
    outer loop
      vertex 76.7041 -14.3331 1.2
      vertex 84.7001 -19.6532 1.2
      vertex 84.6096 -19.3549 1.2
    endloop
  endfacet
  facet normal 0 0 1
    outer loop
      vertex 77.4066 -14.2813 1.2
      vertex 84.6096 -19.3549 1.2
      vertex 84.5339 -19.0526 1.2
    endloop
  endfacet
  facet normal 0 0 1
    outer loop
      vertex 78.1056 -14.1951 1.2
      vertex 84.5339 -19.0526 1.2
      vertex 84.4731 -18.7469 1.2
    endloop
  endfacet
  facet normal 0 0 1
    outer loop
      vertex 78.1056 -14.1951 1.2
      vertex 84.4731 -18.7469 1.2
      vertex 84.4273 -18.4386 1.2
    endloop
  endfacet
  facet normal 0 0 1
    outer loop
      vertex 78.7996 -14.0747 1.2
      vertex 84.4273 -18.4386 1.2
      vertex 84.3968 -18.1284 1.2
    endloop
  endfacet
  facet normal 0 0 1
    outer loop
      vertex 84.5339 -16.2698 1.2
      vertex 80.8345 -13.5115 1.2
      vertex 84.4731 -16.5755 1.2
    endloop
  endfacet
  facet normal 0 0 1
    outer loop
      vertex 84.4731 -16.5755 1.2
      vertex 80.8345 -13.5115 1.2
      vertex 84.4274 -16.8839 1.2
    endloop
  endfacet
  facet normal -0 0 1
    outer loop
      vertex 80.1657 -13.7325 1.2
      vertex 84.4274 -16.8839 1.2
      vertex 80.8345 -13.5115 1.2
    endloop
  endfacet
  facet normal 0 0 1
    outer loop
      vertex 84.4274 -16.8839 1.2
      vertex 80.1657 -13.7325 1.2
      vertex 84.3968 -17.194 1.2
    endloop
  endfacet
  facet normal 0 0 1
    outer loop
      vertex 84.3968 -17.194 1.2
      vertex 80.1657 -13.7325 1.2
      vertex 84.3815 -17.5053 1.2
    endloop
  endfacet
  facet normal -0 0 1
    outer loop
      vertex 79.4869 -13.9203 1.2
      vertex 84.3815 -17.5053 1.2
      vertex 80.1657 -13.7325 1.2
    endloop
  endfacet
  facet normal 0 0 1
    outer loop
      vertex 84.3815 -17.5053 1.2
      vertex 79.4869 -13.9203 1.2
      vertex 84.3815 -17.817 1.2
    endloop
  endfacet
  facet normal 0 0 1
    outer loop
      vertex 84.3815 -17.817 1.2
      vertex 79.4869 -13.9203 1.2
      vertex 84.3968 -18.1284 1.2
    endloop
  endfacet
  facet normal -0 0 1
    outer loop
      vertex 78.7996 -14.0747 1.2
      vertex 84.3968 -18.1284 1.2
      vertex 79.4869 -13.9203 1.2
    endloop
  endfacet
  facet normal 0 0 1
    outer loop
      vertex 84.4273 -18.4386 1.2
      vertex 78.7996 -14.0747 1.2
      vertex 78.1056 -14.1951 1.2
    endloop
  endfacet
  facet normal 0 0 1
    outer loop
      vertex 84.5339 -19.0526 1.2
      vertex 78.1056 -14.1951 1.2
      vertex 77.4066 -14.2813 1.2
    endloop
  endfacet
  facet normal 0 0 1
    outer loop
      vertex 84.6096 -19.3549 1.2
      vertex 77.4066 -14.2813 1.2
      vertex 76.7041 -14.3331 1.2
    endloop
  endfacet
  facet normal 0 0 1
    outer loop
      vertex 91.3142 -30.867 1.2
      vertex 82.9568 -84.1085 1.2
      vertex 88.9262 -83.0943 1.2
    endloop
  endfacet
  facet normal 0 0 1
    outer loop
      vertex 84.8051 -19.9467 1.2
      vertex 76.7041 -14.3331 1.2
      vertex 76 -14.3504 1.2
    endloop
  endfacet
  facet normal 0 0 1
    outer loop
      vertex 90.7509 -30.6006 1.2
      vertex 82.935 -84.1121 1.2
      vertex 82.9568 -84.1085 1.2
    endloop
  endfacet
  facet normal 0 0 1
    outer loop
      vertex 84.9243 -20.2346 1.2
      vertex 76 -14.3504 1.2
      vertex 75.2958 -14.3331 1.2
    endloop
  endfacet
  facet normal 0 0 1
    outer loop
      vertex 90.4797 -30.4469 1.2
      vertex 76.9879 -85.0441 1.2
      vertex 82.935 -84.1121 1.2
    endloop
  endfacet
  facet normal 0 0 1
    outer loop
      vertex 85.2045 -20.7913 1.2
      vertex 75.2958 -14.3331 1.2
      vertex 74.5934 -14.2813 1.2
    endloop
  endfacet
  facet normal 0 0 1
    outer loop
      vertex 87.5179 -26.247 1.2
      vertex 74.5934 -14.2813 1.2
      vertex 73.8943 -14.1951 1.2
    endloop
  endfacet
  facet normal 0 0 1
    outer loop
      vertex 89.9615 -30.1007 1.2
      vertex 76.9642 -85.0476 1.2
      vertex 76.9879 -85.0441 1.2
    endloop
  endfacet
  facet normal 0 0 1
    outer loop
      vertex 87.6675 -26.8434 1.2
      vertex 73.8943 -14.1951 1.2
      vertex 73.2004 -14.0747 1.2
    endloop
  endfacet
  facet normal 0 0 1
    outer loop
      vertex 87.7652 -27.1394 1.2
      vertex 73.2004 -14.0747 1.2
      vertex 72.5131 -13.9203 1.2
    endloop
  endfacet
  facet normal 0 0 1
    outer loop
      vertex 87.8774 -27.4302 1.2
      vertex 72.5131 -13.9203 1.2
      vertex 71.8343 -13.7325 1.2
    endloop
  endfacet
  facet normal 0 0 1
    outer loop
      vertex 88.0037 -27.7152 1.2
      vertex 71.8343 -13.7325 1.2
      vertex 71.1655 -13.5115 1.2
    endloop
  endfacet
  facet normal 0 0 1
    outer loop
      vertex 88.2975 -28.2648 1.2
      vertex 71.1655 -13.5115 1.2
      vertex 70.5083 -13.258 1.2
    endloop
  endfacet
  facet normal 0 0 1
    outer loop
      vertex 89.7158 -29.9089 1.2
      vertex 71.0484 -85.8921 1.2
      vertex 76.9642 -85.0476 1.2
    endloop
  endfacet
  facet normal 0 0 1
    outer loop
      vertex 89.254 -29.4904 1.2
      vertex 71.0213 -85.8957 1.2
      vertex 71.0484 -85.8921 1.2
    endloop
  endfacet
  facet normal 0 0 1
    outer loop
      vertex 88.2975 -28.2648 1.2
      vertex 70.5083 -13.258 1.2
      vertex 59.272 -87.3066 1.2
    endloop
  endfacet
  facet normal 0 0 1
    outer loop
      vertex 59.2417 -87.3097 1.2
      vertex 70.5083 -13.258 1.2
      vertex 69.8644 -12.9726 1.2
    endloop
  endfacet
  facet normal 0 0 1
    outer loop
      vertex 53.4464 -87.8632 1.2
      vertex 69.8644 -12.9726 1.2
      vertex 69.2353 -12.6559 1.2
    endloop
  endfacet
  facet normal 0 0 1
    outer loop
      vertex 53.4145 -87.866 1.2
      vertex 69.2353 -12.6559 1.2
      vertex 68.6224 -12.3088 1.2
    endloop
  endfacet
  facet normal 0 0 1
    outer loop
      vertex 47.672 -88.3127 1.2
      vertex 68.6224 -12.3088 1.2
      vertex 68.0273 -11.9319 1.2
    endloop
  endfacet
  facet normal 0 0 1
    outer loop
      vertex 47.6377 -88.3151 1.2
      vertex 68.0273 -11.9319 1.2
      vertex 67.4515 -11.5264 1.2
    endloop
  endfacet
  facet normal 0 0 1
    outer loop
      vertex 39.3163 -88.607 1.2
      vertex 67.4515 -11.5264 1.2
      vertex 66.8962 -11.093 1.2
    endloop
  endfacet
  facet normal 0 0 1
    outer loop
      vertex 18 -83.4587 1.2
      vertex 66.8962 -11.093 1.2
      vertex 66.3629 -10.6329 1.2
    endloop
  endfacet
  facet normal 0 0 1
    outer loop
      vertex 18 -3 1.2
      vertex 66.3629 -10.6329 1.2
      vertex 65.8527 -10.1473 1.2
    endloop
  endfacet
  facet normal 0 0 1
    outer loop
      vertex 61.1675 -6.28017 1.2
      vertex 65.8527 -10.1473 1.2
      vertex 65.3671 -9.63713 1.2
    endloop
  endfacet
  facet normal 0 0 1
    outer loop
      vertex 89.0391 -29.2646 1.2
      vertex 65.1395 -86.6481 1.2
      vertex 71.0213 -85.8957 1.2
    endloop
  endfacet
  facet normal 0 0 1
    outer loop
      vertex 88.8355 -29.0287 1.2
      vertex 65.1113 -86.6515 1.2
      vertex 65.1395 -86.6481 1.2
    endloop
  endfacet
  facet normal 0 0 1
    outer loop
      vertex 61.7021 -6.60057 1.2
      vertex 65.3671 -9.63713 1.2
      vertex 64.907 -9.10379 1.2
    endloop
  endfacet
  facet normal 0 0 1
    outer loop
      vertex 61.9804 -6.74069 1.2
      vertex 64.907 -9.10379 1.2
      vertex 64.4736 -8.54852 1.2
    endloop
  endfacet
  facet normal 0 0 1
    outer loop
      vertex 62.5562 -6.97919 1.2
      vertex 64.4736 -8.54852 1.2
      vertex 64.0681 -7.97266 1.2
    endloop
  endfacet
  facet normal 0 0 1
    outer loop
      vertex 63.1525 -7.1601 1.2
      vertex 64.0681 -7.97266 1.2
      vertex 63.6912 -7.37758 1.2
    endloop
  endfacet
  facet normal 0 0 1
    outer loop
      vertex 63.4567 -7.22839 1.2
      vertex 63.6912 -7.37758 1.2
      vertex 63.6231 -7.25725 1.2
    endloop
  endfacet
  facet normal 0 0 1
    outer loop
      vertex 63.1525 -7.1601 1.2
      vertex 63.6912 -7.37758 1.2
      vertex 63.4567 -7.22839 1.2
    endloop
  endfacet
  facet normal 0 0 1
    outer loop
      vertex 64.0681 -7.97266 1.2
      vertex 63.1525 -7.1601 1.2
      vertex 62.8522 -7.07695 1.2
    endloop
  endfacet
  facet normal 0 0 1
    outer loop
      vertex 64.0681 -7.97266 1.2
      vertex 62.8522 -7.07695 1.2
      vertex 62.5562 -6.97919 1.2
    endloop
  endfacet
  facet normal 0 0 1
    outer loop
      vertex 64.4736 -8.54852 1.2
      vertex 62.5562 -6.97919 1.2
      vertex 62.2654 -6.867 1.2
    endloop
  endfacet
  facet normal 0 0 1
    outer loop
      vertex 64.4736 -8.54852 1.2
      vertex 62.2654 -6.867 1.2
      vertex 61.9804 -6.74069 1.2
    endloop
  endfacet
  facet normal 0 0 1
    outer loop
      vertex 64.907 -9.10379 1.2
      vertex 61.9804 -6.74069 1.2
      vertex 61.7021 -6.60057 1.2
    endloop
  endfacet
  facet normal 0 0 1
    outer loop
      vertex 65.3671 -9.63713 1.2
      vertex 61.7021 -6.60057 1.2
      vertex 61.4308 -6.44693 1.2
    endloop
  endfacet
  facet normal 0 0 1
    outer loop
      vertex 65.3671 -9.63713 1.2
      vertex 61.4308 -6.44693 1.2
      vertex 61.1675 -6.28017 1.2
    endloop
  endfacet
  facet normal 0 0 1
    outer loop
      vertex 65.8527 -10.1473 1.2
      vertex 61.1675 -6.28017 1.2
      vertex 18 -3 1.2
    endloop
  endfacet
  facet normal 0 0 1
    outer loop
      vertex 18 -3 1.2
      vertex 61.1675 -6.28017 1.2
      vertex 60.9127 -6.10069 1.2
    endloop
  endfacet
  facet normal 0 0 1
    outer loop
      vertex 18 -3 1.2
      vertex 60.9127 -6.10069 1.2
      vertex 60.6669 -5.90892 1.2
    endloop
  endfacet
  facet normal 0 0 1
    outer loop
      vertex 18 -3 1.2
      vertex 60.6669 -5.90892 1.2
      vertex 60.4309 -5.70535 1.2
    endloop
  endfacet
  facet normal 0 0 1
    outer loop
      vertex 18 -3 1.2
      vertex 60.4309 -5.70535 1.2
      vertex 60.2052 -5.49042 1.2
    endloop
  endfacet
  facet normal 0 0 1
    outer loop
      vertex 18 -3 1.2
      vertex 60.2052 -5.49042 1.2
      vertex 59.9902 -5.26465 1.2
    endloop
  endfacet
  facet normal 0 0 1
    outer loop
      vertex 18 -3 1.2
      vertex 59.9902 -5.26465 1.2
      vertex 59.7867 -5.02867 1.2
    endloop
  endfacet
  facet normal 0 0 1
    outer loop
      vertex 18 -3 1.2
      vertex 59.7867 -5.02867 1.2
      vertex 59.5949 -4.78293 1.2
    endloop
  endfacet
  facet normal 0 0 1
    outer loop
      vertex 18 -3 1.2
      vertex 59.5949 -4.78293 1.2
      vertex 59.4154 -4.52811 1.2
    endloop
  endfacet
  facet normal 0 0 1
    outer loop
      vertex 88.4643 -28.5281 1.2
      vertex 59.272 -87.3066 1.2
      vertex 65.1113 -86.6515 1.2
    endloop
  endfacet
  facet normal 0 0 1
    outer loop
      vertex 18 -3 1.2
      vertex 59.4154 -4.52811 1.2
      vertex 59.2487 -4.26476 1.2
    endloop
  endfacet
  facet normal 0 0 1
    outer loop
      vertex 70.5083 -13.258 1.2
      vertex 59.2417 -87.3097 1.2
      vertex 59.272 -87.3066 1.2
    endloop
  endfacet
  facet normal 0 0 1
    outer loop
      vertex 18 -3 1.2
      vertex 59.2487 -4.26476 1.2
      vertex 59.095 -3.99353 1.2
    endloop
  endfacet
  facet normal 0 0 1
    outer loop
      vertex 18 -3 1.2
      vertex 59.095 -3.99353 1.2
      vertex 58.9549 -3.71516 1.2
    endloop
  endfacet
  facet normal 0 0 1
    outer loop
      vertex 18 -3 1.2
      vertex 58.9549 -3.71516 1.2
      vertex 58.8286 -3.43021 1.2
    endloop
  endfacet
  facet normal 0 0 1
    outer loop
      vertex 18 -3 1.2
      vertex 58.8286 -3.43021 1.2
      vertex 58.7164 -3.13936 1.2
    endloop
  endfacet
  facet normal -0 0 1
    outer loop
      vertex 18 -3 1.2
      vertex 58.7164 -3.13936 1.2
      vertex 58.6704 -3 1.2
    endloop
  endfacet
  facet normal 0 0 1
    outer loop
      vertex 69.8644 -12.9726 1.2
      vertex 53.4464 -87.8632 1.2
      vertex 59.2417 -87.3097 1.2
    endloop
  endfacet
  facet normal 0 0 1
    outer loop
      vertex 69.2353 -12.6559 1.2
      vertex 53.4145 -87.866 1.2
      vertex 53.4464 -87.8632 1.2
    endloop
  endfacet
  facet normal 0 0 1
    outer loop
      vertex 68.6224 -12.3088 1.2
      vertex 47.672 -88.3127 1.2
      vertex 53.4145 -87.866 1.2
    endloop
  endfacet
  facet normal 0 0 1
    outer loop
      vertex 68.0273 -11.9319 1.2
      vertex 47.6377 -88.3151 1.2
      vertex 47.672 -88.3127 1.2
    endloop
  endfacet
  facet normal 0 0 1
    outer loop
      vertex 67.4515 -11.5264 1.2
      vertex 41.9841 -88.6486 1.2
      vertex 47.6377 -88.3151 1.2
    endloop
  endfacet
  facet normal 0 0 1
    outer loop
      vertex 67.4515 -11.5264 1.2
      vertex 41.9434 -88.6489 1.2
      vertex 41.9841 -88.6486 1.2
    endloop
  endfacet
  facet normal 0 0 1
    outer loop
      vertex 67.4515 -11.5264 1.2
      vertex 39.3163 -88.607 1.2
      vertex 41.9434 -88.6489 1.2
    endloop
  endfacet
  facet normal 0 0 1
    outer loop
      vertex 66.8962 -11.093 1.2
      vertex 39.2533 -88.6049 1.2
      vertex 39.3163 -88.607 1.2
    endloop
  endfacet
  facet normal 0 0 1
    outer loop
      vertex 66.8962 -11.093 1.2
      vertex 36.7099 -88.4781 1.2
      vertex 39.2533 -88.6049 1.2
    endloop
  endfacet
  facet normal 0 0 1
    outer loop
      vertex 66.8962 -11.093 1.2
      vertex 36.6426 -88.4735 1.2
      vertex 36.7099 -88.4781 1.2
    endloop
  endfacet
  facet normal 0 0 1
    outer loop
      vertex 66.8962 -11.093 1.2
      vertex 34.2121 -88.2626 1.2
      vertex 36.6426 -88.4735 1.2
    endloop
  endfacet
  facet normal 0 0 1
    outer loop
      vertex 66.8962 -11.093 1.2
      vertex 34.1392 -88.2548 1.2
      vertex 34.2121 -88.2626 1.2
    endloop
  endfacet
  facet normal 0 0 1
    outer loop
      vertex 66.8962 -11.093 1.2
      vertex 31.8197 -87.9604 1.2
      vertex 34.1392 -88.2548 1.2
    endloop
  endfacet
  facet normal 0 0 1
    outer loop
      vertex 66.8962 -11.093 1.2
      vertex 31.7419 -87.9488 1.2
      vertex 31.8197 -87.9604 1.2
    endloop
  endfacet
  facet normal 0 0 1
    outer loop
      vertex 66.8962 -11.093 1.2
      vertex 18 -83.4587 1.2
      vertex 31.7419 -87.9488 1.2
    endloop
  endfacet
  facet normal 0 0 1
    outer loop
      vertex 31.7419 -87.9488 1.2
      vertex 18 -83.4587 1.2
      vertex 29.5325 -87.5715 1.2
    endloop
  endfacet
  facet normal 0 0 1
    outer loop
      vertex 29.5325 -87.5715 1.2
      vertex 18 -83.4587 1.2
      vertex 29.4498 -87.5554 1.2
    endloop
  endfacet
  facet normal 0 0 1
    outer loop
      vertex 29.4498 -87.5554 1.2
      vertex 18 -83.4587 1.2
      vertex 27.3484 -87.096 1.2
    endloop
  endfacet
  facet normal 0 0 1
    outer loop
      vertex 27.3484 -87.096 1.2
      vertex 18 -83.4587 1.2
      vertex 27.2621 -87.0749 1.2
    endloop
  endfacet
  facet normal 0 0 1
    outer loop
      vertex 27.2621 -87.0749 1.2
      vertex 18 -83.4587 1.2
      vertex 25.2678 -86.5342 1.2
    endloop
  endfacet
  facet normal 0 0 1
    outer loop
      vertex 25.2678 -86.5342 1.2
      vertex 18 -83.4587 1.2
      vertex 25.1753 -86.5065 1.2
    endloop
  endfacet
  facet normal 0 0 1
    outer loop
      vertex 25.1753 -86.5065 1.2
      vertex 18 -83.4587 1.2
      vertex 23.2874 -85.8859 1.2
    endloop
  endfacet
  facet normal 0 0 1
    outer loop
      vertex 23.2874 -85.8859 1.2
      vertex 18 -83.4587 1.2
      vertex 23.1914 -85.8513 1.2
    endloop
  endfacet
  facet normal 0 0 1
    outer loop
      vertex 23.1914 -85.8513 1.2
      vertex 18 -83.4587 1.2
      vertex 21.4058 -85.1512 1.2
    endloop
  endfacet
  facet normal 0 0 1
    outer loop
      vertex 21.4058 -85.1512 1.2
      vertex 18 -83.4587 1.2
      vertex 21.3065 -85.1088 1.2
    endloop
  endfacet
  facet normal 0 0 1
    outer loop
      vertex 21.3065 -85.1088 1.2
      vertex 18 -83.4587 1.2
      vertex 19.6213 -84.3299 1.2
    endloop
  endfacet
  facet normal 0 0 1
    outer loop
      vertex 66.3629 -10.6329 1.2
      vertex 18 -3 1.2
      vertex 18 -83.4587 1.2
    endloop
  endfacet
  facet normal 0 0 1
    outer loop
      vertex 19.6213 -84.3299 1.2
      vertex 18 -83.4587 1.2
      vertex 19.5198 -84.2791 1.2
    endloop
  endfacet
  facet normal 0 0 -1
    outer loop
      vertex 107.006 -79.5897 7.6
      vertex 108 -31.35 7.6
      vertex 108 -79.3755 7.6
    endloop
  endfacet
  facet normal 0 0 -1
    outer loop
      vertex 106.988 -79.5936 7.6
      vertex 108 -31.35 7.6
      vertex 107.006 -79.5897 7.6
    endloop
  endfacet
  facet normal 0 0 -1
    outer loop
      vertex 93.7278 -31.35 7.6
      vertex 106.988 -79.5936 7.6
      vertex 100.977 -80.8263 7.6
    endloop
  endfacet
  facet normal 0 0 -1
    outer loop
      vertex 93.7278 -31.35 7.6
      vertex 100.977 -80.8263 7.6
      vertex 100.956 -80.8304 7.6
    endloop
  endfacet
  facet normal 0 0 -1
    outer loop
      vertex 93.7278 -31.35 7.6
      vertex 100.956 -80.8304 7.6
      vertex 94.9569 -81.9946 7.6
    endloop
  endfacet
  facet normal 0 0 -1
    outer loop
      vertex 93.122 -31.3198 7.6
      vertex 94.9569 -81.9946 7.6
      vertex 94.9371 -81.9984 7.6
    endloop
  endfacet
  facet normal 0 0 -1
    outer loop
      vertex 106.988 -79.5936 7.6
      vertex 93.7278 -31.35 7.6
      vertex 108 -31.35 7.6
    endloop
  endfacet
  facet normal 0 0 -1
    outer loop
      vertex 94.9569 -81.9946 7.6
      vertex 93.4328 -31.3428 7.6
      vertex 93.7278 -31.35 7.6
    endloop
  endfacet
  facet normal 0 0 -1
    outer loop
      vertex 94.9569 -81.9946 7.6
      vertex 93.122 -31.3198 7.6
      vertex 93.4328 -31.3428 7.6
    endloop
  endfacet
  facet normal 0 0 -1
    outer loop
      vertex 94.9371 -81.9984 7.6
      vertex 92.8126 -31.2817 7.6
      vertex 93.122 -31.3198 7.6
    endloop
  endfacet
  facet normal 0 0 -1
    outer loop
      vertex 94.9371 -81.9984 7.6
      vertex 92.5056 -31.2284 7.6
      vertex 92.8126 -31.2817 7.6
    endloop
  endfacet
  facet normal 0 0 -1
    outer loop
      vertex 88.951 -83.0899 7.6
      vertex 92.5056 -31.2284 7.6
      vertex 94.9371 -81.9984 7.6
    endloop
  endfacet
  facet normal -0 0 -1
    outer loop
      vertex 92.5056 -31.2284 7.6
      vertex 88.951 -83.0899 7.6
      vertex 92.2014 -31.1601 7.6
    endloop
  endfacet
  facet normal -0 0 -1
    outer loop
      vertex 92.2014 -31.1601 7.6
      vertex 88.951 -83.0899 7.6
      vertex 91.901 -31.077 7.6
    endloop
  endfacet
  facet normal 0 0 -1
    outer loop
      vertex 88.9262 -83.0943 7.6
      vertex 91.901 -31.077 7.6
      vertex 88.951 -83.0899 7.6
    endloop
  endfacet
  facet normal -0 0 -1
    outer loop
      vertex 91.901 -31.077 7.6
      vertex 88.9262 -83.0943 7.6
      vertex 91.6051 -30.9792 7.6
    endloop
  endfacet
  facet normal -0 0 -1
    outer loop
      vertex 91.6051 -30.9792 7.6
      vertex 88.9262 -83.0943 7.6
      vertex 91.3142 -30.867 7.6
    endloop
  endfacet
  facet normal 0 0 -1
    outer loop
      vertex 82.9568 -84.1085 7.6
      vertex 91.3142 -30.867 7.6
      vertex 88.9262 -83.0943 7.6
    endloop
  endfacet
  facet normal -0 0 -1
    outer loop
      vertex 91.3142 -30.867 7.6
      vertex 82.9568 -84.1085 7.6
      vertex 91.0293 -30.7407 7.6
    endloop
  endfacet
  facet normal -0 0 -1
    outer loop
      vertex 91.0293 -30.7407 7.6
      vertex 82.9568 -84.1085 7.6
      vertex 90.7509 -30.6006 7.6
    endloop
  endfacet
  facet normal 0 0 -1
    outer loop
      vertex 82.935 -84.1121 7.6
      vertex 90.7509 -30.6006 7.6
      vertex 82.9568 -84.1085 7.6
    endloop
  endfacet
  facet normal -0 0 -1
    outer loop
      vertex 90.7509 -30.6006 7.6
      vertex 82.935 -84.1121 7.6
      vertex 90.4797 -30.4469 7.6
    endloop
  endfacet
  facet normal 0 0 -1
    outer loop
      vertex 76.9879 -85.0441 7.6
      vertex 90.4797 -30.4469 7.6
      vertex 82.935 -84.1121 7.6
    endloop
  endfacet
  facet normal -0 0 -1
    outer loop
      vertex 90.4797 -30.4469 7.6
      vertex 76.9879 -85.0441 7.6
      vertex 90.2163 -30.2802 7.6
    endloop
  endfacet
  facet normal -0 0 -1
    outer loop
      vertex 90.2163 -30.2802 7.6
      vertex 76.9879 -85.0441 7.6
      vertex 89.9615 -30.1007 7.6
    endloop
  endfacet
  facet normal 0 0 -1
    outer loop
      vertex 76.9642 -85.0476 7.6
      vertex 89.9615 -30.1007 7.6
      vertex 76.9879 -85.0441 7.6
    endloop
  endfacet
  facet normal -0 0 -1
    outer loop
      vertex 89.9615 -30.1007 7.6
      vertex 76.9642 -85.0476 7.6
      vertex 89.7158 -29.9089 7.6
    endloop
  endfacet
  facet normal 0 0 -1
    outer loop
      vertex 71.0484 -85.8921 7.6
      vertex 89.7158 -29.9089 7.6
      vertex 76.9642 -85.0476 7.6
    endloop
  endfacet
  facet normal -0 0 -1
    outer loop
      vertex 89.7158 -29.9089 7.6
      vertex 71.0484 -85.8921 7.6
      vertex 89.4798 -29.7054 7.6
    endloop
  endfacet
  facet normal -0 0 -1
    outer loop
      vertex 89.4798 -29.7054 7.6
      vertex 71.0484 -85.8921 7.6
      vertex 89.254 -29.4904 7.6
    endloop
  endfacet
  facet normal 0 0 -1
    outer loop
      vertex 71.0213 -85.8957 7.6
      vertex 89.254 -29.4904 7.6
      vertex 71.0484 -85.8921 7.6
    endloop
  endfacet
  facet normal -0 0 -1
    outer loop
      vertex 89.254 -29.4904 7.6
      vertex 71.0213 -85.8957 7.6
      vertex 89.0391 -29.2646 7.6
    endloop
  endfacet
  facet normal 0 0 -1
    outer loop
      vertex 65.1395 -86.6481 7.6
      vertex 89.0391 -29.2646 7.6
      vertex 71.0213 -85.8957 7.6
    endloop
  endfacet
  facet normal -0 0 -1
    outer loop
      vertex 89.0391 -29.2646 7.6
      vertex 65.1395 -86.6481 7.6
      vertex 88.8355 -29.0287 7.6
    endloop
  endfacet
  facet normal 0 0 -1
    outer loop
      vertex 65.1113 -86.6515 7.6
      vertex 88.8355 -29.0287 7.6
      vertex 65.1395 -86.6481 7.6
    endloop
  endfacet
  facet normal -0 0 -1
    outer loop
      vertex 88.8355 -29.0287 7.6
      vertex 65.1113 -86.6515 7.6
      vertex 88.6437 -28.7829 7.6
    endloop
  endfacet
  facet normal -0 0 -1
    outer loop
      vertex 88.6437 -28.7829 7.6
      vertex 65.1113 -86.6515 7.6
      vertex 88.4643 -28.5281 7.6
    endloop
  endfacet
  facet normal 0 0 -1
    outer loop
      vertex 59.272 -87.3066 7.6
      vertex 88.4643 -28.5281 7.6
      vertex 65.1113 -86.6515 7.6
    endloop
  endfacet
  facet normal -0 0 -1
    outer loop
      vertex 88.4643 -28.5281 7.6
      vertex 59.272 -87.3066 7.6
      vertex 88.2975 -28.2648 7.6
    endloop
  endfacet
  facet normal 0 -0 -1
    outer loop
      vertex 70.5083 -13.258 7.6
      vertex 88.2975 -28.2648 7.6
      vertex 59.272 -87.3066 7.6
    endloop
  endfacet
  facet normal -0 -0 -1
    outer loop
      vertex 71.1655 -13.5115 7.6
      vertex 88.2975 -28.2648 7.6
      vertex 70.5083 -13.258 7.6
    endloop
  endfacet
  facet normal 0 0 -1
    outer loop
      vertex 88.2975 -28.2648 7.6
      vertex 71.1655 -13.5115 7.6
      vertex 88.1439 -27.9935 7.6
    endloop
  endfacet
  facet normal 0 0 -1
    outer loop
      vertex 88.1439 -27.9935 7.6
      vertex 71.1655 -13.5115 7.6
      vertex 88.0037 -27.7152 7.6
    endloop
  endfacet
  facet normal -0 -0 -1
    outer loop
      vertex 71.8343 -13.7325 7.6
      vertex 88.0037 -27.7152 7.6
      vertex 71.1655 -13.5115 7.6
    endloop
  endfacet
  facet normal 0 0 -1
    outer loop
      vertex 88.0037 -27.7152 7.6
      vertex 71.8343 -13.7325 7.6
      vertex 87.8774 -27.4302 7.6
    endloop
  endfacet
  facet normal -0 -0 -1
    outer loop
      vertex 72.5131 -13.9203 7.6
      vertex 87.8774 -27.4302 7.6
      vertex 71.8343 -13.7325 7.6
    endloop
  endfacet
  facet normal 0 0 -1
    outer loop
      vertex 87.8774 -27.4302 7.6
      vertex 72.5131 -13.9203 7.6
      vertex 87.7652 -27.1394 7.6
    endloop
  endfacet
  facet normal 0 0 -1
    outer loop
      vertex 87.7652 -27.1394 7.6
      vertex 73.2004 -14.0747 7.6
      vertex 87.6675 -26.8434 7.6
    endloop
  endfacet
  facet normal -0 -0 -1
    outer loop
      vertex 73.8943 -14.1951 7.6
      vertex 87.6675 -26.8434 7.6
      vertex 73.2004 -14.0747 7.6
    endloop
  endfacet
  facet normal 0 0 -1
    outer loop
      vertex 87.5843 -26.543 7.6
      vertex 73.8943 -14.1951 7.6
      vertex 87.5179 -26.247 7.6
    endloop
  endfacet
  facet normal -0 -0 -1
    outer loop
      vertex 74.5934 -14.2813 7.6
      vertex 87.5179 -26.247 7.6
      vertex 73.8943 -14.1951 7.6
    endloop
  endfacet
  facet normal -0 -0 -1
    outer loop
      vertex 85.3647 -21.0587 7.6
      vertex 87.5179 -26.247 7.6
      vertex 74.5934 -14.2813 7.6
    endloop
  endfacet
  facet normal 0 0 -1
    outer loop
      vertex 87.5179 -26.247 7.6
      vertex 85.3647 -21.0587 7.6
      vertex 87.4893 -26.0938 7.6
    endloop
  endfacet
  facet normal -0 -0 -1
    outer loop
      vertex 85.5287 -21.3041 7.6
      vertex 87.4893 -26.0938 7.6
      vertex 85.3647 -21.0587 7.6
    endloop
  endfacet
  facet normal 0 0 -1
    outer loop
      vertex 87.4333 -25.771 7.6
      vertex 85.5287 -21.3041 7.6
      vertex 87.416 -25.6841 7.6
    endloop
  endfacet
  facet normal 0 0 -1
    outer loop
      vertex 87.416 -25.6841 7.6
      vertex 85.5287 -21.3041 7.6
      vertex 87.3102 -25.2128 7.6
    endloop
  endfacet
  facet normal 0 0 -1
    outer loop
      vertex 87.2886 -25.1265 7.6
      vertex 85.5287 -21.3041 7.6
      vertex 87.1599 -24.6614 7.6
    endloop
  endfacet
  facet normal 0 0 -1
    outer loop
      vertex 87.134 -24.576 7.6
      vertex 85.5287 -21.3041 7.6
      vertex 86.9825 -24.1175 7.6
    endloop
  endfacet
  facet normal 0 0 -1
    outer loop
      vertex 86.9825 -24.1175 7.6
      vertex 85.5287 -21.3041 7.6
      vertex 86.9525 -24.0337 7.6
    endloop
  endfacet
  facet normal 0 0 -1
    outer loop
      vertex 86.9525 -24.0337 7.6
      vertex 85.5287 -21.3041 7.6
      vertex 86.7791 -23.584 7.6
    endloop
  endfacet
  facet normal 0 0 -1
    outer loop
      vertex 86.7446 -23.5008 7.6
      vertex 85.5287 -21.3041 7.6
      vertex 86.5492 -23.0601 7.6
    endloop
  endfacet
  facet normal 0 0 -1
    outer loop
      vertex 86.5492 -23.0601 7.6
      vertex 85.5287 -21.3041 7.6
      vertex 86.5108 -22.9789 7.6
    endloop
  endfacet
  facet normal 0 0 -1
    outer loop
      vertex 86.5108 -22.9789 7.6
      vertex 85.5287 -21.3041 7.6
      vertex 86.2944 -22.549 7.6
    endloop
  endfacet
  facet normal 0 0 -1
    outer loop
      vertex 86.2944 -22.549 7.6
      vertex 85.5287 -21.3041 7.6
      vertex 86.2517 -22.4691 7.6
    endloop
  endfacet
  facet normal 0 0 -1
    outer loop
      vertex 86.2517 -22.4691 7.6
      vertex 85.5287 -21.3041 7.6
      vertex 86.0145 -22.0503 7.6
    endloop
  endfacet
  facet normal 0 0 -1
    outer loop
      vertex 86.0145 -22.0503 7.6
      vertex 85.5287 -21.3041 7.6
      vertex 85.9681 -21.9729 7.6
    endloop
  endfacet
  facet normal 0 0 -1
    outer loop
      vertex 85.9681 -21.9729 7.6
      vertex 85.5287 -21.3041 7.6
      vertex 85.7101 -21.5655 7.6
    endloop
  endfacet
  facet normal 0 0 -1
    outer loop
      vertex 85.7101 -21.5655 7.6
      vertex 85.5287 -21.3041 7.6
      vertex 85.6605 -21.4912 7.6
    endloop
  endfacet
  facet normal 0 0 -1
    outer loop
      vertex 79.4869 -13.9203 7.6
      vertex 84.3815 -17.817 7.6
      vertex 84.3968 -18.1284 7.6
    endloop
  endfacet
  facet normal 0 0 -1
    outer loop
      vertex 84.3815 -17.817 7.6
      vertex 83.3776 -12.3088 7.6
      vertex 83.9727 -11.9319 7.6
    endloop
  endfacet
  facet normal 0 0 -1
    outer loop
      vertex 87.4893 -26.0938 7.6
      vertex 85.5287 -21.3041 7.6
      vertex 87.4333 -25.771 7.6
    endloop
  endfacet
  facet normal -0 -0 -1
    outer loop
      vertex 75.2958 -14.3331 7.6
      vertex 85.2045 -20.7913 7.6
      vertex 74.5934 -14.2813 7.6
    endloop
  endfacet
  facet normal 0 0 -1
    outer loop
      vertex 85.2045 -20.7913 7.6
      vertex 75.2958 -14.3331 7.6
      vertex 85.0576 -20.5165 7.6
    endloop
  endfacet
  facet normal 0 0 -1
    outer loop
      vertex 84.3815 -17.817 7.6
      vertex 82.7647 -12.6559 7.6
      vertex 83.3776 -12.3088 7.6
    endloop
  endfacet
  facet normal 0 0 -1
    outer loop
      vertex 84.3815 -17.817 7.6
      vertex 82.1356 -12.9726 7.6
      vertex 82.7647 -12.6559 7.6
    endloop
  endfacet
  facet normal 0 0 -1
    outer loop
      vertex 84.3815 -17.817 7.6
      vertex 81.4917 -13.258 7.6
      vertex 82.1356 -12.9726 7.6
    endloop
  endfacet
  facet normal 0 0 -1
    outer loop
      vertex 84.3815 -17.817 7.6
      vertex 80.8345 -13.5115 7.6
      vertex 81.4917 -13.258 7.6
    endloop
  endfacet
  facet normal 0 0 -1
    outer loop
      vertex 84.3815 -17.817 7.6
      vertex 80.1657 -13.7325 7.6
      vertex 80.8345 -13.5115 7.6
    endloop
  endfacet
  facet normal 0 0 -1
    outer loop
      vertex 84.3815 -17.817 7.6
      vertex 79.4869 -13.9203 7.6
      vertex 80.1657 -13.7325 7.6
    endloop
  endfacet
  facet normal 0 0 -1
    outer loop
      vertex 84.3968 -18.1284 7.6
      vertex 78.7996 -14.0747 7.6
      vertex 79.4869 -13.9203 7.6
    endloop
  endfacet
  facet normal 0 0 -1
    outer loop
      vertex 84.4273 -18.4386 7.6
      vertex 78.7996 -14.0747 7.6
      vertex 84.3968 -18.1284 7.6
    endloop
  endfacet
  facet normal 0 -0 -1
    outer loop
      vertex 78.7996 -14.0747 7.6
      vertex 84.4273 -18.4386 7.6
      vertex 78.1056 -14.1951 7.6
    endloop
  endfacet
  facet normal 0 0 -1
    outer loop
      vertex 85.0576 -20.5165 7.6
      vertex 75.2958 -14.3331 7.6
      vertex 84.9243 -20.2346 7.6
    endloop
  endfacet
  facet normal 0 -0 -1
    outer loop
      vertex 76.7041 -14.3331 7.6
      vertex 84.8051 -19.9467 7.6
      vertex 76 -14.3504 7.6
    endloop
  endfacet
  facet normal 0 0 -1
    outer loop
      vertex 84.4731 -18.7469 7.6
      vertex 78.1056 -14.1951 7.6
      vertex 84.4273 -18.4386 7.6
    endloop
  endfacet
  facet normal 0 0 -1
    outer loop
      vertex 84.5339 -19.0526 7.6
      vertex 78.1056 -14.1951 7.6
      vertex 84.4731 -18.7469 7.6
    endloop
  endfacet
  facet normal 0 -0 -1
    outer loop
      vertex 78.1056 -14.1951 7.6
      vertex 84.5339 -19.0526 7.6
      vertex 77.4066 -14.2813 7.6
    endloop
  endfacet
  facet normal 0 0 -1
    outer loop
      vertex 84.6096 -19.3549 7.6
      vertex 77.4066 -14.2813 7.6
      vertex 84.5339 -19.0526 7.6
    endloop
  endfacet
  facet normal 0 -0 -1
    outer loop
      vertex 77.4066 -14.2813 7.6
      vertex 84.6096 -19.3549 7.6
      vertex 76.7041 -14.3331 7.6
    endloop
  endfacet
  facet normal 0 0 -1
    outer loop
      vertex 84.8051 -19.9467 7.6
      vertex 76.7041 -14.3331 7.6
      vertex 84.7001 -19.6532 7.6
    endloop
  endfacet
  facet normal 0 0 -1
    outer loop
      vertex 84.7001 -19.6532 7.6
      vertex 76.7041 -14.3331 7.6
      vertex 84.6096 -19.3549 7.6
    endloop
  endfacet
  facet normal 0 0 -1
    outer loop
      vertex 84.9243 -20.2346 7.6
      vertex 76 -14.3504 7.6
      vertex 84.8051 -19.9467 7.6
    endloop
  endfacet
  facet normal -0 -0 -1
    outer loop
      vertex 76 -14.3504 7.6
      vertex 84.9243 -20.2346 7.6
      vertex 75.2958 -14.3331 7.6
    endloop
  endfacet
  facet normal 0 0 -1
    outer loop
      vertex 85.3647 -21.0587 7.6
      vertex 74.5934 -14.2813 7.6
      vertex 85.2045 -20.7913 7.6
    endloop
  endfacet
  facet normal 0 0 -1
    outer loop
      vertex 87.3102 -25.2128 7.6
      vertex 85.5287 -21.3041 7.6
      vertex 87.2886 -25.1265 7.6
    endloop
  endfacet
  facet normal 0 0 -1
    outer loop
      vertex 86.7791 -23.584 7.6
      vertex 85.5287 -21.3041 7.6
      vertex 86.7446 -23.5008 7.6
    endloop
  endfacet
  facet normal 0 0 -1
    outer loop
      vertex 87.1599 -24.6614 7.6
      vertex 85.5287 -21.3041 7.6
      vertex 87.134 -24.576 7.6
    endloop
  endfacet
  facet normal 0 0 -1
    outer loop
      vertex 87.6675 -26.8434 7.6
      vertex 73.8943 -14.1951 7.6
      vertex 87.5843 -26.543 7.6
    endloop
  endfacet
  facet normal -0 -0 -1
    outer loop
      vertex 73.2004 -14.0747 7.6
      vertex 87.7652 -27.1394 7.6
      vertex 72.5131 -13.9203 7.6
    endloop
  endfacet
  facet normal 0 0 -1
    outer loop
      vertex 59.2417 -87.3097 7.6
      vertex 70.5083 -13.258 7.6
      vertex 59.272 -87.3066 7.6
    endloop
  endfacet
  facet normal -0 0 -1
    outer loop
      vertex 70.5083 -13.258 7.6
      vertex 59.2417 -87.3097 7.6
      vertex 69.8644 -12.9726 7.6
    endloop
  endfacet
  facet normal 0 0 -1
    outer loop
      vertex 53.4464 -87.8632 7.6
      vertex 69.8644 -12.9726 7.6
      vertex 59.2417 -87.3097 7.6
    endloop
  endfacet
  facet normal -0 0 -1
    outer loop
      vertex 69.8644 -12.9726 7.6
      vertex 53.4464 -87.8632 7.6
      vertex 69.2353 -12.6559 7.6
    endloop
  endfacet
  facet normal 0 0 -1
    outer loop
      vertex 53.4145 -87.866 7.6
      vertex 69.2353 -12.6559 7.6
      vertex 53.4464 -87.8632 7.6
    endloop
  endfacet
  facet normal -0 0 -1
    outer loop
      vertex 69.2353 -12.6559 7.6
      vertex 53.4145 -87.866 7.6
      vertex 68.6224 -12.3088 7.6
    endloop
  endfacet
  facet normal 0 0 -1
    outer loop
      vertex 47.672 -88.3127 7.6
      vertex 68.6224 -12.3088 7.6
      vertex 53.4145 -87.866 7.6
    endloop
  endfacet
  facet normal -0 0 -1
    outer loop
      vertex 68.6224 -12.3088 7.6
      vertex 47.672 -88.3127 7.6
      vertex 68.0273 -11.9319 7.6
    endloop
  endfacet
  facet normal 0 0 -1
    outer loop
      vertex 47.6377 -88.3151 7.6
      vertex 68.0273 -11.9319 7.6
      vertex 47.672 -88.3127 7.6
    endloop
  endfacet
  facet normal -0 0 -1
    outer loop
      vertex 68.0273 -11.9319 7.6
      vertex 47.6377 -88.3151 7.6
      vertex 67.4515 -11.5264 7.6
    endloop
  endfacet
  facet normal 0 0 -1
    outer loop
      vertex 41.9841 -88.6486 7.6
      vertex 67.4515 -11.5264 7.6
      vertex 47.6377 -88.3151 7.6
    endloop
  endfacet
  facet normal 0 0 -1
    outer loop
      vertex 41.9434 -88.6489 7.6
      vertex 67.4515 -11.5264 7.6
      vertex 41.9841 -88.6486 7.6
    endloop
  endfacet
  facet normal 0 0 -1
    outer loop
      vertex 39.3163 -88.607 7.6
      vertex 67.4515 -11.5264 7.6
      vertex 41.9434 -88.6489 7.6
    endloop
  endfacet
  facet normal -0 0 -1
    outer loop
      vertex 67.4515 -11.5264 7.6
      vertex 39.3163 -88.607 7.6
      vertex 66.8962 -11.093 7.6
    endloop
  endfacet
  facet normal 0 0 -1
    outer loop
      vertex 63.6912 -7.37758 7.6
      vertex 63.4567 -7.22839 7.6
      vertex 63.6231 -7.25725 7.6
    endloop
  endfacet
  facet normal 0 0 -1
    outer loop
      vertex 39.2533 -88.6049 7.6
      vertex 66.8962 -11.093 7.6
      vertex 39.3163 -88.607 7.6
    endloop
  endfacet
  facet normal 0 0 -1
    outer loop
      vertex 63.6912 -7.37758 7.6
      vertex 63.1525 -7.1601 7.6
      vertex 63.4567 -7.22839 7.6
    endloop
  endfacet
  facet normal 0 0 -1
    outer loop
      vertex 36.7099 -88.4781 7.6
      vertex 66.8962 -11.093 7.6
      vertex 39.2533 -88.6049 7.6
    endloop
  endfacet
  facet normal 0 0 -1
    outer loop
      vertex 64.0681 -7.97266 7.6
      vertex 63.1525 -7.1601 7.6
      vertex 63.6912 -7.37758 7.6
    endloop
  endfacet
  facet normal -0 -0 -1
    outer loop
      vertex 63.1525 -7.1601 7.6
      vertex 64.0681 -7.97266 7.6
      vertex 62.8522 -7.07695 7.6
    endloop
  endfacet
  facet normal -0 -0 -1
    outer loop
      vertex 62.8522 -7.07695 7.6
      vertex 64.0681 -7.97266 7.6
      vertex 62.5562 -6.97919 7.6
    endloop
  endfacet
  facet normal 0 0 -1
    outer loop
      vertex 64.4736 -8.54852 7.6
      vertex 62.5562 -6.97919 7.6
      vertex 64.0681 -7.97266 7.6
    endloop
  endfacet
  facet normal 0 0 -1
    outer loop
      vertex 36.6426 -88.4735 7.6
      vertex 66.8962 -11.093 7.6
      vertex 36.7099 -88.4781 7.6
    endloop
  endfacet
  facet normal -0 -0 -1
    outer loop
      vertex 62.5562 -6.97919 7.6
      vertex 64.4736 -8.54852 7.6
      vertex 62.2654 -6.867 7.6
    endloop
  endfacet
  facet normal 0 0 -1
    outer loop
      vertex 34.2121 -88.2626 7.6
      vertex 66.8962 -11.093 7.6
      vertex 36.6426 -88.4735 7.6
    endloop
  endfacet
  facet normal -0 -0 -1
    outer loop
      vertex 62.2654 -6.867 7.6
      vertex 64.4736 -8.54852 7.6
      vertex 61.9804 -6.74069 7.6
    endloop
  endfacet
  facet normal 0 0 -1
    outer loop
      vertex 34.1392 -88.2548 7.6
      vertex 66.8962 -11.093 7.6
      vertex 34.2121 -88.2626 7.6
    endloop
  endfacet
  facet normal 0 0 -1
    outer loop
      vertex 64.907 -9.10379 7.6
      vertex 61.9804 -6.74069 7.6
      vertex 64.4736 -8.54852 7.6
    endloop
  endfacet
  facet normal 0 0 -1
    outer loop
      vertex 31.8197 -87.9604 7.6
      vertex 66.8962 -11.093 7.6
      vertex 34.1392 -88.2548 7.6
    endloop
  endfacet
  facet normal 0 0 -1
    outer loop
      vertex 31.7419 -87.9488 7.6
      vertex 66.8962 -11.093 7.6
      vertex 31.8197 -87.9604 7.6
    endloop
  endfacet
  facet normal -0 -0 -1
    outer loop
      vertex 61.9804 -6.74069 7.6
      vertex 64.907 -9.10379 7.6
      vertex 61.7021 -6.60057 7.6
    endloop
  endfacet
  facet normal 0 0 -1
    outer loop
      vertex 18 -83.4587 7.6
      vertex 66.8962 -11.093 7.6
      vertex 31.7419 -87.9488 7.6
    endloop
  endfacet
  facet normal -0 0 -1
    outer loop
      vertex 66.8962 -11.093 7.6
      vertex 18 -83.4587 7.6
      vertex 66.3629 -10.6329 7.6
    endloop
  endfacet
  facet normal 0 0 -1
    outer loop
      vertex 18 -3 7.6
      vertex 66.3629 -10.6329 7.6
      vertex 18 -83.4587 7.6
    endloop
  endfacet
  facet normal 0 0 -1
    outer loop
      vertex 66.3629 -10.6329 7.6
      vertex 18 -3 7.6
      vertex 65.8527 -10.1473 7.6
    endloop
  endfacet
  facet normal -0 -0 -1
    outer loop
      vertex 61.1675 -6.28017 7.6
      vertex 65.8527 -10.1473 7.6
      vertex 18 -3 7.6
    endloop
  endfacet
  facet normal -0 -0 -1
    outer loop
      vertex 61.4308 -6.44693 7.6
      vertex 65.3671 -9.63713 7.6
      vertex 61.1675 -6.28017 7.6
    endloop
  endfacet
  facet normal 0 0 -1
    outer loop
      vertex 65.3671 -9.63713 7.6
      vertex 61.7021 -6.60057 7.6
      vertex 64.907 -9.10379 7.6
    endloop
  endfacet
  facet normal -0 -0 -1
    outer loop
      vertex 61.7021 -6.60057 7.6
      vertex 65.3671 -9.63713 7.6
      vertex 61.4308 -6.44693 7.6
    endloop
  endfacet
  facet normal 0 0 -1
    outer loop
      vertex 65.8527 -10.1473 7.6
      vertex 61.1675 -6.28017 7.6
      vertex 65.3671 -9.63713 7.6
    endloop
  endfacet
  facet normal 0 0 -1
    outer loop
      vertex 61.1675 -6.28017 7.6
      vertex 18 -3 7.6
      vertex 60.9127 -6.10069 7.6
    endloop
  endfacet
  facet normal 0 0 -1
    outer loop
      vertex 60.9127 -6.10069 7.6
      vertex 18 -3 7.6
      vertex 60.6669 -5.90892 7.6
    endloop
  endfacet
  facet normal 0 0 -1
    outer loop
      vertex 60.6669 -5.90892 7.6
      vertex 18 -3 7.6
      vertex 60.4309 -5.70535 7.6
    endloop
  endfacet
  facet normal 0 0 -1
    outer loop
      vertex 60.4309 -5.70535 7.6
      vertex 18 -3 7.6
      vertex 60.2052 -5.49042 7.6
    endloop
  endfacet
  facet normal 0 0 -1
    outer loop
      vertex 60.2052 -5.49042 7.6
      vertex 18 -3 7.6
      vertex 59.9902 -5.26465 7.6
    endloop
  endfacet
  facet normal 0 0 -1
    outer loop
      vertex 59.9902 -5.26465 7.6
      vertex 18 -3 7.6
      vertex 59.7867 -5.02867 7.6
    endloop
  endfacet
  facet normal 0 0 -1
    outer loop
      vertex 59.7867 -5.02867 7.6
      vertex 18 -3 7.6
      vertex 59.5949 -4.78293 7.6
    endloop
  endfacet
  facet normal 0 0 -1
    outer loop
      vertex 59.5949 -4.78293 7.6
      vertex 18 -3 7.6
      vertex 59.4154 -4.52811 7.6
    endloop
  endfacet
  facet normal 0 0 -1
    outer loop
      vertex 59.4154 -4.52811 7.6
      vertex 18 -3 7.6
      vertex 59.2487 -4.26476 7.6
    endloop
  endfacet
  facet normal 0 0 -1
    outer loop
      vertex 59.2487 -4.26476 7.6
      vertex 18 -3 7.6
      vertex 59.095 -3.99353 7.6
    endloop
  endfacet
  facet normal 0 0 -1
    outer loop
      vertex 59.095 -3.99353 7.6
      vertex 18 -3 7.6
      vertex 58.9549 -3.71516 7.6
    endloop
  endfacet
  facet normal 0 0 -1
    outer loop
      vertex 58.9549 -3.71516 7.6
      vertex 18 -3 7.6
      vertex 58.8286 -3.43021 7.6
    endloop
  endfacet
  facet normal 0 0 -1
    outer loop
      vertex 18 -83.4587 7.6
      vertex 31.7419 -87.9488 7.6
      vertex 29.5325 -87.5715 7.6
    endloop
  endfacet
  facet normal 0 0 -1
    outer loop
      vertex 18 -83.4587 7.6
      vertex 29.5325 -87.5715 7.6
      vertex 29.4498 -87.5554 7.6
    endloop
  endfacet
  facet normal 0 0 -1
    outer loop
      vertex 18 -83.4587 7.6
      vertex 29.4498 -87.5554 7.6
      vertex 27.3484 -87.096 7.6
    endloop
  endfacet
  facet normal 0 0 -1
    outer loop
      vertex 18 -83.4587 7.6
      vertex 27.3484 -87.096 7.6
      vertex 27.2621 -87.0749 7.6
    endloop
  endfacet
  facet normal 0 0 -1
    outer loop
      vertex 18 -83.4587 7.6
      vertex 27.2621 -87.0749 7.6
      vertex 25.2678 -86.5342 7.6
    endloop
  endfacet
  facet normal 0 0 -1
    outer loop
      vertex 18 -83.4587 7.6
      vertex 25.2678 -86.5342 7.6
      vertex 25.1753 -86.5065 7.6
    endloop
  endfacet
  facet normal 0 0 -1
    outer loop
      vertex 18 -83.4587 7.6
      vertex 25.1753 -86.5065 7.6
      vertex 23.2874 -85.8859 7.6
    endloop
  endfacet
  facet normal 0 0 -1
    outer loop
      vertex 18 -83.4587 7.6
      vertex 23.2874 -85.8859 7.6
      vertex 23.1914 -85.8513 7.6
    endloop
  endfacet
  facet normal 0 0 -1
    outer loop
      vertex 18 -83.4587 7.6
      vertex 23.1914 -85.8513 7.6
      vertex 21.4058 -85.1512 7.6
    endloop
  endfacet
  facet normal 0 0 -1
    outer loop
      vertex 18 -83.4587 7.6
      vertex 21.4058 -85.1512 7.6
      vertex 21.3065 -85.1088 7.6
    endloop
  endfacet
  facet normal 0 0 -1
    outer loop
      vertex 18 -83.4587 7.6
      vertex 21.3065 -85.1088 7.6
      vertex 19.6213 -84.3299 7.6
    endloop
  endfacet
  facet normal 0 0 -1
    outer loop
      vertex 18 -83.4587 7.6
      vertex 19.6213 -84.3299 7.6
      vertex 19.5198 -84.2791 7.6
    endloop
  endfacet
  facet normal 0 0 -1
    outer loop
      vertex 58.8286 -3.43021 7.6
      vertex 18 -3 7.6
      vertex 58.7164 -3.13936 7.6
    endloop
  endfacet
  facet normal 0 0 -1
    outer loop
      vertex 58.7164 -3.13936 7.6
      vertex 18 -3 7.6
      vertex 58.6704 -3 7.6
    endloop
  endfacet
  facet normal 0 0 -1
    outer loop
      vertex 88.3244 -7.35001 7.6
      vertex 90.7037 -7.8087 7.6
      vertex 90.6618 -7.88698 7.6
    endloop
  endfacet
  facet normal 0 0 -1
    outer loop
      vertex 88.3244 -7.35001 7.6
      vertex 90.6618 -7.88698 7.6
      vertex 90.3026 -8.52119 7.6
    endloop
  endfacet
  facet normal 0 0 -1
    outer loop
      vertex 88.3088 -7.37758 7.6
      vertex 90.3026 -8.52119 7.6
      vertex 90.2572 -8.59695 7.6
    endloop
  endfacet
  facet normal 0 0 -1
    outer loop
      vertex 88.3088 -7.37758 7.6
      vertex 90.2572 -8.59695 7.6
      vertex 89.8676 -9.2122 7.6
    endloop
  endfacet
  facet normal 0 0 -1
    outer loop
      vertex 87.9319 -7.97266 7.6
      vertex 89.8676 -9.2122 7.6
      vertex 89.8178 -9.28671 7.6
    endloop
  endfacet
  facet normal 0 0 -1
    outer loop
      vertex 87.9319 -7.97266 7.6
      vertex 89.8178 -9.28671 7.6
      vertex 89.3989 -9.88153 7.6
    endloop
  endfacet
  facet normal 0 0 -1
    outer loop
      vertex 87.5264 -8.54852 7.6
      vertex 89.3989 -9.88153 7.6
      vertex 89.3457 -9.95319 7.6
    endloop
  endfacet
  facet normal 0 0 -1
    outer loop
      vertex 87.5264 -8.54852 7.6
      vertex 89.3457 -9.95319 7.6
      vertex 88.8978 -10.5271 7.6
    endloop
  endfacet
  facet normal 0 0 -1
    outer loop
      vertex 87.093 -9.10379 7.6
      vertex 88.8978 -10.5271 7.6
      vertex 88.8411 -10.5962 7.6
    endloop
  endfacet
  facet normal 0 0 -1
    outer loop
      vertex 87.093 -9.10379 7.6
      vertex 88.8411 -10.5962 7.6
      vertex 88.3656 -11.1475 7.6
    endloop
  endfacet
  facet normal 0 0 -1
    outer loop
      vertex 89.8676 -9.2122 7.6
      vertex 87.9319 -7.97266 7.6
      vertex 88.3088 -7.37758 7.6
    endloop
  endfacet
  facet normal 0 0 -1
    outer loop
      vertex 90.7037 -7.8087 7.6
      vertex 88.3244 -7.35001 7.6
      vertex 90.9346 -7.35001 7.6
    endloop
  endfacet
  facet normal 0 0 -1
    outer loop
      vertex 86.6329 -9.63713 7.6
      vertex 88.3656 -11.1475 7.6
      vertex 88.3058 -11.2135 7.6
    endloop
  endfacet
  facet normal 0 0 -1
    outer loop
      vertex 90.3026 -8.52119 7.6
      vertex 88.3088 -7.37758 7.6
      vertex 88.3244 -7.35001 7.6
    endloop
  endfacet
  facet normal 0 0 -1
    outer loop
      vertex 86.6329 -9.63713 7.6
      vertex 88.3058 -11.2135 7.6
      vertex 87.8038 -11.7407 7.6
    endloop
  endfacet
  facet normal 0 0 -1
    outer loop
      vertex 86.1473 -10.1473 7.6
      vertex 87.8038 -11.7407 7.6
      vertex 87.7407 -11.8038 7.6
    endloop
  endfacet
  facet normal 0 0 -1
    outer loop
      vertex 89.3989 -9.88153 7.6
      vertex 87.5264 -8.54852 7.6
      vertex 87.9319 -7.97266 7.6
    endloop
  endfacet
  facet normal 0 0 -1
    outer loop
      vertex 86.1473 -10.1473 7.6
      vertex 87.7407 -11.8038 7.6
      vertex 87.2135 -12.3058 7.6
    endloop
  endfacet
  facet normal 0 0 -1
    outer loop
      vertex 85.6371 -10.6329 7.6
      vertex 87.2135 -12.3058 7.6
      vertex 87.1469 -12.3661 7.6
    endloop
  endfacet
  facet normal 0 0 -1
    outer loop
      vertex 88.8978 -10.5271 7.6
      vertex 87.093 -9.10379 7.6
      vertex 87.5264 -8.54852 7.6
    endloop
  endfacet
  facet normal 0 0 -1
    outer loop
      vertex 88.3656 -11.1475 7.6
      vertex 86.6329 -9.63713 7.6
      vertex 87.093 -9.10379 7.6
    endloop
  endfacet
  facet normal 0 0 -1
    outer loop
      vertex 85.1038 -11.093 7.6
      vertex 87.1469 -12.3661 7.6
      vertex 86.5698 -12.8639 7.6
    endloop
  endfacet
  facet normal 0 0 -1
    outer loop
      vertex 85.1038 -11.093 7.6
      vertex 86.5698 -12.8639 7.6
      vertex 86.3513 -13.062 7.6
    endloop
  endfacet
  facet normal 0 0 -1
    outer loop
      vertex 87.8038 -11.7407 7.6
      vertex 86.1473 -10.1473 7.6
      vertex 86.6329 -9.63713 7.6
    endloop
  endfacet
  facet normal 0 0 -1
    outer loop
      vertex 84.5485 -11.5264 7.6
      vertex 86.3513 -13.062 7.6
      vertex 86.1309 -13.2824 7.6
    endloop
  endfacet
  facet normal 0 0 -1
    outer loop
      vertex 84.5485 -11.5264 7.6
      vertex 86.1309 -13.2824 7.6
      vertex 85.9215 -13.5133 7.6
    endloop
  endfacet
  facet normal 0 0 -1
    outer loop
      vertex 83.9727 -11.9319 7.6
      vertex 85.9215 -13.5133 7.6
      vertex 85.7238 -13.7543 7.6
    endloop
  endfacet
  facet normal 0 0 -1
    outer loop
      vertex 87.2135 -12.3058 7.6
      vertex 85.6371 -10.6329 7.6
      vertex 86.1473 -10.1473 7.6
    endloop
  endfacet
  facet normal 0 0 -1
    outer loop
      vertex 83.9727 -11.9319 7.6
      vertex 85.7238 -13.7543 7.6
      vertex 85.5381 -14.0046 7.6
    endloop
  endfacet
  facet normal 0 0 -1
    outer loop
      vertex 83.9727 -11.9319 7.6
      vertex 85.5381 -14.0046 7.6
      vertex 85.3649 -14.2638 7.6
    endloop
  endfacet
  facet normal 0 0 -1
    outer loop
      vertex 83.9727 -11.9319 7.6
      vertex 85.3649 -14.2638 7.6
      vertex 85.2047 -14.5311 7.6
    endloop
  endfacet
  facet normal 0 0 -1
    outer loop
      vertex 87.1469 -12.3661 7.6
      vertex 85.1038 -11.093 7.6
      vertex 85.6371 -10.6329 7.6
    endloop
  endfacet
  facet normal 0 0 -1
    outer loop
      vertex 83.9727 -11.9319 7.6
      vertex 85.2047 -14.5311 7.6
      vertex 85.0577 -14.806 7.6
    endloop
  endfacet
  facet normal 0 0 -1
    outer loop
      vertex 83.9727 -11.9319 7.6
      vertex 85.0577 -14.806 7.6
      vertex 84.9245 -15.0878 7.6
    endloop
  endfacet
  facet normal 0 0 -1
    outer loop
      vertex 83.9727 -11.9319 7.6
      vertex 84.9245 -15.0878 7.6
      vertex 84.8052 -15.3757 7.6
    endloop
  endfacet
  facet normal 0 0 -1
    outer loop
      vertex 83.9727 -11.9319 7.6
      vertex 84.8052 -15.3757 7.6
      vertex 84.7001 -15.6692 7.6
    endloop
  endfacet
  facet normal 0 0 -1
    outer loop
      vertex 83.9727 -11.9319 7.6
      vertex 84.7001 -15.6692 7.6
      vertex 84.6097 -15.9675 7.6
    endloop
  endfacet
  facet normal 0 0 -1
    outer loop
      vertex 86.3513 -13.062 7.6
      vertex 84.5485 -11.5264 7.6
      vertex 85.1038 -11.093 7.6
    endloop
  endfacet
  facet normal 0 0 -1
    outer loop
      vertex 83.9727 -11.9319 7.6
      vertex 84.6097 -15.9675 7.6
      vertex 84.5339 -16.2698 7.6
    endloop
  endfacet
  facet normal 0 0 -1
    outer loop
      vertex 83.9727 -11.9319 7.6
      vertex 84.5339 -16.2698 7.6
      vertex 84.4731 -16.5755 7.6
    endloop
  endfacet
  facet normal 0 0 -1
    outer loop
      vertex 83.9727 -11.9319 7.6
      vertex 84.4731 -16.5755 7.6
      vertex 84.4274 -16.8839 7.6
    endloop
  endfacet
  facet normal 0 0 -1
    outer loop
      vertex 83.9727 -11.9319 7.6
      vertex 84.4274 -16.8839 7.6
      vertex 84.3968 -17.194 7.6
    endloop
  endfacet
  facet normal 0 0 -1
    outer loop
      vertex 83.9727 -11.9319 7.6
      vertex 84.3968 -17.194 7.6
      vertex 84.3815 -17.5053 7.6
    endloop
  endfacet
  facet normal 0 0 -1
    outer loop
      vertex 85.9215 -13.5133 7.6
      vertex 83.9727 -11.9319 7.6
      vertex 84.5485 -11.5264 7.6
    endloop
  endfacet
  facet normal 0 0 -1
    outer loop
      vertex 83.9727 -11.9319 7.6
      vertex 84.3815 -17.5053 7.6
      vertex 84.3815 -17.817 7.6
    endloop
  endfacet
  facet normal -0.0588866 0.998265 0
    outer loop
      vertex 47.6377 -88.3151 1.2
      vertex 41.9841 -88.6486 7.6
      vertex 47.6377 -88.3151 7.6
    endloop
  endfacet
  facet normal -0.0588866 0.998265 0
    outer loop
      vertex 41.9841 -88.6486 7.6
      vertex 47.6377 -88.3151 1.2
      vertex 41.9841 -88.6486 1.2
    endloop
  endfacet
  facet normal -0.0698002 0.997561 0
    outer loop
      vertex 47.672 -88.3127 1.2
      vertex 47.6377 -88.3151 7.6
      vertex 47.672 -88.3127 7.6
    endloop
  endfacet
  facet normal -0.0698002 0.997561 0
    outer loop
      vertex 47.6377 -88.3151 7.6
      vertex 47.672 -88.3127 1.2
      vertex 47.6377 -88.3151 1.2
    endloop
  endfacet
  facet normal -0.0775541 0.996988 0
    outer loop
      vertex 53.4145 -87.866 1.2
      vertex 47.672 -88.3127 7.6
      vertex 53.4145 -87.866 7.6
    endloop
  endfacet
  facet normal -0.0775541 0.996988 0
    outer loop
      vertex 47.672 -88.3127 7.6
      vertex 53.4145 -87.866 1.2
      vertex 47.672 -88.3127 1.2
    endloop
  endfacet
  facet normal -0.0874381 0.99617 0
    outer loop
      vertex 53.4464 -87.8632 1.2
      vertex 53.4145 -87.866 7.6
      vertex 53.4464 -87.8632 7.6
    endloop
  endfacet
  facet normal -0.0874381 0.99617 0
    outer loop
      vertex 53.4145 -87.866 7.6
      vertex 53.4464 -87.8632 1.2
      vertex 53.4145 -87.866 1.2
    endloop
  endfacet
  facet normal -0.0950758 0.99547 0
    outer loop
      vertex 59.2417 -87.3097 1.2
      vertex 53.4464 -87.8632 7.6
      vertex 59.2417 -87.3097 7.6
    endloop
  endfacet
  facet normal -0.0950758 0.99547 0
    outer loop
      vertex 53.4464 -87.8632 7.6
      vertex 59.2417 -87.3097 1.2
      vertex 53.4464 -87.8632 1.2
    endloop
  endfacet
  facet normal -0.101779 0.994807 0
    outer loop
      vertex 59.272 -87.3066 1.2
      vertex 59.2417 -87.3097 7.6
      vertex 59.272 -87.3066 7.6
    endloop
  endfacet
  facet normal -0.101779 0.994807 0
    outer loop
      vertex 59.2417 -87.3097 7.6
      vertex 59.272 -87.3066 1.2
      vertex 59.2417 -87.3097 1.2
    endloop
  endfacet
  facet normal -0.111489 0.993766 0
    outer loop
      vertex 65.1113 -86.6515 1.2
      vertex 59.272 -87.3066 7.6
      vertex 65.1113 -86.6515 7.6
    endloop
  endfacet
  facet normal -0.111489 0.993766 0
    outer loop
      vertex 59.272 -87.3066 7.6
      vertex 65.1113 -86.6515 1.2
      vertex 59.272 -87.3066 1.2
    endloop
  endfacet
  facet normal -0.119701 0.99281 0
    outer loop
      vertex 65.1395 -86.6481 1.2
      vertex 65.1113 -86.6515 7.6
      vertex 65.1395 -86.6481 7.6
    endloop
  endfacet
  facet normal -0.119701 0.99281 0
    outer loop
      vertex 65.1113 -86.6515 7.6
      vertex 65.1395 -86.6481 1.2
      vertex 65.1113 -86.6515 1.2
    endloop
  endfacet
  facet normal -0.126886 0.991917 0
    outer loop
      vertex 71.0213 -85.8957 1.2
      vertex 65.1395 -86.6481 7.6
      vertex 71.0213 -85.8957 7.6
    endloop
  endfacet
  facet normal -0.126886 0.991917 0
    outer loop
      vertex 65.1395 -86.6481 7.6
      vertex 71.0213 -85.8957 1.2
      vertex 65.1395 -86.6481 1.2
    endloop
  endfacet
  facet normal -0.131685 0.991292 0
    outer loop
      vertex 71.0484 -85.8921 1.2
      vertex 71.0213 -85.8957 7.6
      vertex 71.0484 -85.8921 7.6
    endloop
  endfacet
  facet normal -0.131685 0.991292 0
    outer loop
      vertex 71.0213 -85.8957 7.6
      vertex 71.0484 -85.8921 1.2
      vertex 71.0213 -85.8957 1.2
    endloop
  endfacet
  facet normal -0.141321 0.989964 0
    outer loop
      vertex 76.9642 -85.0476 1.2
      vertex 71.0484 -85.8921 7.6
      vertex 76.9642 -85.0476 7.6
    endloop
  endfacet
  facet normal -0.141321 0.989964 0
    outer loop
      vertex 71.0484 -85.8921 7.6
      vertex 76.9642 -85.0476 1.2
      vertex 71.0484 -85.8921 1.2
    endloop
  endfacet
  facet normal -0.146095 0.989271 0
    outer loop
      vertex 76.9879 -85.0441 1.2
      vertex 76.9642 -85.0476 7.6
      vertex 76.9879 -85.0441 7.6
    endloop
  endfacet
  facet normal -0.146095 0.989271 0
    outer loop
      vertex 76.9642 -85.0476 7.6
      vertex 76.9879 -85.0441 1.2
      vertex 76.9642 -85.0476 1.2
    endloop
  endfacet
  facet normal -0.154825 0.987942 0
    outer loop
      vertex 82.935 -84.1121 1.2
      vertex 76.9879 -85.0441 7.6
      vertex 82.935 -84.1121 7.6
    endloop
  endfacet
  facet normal -0.154825 0.987942 0
    outer loop
      vertex 76.9879 -85.0441 7.6
      vertex 82.935 -84.1121 1.2
      vertex 76.9879 -85.0441 1.2
    endloop
  endfacet
  facet normal -0.162931 0.986637 0
    outer loop
      vertex 82.9568 -84.1085 1.2
      vertex 82.935 -84.1121 7.6
      vertex 82.9568 -84.1085 7.6
    endloop
  endfacet
  facet normal -0.162931 0.986637 0
    outer loop
      vertex 82.935 -84.1121 7.6
      vertex 82.9568 -84.1085 1.2
      vertex 82.935 -84.1121 1.2
    endloop
  endfacet
  facet normal -0.1675 0.985872 0
    outer loop
      vertex 88.9262 -83.0943 1.2
      vertex 82.9568 -84.1085 7.6
      vertex 88.9262 -83.0943 7.6
    endloop
  endfacet
  facet normal -0.1675 0.985872 0
    outer loop
      vertex 82.9568 -84.1085 7.6
      vertex 88.9262 -83.0943 1.2
      vertex 82.9568 -84.1085 1.2
    endloop
  endfacet
  facet normal -0.174691 0.984623 0
    outer loop
      vertex 88.951 -83.0899 1.2
      vertex 88.9262 -83.0943 7.6
      vertex 88.951 -83.0899 7.6
    endloop
  endfacet
  facet normal -0.174691 0.984623 0
    outer loop
      vertex 88.9262 -83.0943 7.6
      vertex 88.951 -83.0899 1.2
      vertex 88.9262 -83.0943 1.2
    endloop
  endfacet
  facet normal -0.179381 0.98378 0
    outer loop
      vertex 94.9371 -81.9984 1.2
      vertex 88.951 -83.0899 7.6
      vertex 94.9371 -81.9984 7.6
    endloop
  endfacet
  facet normal -0.179381 0.98378 0
    outer loop
      vertex 88.951 -83.0899 7.6
      vertex 94.9371 -81.9984 1.2
      vertex 88.951 -83.0899 1.2
    endloop
  endfacet
  facet normal -0.188479 0.982077 0
    outer loop
      vertex 94.9569 -81.9946 1.2
      vertex 94.9371 -81.9984 7.6
      vertex 94.9569 -81.9946 7.6
    endloop
  endfacet
  facet normal -0.188479 0.982077 0
    outer loop
      vertex 94.9371 -81.9984 7.6
      vertex 94.9569 -81.9946 1.2
      vertex 94.9371 -81.9984 1.2
    endloop
  endfacet
  facet normal -0.190508 0.981686 0
    outer loop
      vertex 100.956 -80.8304 1.2
      vertex 94.9569 -81.9946 7.6
      vertex 100.956 -80.8304 7.6
    endloop
  endfacet
  facet normal -0.190508 0.981686 0
    outer loop
      vertex 94.9569 -81.9946 7.6
      vertex 100.956 -80.8304 1.2
      vertex 94.9569 -81.9946 1.2
    endloop
  endfacet
  facet normal -0.19162 0.981469 0
    outer loop
      vertex 100.977 -80.8263 1.2
      vertex 100.956 -80.8304 7.6
      vertex 100.977 -80.8263 7.6
    endloop
  endfacet
  facet normal -0.19162 0.981469 0
    outer loop
      vertex 100.956 -80.8304 7.6
      vertex 100.977 -80.8263 1.2
      vertex 100.956 -80.8304 1.2
    endloop
  endfacet
  facet normal -0.200893 0.979613 0
    outer loop
      vertex 106.988 -79.5936 1.2
      vertex 100.977 -80.8263 7.6
      vertex 106.988 -79.5936 7.6
    endloop
  endfacet
  facet normal -0.200893 0.979613 0
    outer loop
      vertex 100.977 -80.8263 7.6
      vertex 106.988 -79.5936 1.2
      vertex 100.977 -80.8263 1.2
    endloop
  endfacet
  facet normal -0.211753 0.977323 0
    outer loop
      vertex 107.006 -79.5897 1.2
      vertex 106.988 -79.5936 7.6
      vertex 107.006 -79.5897 7.6
    endloop
  endfacet
  facet normal -0.211753 0.977323 0
    outer loop
      vertex 106.988 -79.5936 7.6
      vertex 107.006 -79.5897 1.2
      vertex 106.988 -79.5936 1.2
    endloop
  endfacet
  facet normal -0.210657 0.97756 0
    outer loop
      vertex 108 -79.3755 1.2
      vertex 107.006 -79.5897 7.6
      vertex 108 -79.3755 7.6
    endloop
  endfacet
  facet normal -0.210657 0.97756 0
    outer loop
      vertex 107.006 -79.5897 7.6
      vertex 108 -79.3755 1.2
      vertex 107.006 -79.5897 1.2
    endloop
  endfacet
  facet normal 0 -1 0
    outer loop
      vertex 93.7278 -31.35 1.2
      vertex 108 -31.35 7.6
      vertex 93.7278 -31.35 7.6
    endloop
  endfacet
  facet normal 0 -1 -0
    outer loop
      vertex 108 -31.35 7.6
      vertex 93.7278 -31.35 1.2
      vertex 108 -31.35 1.2
    endloop
  endfacet
  facet normal -0.0243995 -0.999702 0
    outer loop
      vertex 93.4328 -31.3428 1.2
      vertex 93.7278 -31.35 7.6
      vertex 93.4328 -31.3428 7.6
    endloop
  endfacet
  facet normal -0.0243995 -0.999702 -0
    outer loop
      vertex 93.7278 -31.35 7.6
      vertex 93.4328 -31.3428 1.2
      vertex 93.7278 -31.35 1.2
    endloop
  endfacet
  facet normal -0.0738008 -0.997273 0
    outer loop
      vertex 93.122 -31.3198 1.2
      vertex 93.4328 -31.3428 7.6
      vertex 93.122 -31.3198 7.6
    endloop
  endfacet
  facet normal -0.0738008 -0.997273 -0
    outer loop
      vertex 93.4328 -31.3428 7.6
      vertex 93.122 -31.3198 1.2
      vertex 93.4328 -31.3428 1.2
    endloop
  endfacet
  facet normal -0.122218 -0.992503 0
    outer loop
      vertex 92.8126 -31.2817 1.2
      vertex 93.122 -31.3198 7.6
      vertex 92.8126 -31.2817 7.6
    endloop
  endfacet
  facet normal -0.122218 -0.992503 -0
    outer loop
      vertex 93.122 -31.3198 7.6
      vertex 92.8126 -31.2817 1.2
      vertex 93.122 -31.3198 1.2
    endloop
  endfacet
  facet normal -0.171057 -0.985261 0
    outer loop
      vertex 92.5056 -31.2284 1.2
      vertex 92.8126 -31.2817 7.6
      vertex 92.5056 -31.2284 7.6
    endloop
  endfacet
  facet normal -0.171057 -0.985261 -0
    outer loop
      vertex 92.8126 -31.2817 7.6
      vertex 92.5056 -31.2284 1.2
      vertex 92.8126 -31.2817 1.2
    endloop
  endfacet
  facet normal -0.21907 -0.975709 0
    outer loop
      vertex 92.2014 -31.1601 1.2
      vertex 92.5056 -31.2284 7.6
      vertex 92.2014 -31.1601 7.6
    endloop
  endfacet
  facet normal -0.21907 -0.975709 -0
    outer loop
      vertex 92.5056 -31.2284 7.6
      vertex 92.2014 -31.1601 1.2
      vertex 92.5056 -31.2284 1.2
    endloop
  endfacet
  facet normal -0.266618 -0.963802 0
    outer loop
      vertex 91.901 -31.077 1.2
      vertex 92.2014 -31.1601 7.6
      vertex 91.901 -31.077 7.6
    endloop
  endfacet
  facet normal -0.266618 -0.963802 -0
    outer loop
      vertex 92.2014 -31.1601 7.6
      vertex 91.901 -31.077 1.2
      vertex 92.2014 -31.1601 1.2
    endloop
  endfacet
  facet normal -0.31382 -0.949482 0
    outer loop
      vertex 91.6051 -30.9792 1.2
      vertex 91.901 -31.077 7.6
      vertex 91.6051 -30.9792 7.6
    endloop
  endfacet
  facet normal -0.31382 -0.949482 -0
    outer loop
      vertex 91.901 -31.077 7.6
      vertex 91.6051 -30.9792 1.2
      vertex 91.901 -31.077 1.2
    endloop
  endfacet
  facet normal -0.35986 -0.933006 0
    outer loop
      vertex 91.3142 -30.867 1.2
      vertex 91.6051 -30.9792 7.6
      vertex 91.3142 -30.867 7.6
    endloop
  endfacet
  facet normal -0.35986 -0.933006 -0
    outer loop
      vertex 91.6051 -30.9792 7.6
      vertex 91.3142 -30.867 1.2
      vertex 91.6051 -30.9792 1.2
    endloop
  endfacet
  facet normal -0.405275 -0.914195 0
    outer loop
      vertex 91.0293 -30.7407 1.2
      vertex 91.3142 -30.867 7.6
      vertex 91.0293 -30.7407 7.6
    endloop
  endfacet
  facet normal -0.405275 -0.914195 -0
    outer loop
      vertex 91.3142 -30.867 7.6
      vertex 91.0293 -30.7407 1.2
      vertex 91.3142 -30.867 1.2
    endloop
  endfacet
  facet normal -0.449522 -0.893269 0
    outer loop
      vertex 90.7509 -30.6006 1.2
      vertex 91.0293 -30.7407 7.6
      vertex 90.7509 -30.6006 7.6
    endloop
  endfacet
  facet normal -0.449522 -0.893269 -0
    outer loop
      vertex 91.0293 -30.7407 7.6
      vertex 90.7509 -30.6006 1.2
      vertex 91.0293 -30.7407 1.2
    endloop
  endfacet
  facet normal -0.493061 -0.869995 0
    outer loop
      vertex 90.4797 -30.4469 1.2
      vertex 90.7509 -30.6006 7.6
      vertex 90.4797 -30.4469 7.6
    endloop
  endfacet
  facet normal -0.493061 -0.869995 -0
    outer loop
      vertex 90.7509 -30.6006 7.6
      vertex 90.4797 -30.4469 1.2
      vertex 90.7509 -30.6006 1.2
    endloop
  endfacet
  facet normal -0.534777 -0.844993 0
    outer loop
      vertex 90.2163 -30.2802 1.2
      vertex 90.4797 -30.4469 7.6
      vertex 90.2163 -30.2802 7.6
    endloop
  endfacet
  facet normal -0.534777 -0.844993 -0
    outer loop
      vertex 90.4797 -30.4469 7.6
      vertex 90.2163 -30.2802 1.2
      vertex 90.4797 -30.4469 1.2
    endloop
  endfacet
  facet normal -0.575915 -0.81751 0
    outer loop
      vertex 89.9615 -30.1007 1.2
      vertex 90.2163 -30.2802 7.6
      vertex 89.9615 -30.1007 7.6
    endloop
  endfacet
  facet normal -0.575915 -0.81751 -0
    outer loop
      vertex 90.2163 -30.2802 7.6
      vertex 89.9615 -30.1007 1.2
      vertex 90.2163 -30.2802 1.2
    endloop
  endfacet
  facet normal -0.615339 -0.788263 0
    outer loop
      vertex 89.7158 -29.9089 1.2
      vertex 89.9615 -30.1007 7.6
      vertex 89.7158 -29.9089 7.6
    endloop
  endfacet
  facet normal -0.615339 -0.788263 -0
    outer loop
      vertex 89.9615 -30.1007 7.6
      vertex 89.7158 -29.9089 1.2
      vertex 89.9615 -30.1007 1.2
    endloop
  endfacet
  facet normal -0.653035 -0.757328 0
    outer loop
      vertex 89.4798 -29.7054 1.2
      vertex 89.7158 -29.9089 7.6
      vertex 89.4798 -29.7054 7.6
    endloop
  endfacet
  facet normal -0.653035 -0.757328 -0
    outer loop
      vertex 89.7158 -29.9089 7.6
      vertex 89.4798 -29.7054 1.2
      vertex 89.7158 -29.9089 1.2
    endloop
  endfacet
  facet normal -0.689575 -0.724214 0
    outer loop
      vertex 89.254 -29.4904 1.2
      vertex 89.4798 -29.7054 7.6
      vertex 89.254 -29.4904 7.6
    endloop
  endfacet
  facet normal -0.689575 -0.724214 -0
    outer loop
      vertex 89.4798 -29.7054 7.6
      vertex 89.254 -29.4904 1.2
      vertex 89.4798 -29.7054 1.2
    endloop
  endfacet
  facet normal -0.724374 -0.689407 0
    outer loop
      vertex 89.254 -29.4904 1.2
      vertex 89.0391 -29.2646 7.6
      vertex 89.0391 -29.2646 1.2
    endloop
  endfacet
  facet normal -0.724374 -0.689407 0
    outer loop
      vertex 89.0391 -29.2646 7.6
      vertex 89.254 -29.4904 1.2
      vertex 89.254 -29.4904 7.6
    endloop
  endfacet
  facet normal -0.757032 -0.653378 0
    outer loop
      vertex 89.0391 -29.2646 1.2
      vertex 88.8355 -29.0287 7.6
      vertex 88.8355 -29.0287 1.2
    endloop
  endfacet
  facet normal -0.757032 -0.653378 0
    outer loop
      vertex 88.8355 -29.0287 7.6
      vertex 89.0391 -29.2646 1.2
      vertex 89.0391 -29.2646 7.6
    endloop
  endfacet
  facet normal -0.788384 -0.615183 0
    outer loop
      vertex 88.8355 -29.0287 1.2
      vertex 88.6437 -28.7829 7.6
      vertex 88.6437 -28.7829 1.2
    endloop
  endfacet
  facet normal -0.788384 -0.615183 0
    outer loop
      vertex 88.6437 -28.7829 7.6
      vertex 88.8355 -29.0287 1.2
      vertex 88.8355 -29.0287 7.6
    endloop
  endfacet
  facet normal -0.817661 -0.5757 0
    outer loop
      vertex 88.6437 -28.7829 1.2
      vertex 88.4643 -28.5281 7.6
      vertex 88.4643 -28.5281 1.2
    endloop
  endfacet
  facet normal -0.817661 -0.5757 0
    outer loop
      vertex 88.4643 -28.5281 7.6
      vertex 88.6437 -28.7829 1.2
      vertex 88.6437 -28.7829 7.6
    endloop
  endfacet
  facet normal -0.844756 -0.535151 0
    outer loop
      vertex 88.4643 -28.5281 1.2
      vertex 88.2975 -28.2648 7.6
      vertex 88.2975 -28.2648 1.2
    endloop
  endfacet
  facet normal -0.844756 -0.535151 0
    outer loop
      vertex 88.2975 -28.2648 7.6
      vertex 88.4643 -28.5281 1.2
      vertex 88.4643 -28.5281 7.6
    endloop
  endfacet
  facet normal -0.87021 -0.492681 0
    outer loop
      vertex 88.2975 -28.2648 1.2
      vertex 88.1439 -27.9935 7.6
      vertex 88.1439 -27.9935 1.2
    endloop
  endfacet
  facet normal -0.87021 -0.492681 0
    outer loop
      vertex 88.1439 -27.9935 7.6
      vertex 88.2975 -28.2648 1.2
      vertex 88.2975 -28.2648 7.6
    endloop
  endfacet
  facet normal -0.893075 -0.449907 0
    outer loop
      vertex 88.1439 -27.9935 1.2
      vertex 88.0037 -27.7152 7.6
      vertex 88.0037 -27.7152 1.2
    endloop
  endfacet
  facet normal -0.893075 -0.449907 0
    outer loop
      vertex 88.0037 -27.7152 7.6
      vertex 88.1439 -27.9935 1.2
      vertex 88.1439 -27.9935 7.6
    endloop
  endfacet
  facet normal -0.914248 -0.405156 0
    outer loop
      vertex 88.0037 -27.7152 1.2
      vertex 87.8774 -27.4302 7.6
      vertex 87.8774 -27.4302 1.2
    endloop
  endfacet
  facet normal -0.914248 -0.405156 0
    outer loop
      vertex 87.8774 -27.4302 7.6
      vertex 88.0037 -27.7152 1.2
      vertex 88.0037 -27.7152 7.6
    endloop
  endfacet
  facet normal -0.932965 -0.359968 0
    outer loop
      vertex 87.8774 -27.4302 1.2
      vertex 87.7652 -27.1394 7.6
      vertex 87.7652 -27.1394 1.2
    endloop
  endfacet
  facet normal -0.932965 -0.359968 0
    outer loop
      vertex 87.7652 -27.1394 7.6
      vertex 87.8774 -27.4302 1.2
      vertex 87.8774 -27.4302 7.6
    endloop
  endfacet
  facet normal -0.94961 -0.313435 0
    outer loop
      vertex 87.7652 -27.1394 1.2
      vertex 87.6675 -26.8434 7.6
      vertex 87.6675 -26.8434 1.2
    endloop
  endfacet
  facet normal -0.94961 -0.313435 0
    outer loop
      vertex 87.6675 -26.8434 7.6
      vertex 87.7652 -27.1394 1.2
      vertex 87.7652 -27.1394 7.6
    endloop
  endfacet
  facet normal -0.96372 -0.266916 0
    outer loop
      vertex 87.6675 -26.8434 1.2
      vertex 87.5843 -26.543 7.6
      vertex 87.5843 -26.543 1.2
    endloop
  endfacet
  facet normal -0.96372 -0.266916 0
    outer loop
      vertex 87.5843 -26.543 7.6
      vertex 87.6675 -26.8434 1.2
      vertex 87.6675 -26.8434 7.6
    endloop
  endfacet
  facet normal -0.975751 -0.218885 0
    outer loop
      vertex 87.5843 -26.543 1.2
      vertex 87.5179 -26.247 7.6
      vertex 87.5179 -26.247 1.2
    endloop
  endfacet
  facet normal -0.975751 -0.218885 0
    outer loop
      vertex 87.5179 -26.247 7.6
      vertex 87.5843 -26.543 1.2
      vertex 87.5843 -26.543 7.6
    endloop
  endfacet
  facet normal -0.983017 -0.183514 0
    outer loop
      vertex 87.5179 -26.247 1.2
      vertex 87.4893 -26.0938 7.6
      vertex 87.4893 -26.0938 1.2
    endloop
  endfacet
  facet normal -0.983017 -0.183514 0
    outer loop
      vertex 87.4893 -26.0938 7.6
      vertex 87.5179 -26.247 1.2
      vertex 87.5179 -26.247 7.6
    endloop
  endfacet
  facet normal -0.985283 -0.170929 0
    outer loop
      vertex 87.4893 -26.0938 1.2
      vertex 87.4333 -25.771 7.6
      vertex 87.4333 -25.771 1.2
    endloop
  endfacet
  facet normal -0.985283 -0.170929 0
    outer loop
      vertex 87.4333 -25.771 7.6
      vertex 87.4893 -26.0938 1.2
      vertex 87.4893 -26.0938 7.6
    endloop
  endfacet
  facet normal -0.980754 -0.195248 0
    outer loop
      vertex 87.4333 -25.771 1.2
      vertex 87.416 -25.6841 7.6
      vertex 87.416 -25.6841 1.2
    endloop
  endfacet
  facet normal -0.980754 -0.195248 0
    outer loop
      vertex 87.416 -25.6841 7.6
      vertex 87.4333 -25.771 1.2
      vertex 87.4333 -25.771 7.6
    endloop
  endfacet
  facet normal -0.975717 -0.219034 0
    outer loop
      vertex 87.416 -25.6841 1.2
      vertex 87.3102 -25.2128 7.6
      vertex 87.3102 -25.2128 1.2
    endloop
  endfacet
  facet normal -0.975717 -0.219034 0
    outer loop
      vertex 87.3102 -25.2128 7.6
      vertex 87.416 -25.6841 1.2
      vertex 87.416 -25.6841 7.6
    endloop
  endfacet
  facet normal -0.970076 -0.2428 0
    outer loop
      vertex 87.3102 -25.2128 1.2
      vertex 87.2886 -25.1265 7.6
      vertex 87.2886 -25.1265 1.2
    endloop
  endfacet
  facet normal -0.970076 -0.2428 0
    outer loop
      vertex 87.2886 -25.1265 7.6
      vertex 87.3102 -25.2128 1.2
      vertex 87.3102 -25.2128 7.6
    endloop
  endfacet
  facet normal -0.963782 -0.266693 0
    outer loop
      vertex 87.2886 -25.1265 1.2
      vertex 87.1599 -24.6614 7.6
      vertex 87.1599 -24.6614 1.2
    endloop
  endfacet
  facet normal -0.963782 -0.266693 0
    outer loop
      vertex 87.1599 -24.6614 7.6
      vertex 87.2886 -25.1265 1.2
      vertex 87.2886 -25.1265 7.6
    endloop
  endfacet
  facet normal -0.956958 -0.290225 0
    outer loop
      vertex 87.1599 -24.6614 1.2
      vertex 87.134 -24.576 7.6
      vertex 87.134 -24.576 1.2
    endloop
  endfacet
  facet normal -0.956958 -0.290225 0
    outer loop
      vertex 87.134 -24.576 7.6
      vertex 87.1599 -24.6614 1.2
      vertex 87.1599 -24.6614 7.6
    endloop
  endfacet
  facet normal -0.949508 -0.313742 0
    outer loop
      vertex 87.134 -24.576 1.2
      vertex 86.9825 -24.1175 7.6
      vertex 86.9825 -24.1175 1.2
    endloop
  endfacet
  facet normal -0.949508 -0.313742 0
    outer loop
      vertex 86.9825 -24.1175 7.6
      vertex 87.134 -24.576 1.2
      vertex 87.134 -24.576 7.6
    endloop
  endfacet
  facet normal -0.941487 -0.337048 0
    outer loop
      vertex 86.9825 -24.1175 1.2
      vertex 86.9525 -24.0337 7.6
      vertex 86.9525 -24.0337 1.2
    endloop
  endfacet
  facet normal -0.941487 -0.337048 0
    outer loop
      vertex 86.9525 -24.0337 7.6
      vertex 86.9825 -24.1175 1.2
      vertex 86.9825 -24.1175 7.6
    endloop
  endfacet
  facet normal -0.93304 -0.359771 0
    outer loop
      vertex 86.9525 -24.0337 1.2
      vertex 86.7791 -23.584 7.6
      vertex 86.7791 -23.584 1.2
    endloop
  endfacet
  facet normal -0.93304 -0.359771 0
    outer loop
      vertex 86.7791 -23.584 7.6
      vertex 86.9525 -24.0337 1.2
      vertex 86.9525 -24.0337 7.6
    endloop
  endfacet
  facet normal -0.923733 -0.383038 0
    outer loop
      vertex 86.7791 -23.584 1.2
      vertex 86.7446 -23.5008 7.6
      vertex 86.7446 -23.5008 1.2
    endloop
  endfacet
  facet normal -0.923733 -0.383038 0
    outer loop
      vertex 86.7446 -23.5008 7.6
      vertex 86.7791 -23.584 1.2
      vertex 86.7791 -23.584 7.6
    endloop
  endfacet
  facet normal -0.91417 -0.40533 0
    outer loop
      vertex 86.7446 -23.5008 1.2
      vertex 86.5492 -23.0601 7.6
      vertex 86.5492 -23.0601 1.2
    endloop
  endfacet
  facet normal -0.91417 -0.40533 0
    outer loop
      vertex 86.5492 -23.0601 7.6
      vertex 86.7446 -23.5008 1.2
      vertex 86.7446 -23.5008 7.6
    endloop
  endfacet
  facet normal -0.90401 -0.427512 0
    outer loop
      vertex 86.5492 -23.0601 1.2
      vertex 86.5108 -22.9789 7.6
      vertex 86.5108 -22.9789 1.2
    endloop
  endfacet
  facet normal -0.90401 -0.427512 0
    outer loop
      vertex 86.5108 -22.9789 7.6
      vertex 86.5492 -23.0601 1.2
      vertex 86.5492 -23.0601 7.6
    endloop
  endfacet
  facet normal -0.893219 -0.449622 0
    outer loop
      vertex 86.5108 -22.9789 1.2
      vertex 86.2944 -22.549 7.6
      vertex 86.2944 -22.549 1.2
    endloop
  endfacet
  facet normal -0.893219 -0.449622 0
    outer loop
      vertex 86.2944 -22.549 7.6
      vertex 86.5108 -22.9789 1.2
      vertex 86.5108 -22.9789 7.6
    endloop
  endfacet
  facet normal -0.881955 -0.471333 0
    outer loop
      vertex 86.2944 -22.549 1.2
      vertex 86.2517 -22.4691 7.6
      vertex 86.2517 -22.4691 1.2
    endloop
  endfacet
  facet normal -0.881955 -0.471333 0
    outer loop
      vertex 86.2517 -22.4691 7.6
      vertex 86.2944 -22.549 1.2
      vertex 86.2944 -22.549 7.6
    endloop
  endfacet
  facet normal -0.870129 -0.492824 0
    outer loop
      vertex 86.2517 -22.4691 1.2
      vertex 86.0145 -22.0503 7.6
      vertex 86.0145 -22.0503 1.2
    endloop
  endfacet
  facet normal -0.870129 -0.492824 0
    outer loop
      vertex 86.0145 -22.0503 7.6
      vertex 86.2517 -22.4691 1.2
      vertex 86.2517 -22.4691 7.6
    endloop
  endfacet
  facet normal -0.857688 -0.51417 0
    outer loop
      vertex 86.0145 -22.0503 1.2
      vertex 85.9681 -21.9729 7.6
      vertex 85.9681 -21.9729 1.2
    endloop
  endfacet
  facet normal -0.857688 -0.51417 0
    outer loop
      vertex 85.9681 -21.9729 7.6
      vertex 86.0145 -22.0503 1.2
      vertex 86.0145 -22.0503 7.6
    endloop
  endfacet
  facet normal -0.844838 -0.535022 0
    outer loop
      vertex 85.9681 -21.9729 1.2
      vertex 85.7101 -21.5655 7.6
      vertex 85.7101 -21.5655 1.2
    endloop
  endfacet
  facet normal -0.844838 -0.535022 0
    outer loop
      vertex 85.7101 -21.5655 7.6
      vertex 85.9681 -21.9729 1.2
      vertex 85.9681 -21.9729 7.6
    endloop
  endfacet
  facet normal -0.831706 -0.555217 0
    outer loop
      vertex 85.7101 -21.5655 1.2
      vertex 85.6605 -21.4912 7.6
      vertex 85.6605 -21.4912 1.2
    endloop
  endfacet
  facet normal -0.831706 -0.555217 0
    outer loop
      vertex 85.6605 -21.4912 7.6
      vertex 85.7101 -21.5655 1.2
      vertex 85.7101 -21.5655 7.6
    endloop
  endfacet
  facet normal -0.817525 -0.575894 0
    outer loop
      vertex 85.6605 -21.4912 1.2
      vertex 85.5287 -21.3041 7.6
      vertex 85.5287 -21.3041 1.2
    endloop
  endfacet
  facet normal -0.817525 -0.575894 0
    outer loop
      vertex 85.5287 -21.3041 7.6
      vertex 85.6605 -21.4912 1.2
      vertex 85.6605 -21.4912 7.6
    endloop
  endfacet
  facet normal -0.831424 -0.555638 0
    outer loop
      vertex 85.5287 -21.3041 1.2
      vertex 85.3647 -21.0587 7.6
      vertex 85.3647 -21.0587 1.2
    endloop
  endfacet
  facet normal -0.831424 -0.555638 0
    outer loop
      vertex 85.3647 -21.0587 7.6
      vertex 85.5287 -21.3041 1.2
      vertex 85.5287 -21.3041 7.6
    endloop
  endfacet
  facet normal -0.857832 -0.51393 0
    outer loop
      vertex 85.3647 -21.0587 1.2
      vertex 85.2045 -20.7913 7.6
      vertex 85.2045 -20.7913 1.2
    endloop
  endfacet
  facet normal -0.857832 -0.51393 0
    outer loop
      vertex 85.2045 -20.7913 7.6
      vertex 85.3647 -21.0587 1.2
      vertex 85.3647 -21.0587 7.6
    endloop
  endfacet
  facet normal -0.881899 -0.471438 0
    outer loop
      vertex 85.2045 -20.7913 1.2
      vertex 85.0576 -20.5165 7.6
      vertex 85.0576 -20.5165 1.2
    endloop
  endfacet
  facet normal -0.881899 -0.471438 0
    outer loop
      vertex 85.0576 -20.5165 7.6
      vertex 85.2045 -20.7913 1.2
      vertex 85.2045 -20.7913 7.6
    endloop
  endfacet
  facet normal -0.904025 -0.42748 0
    outer loop
      vertex 85.0576 -20.5165 1.2
      vertex 84.9243 -20.2346 7.6
      vertex 84.9243 -20.2346 1.2
    endloop
  endfacet
  facet normal -0.904025 -0.42748 0
    outer loop
      vertex 84.9243 -20.2346 7.6
      vertex 85.0576 -20.5165 1.2
      vertex 85.0576 -20.5165 7.6
    endloop
  endfacet
  facet normal -0.923939 -0.382541 0
    outer loop
      vertex 84.9243 -20.2346 1.2
      vertex 84.8051 -19.9467 7.6
      vertex 84.8051 -19.9467 1.2
    endloop
  endfacet
  facet normal -0.923939 -0.382541 0
    outer loop
      vertex 84.8051 -19.9467 7.6
      vertex 84.9243 -20.2346 1.2
      vertex 84.9243 -20.2346 7.6
    endloop
  endfacet
  facet normal -0.94156 -0.336844 0
    outer loop
      vertex 84.8051 -19.9467 1.2
      vertex 84.7001 -19.6532 7.6
      vertex 84.7001 -19.6532 1.2
    endloop
  endfacet
  facet normal -0.94156 -0.336844 0
    outer loop
      vertex 84.7001 -19.6532 7.6
      vertex 84.8051 -19.9467 1.2
      vertex 84.8051 -19.9467 7.6
    endloop
  endfacet
  facet normal -0.95693 -0.290319 0
    outer loop
      vertex 84.7001 -19.6532 1.2
      vertex 84.6096 -19.3549 7.6
      vertex 84.6096 -19.3549 1.2
    endloop
  endfacet
  facet normal -0.95693 -0.290319 0
    outer loop
      vertex 84.6096 -19.3549 7.6
      vertex 84.7001 -19.6532 1.2
      vertex 84.7001 -19.6532 7.6
    endloop
  endfacet
  facet normal -0.970048 -0.242913 0
    outer loop
      vertex 84.6096 -19.3549 1.2
      vertex 84.5339 -19.0526 7.6
      vertex 84.5339 -19.0526 1.2
    endloop
  endfacet
  facet normal -0.970048 -0.242913 0
    outer loop
      vertex 84.5339 -19.0526 7.6
      vertex 84.6096 -19.3549 1.2
      vertex 84.6096 -19.3549 7.6
    endloop
  endfacet
  facet normal -0.98079 -0.195067 0
    outer loop
      vertex 84.5339 -19.0526 1.2
      vertex 84.4731 -18.7469 7.6
      vertex 84.4731 -18.7469 1.2
    endloop
  endfacet
  facet normal -0.98079 -0.195067 0
    outer loop
      vertex 84.4731 -18.7469 7.6
      vertex 84.5339 -19.0526 1.2
      vertex 84.5339 -19.0526 7.6
    endloop
  endfacet
  facet normal -0.989145 -0.146944 0
    outer loop
      vertex 84.4731 -18.7469 1.2
      vertex 84.4273 -18.4386 7.6
      vertex 84.4273 -18.4386 1.2
    endloop
  endfacet
  facet normal -0.989145 -0.146944 0
    outer loop
      vertex 84.4273 -18.4386 7.6
      vertex 84.4731 -18.7469 1.2
      vertex 84.4731 -18.7469 7.6
    endloop
  endfacet
  facet normal -0.995201 -0.0978518 0
    outer loop
      vertex 84.4273 -18.4386 1.2
      vertex 84.3968 -18.1284 7.6
      vertex 84.3968 -18.1284 1.2
    endloop
  endfacet
  facet normal -0.995201 -0.0978518 0
    outer loop
      vertex 84.3968 -18.1284 7.6
      vertex 84.4273 -18.4386 1.2
      vertex 84.4273 -18.4386 7.6
    endloop
  endfacet
  facet normal -0.998795 -0.0490738 0
    outer loop
      vertex 84.3968 -18.1284 1.2
      vertex 84.3815 -17.817 7.6
      vertex 84.3815 -17.817 1.2
    endloop
  endfacet
  facet normal -0.998795 -0.0490738 0
    outer loop
      vertex 84.3815 -17.817 7.6
      vertex 84.3968 -18.1284 1.2
      vertex 84.3968 -18.1284 7.6
    endloop
  endfacet
  facet normal -1 0 0
    outer loop
      vertex 84.3815 -17.817 1.2
      vertex 84.3815 -17.5053 7.6
      vertex 84.3815 -17.5053 1.2
    endloop
  endfacet
  facet normal -1 -0 0
    outer loop
      vertex 84.3815 -17.5053 7.6
      vertex 84.3815 -17.817 1.2
      vertex 84.3815 -17.817 7.6
    endloop
  endfacet
  facet normal -0.998794 0.0490895 0
    outer loop
      vertex 84.3815 -17.5053 1.2
      vertex 84.3968 -17.194 7.6
      vertex 84.3968 -17.194 1.2
    endloop
  endfacet
  facet normal -0.998794 0.0490895 0
    outer loop
      vertex 84.3968 -17.194 7.6
      vertex 84.3815 -17.5053 1.2
      vertex 84.3815 -17.5053 7.6
    endloop
  endfacet
  facet normal -0.995167 0.0982009 0
    outer loop
      vertex 84.3968 -17.194 1.2
      vertex 84.4274 -16.8839 7.6
      vertex 84.4274 -16.8839 1.2
    endloop
  endfacet
  facet normal -0.995167 0.0982009 0
    outer loop
      vertex 84.4274 -16.8839 7.6
      vertex 84.3968 -17.194 1.2
      vertex 84.3968 -17.194 7.6
    endloop
  endfacet
  facet normal -0.989198 0.146584 0
    outer loop
      vertex 84.4274 -16.8839 1.2
      vertex 84.4731 -16.5755 7.6
      vertex 84.4731 -16.5755 1.2
    endloop
  endfacet
  facet normal -0.989198 0.146584 0
    outer loop
      vertex 84.4731 -16.5755 7.6
      vertex 84.4274 -16.8839 1.2
      vertex 84.4274 -16.8839 7.6
    endloop
  endfacet
  facet normal -0.98079 0.195067 0
    outer loop
      vertex 84.4731 -16.5755 1.2
      vertex 84.5339 -16.2698 7.6
      vertex 84.5339 -16.2698 1.2
    endloop
  endfacet
  facet normal -0.98079 0.195067 0
    outer loop
      vertex 84.5339 -16.2698 7.6
      vertex 84.4731 -16.5755 1.2
      vertex 84.4731 -16.5755 7.6
    endloop
  endfacet
  facet normal -0.969972 0.243215 0
    outer loop
      vertex 84.5339 -16.2698 1.2
      vertex 84.6097 -15.9675 7.6
      vertex 84.6097 -15.9675 1.2
    endloop
  endfacet
  facet normal -0.969972 0.243215 0
    outer loop
      vertex 84.6097 -15.9675 7.6
      vertex 84.5339 -16.2698 1.2
      vertex 84.5339 -16.2698 7.6
    endloop
  endfacet
  facet normal -0.957019 0.290025 0
    outer loop
      vertex 84.6097 -15.9675 1.2
      vertex 84.7001 -15.6692 7.6
      vertex 84.7001 -15.6692 1.2
    endloop
  endfacet
  facet normal -0.957019 0.290025 0
    outer loop
      vertex 84.7001 -15.6692 7.6
      vertex 84.6097 -15.9675 1.2
      vertex 84.6097 -15.9675 7.6
    endloop
  endfacet
  facet normal -0.941459 0.337129 0
    outer loop
      vertex 84.7001 -15.6692 1.2
      vertex 84.8052 -15.3757 7.6
      vertex 84.8052 -15.3757 1.2
    endloop
  endfacet
  facet normal -0.941459 0.337129 0
    outer loop
      vertex 84.8052 -15.3757 7.6
      vertex 84.7001 -15.6692 1.2
      vertex 84.7001 -15.6692 7.6
    endloop
  endfacet
  facet normal -0.923825 0.382815 0
    outer loop
      vertex 84.8052 -15.3757 1.2
      vertex 84.9245 -15.0878 7.6
      vertex 84.9245 -15.0878 1.2
    endloop
  endfacet
  facet normal -0.923825 0.382815 0
    outer loop
      vertex 84.9245 -15.0878 7.6
      vertex 84.8052 -15.3757 1.2
      vertex 84.8052 -15.3757 7.6
    endloop
  endfacet
  facet normal -0.90409 0.427341 0
    outer loop
      vertex 84.9245 -15.0878 1.2
      vertex 85.0577 -14.806 7.6
      vertex 85.0577 -14.806 1.2
    endloop
  endfacet
  facet normal -0.90409 0.427341 0
    outer loop
      vertex 85.0577 -14.806 7.6
      vertex 84.9245 -15.0878 1.2
      vertex 84.9245 -15.0878 7.6
    endloop
  endfacet
  facet normal -0.881837 0.471554 0
    outer loop
      vertex 85.0577 -14.806 1.2
      vertex 85.2047 -14.5311 7.6
      vertex 85.2047 -14.5311 1.2
    endloop
  endfacet
  facet normal -0.881837 0.471554 0
    outer loop
      vertex 85.2047 -14.5311 7.6
      vertex 85.0577 -14.806 1.2
      vertex 85.0577 -14.806 7.6
    endloop
  endfacet
  facet normal -0.857748 0.514071 0
    outer loop
      vertex 85.2047 -14.5311 1.2
      vertex 85.3649 -14.2638 7.6
      vertex 85.3649 -14.2638 1.2
    endloop
  endfacet
  facet normal -0.857748 0.514071 0
    outer loop
      vertex 85.3649 -14.2638 7.6
      vertex 85.2047 -14.5311 1.2
      vertex 85.2047 -14.5311 7.6
    endloop
  endfacet
  facet normal -0.831458 0.555588 0
    outer loop
      vertex 85.3649 -14.2638 1.2
      vertex 85.5381 -14.0046 7.6
      vertex 85.5381 -14.0046 1.2
    endloop
  endfacet
  facet normal -0.831458 0.555588 0
    outer loop
      vertex 85.5381 -14.0046 7.6
      vertex 85.3649 -14.2638 1.2
      vertex 85.3649 -14.2638 7.6
    endloop
  endfacet
  facet normal -0.803108 0.595834 0
    outer loop
      vertex 85.5381 -14.0046 1.2
      vertex 85.7238 -13.7543 7.6
      vertex 85.7238 -13.7543 1.2
    endloop
  endfacet
  facet normal -0.803108 0.595834 0
    outer loop
      vertex 85.7238 -13.7543 7.6
      vertex 85.5381 -14.0046 1.2
      vertex 85.5381 -14.0046 7.6
    endloop
  endfacet
  facet normal -0.773142 0.634233 0
    outer loop
      vertex 85.7238 -13.7543 1.2
      vertex 85.9215 -13.5133 7.6
      vertex 85.9215 -13.5133 1.2
    endloop
  endfacet
  facet normal -0.773142 0.634233 0
    outer loop
      vertex 85.9215 -13.5133 7.6
      vertex 85.7238 -13.7543 1.2
      vertex 85.7238 -13.7543 7.6
    endloop
  endfacet
  facet normal -0.740752 0.671778 0
    outer loop
      vertex 85.9215 -13.5133 1.2
      vertex 86.1309 -13.2824 7.6
      vertex 86.1309 -13.2824 1.2
    endloop
  endfacet
  facet normal -0.740752 0.671778 0
    outer loop
      vertex 86.1309 -13.2824 7.6
      vertex 85.9215 -13.5133 1.2
      vertex 85.9215 -13.5133 7.6
    endloop
  endfacet
  facet normal -0.707107 0.707107 0
    outer loop
      vertex 86.3513 -13.062 1.2
      vertex 86.1309 -13.2824 7.6
      vertex 86.3513 -13.062 7.6
    endloop
  endfacet
  facet normal -0.707107 0.707107 0
    outer loop
      vertex 86.1309 -13.2824 7.6
      vertex 86.3513 -13.062 1.2
      vertex 86.1309 -13.2824 1.2
    endloop
  endfacet
  facet normal -0.671676 0.740845 0
    outer loop
      vertex 86.5698 -12.8639 1.2
      vertex 86.3513 -13.062 7.6
      vertex 86.5698 -12.8639 7.6
    endloop
  endfacet
  facet normal -0.671676 0.740845 0
    outer loop
      vertex 86.3513 -13.062 7.6
      vertex 86.5698 -12.8639 1.2
      vertex 86.3513 -13.062 1.2
    endloop
  endfacet
  facet normal -0.653165 0.757215 0
    outer loop
      vertex 87.1469 -12.3661 1.2
      vertex 86.5698 -12.8639 7.6
      vertex 87.1469 -12.3661 7.6
    endloop
  endfacet
  facet normal -0.653165 0.757215 0
    outer loop
      vertex 86.5698 -12.8639 7.6
      vertex 87.1469 -12.3661 1.2
      vertex 86.5698 -12.8639 1.2
    endloop
  endfacet
  facet normal -0.671176 0.741298 0
    outer loop
      vertex 87.2135 -12.3058 1.2
      vertex 87.1469 -12.3661 7.6
      vertex 87.2135 -12.3058 7.6
    endloop
  endfacet
  facet normal -0.671176 0.741298 0
    outer loop
      vertex 87.1469 -12.3661 7.6
      vertex 87.2135 -12.3058 1.2
      vertex 87.1469 -12.3661 1.2
    endloop
  endfacet
  facet normal -0.689587 0.724203 0
    outer loop
      vertex 87.7407 -11.8038 1.2
      vertex 87.2135 -12.3058 7.6
      vertex 87.7407 -11.8038 7.6
    endloop
  endfacet
  facet normal -0.689587 0.724203 0
    outer loop
      vertex 87.2135 -12.3058 7.6
      vertex 87.7407 -11.8038 1.2
      vertex 87.2135 -12.3058 1.2
    endloop
  endfacet
  facet normal -0.707107 0.707107 0
    outer loop
      vertex 87.7407 -11.8038 1.2
      vertex 87.8038 -11.7407 7.6
      vertex 87.8038 -11.7407 1.2
    endloop
  endfacet
  facet normal -0.707107 0.707107 0
    outer loop
      vertex 87.8038 -11.7407 7.6
      vertex 87.7407 -11.8038 1.2
      vertex 87.7407 -11.8038 7.6
    endloop
  endfacet
  facet normal -0.724203 0.689587 0
    outer loop
      vertex 87.8038 -11.7407 1.2
      vertex 88.3058 -11.2135 7.6
      vertex 88.3058 -11.2135 1.2
    endloop
  endfacet
  facet normal -0.724203 0.689587 0
    outer loop
      vertex 88.3058 -11.2135 7.6
      vertex 87.8038 -11.7407 1.2
      vertex 87.8038 -11.7407 7.6
    endloop
  endfacet
  facet normal -0.741057 0.671442 0
    outer loop
      vertex 88.3058 -11.2135 1.2
      vertex 88.3656 -11.1475 7.6
      vertex 88.3656 -11.1475 1.2
    endloop
  endfacet
  facet normal -0.741057 0.671442 0
    outer loop
      vertex 88.3656 -11.1475 7.6
      vertex 88.3058 -11.2135 1.2
      vertex 88.3058 -11.2135 7.6
    endloop
  endfacet
  facet normal -0.757246 0.65313 0
    outer loop
      vertex 88.3656 -11.1475 1.2
      vertex 88.8411 -10.5962 7.6
      vertex 88.8411 -10.5962 1.2
    endloop
  endfacet
  facet normal -0.757246 0.65313 0
    outer loop
      vertex 88.8411 -10.5962 7.6
      vertex 88.3656 -11.1475 1.2
      vertex 88.3656 -11.1475 7.6
    endloop
  endfacet
  facet normal -0.773059 0.634334 0
    outer loop
      vertex 88.8411 -10.5962 1.2
      vertex 88.8978 -10.5271 7.6
      vertex 88.8978 -10.5271 1.2
    endloop
  endfacet
  facet normal -0.773059 0.634334 0
    outer loop
      vertex 88.8978 -10.5271 7.6
      vertex 88.8411 -10.5962 1.2
      vertex 88.8411 -10.5962 7.6
    endloop
  endfacet
  facet normal -0.788336 0.615245 0
    outer loop
      vertex 88.8978 -10.5271 1.2
      vertex 89.3457 -9.95319 7.6
      vertex 89.3457 -9.95319 1.2
    endloop
  endfacet
  facet normal -0.788336 0.615245 0
    outer loop
      vertex 89.3457 -9.95319 7.6
      vertex 88.8978 -10.5271 1.2
      vertex 88.8978 -10.5271 7.6
    endloop
  endfacet
  facet normal -0.802922 0.596085 0
    outer loop
      vertex 89.3457 -9.95319 1.2
      vertex 89.3989 -9.88153 7.6
      vertex 89.3989 -9.88153 1.2
    endloop
  endfacet
  facet normal -0.802922 0.596085 0
    outer loop
      vertex 89.3989 -9.88153 7.6
      vertex 89.3457 -9.95319 1.2
      vertex 89.3457 -9.95319 7.6
    endloop
  endfacet
  facet normal -0.817597 0.57579 0
    outer loop
      vertex 89.3989 -9.88153 1.2
      vertex 89.8178 -9.28671 7.6
      vertex 89.8178 -9.28671 1.2
    endloop
  endfacet
  facet normal -0.817597 0.57579 0
    outer loop
      vertex 89.8178 -9.28671 7.6
      vertex 89.3989 -9.88153 1.2
      vertex 89.3989 -9.88153 7.6
    endloop
  endfacet
  facet normal -0.831397 0.555678 0
    outer loop
      vertex 89.8178 -9.28671 1.2
      vertex 89.8676 -9.2122 7.6
      vertex 89.8676 -9.2122 1.2
    endloop
  endfacet
  facet normal -0.831397 0.555678 0
    outer loop
      vertex 89.8676 -9.2122 7.6
      vertex 89.8178 -9.28671 1.2
      vertex 89.8178 -9.28671 7.6
    endloop
  endfacet
  facet normal -0.844855 0.534995 0
    outer loop
      vertex 89.8676 -9.2122 1.2
      vertex 90.2572 -8.59695 7.6
      vertex 90.2572 -8.59695 1.2
    endloop
  endfacet
  facet normal -0.844855 0.534995 0
    outer loop
      vertex 90.2572 -8.59695 7.6
      vertex 89.8676 -9.2122 1.2
      vertex 89.8676 -9.2122 7.6
    endloop
  endfacet
  facet normal -0.857773 0.514029 0
    outer loop
      vertex 90.2572 -8.59695 1.2
      vertex 90.3026 -8.52119 7.6
      vertex 90.3026 -8.52119 1.2
    endloop
  endfacet
  facet normal -0.857773 0.514029 0
    outer loop
      vertex 90.3026 -8.52119 7.6
      vertex 90.2572 -8.59695 1.2
      vertex 90.2572 -8.59695 7.6
    endloop
  endfacet
  facet normal -0.870131 0.49282 0
    outer loop
      vertex 90.3026 -8.52119 1.2
      vertex 90.6618 -7.88698 7.6
      vertex 90.6618 -7.88698 1.2
    endloop
  endfacet
  facet normal -0.870131 0.49282 0
    outer loop
      vertex 90.6618 -7.88698 7.6
      vertex 90.3026 -8.52119 1.2
      vertex 90.3026 -8.52119 7.6
    endloop
  endfacet
  facet normal -0.881647 0.471909 0
    outer loop
      vertex 90.6618 -7.88698 1.2
      vertex 90.7037 -7.8087 7.6
      vertex 90.7037 -7.8087 1.2
    endloop
  endfacet
  facet normal -0.881647 0.471909 0
    outer loop
      vertex 90.7037 -7.8087 7.6
      vertex 90.6618 -7.88698 1.2
      vertex 90.6618 -7.88698 7.6
    endloop
  endfacet
  facet normal -0.893213 0.449634 0
    outer loop
      vertex 90.7037 -7.8087 1.2
      vertex 90.9346 -7.35001 7.6
      vertex 90.9346 -7.35001 1.2
    endloop
  endfacet
  facet normal -0.893213 0.449634 0
    outer loop
      vertex 90.9346 -7.35001 7.6
      vertex 90.7037 -7.8087 1.2
      vertex 90.7037 -7.8087 7.6
    endloop
  endfacet
  facet normal 0 -1 0
    outer loop
      vertex 88.3244 -7.35001 1.2
      vertex 90.9346 -7.35001 7.6
      vertex 88.3244 -7.35001 7.6
    endloop
  endfacet
  facet normal 0 -1 -0
    outer loop
      vertex 90.9346 -7.35001 7.6
      vertex 88.3244 -7.35001 1.2
      vertex 90.9346 -7.35001 1.2
    endloop
  endfacet
  facet normal 0.870333 -0.492463 0
    outer loop
      vertex 88.3088 -7.37758 7.6
      vertex 88.3244 -7.35001 1.2
      vertex 88.3244 -7.35001 7.6
    endloop
  endfacet
  facet normal 0.870333 -0.492463 0
    outer loop
      vertex 88.3244 -7.35001 1.2
      vertex 88.3088 -7.37758 7.6
      vertex 88.3088 -7.37758 1.2
    endloop
  endfacet
  facet normal 0.844809 -0.535068 0
    outer loop
      vertex 87.9319 -7.97266 7.6
      vertex 88.3088 -7.37758 1.2
      vertex 88.3088 -7.37758 7.6
    endloop
  endfacet
  facet normal 0.844809 -0.535068 0
    outer loop
      vertex 88.3088 -7.37758 1.2
      vertex 87.9319 -7.97266 7.6
      vertex 87.9319 -7.97266 1.2
    endloop
  endfacet
  facet normal 0.817629 -0.575745 0
    outer loop
      vertex 87.5264 -8.54852 7.6
      vertex 87.9319 -7.97266 1.2
      vertex 87.9319 -7.97266 7.6
    endloop
  endfacet
  facet normal 0.817629 -0.575745 0
    outer loop
      vertex 87.9319 -7.97266 1.2
      vertex 87.5264 -8.54852 7.6
      vertex 87.5264 -8.54852 1.2
    endloop
  endfacet
  facet normal 0.788303 -0.615287 0
    outer loop
      vertex 87.093 -9.10379 7.6
      vertex 87.5264 -8.54852 1.2
      vertex 87.5264 -8.54852 7.6
    endloop
  endfacet
  facet normal 0.788303 -0.615287 0
    outer loop
      vertex 87.5264 -8.54852 1.2
      vertex 87.093 -9.10379 7.6
      vertex 87.093 -9.10379 1.2
    endloop
  endfacet
  facet normal 0.757182 -0.653204 0
    outer loop
      vertex 86.6329 -9.63713 7.6
      vertex 87.093 -9.10379 1.2
      vertex 87.093 -9.10379 7.6
    endloop
  endfacet
  facet normal 0.757182 -0.653204 0
    outer loop
      vertex 87.093 -9.10379 1.2
      vertex 86.6329 -9.63713 7.6
      vertex 86.6329 -9.63713 1.2
    endloop
  endfacet
  facet normal 0.724334 -0.68945 0
    outer loop
      vertex 86.1473 -10.1473 7.6
      vertex 86.6329 -9.63713 1.2
      vertex 86.6329 -9.63713 7.6
    endloop
  endfacet
  facet normal 0.724334 -0.68945 0
    outer loop
      vertex 86.6329 -9.63713 1.2
      vertex 86.1473 -10.1473 7.6
      vertex 86.1473 -10.1473 1.2
    endloop
  endfacet
  facet normal 0.689428 -0.724354 0
    outer loop
      vertex 85.6371 -10.6329 1.2
      vertex 86.1473 -10.1473 7.6
      vertex 85.6371 -10.6329 7.6
    endloop
  endfacet
  facet normal 0.689428 -0.724354 0
    outer loop
      vertex 86.1473 -10.1473 7.6
      vertex 85.6371 -10.6329 1.2
      vertex 86.1473 -10.1473 1.2
    endloop
  endfacet
  facet normal 0.653232 -0.757158 0
    outer loop
      vertex 85.1038 -11.093 1.2
      vertex 85.6371 -10.6329 7.6
      vertex 85.1038 -11.093 7.6
    endloop
  endfacet
  facet normal 0.653232 -0.757158 0
    outer loop
      vertex 85.6371 -10.6329 7.6
      vertex 85.1038 -11.093 1.2
      vertex 85.6371 -10.6329 1.2
    endloop
  endfacet
  facet normal 0.615267 -0.788319 0
    outer loop
      vertex 84.5485 -11.5264 1.2
      vertex 85.1038 -11.093 7.6
      vertex 84.5485 -11.5264 7.6
    endloop
  endfacet
  facet normal 0.615267 -0.788319 0
    outer loop
      vertex 85.1038 -11.093 7.6
      vertex 84.5485 -11.5264 1.2
      vertex 85.1038 -11.093 1.2
    endloop
  endfacet
  facet normal 0.575785 -0.817601 0
    outer loop
      vertex 83.9727 -11.9319 1.2
      vertex 84.5485 -11.5264 7.6
      vertex 83.9727 -11.9319 7.6
    endloop
  endfacet
  facet normal 0.575785 -0.817601 0
    outer loop
      vertex 84.5485 -11.5264 7.6
      vertex 83.9727 -11.9319 1.2
      vertex 84.5485 -11.5264 1.2
    endloop
  endfacet
  facet normal 0.535055 -0.844817 0
    outer loop
      vertex 83.3776 -12.3088 1.2
      vertex 83.9727 -11.9319 7.6
      vertex 83.3776 -12.3088 7.6
    endloop
  endfacet
  facet normal 0.535055 -0.844817 0
    outer loop
      vertex 83.9727 -11.9319 7.6
      vertex 83.3776 -12.3088 1.2
      vertex 83.9727 -11.9319 1.2
    endloop
  endfacet
  facet normal 0.492787 -0.87015 0
    outer loop
      vertex 82.7647 -12.6559 1.2
      vertex 83.3776 -12.3088 7.6
      vertex 82.7647 -12.6559 7.6
    endloop
  endfacet
  facet normal 0.492787 -0.87015 0
    outer loop
      vertex 83.3776 -12.3088 7.6
      vertex 82.7647 -12.6559 1.2
      vertex 83.3776 -12.3088 1.2
    endloop
  endfacet
  facet normal 0.449654 -0.893203 0
    outer loop
      vertex 82.1356 -12.9726 1.2
      vertex 82.7647 -12.6559 7.6
      vertex 82.1356 -12.9726 7.6
    endloop
  endfacet
  facet normal 0.449654 -0.893203 0
    outer loop
      vertex 82.7647 -12.6559 7.6
      vertex 82.1356 -12.9726 1.2
      vertex 82.7647 -12.6559 1.2
    endloop
  endfacet
  facet normal 0.405216 -0.914221 0
    outer loop
      vertex 81.4917 -13.258 1.2
      vertex 82.1356 -12.9726 7.6
      vertex 81.4917 -13.258 7.6
    endloop
  endfacet
  facet normal 0.405216 -0.914221 0
    outer loop
      vertex 82.1356 -12.9726 7.6
      vertex 81.4917 -13.258 1.2
      vertex 82.1356 -12.9726 1.2
    endloop
  endfacet
  facet normal 0.359883 -0.932998 0
    outer loop
      vertex 80.8345 -13.5115 1.2
      vertex 81.4917 -13.258 7.6
      vertex 80.8345 -13.5115 7.6
    endloop
  endfacet
  facet normal 0.359883 -0.932998 0
    outer loop
      vertex 81.4917 -13.258 7.6
      vertex 80.8345 -13.5115 1.2
      vertex 81.4917 -13.258 1.2
    endloop
  endfacet
  facet normal 0.313756 -0.949504 0
    outer loop
      vertex 80.1657 -13.7325 1.2
      vertex 80.8345 -13.5115 7.6
      vertex 80.1657 -13.7325 7.6
    endloop
  endfacet
  facet normal 0.313756 -0.949504 0
    outer loop
      vertex 80.8345 -13.5115 7.6
      vertex 80.1657 -13.7325 1.2
      vertex 80.8345 -13.5115 1.2
    endloop
  endfacet
  facet normal 0.266648 -0.963794 0
    outer loop
      vertex 79.4869 -13.9203 1.2
      vertex 80.1657 -13.7325 7.6
      vertex 79.4869 -13.9203 7.6
    endloop
  endfacet
  facet normal 0.266648 -0.963794 0
    outer loop
      vertex 80.1657 -13.7325 7.6
      vertex 79.4869 -13.9203 1.2
      vertex 80.1657 -13.7325 1.2
    endloop
  endfacet
  facet normal 0.219185 -0.975683 0
    outer loop
      vertex 78.7996 -14.0747 1.2
      vertex 79.4869 -13.9203 7.6
      vertex 78.7996 -14.0747 7.6
    endloop
  endfacet
  facet normal 0.219185 -0.975683 0
    outer loop
      vertex 79.4869 -13.9203 7.6
      vertex 78.7996 -14.0747 1.2
      vertex 79.4869 -13.9203 1.2
    endloop
  endfacet
  facet normal 0.170934 -0.985283 0
    outer loop
      vertex 78.1056 -14.1951 1.2
      vertex 78.7996 -14.0747 7.6
      vertex 78.1056 -14.1951 7.6
    endloop
  endfacet
  facet normal 0.170934 -0.985283 0
    outer loop
      vertex 78.7996 -14.0747 7.6
      vertex 78.1056 -14.1951 1.2
      vertex 78.7996 -14.0747 1.2
    endloop
  endfacet
  facet normal 0.122392 -0.992482 0
    outer loop
      vertex 77.4066 -14.2813 1.2
      vertex 78.1056 -14.1951 7.6
      vertex 77.4066 -14.2813 7.6
    endloop
  endfacet
  facet normal 0.122392 -0.992482 0
    outer loop
      vertex 78.1056 -14.1951 7.6
      vertex 77.4066 -14.2813 1.2
      vertex 78.1056 -14.1951 1.2
    endloop
  endfacet
  facet normal 0.073537 -0.997292 0
    outer loop
      vertex 76.7041 -14.3331 1.2
      vertex 77.4066 -14.2813 7.6
      vertex 76.7041 -14.3331 7.6
    endloop
  endfacet
  facet normal 0.073537 -0.997292 0
    outer loop
      vertex 77.4066 -14.2813 7.6
      vertex 76.7041 -14.3331 1.2
      vertex 77.4066 -14.2813 1.2
    endloop
  endfacet
  facet normal 0.024563 -0.999698 0
    outer loop
      vertex 76 -14.3504 1.2
      vertex 76.7041 -14.3331 7.6
      vertex 76 -14.3504 7.6
    endloop
  endfacet
  facet normal 0.024563 -0.999698 0
    outer loop
      vertex 76.7041 -14.3331 7.6
      vertex 76 -14.3504 1.2
      vertex 76.7041 -14.3331 1.2
    endloop
  endfacet
  facet normal -0.0245595 -0.999698 0
    outer loop
      vertex 75.2958 -14.3331 1.2
      vertex 76 -14.3504 7.6
      vertex 75.2958 -14.3331 7.6
    endloop
  endfacet
  facet normal -0.0245595 -0.999698 -0
    outer loop
      vertex 76 -14.3504 7.6
      vertex 75.2958 -14.3331 1.2
      vertex 76 -14.3504 1.2
    endloop
  endfacet
  facet normal -0.0735474 -0.997292 0
    outer loop
      vertex 74.5934 -14.2813 1.2
      vertex 75.2958 -14.3331 7.6
      vertex 74.5934 -14.2813 7.6
    endloop
  endfacet
  facet normal -0.0735474 -0.997292 -0
    outer loop
      vertex 75.2958 -14.3331 7.6
      vertex 74.5934 -14.2813 1.2
      vertex 75.2958 -14.3331 1.2
    endloop
  endfacet
  facet normal -0.122375 -0.992484 0
    outer loop
      vertex 73.8943 -14.1951 1.2
      vertex 74.5934 -14.2813 7.6
      vertex 73.8943 -14.1951 7.6
    endloop
  endfacet
  facet normal -0.122375 -0.992484 -0
    outer loop
      vertex 74.5934 -14.2813 7.6
      vertex 73.8943 -14.1951 1.2
      vertex 74.5934 -14.2813 1.2
    endloop
  endfacet
  facet normal -0.170958 -0.985278 0
    outer loop
      vertex 73.2004 -14.0747 1.2
      vertex 73.8943 -14.1951 7.6
      vertex 73.2004 -14.0747 7.6
    endloop
  endfacet
  facet normal -0.170958 -0.985278 -0
    outer loop
      vertex 73.8943 -14.1951 7.6
      vertex 73.2004 -14.0747 1.2
      vertex 73.8943 -14.1951 1.2
    endloop
  endfacet
  facet normal -0.219185 -0.975683 0
    outer loop
      vertex 72.5131 -13.9203 1.2
      vertex 73.2004 -14.0747 7.6
      vertex 72.5131 -13.9203 7.6
    endloop
  endfacet
  facet normal -0.219185 -0.975683 -0
    outer loop
      vertex 73.2004 -14.0747 7.6
      vertex 72.5131 -13.9203 1.2
      vertex 73.2004 -14.0747 1.2
    endloop
  endfacet
  facet normal -0.266648 -0.963794 0
    outer loop
      vertex 71.8343 -13.7325 1.2
      vertex 72.5131 -13.9203 7.6
      vertex 71.8343 -13.7325 7.6
    endloop
  endfacet
  facet normal -0.266648 -0.963794 -0
    outer loop
      vertex 72.5131 -13.9203 7.6
      vertex 71.8343 -13.7325 1.2
      vertex 72.5131 -13.9203 1.2
    endloop
  endfacet
  facet normal -0.313756 -0.949504 0
    outer loop
      vertex 71.1655 -13.5115 1.2
      vertex 71.8343 -13.7325 7.6
      vertex 71.1655 -13.5115 7.6
    endloop
  endfacet
  facet normal -0.313756 -0.949504 -0
    outer loop
      vertex 71.8343 -13.7325 7.6
      vertex 71.1655 -13.5115 1.2
      vertex 71.8343 -13.7325 1.2
    endloop
  endfacet
  facet normal -0.359883 -0.932998 0
    outer loop
      vertex 70.5083 -13.258 1.2
      vertex 71.1655 -13.5115 7.6
      vertex 70.5083 -13.258 7.6
    endloop
  endfacet
  facet normal -0.359883 -0.932998 -0
    outer loop
      vertex 71.1655 -13.5115 7.6
      vertex 70.5083 -13.258 1.2
      vertex 71.1655 -13.5115 1.2
    endloop
  endfacet
  facet normal -0.405216 -0.914221 0
    outer loop
      vertex 69.8644 -12.9726 1.2
      vertex 70.5083 -13.258 7.6
      vertex 69.8644 -12.9726 7.6
    endloop
  endfacet
  facet normal -0.405216 -0.914221 -0
    outer loop
      vertex 70.5083 -13.258 7.6
      vertex 69.8644 -12.9726 1.2
      vertex 70.5083 -13.258 1.2
    endloop
  endfacet
  facet normal -0.449654 -0.893203 0
    outer loop
      vertex 69.2353 -12.6559 1.2
      vertex 69.8644 -12.9726 7.6
      vertex 69.2353 -12.6559 7.6
    endloop
  endfacet
  facet normal -0.449654 -0.893203 -0
    outer loop
      vertex 69.8644 -12.9726 7.6
      vertex 69.2353 -12.6559 1.2
      vertex 69.8644 -12.9726 1.2
    endloop
  endfacet
  facet normal -0.492787 -0.87015 0
    outer loop
      vertex 68.6224 -12.3088 1.2
      vertex 69.2353 -12.6559 7.6
      vertex 68.6224 -12.3088 7.6
    endloop
  endfacet
  facet normal -0.492787 -0.87015 -0
    outer loop
      vertex 69.2353 -12.6559 7.6
      vertex 68.6224 -12.3088 1.2
      vertex 69.2353 -12.6559 1.2
    endloop
  endfacet
  facet normal -0.535055 -0.844817 0
    outer loop
      vertex 68.0273 -11.9319 1.2
      vertex 68.6224 -12.3088 7.6
      vertex 68.0273 -11.9319 7.6
    endloop
  endfacet
  facet normal -0.535055 -0.844817 -0
    outer loop
      vertex 68.6224 -12.3088 7.6
      vertex 68.0273 -11.9319 1.2
      vertex 68.6224 -12.3088 1.2
    endloop
  endfacet
  facet normal -0.575785 -0.817601 0
    outer loop
      vertex 67.4515 -11.5264 1.2
      vertex 68.0273 -11.9319 7.6
      vertex 67.4515 -11.5264 7.6
    endloop
  endfacet
  facet normal -0.575785 -0.817601 -0
    outer loop
      vertex 68.0273 -11.9319 7.6
      vertex 67.4515 -11.5264 1.2
      vertex 68.0273 -11.9319 1.2
    endloop
  endfacet
  facet normal -0.615267 -0.788319 0
    outer loop
      vertex 66.8962 -11.093 1.2
      vertex 67.4515 -11.5264 7.6
      vertex 66.8962 -11.093 7.6
    endloop
  endfacet
  facet normal -0.615267 -0.788319 -0
    outer loop
      vertex 67.4515 -11.5264 7.6
      vertex 66.8962 -11.093 1.2
      vertex 67.4515 -11.5264 1.2
    endloop
  endfacet
  facet normal -0.653232 -0.757158 0
    outer loop
      vertex 66.3629 -10.6329 1.2
      vertex 66.8962 -11.093 7.6
      vertex 66.3629 -10.6329 7.6
    endloop
  endfacet
  facet normal -0.653232 -0.757158 -0
    outer loop
      vertex 66.8962 -11.093 7.6
      vertex 66.3629 -10.6329 1.2
      vertex 66.8962 -11.093 1.2
    endloop
  endfacet
  facet normal -0.689428 -0.724354 0
    outer loop
      vertex 65.8527 -10.1473 1.2
      vertex 66.3629 -10.6329 7.6
      vertex 65.8527 -10.1473 7.6
    endloop
  endfacet
  facet normal -0.689428 -0.724354 -0
    outer loop
      vertex 66.3629 -10.6329 7.6
      vertex 65.8527 -10.1473 1.2
      vertex 66.3629 -10.6329 1.2
    endloop
  endfacet
  facet normal -0.724334 -0.68945 0
    outer loop
      vertex 65.8527 -10.1473 1.2
      vertex 65.3671 -9.63713 7.6
      vertex 65.3671 -9.63713 1.2
    endloop
  endfacet
  facet normal -0.724334 -0.68945 0
    outer loop
      vertex 65.3671 -9.63713 7.6
      vertex 65.8527 -10.1473 1.2
      vertex 65.8527 -10.1473 7.6
    endloop
  endfacet
  facet normal -0.757182 -0.653204 0
    outer loop
      vertex 65.3671 -9.63713 1.2
      vertex 64.907 -9.10379 7.6
      vertex 64.907 -9.10379 1.2
    endloop
  endfacet
  facet normal -0.757182 -0.653204 0
    outer loop
      vertex 64.907 -9.10379 7.6
      vertex 65.3671 -9.63713 1.2
      vertex 65.3671 -9.63713 7.6
    endloop
  endfacet
  facet normal -0.788303 -0.615287 0
    outer loop
      vertex 64.907 -9.10379 1.2
      vertex 64.4736 -8.54852 7.6
      vertex 64.4736 -8.54852 1.2
    endloop
  endfacet
  facet normal -0.788303 -0.615287 0
    outer loop
      vertex 64.4736 -8.54852 7.6
      vertex 64.907 -9.10379 1.2
      vertex 64.907 -9.10379 7.6
    endloop
  endfacet
  facet normal -0.817629 -0.575745 0
    outer loop
      vertex 64.4736 -8.54852 1.2
      vertex 64.0681 -7.97266 7.6
      vertex 64.0681 -7.97266 1.2
    endloop
  endfacet
  facet normal -0.817629 -0.575745 0
    outer loop
      vertex 64.0681 -7.97266 7.6
      vertex 64.4736 -8.54852 1.2
      vertex 64.4736 -8.54852 7.6
    endloop
  endfacet
  facet normal -0.844809 -0.535068 0
    outer loop
      vertex 64.0681 -7.97266 1.2
      vertex 63.6912 -7.37758 7.6
      vertex 63.6912 -7.37758 1.2
    endloop
  endfacet
  facet normal -0.844809 -0.535068 0
    outer loop
      vertex 63.6912 -7.37758 7.6
      vertex 64.0681 -7.97266 1.2
      vertex 64.0681 -7.97266 7.6
    endloop
  endfacet
  facet normal -0.870292 -0.492536 0
    outer loop
      vertex 63.6912 -7.37758 1.2
      vertex 63.6231 -7.25725 7.6
      vertex 63.6231 -7.25725 1.2
    endloop
  endfacet
  facet normal -0.870292 -0.492536 0
    outer loop
      vertex 63.6231 -7.25725 7.6
      vertex 63.6912 -7.37758 1.2
      vertex 63.6912 -7.37758 7.6
    endloop
  endfacet
  facet normal -0.170886 -0.985291 0
    outer loop
      vertex 63.4567 -7.22839 1.2
      vertex 63.6231 -7.25725 7.6
      vertex 63.4567 -7.22839 7.6
    endloop
  endfacet
  facet normal -0.170886 -0.985291 -0
    outer loop
      vertex 63.6231 -7.25725 7.6
      vertex 63.4567 -7.22839 1.2
      vertex 63.6231 -7.25725 1.2
    endloop
  endfacet
  facet normal -0.219039 -0.975716 0
    outer loop
      vertex 63.1525 -7.1601 1.2
      vertex 63.4567 -7.22839 7.6
      vertex 63.1525 -7.1601 7.6
    endloop
  endfacet
  facet normal -0.219039 -0.975716 -0
    outer loop
      vertex 63.4567 -7.22839 7.6
      vertex 63.1525 -7.1601 1.2
      vertex 63.4567 -7.22839 1.2
    endloop
  endfacet
  facet normal -0.266849 -0.963738 0
    outer loop
      vertex 62.8522 -7.07695 1.2
      vertex 63.1525 -7.1601 7.6
      vertex 62.8522 -7.07695 7.6
    endloop
  endfacet
  facet normal -0.266849 -0.963738 -0
    outer loop
      vertex 63.1525 -7.1601 7.6
      vertex 62.8522 -7.07695 1.2
      vertex 63.1525 -7.1601 1.2
    endloop
  endfacet
  facet normal -0.313609 -0.949552 0
    outer loop
      vertex 62.5562 -6.97919 1.2
      vertex 62.8522 -7.07695 7.6
      vertex 62.5562 -6.97919 7.6
    endloop
  endfacet
  facet normal -0.313609 -0.949552 -0
    outer loop
      vertex 62.8522 -7.07695 7.6
      vertex 62.5562 -6.97919 1.2
      vertex 62.8522 -7.07695 1.2
    endloop
  endfacet
  facet normal -0.35994 -0.932975 0
    outer loop
      vertex 62.2654 -6.867 1.2
      vertex 62.5562 -6.97919 7.6
      vertex 62.2654 -6.867 7.6
    endloop
  endfacet
  facet normal -0.35994 -0.932975 -0
    outer loop
      vertex 62.5562 -6.97919 7.6
      vertex 62.2654 -6.867 1.2
      vertex 62.5562 -6.97919 1.2
    endloop
  endfacet
  facet normal -0.405183 -0.914236 0
    outer loop
      vertex 61.9804 -6.74069 1.2
      vertex 62.2654 -6.867 7.6
      vertex 61.9804 -6.74069 7.6
    endloop
  endfacet
  facet normal -0.405183 -0.914236 -0
    outer loop
      vertex 62.2654 -6.867 7.6
      vertex 61.9804 -6.74069 1.2
      vertex 62.2654 -6.867 1.2
    endloop
  endfacet
  facet normal -0.449702 -0.893178 0
    outer loop
      vertex 61.7021 -6.60057 1.2
      vertex 61.9804 -6.74069 7.6
      vertex 61.7021 -6.60057 7.6
    endloop
  endfacet
  facet normal -0.449702 -0.893178 -0
    outer loop
      vertex 61.9804 -6.74069 7.6
      vertex 61.7021 -6.60057 1.2
      vertex 61.9804 -6.74069 1.2
    endloop
  endfacet
  facet normal -0.492778 -0.870155 0
    outer loop
      vertex 61.4308 -6.44693 1.2
      vertex 61.7021 -6.60057 7.6
      vertex 61.4308 -6.44693 7.6
    endloop
  endfacet
  facet normal -0.492778 -0.870155 -0
    outer loop
      vertex 61.7021 -6.60057 7.6
      vertex 61.4308 -6.44693 1.2
      vertex 61.7021 -6.60057 1.2
    endloop
  endfacet
  facet normal -0.53506 -0.844814 0
    outer loop
      vertex 61.1675 -6.28017 1.2
      vertex 61.4308 -6.44693 7.6
      vertex 61.1675 -6.28017 7.6
    endloop
  endfacet
  facet normal -0.53506 -0.844814 -0
    outer loop
      vertex 61.4308 -6.44693 7.6
      vertex 61.1675 -6.28017 1.2
      vertex 61.4308 -6.44693 1.2
    endloop
  endfacet
  facet normal -0.575872 -0.81754 0
    outer loop
      vertex 60.9127 -6.10069 1.2
      vertex 61.1675 -6.28017 7.6
      vertex 60.9127 -6.10069 7.6
    endloop
  endfacet
  facet normal -0.575872 -0.81754 -0
    outer loop
      vertex 61.1675 -6.28017 7.6
      vertex 60.9127 -6.10069 1.2
      vertex 61.1675 -6.28017 1.2
    endloop
  endfacet
  facet normal -0.615124 -0.788431 0
    outer loop
      vertex 60.6669 -5.90892 1.2
      vertex 60.9127 -6.10069 7.6
      vertex 60.6669 -5.90892 7.6
    endloop
  endfacet
  facet normal -0.615124 -0.788431 -0
    outer loop
      vertex 60.9127 -6.10069 7.6
      vertex 60.6669 -5.90892 1.2
      vertex 60.9127 -6.10069 1.2
    endloop
  endfacet
  facet normal -0.653164 -0.757217 0
    outer loop
      vertex 60.4309 -5.70535 1.2
      vertex 60.6669 -5.90892 7.6
      vertex 60.4309 -5.70535 7.6
    endloop
  endfacet
  facet normal -0.653164 -0.757217 -0
    outer loop
      vertex 60.6669 -5.90892 7.6
      vertex 60.4309 -5.70535 1.2
      vertex 60.6669 -5.90892 1.2
    endloop
  endfacet
  facet normal -0.689618 -0.724174 0
    outer loop
      vertex 60.2052 -5.49042 1.2
      vertex 60.4309 -5.70535 7.6
      vertex 60.2052 -5.49042 7.6
    endloop
  endfacet
  facet normal -0.689618 -0.724174 -0
    outer loop
      vertex 60.4309 -5.70535 7.6
      vertex 60.2052 -5.49042 1.2
      vertex 60.4309 -5.70535 1.2
    endloop
  endfacet
  facet normal -0.724168 -0.689623 0
    outer loop
      vertex 60.2052 -5.49042 1.2
      vertex 59.9902 -5.26465 7.6
      vertex 59.9902 -5.26465 1.2
    endloop
  endfacet
  facet normal -0.724168 -0.689623 0
    outer loop
      vertex 59.9902 -5.26465 7.6
      vertex 60.2052 -5.49042 1.2
      vertex 60.2052 -5.49042 7.6
    endloop
  endfacet
  facet normal -0.7573 -0.653067 0
    outer loop
      vertex 59.9902 -5.26465 1.2
      vertex 59.7867 -5.02867 7.6
      vertex 59.7867 -5.02867 1.2
    endloop
  endfacet
  facet normal -0.7573 -0.653067 0
    outer loop
      vertex 59.7867 -5.02867 7.6
      vertex 59.9902 -5.26465 1.2
      vertex 59.9902 -5.26465 7.6
    endloop
  endfacet
  facet normal -0.788311 -0.615277 0
    outer loop
      vertex 59.7867 -5.02867 1.2
      vertex 59.5949 -4.78293 7.6
      vertex 59.5949 -4.78293 1.2
    endloop
  endfacet
  facet normal -0.788311 -0.615277 0
    outer loop
      vertex 59.5949 -4.78293 7.6
      vertex 59.7867 -5.02867 1.2
      vertex 59.7867 -5.02867 7.6
    endloop
  endfacet
  facet normal -0.817531 -0.575884 0
    outer loop
      vertex 59.5949 -4.78293 1.2
      vertex 59.4154 -4.52811 7.6
      vertex 59.4154 -4.52811 1.2
    endloop
  endfacet
  facet normal -0.817531 -0.575884 0
    outer loop
      vertex 59.4154 -4.52811 7.6
      vertex 59.5949 -4.78293 1.2
      vertex 59.5949 -4.78293 7.6
    endloop
  endfacet
  facet normal -0.844947 -0.53485 0
    outer loop
      vertex 59.4154 -4.52811 1.2
      vertex 59.2487 -4.26476 7.6
      vertex 59.2487 -4.26476 1.2
    endloop
  endfacet
  facet normal -0.844947 -0.53485 0
    outer loop
      vertex 59.2487 -4.26476 7.6
      vertex 59.4154 -4.52811 1.2
      vertex 59.4154 -4.52811 7.6
    endloop
  endfacet
  facet normal -0.870018 -0.49302 0
    outer loop
      vertex 59.2487 -4.26476 1.2
      vertex 59.095 -3.99353 7.6
      vertex 59.095 -3.99353 1.2
    endloop
  endfacet
  facet normal -0.870018 -0.49302 0
    outer loop
      vertex 59.095 -3.99353 7.6
      vertex 59.2487 -4.26476 1.2
      vertex 59.2487 -4.26476 7.6
    endloop
  endfacet
  facet normal -0.89325 -0.449561 0
    outer loop
      vertex 59.095 -3.99353 1.2
      vertex 58.9549 -3.71516 7.6
      vertex 58.9549 -3.71516 1.2
    endloop
  endfacet
  facet normal -0.89325 -0.449561 0
    outer loop
      vertex 58.9549 -3.71516 7.6
      vertex 59.095 -3.99353 1.2
      vertex 59.095 -3.99353 7.6
    endloop
  endfacet
  facet normal -0.914221 -0.405215 0
    outer loop
      vertex 58.9549 -3.71516 1.2
      vertex 58.8286 -3.43021 7.6
      vertex 58.8286 -3.43021 1.2
    endloop
  endfacet
  facet normal -0.914221 -0.405215 0
    outer loop
      vertex 58.8286 -3.43021 7.6
      vertex 58.9549 -3.71516 1.2
      vertex 58.9549 -3.71516 7.6
    endloop
  endfacet
  facet normal -0.932986 -0.359914 0
    outer loop
      vertex 58.8286 -3.43021 1.2
      vertex 58.7164 -3.13936 7.6
      vertex 58.7164 -3.13936 1.2
    endloop
  endfacet
  facet normal -0.932986 -0.359914 0
    outer loop
      vertex 58.7164 -3.13936 7.6
      vertex 58.8286 -3.43021 1.2
      vertex 58.8286 -3.43021 7.6
    endloop
  endfacet
  facet normal -0.949606 -0.313446 0
    outer loop
      vertex 58.7164 -3.13936 1.2
      vertex 58.6704 -3 7.6
      vertex 58.6704 -3 1.2
    endloop
  endfacet
  facet normal -0.949606 -0.313446 0
    outer loop
      vertex 58.6704 -3 7.6
      vertex 58.7164 -3.13936 1.2
      vertex 58.7164 -3.13936 7.6
    endloop
  endfacet
  facet normal 0.475018 0.879976 -0
    outer loop
      vertex 19.5198 -84.2791 1.2
      vertex 18 -83.4587 7.6
      vertex 19.5198 -84.2791 7.6
    endloop
  endfacet
  facet normal 0.475018 0.879976 0
    outer loop
      vertex 18 -83.4587 7.6
      vertex 19.5198 -84.2791 1.2
      vertex 18 -83.4587 1.2
    endloop
  endfacet
  facet normal 0.447566 0.894251 -0
    outer loop
      vertex 19.6213 -84.3299 1.2
      vertex 19.5198 -84.2791 7.6
      vertex 19.6213 -84.3299 7.6
    endloop
  endfacet
  facet normal 0.447566 0.894251 0
    outer loop
      vertex 19.5198 -84.2791 7.6
      vertex 19.6213 -84.3299 1.2
      vertex 19.5198 -84.2791 1.2
    endloop
  endfacet
  facet normal 0.419553 0.907731 -0
    outer loop
      vertex 21.3065 -85.1088 1.2
      vertex 19.6213 -84.3299 7.6
      vertex 21.3065 -85.1088 7.6
    endloop
  endfacet
  facet normal 0.419553 0.907731 0
    outer loop
      vertex 19.6213 -84.3299 7.6
      vertex 21.3065 -85.1088 1.2
      vertex 19.6213 -84.3299 1.2
    endloop
  endfacet
  facet normal 0.392689 0.919671 -0
    outer loop
      vertex 21.4058 -85.1512 1.2
      vertex 21.3065 -85.1088 7.6
      vertex 21.4058 -85.1512 7.6
    endloop
  endfacet
  facet normal 0.392689 0.919671 0
    outer loop
      vertex 21.3065 -85.1088 7.6
      vertex 21.4058 -85.1512 1.2
      vertex 21.3065 -85.1088 1.2
    endloop
  endfacet
  facet normal 0.365026 0.930997 -0
    outer loop
      vertex 23.1914 -85.8513 1.2
      vertex 21.4058 -85.1512 7.6
      vertex 23.1914 -85.8513 7.6
    endloop
  endfacet
  facet normal 0.365026 0.930997 0
    outer loop
      vertex 21.4058 -85.1512 7.6
      vertex 23.1914 -85.8513 1.2
      vertex 21.4058 -85.1512 1.2
    endloop
  endfacet
  facet normal 0.339066 0.940762 -0
    outer loop
      vertex 23.2874 -85.8859 1.2
      vertex 23.1914 -85.8513 7.6
      vertex 23.2874 -85.8859 7.6
    endloop
  endfacet
  facet normal 0.339066 0.940762 0
    outer loop
      vertex 23.1914 -85.8513 7.6
      vertex 23.2874 -85.8859 1.2
      vertex 23.1914 -85.8513 1.2
    endloop
  endfacet
  facet normal 0.312285 0.949988 -0
    outer loop
      vertex 25.1753 -86.5065 1.2
      vertex 23.2874 -85.8859 7.6
      vertex 25.1753 -86.5065 7.6
    endloop
  endfacet
  facet normal 0.312285 0.949988 0
    outer loop
      vertex 23.2874 -85.8859 7.6
      vertex 25.1753 -86.5065 1.2
      vertex 23.2874 -85.8859 1.2
    endloop
  endfacet
  facet normal 0.286873 0.957969 -0
    outer loop
      vertex 25.2678 -86.5342 1.2
      vertex 25.1753 -86.5065 7.6
      vertex 25.2678 -86.5342 7.6
    endloop
  endfacet
  facet normal 0.286873 0.957969 0
    outer loop
      vertex 25.1753 -86.5065 7.6
      vertex 25.2678 -86.5342 1.2
      vertex 25.1753 -86.5065 1.2
    endloop
  endfacet
  facet normal 0.261676 0.965156 -0
    outer loop
      vertex 27.2621 -87.0749 1.2
      vertex 25.2678 -86.5342 7.6
      vertex 27.2621 -87.0749 7.6
    endloop
  endfacet
  facet normal 0.261676 0.965156 0
    outer loop
      vertex 25.2678 -86.5342 7.6
      vertex 27.2621 -87.0749 1.2
      vertex 25.2678 -86.5342 1.2
    endloop
  endfacet
  facet normal 0.2375 0.971387 -0
    outer loop
      vertex 27.3484 -87.096 1.2
      vertex 27.2621 -87.0749 7.6
      vertex 27.3484 -87.096 7.6
    endloop
  endfacet
  facet normal 0.2375 0.971387 0
    outer loop
      vertex 27.2621 -87.0749 7.6
      vertex 27.3484 -87.096 1.2
      vertex 27.2621 -87.0749 1.2
    endloop
  endfacet
  facet normal 0.213572 0.976927 -0
    outer loop
      vertex 29.4498 -87.5554 1.2
      vertex 27.3484 -87.096 7.6
      vertex 29.4498 -87.5554 7.6
    endloop
  endfacet
  facet normal 0.213572 0.976927 0
    outer loop
      vertex 27.3484 -87.096 7.6
      vertex 29.4498 -87.5554 1.2
      vertex 27.3484 -87.096 1.2
    endloop
  endfacet
  facet normal 0.191092 0.981572 -0
    outer loop
      vertex 29.5325 -87.5715 1.2
      vertex 29.4498 -87.5554 7.6
      vertex 29.5325 -87.5715 7.6
    endloop
  endfacet
  facet normal 0.191092 0.981572 0
    outer loop
      vertex 29.4498 -87.5554 7.6
      vertex 29.5325 -87.5715 1.2
      vertex 29.4498 -87.5554 1.2
    endloop
  endfacet
  facet normal 0.168333 0.98573 -0
    outer loop
      vertex 31.7419 -87.9488 1.2
      vertex 29.5325 -87.5715 7.6
      vertex 31.7419 -87.9488 7.6
    endloop
  endfacet
  facet normal 0.168333 0.98573 0
    outer loop
      vertex 29.5325 -87.5715 7.6
      vertex 31.7419 -87.9488 1.2
      vertex 29.5325 -87.5715 1.2
    endloop
  endfacet
  facet normal 0.14747 0.989067 -0
    outer loop
      vertex 31.8197 -87.9604 1.2
      vertex 31.7419 -87.9488 7.6
      vertex 31.8197 -87.9604 7.6
    endloop
  endfacet
  facet normal 0.14747 0.989067 0
    outer loop
      vertex 31.7419 -87.9488 7.6
      vertex 31.8197 -87.9604 1.2
      vertex 31.7419 -87.9488 1.2
    endloop
  endfacet
  facet normal 0.125914 0.992041 -0
    outer loop
      vertex 34.1392 -88.2548 1.2
      vertex 31.8197 -87.9604 7.6
      vertex 34.1392 -88.2548 7.6
    endloop
  endfacet
  facet normal 0.125914 0.992041 0
    outer loop
      vertex 31.8197 -87.9604 7.6
      vertex 34.1392 -88.2548 1.2
      vertex 31.8197 -87.9604 1.2
    endloop
  endfacet
  facet normal 0.106389 0.994325 -0
    outer loop
      vertex 34.2121 -88.2626 1.2
      vertex 34.1392 -88.2548 7.6
      vertex 34.2121 -88.2626 7.6
    endloop
  endfacet
  facet normal 0.106389 0.994325 0
    outer loop
      vertex 34.1392 -88.2548 7.6
      vertex 34.2121 -88.2626 1.2
      vertex 34.1392 -88.2548 1.2
    endloop
  endfacet
  facet normal 0.0864474 0.996256 -0
    outer loop
      vertex 36.6426 -88.4735 1.2
      vertex 34.2121 -88.2626 7.6
      vertex 36.6426 -88.4735 7.6
    endloop
  endfacet
  facet normal 0.0864474 0.996256 0
    outer loop
      vertex 34.2121 -88.2626 7.6
      vertex 36.6426 -88.4735 1.2
      vertex 34.2121 -88.2626 1.2
    endloop
  endfacet
  facet normal 0.0681916 0.997672 -0
    outer loop
      vertex 36.7099 -88.4781 1.2
      vertex 36.6426 -88.4735 7.6
      vertex 36.7099 -88.4781 7.6
    endloop
  endfacet
  facet normal 0.0681916 0.997672 0
    outer loop
      vertex 36.6426 -88.4735 7.6
      vertex 36.7099 -88.4781 1.2
      vertex 36.6426 -88.4735 1.2
    endloop
  endfacet
  facet normal 0.0497927 0.99876 -0
    outer loop
      vertex 39.2533 -88.6049 1.2
      vertex 36.7099 -88.4781 7.6
      vertex 39.2533 -88.6049 7.6
    endloop
  endfacet
  facet normal 0.0497927 0.99876 0
    outer loop
      vertex 36.7099 -88.4781 7.6
      vertex 39.2533 -88.6049 1.2
      vertex 36.7099 -88.4781 1.2
    endloop
  endfacet
  facet normal 0.0333148 0.999445 -0
    outer loop
      vertex 39.3163 -88.607 1.2
      vertex 39.2533 -88.6049 7.6
      vertex 39.3163 -88.607 7.6
    endloop
  endfacet
  facet normal 0.0333148 0.999445 0
    outer loop
      vertex 39.2533 -88.6049 7.6
      vertex 39.3163 -88.607 1.2
      vertex 39.2533 -88.6049 1.2
    endloop
  endfacet
  facet normal 0.0159471 0.999873 -0
    outer loop
      vertex 41.9434 -88.6489 1.2
      vertex 39.3163 -88.607 7.6
      vertex 41.9434 -88.6489 7.6
    endloop
  endfacet
  facet normal 0.0159471 0.999873 0
    outer loop
      vertex 39.3163 -88.607 7.6
      vertex 41.9434 -88.6489 1.2
      vertex 39.3163 -88.607 1.2
    endloop
  endfacet
  facet normal -0.00737081 0.999973 0
    outer loop
      vertex 41.9841 -88.6486 1.2
      vertex 41.9434 -88.6489 7.6
      vertex 41.9841 -88.6486 7.6
    endloop
  endfacet
  facet normal -0.00737081 0.999973 0
    outer loop
      vertex 41.9434 -88.6489 7.6
      vertex 41.9841 -88.6486 1.2
      vertex 41.9434 -88.6489 1.2
    endloop
  endfacet
  facet normal -0 0 1
    outer loop
      vertex 88.3244 -7.35001 8.8
      vertex 90.7037 -7.8087 8.8
      vertex 90.9346 -7.35001 8.8
    endloop
  endfacet
  facet normal 0 0 1
    outer loop
      vertex 90.7037 -7.8087 8.8
      vertex 88.3244 -7.35001 8.8
      vertex 90.6618 -7.88698 8.8
    endloop
  endfacet
  facet normal 0 0 1
    outer loop
      vertex 90.6618 -7.88698 8.8
      vertex 88.3244 -7.35001 8.8
      vertex 90.3026 -8.52119 8.8
    endloop
  endfacet
  facet normal -0 0 1
    outer loop
      vertex 88.3088 -7.37758 8.8
      vertex 90.3026 -8.52119 8.8
      vertex 88.3244 -7.35001 8.8
    endloop
  endfacet
  facet normal 0 0 1
    outer loop
      vertex 90.3026 -8.52119 8.8
      vertex 88.3088 -7.37758 8.8
      vertex 90.2572 -8.59695 8.8
    endloop
  endfacet
  facet normal 0 0 1
    outer loop
      vertex 90.2572 -8.59695 8.8
      vertex 88.3088 -7.37758 8.8
      vertex 89.8676 -9.2122 8.8
    endloop
  endfacet
  facet normal 0 0 1
    outer loop
      vertex 89.8676 -9.2122 8.8
      vertex 87.9319 -7.97266 8.8
      vertex 89.8178 -9.28671 8.8
    endloop
  endfacet
  facet normal 0 0 1
    outer loop
      vertex 89.8178 -9.28671 8.8
      vertex 87.9319 -7.97266 8.8
      vertex 89.3989 -9.88153 8.8
    endloop
  endfacet
  facet normal 0 0 1
    outer loop
      vertex 89.3989 -9.88153 8.8
      vertex 87.5264 -8.54852 8.8
      vertex 89.3457 -9.95319 8.8
    endloop
  endfacet
  facet normal 0 0 1
    outer loop
      vertex 89.3457 -9.95319 8.8
      vertex 87.5264 -8.54852 8.8
      vertex 88.8978 -10.5271 8.8
    endloop
  endfacet
  facet normal -0 0 1
    outer loop
      vertex 87.9319 -7.97266 8.8
      vertex 89.8676 -9.2122 8.8
      vertex 88.3088 -7.37758 8.8
    endloop
  endfacet
  facet normal -0 0 1
    outer loop
      vertex 87.5264 -8.54852 8.8
      vertex 89.3989 -9.88153 8.8
      vertex 87.9319 -7.97266 8.8
    endloop
  endfacet
  facet normal -0 0 1
    outer loop
      vertex 87.093 -9.10379 8.8
      vertex 88.8978 -10.5271 8.8
      vertex 87.5264 -8.54852 8.8
    endloop
  endfacet
  facet normal 0 0 1
    outer loop
      vertex 88.8978 -10.5271 8.8
      vertex 87.093 -9.10379 8.8
      vertex 88.8411 -10.5962 8.8
    endloop
  endfacet
  facet normal 0 0 1
    outer loop
      vertex 88.8411 -10.5962 8.8
      vertex 87.093 -9.10379 8.8
      vertex 88.3656 -11.1475 8.8
    endloop
  endfacet
  facet normal -0 0 1
    outer loop
      vertex 86.6329 -9.63713 8.8
      vertex 88.3656 -11.1475 8.8
      vertex 87.093 -9.10379 8.8
    endloop
  endfacet
  facet normal 0 0 1
    outer loop
      vertex 88.3656 -11.1475 8.8
      vertex 86.6329 -9.63713 8.8
      vertex 88.3058 -11.2135 8.8
    endloop
  endfacet
  facet normal 0 0 1
    outer loop
      vertex 88.3058 -11.2135 8.8
      vertex 86.6329 -9.63713 8.8
      vertex 87.8038 -11.7407 8.8
    endloop
  endfacet
  facet normal -0 0 1
    outer loop
      vertex 86.1473 -10.1473 8.8
      vertex 87.8038 -11.7407 8.8
      vertex 86.6329 -9.63713 8.8
    endloop
  endfacet
  facet normal 0 0 1
    outer loop
      vertex 87.8038 -11.7407 8.8
      vertex 86.1473 -10.1473 8.8
      vertex 87.7407 -11.8038 8.8
    endloop
  endfacet
  facet normal 0 0 1
    outer loop
      vertex 87.7407 -11.8038 8.8
      vertex 86.1473 -10.1473 8.8
      vertex 87.2135 -12.3058 8.8
    endloop
  endfacet
  facet normal -0 0 1
    outer loop
      vertex 85.6371 -10.6329 8.8
      vertex 87.2135 -12.3058 8.8
      vertex 86.1473 -10.1473 8.8
    endloop
  endfacet
  facet normal 0 0 1
    outer loop
      vertex 87.2135 -12.3058 8.8
      vertex 85.6371 -10.6329 8.8
      vertex 87.1469 -12.3661 8.8
    endloop
  endfacet
  facet normal -0 0 1
    outer loop
      vertex 85.1038 -11.093 8.8
      vertex 87.1469 -12.3661 8.8
      vertex 85.6371 -10.6329 8.8
    endloop
  endfacet
  facet normal 0 0 1
    outer loop
      vertex 87.1469 -12.3661 8.8
      vertex 85.1038 -11.093 8.8
      vertex 86.5698 -12.8639 8.8
    endloop
  endfacet
  facet normal 0 0 1
    outer loop
      vertex 86.5698 -12.8639 8.8
      vertex 85.1038 -11.093 8.8
      vertex 86.3513 -13.062 8.8
    endloop
  endfacet
  facet normal -0 0 1
    outer loop
      vertex 84.5485 -11.5264 8.8
      vertex 86.3513 -13.062 8.8
      vertex 85.1038 -11.093 8.8
    endloop
  endfacet
  facet normal 0 0 1
    outer loop
      vertex 86.3513 -13.062 8.8
      vertex 84.5485 -11.5264 8.8
      vertex 86.1309 -13.2824 8.8
    endloop
  endfacet
  facet normal 0 0 1
    outer loop
      vertex 86.1309 -13.2824 8.8
      vertex 84.5485 -11.5264 8.8
      vertex 85.9215 -13.5133 8.8
    endloop
  endfacet
  facet normal -0 0 1
    outer loop
      vertex 83.9727 -11.9319 8.8
      vertex 85.9215 -13.5133 8.8
      vertex 84.5485 -11.5264 8.8
    endloop
  endfacet
  facet normal 0 0 1
    outer loop
      vertex 85.9215 -13.5133 8.8
      vertex 83.9727 -11.9319 8.8
      vertex 85.7238 -13.7543 8.8
    endloop
  endfacet
  facet normal 0 0 1
    outer loop
      vertex 85.7238 -13.7543 8.8
      vertex 83.9727 -11.9319 8.8
      vertex 85.5381 -14.0046 8.8
    endloop
  endfacet
  facet normal -0 0 1
    outer loop
      vertex 83.3776 -12.3088 8.8
      vertex 85.5381 -14.0046 8.8
      vertex 83.9727 -11.9319 8.8
    endloop
  endfacet
  facet normal 0 0 1
    outer loop
      vertex 85.5381 -14.0046 8.8
      vertex 83.3776 -12.3088 8.8
      vertex 85.3649 -14.2638 8.8
    endloop
  endfacet
  facet normal 0 0 1
    outer loop
      vertex 85.3649 -14.2638 8.8
      vertex 83.3776 -12.3088 8.8
      vertex 85.2047 -14.5311 8.8
    endloop
  endfacet
  facet normal -0 0 1
    outer loop
      vertex 82.7647 -12.6559 8.8
      vertex 85.2047 -14.5311 8.8
      vertex 83.3776 -12.3088 8.8
    endloop
  endfacet
  facet normal 0 0 1
    outer loop
      vertex 85.2047 -14.5311 8.8
      vertex 82.7647 -12.6559 8.8
      vertex 85.0577 -14.806 8.8
    endloop
  endfacet
  facet normal 0 0 1
    outer loop
      vertex 85.0577 -14.806 8.8
      vertex 82.7647 -12.6559 8.8
      vertex 84.9245 -15.0878 8.8
    endloop
  endfacet
  facet normal -0 0 1
    outer loop
      vertex 82.1356 -12.9726 8.8
      vertex 84.9245 -15.0878 8.8
      vertex 82.7647 -12.6559 8.8
    endloop
  endfacet
  facet normal 0 0 1
    outer loop
      vertex 84.9245 -15.0878 8.8
      vertex 82.1356 -12.9726 8.8
      vertex 84.8052 -15.3757 8.8
    endloop
  endfacet
  facet normal 0 0 1
    outer loop
      vertex 84.8052 -15.3757 8.8
      vertex 82.1356 -12.9726 8.8
      vertex 84.7001 -15.6692 8.8
    endloop
  endfacet
  facet normal -0 0 1
    outer loop
      vertex 81.4917 -13.258 8.8
      vertex 84.7001 -15.6692 8.8
      vertex 82.1356 -12.9726 8.8
    endloop
  endfacet
  facet normal 0 0 1
    outer loop
      vertex 84.7001 -15.6692 8.8
      vertex 81.4917 -13.258 8.8
      vertex 84.6097 -15.9675 8.8
    endloop
  endfacet
  facet normal -0 0 1
    outer loop
      vertex 80.8345 -13.5115 8.8
      vertex 84.5339 -16.2698 8.8
      vertex 81.4917 -13.258 8.8
    endloop
  endfacet
  facet normal 0 0 1
    outer loop
      vertex 84.6097 -15.9675 8.8
      vertex 81.4917 -13.258 8.8
      vertex 84.5339 -16.2698 8.8
    endloop
  endfacet
  facet normal 0 0 1
    outer loop
      vertex 108 -31.35 8.8
      vertex 107.006 -79.5897 8.8
      vertex 108 -79.3755 8.8
    endloop
  endfacet
  facet normal 0 0 1
    outer loop
      vertex 108 -31.35 8.8
      vertex 106.988 -79.5936 8.8
      vertex 107.006 -79.5897 8.8
    endloop
  endfacet
  facet normal -0 0 1
    outer loop
      vertex 93.7278 -31.35 8.8
      vertex 106.988 -79.5936 8.8
      vertex 108 -31.35 8.8
    endloop
  endfacet
  facet normal 0 0 1
    outer loop
      vertex 106.988 -79.5936 8.8
      vertex 93.7278 -31.35 8.8
      vertex 100.977 -80.8263 8.8
    endloop
  endfacet
  facet normal 0 0 1
    outer loop
      vertex 100.977 -80.8263 8.8
      vertex 93.7278 -31.35 8.8
      vertex 100.956 -80.8304 8.8
    endloop
  endfacet
  facet normal 0 0 1
    outer loop
      vertex 100.956 -80.8304 8.8
      vertex 93.7278 -31.35 8.8
      vertex 94.9569 -81.9946 8.8
    endloop
  endfacet
  facet normal 0 0 1
    outer loop
      vertex 93.4328 -31.3428 8.8
      vertex 94.9569 -81.9946 8.8
      vertex 93.7278 -31.35 8.8
    endloop
  endfacet
  facet normal 0 0 1
    outer loop
      vertex 93.122 -31.3198 8.8
      vertex 94.9569 -81.9946 8.8
      vertex 93.4328 -31.3428 8.8
    endloop
  endfacet
  facet normal 0 0 1
    outer loop
      vertex 94.9569 -81.9946 8.8
      vertex 93.122 -31.3198 8.8
      vertex 94.9371 -81.9984 8.8
    endloop
  endfacet
  facet normal 0 0 1
    outer loop
      vertex 92.8126 -31.2817 8.8
      vertex 94.9371 -81.9984 8.8
      vertex 93.122 -31.3198 8.8
    endloop
  endfacet
  facet normal 0 0 1
    outer loop
      vertex 92.5056 -31.2284 8.8
      vertex 94.9371 -81.9984 8.8
      vertex 92.8126 -31.2817 8.8
    endloop
  endfacet
  facet normal 0 0 1
    outer loop
      vertex 88.951 -83.0899 8.8
      vertex 92.5056 -31.2284 8.8
      vertex 92.2014 -31.1601 8.8
    endloop
  endfacet
  facet normal 0 0 1
    outer loop
      vertex 88.951 -83.0899 8.8
      vertex 92.2014 -31.1601 8.8
      vertex 91.901 -31.077 8.8
    endloop
  endfacet
  facet normal 0 0 1
    outer loop
      vertex 88.9262 -83.0943 8.8
      vertex 91.901 -31.077 8.8
      vertex 91.6051 -30.9792 8.8
    endloop
  endfacet
  facet normal 0 0 1
    outer loop
      vertex 88.9262 -83.0943 8.8
      vertex 91.6051 -30.9792 8.8
      vertex 91.3142 -30.867 8.8
    endloop
  endfacet
  facet normal 0 0 1
    outer loop
      vertex 82.9568 -84.1085 8.8
      vertex 91.3142 -30.867 8.8
      vertex 91.0293 -30.7407 8.8
    endloop
  endfacet
  facet normal 0 0 1
    outer loop
      vertex 82.9568 -84.1085 8.8
      vertex 91.0293 -30.7407 8.8
      vertex 90.7509 -30.6006 8.8
    endloop
  endfacet
  facet normal 0 0 1
    outer loop
      vertex 82.935 -84.1121 8.8
      vertex 90.7509 -30.6006 8.8
      vertex 90.4797 -30.4469 8.8
    endloop
  endfacet
  facet normal 0 0 1
    outer loop
      vertex 76.9879 -85.0441 8.8
      vertex 90.4797 -30.4469 8.8
      vertex 90.2163 -30.2802 8.8
    endloop
  endfacet
  facet normal 0 0 1
    outer loop
      vertex 76.9879 -85.0441 8.8
      vertex 90.2163 -30.2802 8.8
      vertex 89.9615 -30.1007 8.8
    endloop
  endfacet
  facet normal 0 0 1
    outer loop
      vertex 76.9642 -85.0476 8.8
      vertex 89.9615 -30.1007 8.8
      vertex 89.7158 -29.9089 8.8
    endloop
  endfacet
  facet normal 0 0 1
    outer loop
      vertex 71.0484 -85.8921 8.8
      vertex 89.7158 -29.9089 8.8
      vertex 89.4798 -29.7054 8.8
    endloop
  endfacet
  facet normal 0 0 1
    outer loop
      vertex 71.0484 -85.8921 8.8
      vertex 89.4798 -29.7054 8.8
      vertex 89.254 -29.4904 8.8
    endloop
  endfacet
  facet normal 0 0 1
    outer loop
      vertex 71.0213 -85.8957 8.8
      vertex 89.254 -29.4904 8.8
      vertex 89.0391 -29.2646 8.8
    endloop
  endfacet
  facet normal 0 0 1
    outer loop
      vertex 92.5056 -31.2284 8.8
      vertex 88.951 -83.0899 8.8
      vertex 94.9371 -81.9984 8.8
    endloop
  endfacet
  facet normal 0 0 1
    outer loop
      vertex 91.901 -31.077 8.8
      vertex 88.9262 -83.0943 8.8
      vertex 88.951 -83.0899 8.8
    endloop
  endfacet
  facet normal 0 0 1
    outer loop
      vertex 65.1395 -86.6481 8.8
      vertex 89.0391 -29.2646 8.8
      vertex 88.8355 -29.0287 8.8
    endloop
  endfacet
  facet normal 0 0 1
    outer loop
      vertex 65.1113 -86.6515 8.8
      vertex 88.8355 -29.0287 8.8
      vertex 88.6437 -28.7829 8.8
    endloop
  endfacet
  facet normal 0 0 1
    outer loop
      vertex 65.1113 -86.6515 8.8
      vertex 88.6437 -28.7829 8.8
      vertex 88.4643 -28.5281 8.8
    endloop
  endfacet
  facet normal 0 0 1
    outer loop
      vertex 59.272 -87.3066 8.8
      vertex 88.4643 -28.5281 8.8
      vertex 88.2975 -28.2648 8.8
    endloop
  endfacet
  facet normal 0 0 1
    outer loop
      vertex 71.1655 -13.5115 8.8
      vertex 88.2975 -28.2648 8.8
      vertex 88.1439 -27.9935 8.8
    endloop
  endfacet
  facet normal 0 0 1
    outer loop
      vertex 71.1655 -13.5115 8.8
      vertex 88.1439 -27.9935 8.8
      vertex 88.0037 -27.7152 8.8
    endloop
  endfacet
  facet normal 0 0 1
    outer loop
      vertex 71.8343 -13.7325 8.8
      vertex 88.0037 -27.7152 8.8
      vertex 87.8774 -27.4302 8.8
    endloop
  endfacet
  facet normal 0 0 1
    outer loop
      vertex 72.5131 -13.9203 8.8
      vertex 87.8774 -27.4302 8.8
      vertex 87.7652 -27.1394 8.8
    endloop
  endfacet
  facet normal 0 0 1
    outer loop
      vertex 73.2004 -14.0747 8.8
      vertex 87.7652 -27.1394 8.8
      vertex 87.6675 -26.8434 8.8
    endloop
  endfacet
  facet normal 0 0 1
    outer loop
      vertex 73.8943 -14.1951 8.8
      vertex 87.6675 -26.8434 8.8
      vertex 87.5843 -26.543 8.8
    endloop
  endfacet
  facet normal 0 0 1
    outer loop
      vertex 73.8943 -14.1951 8.8
      vertex 87.5843 -26.543 8.8
      vertex 87.5179 -26.247 8.8
    endloop
  endfacet
  facet normal 0 0 1
    outer loop
      vertex 85.3647 -21.0587 8.8
      vertex 87.5179 -26.247 8.8
      vertex 87.4893 -26.0938 8.8
    endloop
  endfacet
  facet normal 0 0 1
    outer loop
      vertex 85.5287 -21.3041 8.8
      vertex 87.4893 -26.0938 8.8
      vertex 87.4333 -25.771 8.8
    endloop
  endfacet
  facet normal 0 0 1
    outer loop
      vertex 85.5287 -21.3041 8.8
      vertex 87.4333 -25.771 8.8
      vertex 87.416 -25.6841 8.8
    endloop
  endfacet
  facet normal 0 0 1
    outer loop
      vertex 85.5287 -21.3041 8.8
      vertex 87.416 -25.6841 8.8
      vertex 87.3102 -25.2128 8.8
    endloop
  endfacet
  facet normal 0 0 1
    outer loop
      vertex 85.5287 -21.3041 8.8
      vertex 87.3102 -25.2128 8.8
      vertex 87.2886 -25.1265 8.8
    endloop
  endfacet
  facet normal 0 0 1
    outer loop
      vertex 85.5287 -21.3041 8.8
      vertex 87.2886 -25.1265 8.8
      vertex 87.1599 -24.6614 8.8
    endloop
  endfacet
  facet normal 0 0 1
    outer loop
      vertex 85.5287 -21.3041 8.8
      vertex 87.1599 -24.6614 8.8
      vertex 87.134 -24.576 8.8
    endloop
  endfacet
  facet normal 0 0 1
    outer loop
      vertex 85.5287 -21.3041 8.8
      vertex 87.134 -24.576 8.8
      vertex 86.9825 -24.1175 8.8
    endloop
  endfacet
  facet normal 0 0 1
    outer loop
      vertex 85.5287 -21.3041 8.8
      vertex 86.9825 -24.1175 8.8
      vertex 86.9525 -24.0337 8.8
    endloop
  endfacet
  facet normal 0 0 1
    outer loop
      vertex 85.5287 -21.3041 8.8
      vertex 86.9525 -24.0337 8.8
      vertex 86.7791 -23.584 8.8
    endloop
  endfacet
  facet normal 0 0 1
    outer loop
      vertex 85.5287 -21.3041 8.8
      vertex 86.7791 -23.584 8.8
      vertex 86.7446 -23.5008 8.8
    endloop
  endfacet
  facet normal 0 0 1
    outer loop
      vertex 85.5287 -21.3041 8.8
      vertex 86.7446 -23.5008 8.8
      vertex 86.5492 -23.0601 8.8
    endloop
  endfacet
  facet normal 0 0 1
    outer loop
      vertex 85.5287 -21.3041 8.8
      vertex 86.5492 -23.0601 8.8
      vertex 86.5108 -22.9789 8.8
    endloop
  endfacet
  facet normal 0 0 1
    outer loop
      vertex 85.5287 -21.3041 8.8
      vertex 86.5108 -22.9789 8.8
      vertex 86.2944 -22.549 8.8
    endloop
  endfacet
  facet normal 0 0 1
    outer loop
      vertex 85.5287 -21.3041 8.8
      vertex 86.2944 -22.549 8.8
      vertex 86.2517 -22.4691 8.8
    endloop
  endfacet
  facet normal 0 0 1
    outer loop
      vertex 85.5287 -21.3041 8.8
      vertex 86.2517 -22.4691 8.8
      vertex 86.0145 -22.0503 8.8
    endloop
  endfacet
  facet normal 0 0 1
    outer loop
      vertex 85.5287 -21.3041 8.8
      vertex 86.0145 -22.0503 8.8
      vertex 85.9681 -21.9729 8.8
    endloop
  endfacet
  facet normal 0 0 1
    outer loop
      vertex 85.5287 -21.3041 8.8
      vertex 85.9681 -21.9729 8.8
      vertex 85.7101 -21.5655 8.8
    endloop
  endfacet
  facet normal 0 0 1
    outer loop
      vertex 85.5287 -21.3041 8.8
      vertex 85.7101 -21.5655 8.8
      vertex 85.6605 -21.4912 8.8
    endloop
  endfacet
  facet normal 0 0 1
    outer loop
      vertex 87.4893 -26.0938 8.8
      vertex 85.5287 -21.3041 8.8
      vertex 85.3647 -21.0587 8.8
    endloop
  endfacet
  facet normal 0 0 1
    outer loop
      vertex 87.5179 -26.247 8.8
      vertex 85.3647 -21.0587 8.8
      vertex 74.5934 -14.2813 8.8
    endloop
  endfacet
  facet normal 0 0 1
    outer loop
      vertex 74.5934 -14.2813 8.8
      vertex 85.3647 -21.0587 8.8
      vertex 85.2045 -20.7913 8.8
    endloop
  endfacet
  facet normal 0 0 1
    outer loop
      vertex 75.2958 -14.3331 8.8
      vertex 85.2045 -20.7913 8.8
      vertex 85.0576 -20.5165 8.8
    endloop
  endfacet
  facet normal 0 0 1
    outer loop
      vertex 75.2958 -14.3331 8.8
      vertex 85.0576 -20.5165 8.8
      vertex 84.9243 -20.2346 8.8
    endloop
  endfacet
  facet normal 0 0 1
    outer loop
      vertex 76 -14.3504 8.8
      vertex 84.9243 -20.2346 8.8
      vertex 84.8051 -19.9467 8.8
    endloop
  endfacet
  facet normal 0 0 1
    outer loop
      vertex 76.7041 -14.3331 8.8
      vertex 84.8051 -19.9467 8.8
      vertex 84.7001 -19.6532 8.8
    endloop
  endfacet
  facet normal 0 0 1
    outer loop
      vertex 76.7041 -14.3331 8.8
      vertex 84.7001 -19.6532 8.8
      vertex 84.6096 -19.3549 8.8
    endloop
  endfacet
  facet normal 0 0 1
    outer loop
      vertex 77.4066 -14.2813 8.8
      vertex 84.6096 -19.3549 8.8
      vertex 84.5339 -19.0526 8.8
    endloop
  endfacet
  facet normal 0 0 1
    outer loop
      vertex 78.1056 -14.1951 8.8
      vertex 84.5339 -19.0526 8.8
      vertex 84.4731 -18.7469 8.8
    endloop
  endfacet
  facet normal 0 0 1
    outer loop
      vertex 78.1056 -14.1951 8.8
      vertex 84.4731 -18.7469 8.8
      vertex 84.4273 -18.4386 8.8
    endloop
  endfacet
  facet normal 0 0 1
    outer loop
      vertex 78.7996 -14.0747 8.8
      vertex 84.4273 -18.4386 8.8
      vertex 84.3968 -18.1284 8.8
    endloop
  endfacet
  facet normal 0 0 1
    outer loop
      vertex 84.5339 -16.2698 8.8
      vertex 80.8345 -13.5115 8.8
      vertex 84.4731 -16.5755 8.8
    endloop
  endfacet
  facet normal 0 0 1
    outer loop
      vertex 84.4731 -16.5755 8.8
      vertex 80.8345 -13.5115 8.8
      vertex 84.4274 -16.8839 8.8
    endloop
  endfacet
  facet normal -0 0 1
    outer loop
      vertex 80.1657 -13.7325 8.8
      vertex 84.4274 -16.8839 8.8
      vertex 80.8345 -13.5115 8.8
    endloop
  endfacet
  facet normal 0 0 1
    outer loop
      vertex 84.4274 -16.8839 8.8
      vertex 80.1657 -13.7325 8.8
      vertex 84.3968 -17.194 8.8
    endloop
  endfacet
  facet normal 0 0 1
    outer loop
      vertex 84.3968 -17.194 8.8
      vertex 80.1657 -13.7325 8.8
      vertex 84.3815 -17.5053 8.8
    endloop
  endfacet
  facet normal -0 0 1
    outer loop
      vertex 79.4869 -13.9203 8.8
      vertex 84.3815 -17.5053 8.8
      vertex 80.1657 -13.7325 8.8
    endloop
  endfacet
  facet normal 0 0 1
    outer loop
      vertex 84.3815 -17.5053 8.8
      vertex 79.4869 -13.9203 8.8
      vertex 84.3815 -17.817 8.8
    endloop
  endfacet
  facet normal 0 0 1
    outer loop
      vertex 84.3815 -17.817 8.8
      vertex 79.4869 -13.9203 8.8
      vertex 84.3968 -18.1284 8.8
    endloop
  endfacet
  facet normal -0 0 1
    outer loop
      vertex 78.7996 -14.0747 8.8
      vertex 84.3968 -18.1284 8.8
      vertex 79.4869 -13.9203 8.8
    endloop
  endfacet
  facet normal 0 0 1
    outer loop
      vertex 84.4273 -18.4386 8.8
      vertex 78.7996 -14.0747 8.8
      vertex 78.1056 -14.1951 8.8
    endloop
  endfacet
  facet normal 0 0 1
    outer loop
      vertex 84.5339 -19.0526 8.8
      vertex 78.1056 -14.1951 8.8
      vertex 77.4066 -14.2813 8.8
    endloop
  endfacet
  facet normal 0 0 1
    outer loop
      vertex 84.6096 -19.3549 8.8
      vertex 77.4066 -14.2813 8.8
      vertex 76.7041 -14.3331 8.8
    endloop
  endfacet
  facet normal 0 0 1
    outer loop
      vertex 91.3142 -30.867 8.8
      vertex 82.9568 -84.1085 8.8
      vertex 88.9262 -83.0943 8.8
    endloop
  endfacet
  facet normal 0 0 1
    outer loop
      vertex 84.8051 -19.9467 8.8
      vertex 76.7041 -14.3331 8.8
      vertex 76 -14.3504 8.8
    endloop
  endfacet
  facet normal 0 0 1
    outer loop
      vertex 90.7509 -30.6006 8.8
      vertex 82.935 -84.1121 8.8
      vertex 82.9568 -84.1085 8.8
    endloop
  endfacet
  facet normal 0 0 1
    outer loop
      vertex 84.9243 -20.2346 8.8
      vertex 76 -14.3504 8.8
      vertex 75.2958 -14.3331 8.8
    endloop
  endfacet
  facet normal 0 0 1
    outer loop
      vertex 90.4797 -30.4469 8.8
      vertex 76.9879 -85.0441 8.8
      vertex 82.935 -84.1121 8.8
    endloop
  endfacet
  facet normal 0 0 1
    outer loop
      vertex 85.2045 -20.7913 8.8
      vertex 75.2958 -14.3331 8.8
      vertex 74.5934 -14.2813 8.8
    endloop
  endfacet
  facet normal 0 0 1
    outer loop
      vertex 87.5179 -26.247 8.8
      vertex 74.5934 -14.2813 8.8
      vertex 73.8943 -14.1951 8.8
    endloop
  endfacet
  facet normal 0 0 1
    outer loop
      vertex 89.9615 -30.1007 8.8
      vertex 76.9642 -85.0476 8.8
      vertex 76.9879 -85.0441 8.8
    endloop
  endfacet
  facet normal 0 0 1
    outer loop
      vertex 87.6675 -26.8434 8.8
      vertex 73.8943 -14.1951 8.8
      vertex 73.2004 -14.0747 8.8
    endloop
  endfacet
  facet normal 0 0 1
    outer loop
      vertex 87.7652 -27.1394 8.8
      vertex 73.2004 -14.0747 8.8
      vertex 72.5131 -13.9203 8.8
    endloop
  endfacet
  facet normal 0 0 1
    outer loop
      vertex 87.8774 -27.4302 8.8
      vertex 72.5131 -13.9203 8.8
      vertex 71.8343 -13.7325 8.8
    endloop
  endfacet
  facet normal 0 0 1
    outer loop
      vertex 88.0037 -27.7152 8.8
      vertex 71.8343 -13.7325 8.8
      vertex 71.1655 -13.5115 8.8
    endloop
  endfacet
  facet normal 0 0 1
    outer loop
      vertex 88.2975 -28.2648 8.8
      vertex 71.1655 -13.5115 8.8
      vertex 70.5083 -13.258 8.8
    endloop
  endfacet
  facet normal 0 0 1
    outer loop
      vertex 89.7158 -29.9089 8.8
      vertex 71.0484 -85.8921 8.8
      vertex 76.9642 -85.0476 8.8
    endloop
  endfacet
  facet normal 0 0 1
    outer loop
      vertex 89.254 -29.4904 8.8
      vertex 71.0213 -85.8957 8.8
      vertex 71.0484 -85.8921 8.8
    endloop
  endfacet
  facet normal 0 0 1
    outer loop
      vertex 88.2975 -28.2648 8.8
      vertex 70.5083 -13.258 8.8
      vertex 59.272 -87.3066 8.8
    endloop
  endfacet
  facet normal 0 0 1
    outer loop
      vertex 59.2417 -87.3097 8.8
      vertex 70.5083 -13.258 8.8
      vertex 69.8644 -12.9726 8.8
    endloop
  endfacet
  facet normal 0 0 1
    outer loop
      vertex 53.4464 -87.8632 8.8
      vertex 69.8644 -12.9726 8.8
      vertex 69.2353 -12.6559 8.8
    endloop
  endfacet
  facet normal 0 0 1
    outer loop
      vertex 53.4145 -87.866 8.8
      vertex 69.2353 -12.6559 8.8
      vertex 68.6224 -12.3088 8.8
    endloop
  endfacet
  facet normal 0 0 1
    outer loop
      vertex 47.672 -88.3127 8.8
      vertex 68.6224 -12.3088 8.8
      vertex 68.0273 -11.9319 8.8
    endloop
  endfacet
  facet normal 0 0 1
    outer loop
      vertex 47.6377 -88.3151 8.8
      vertex 68.0273 -11.9319 8.8
      vertex 67.4515 -11.5264 8.8
    endloop
  endfacet
  facet normal 0 0 1
    outer loop
      vertex 39.3163 -88.607 8.8
      vertex 67.4515 -11.5264 8.8
      vertex 66.8962 -11.093 8.8
    endloop
  endfacet
  facet normal 0 0 1
    outer loop
      vertex 18 -83.4587 8.8
      vertex 66.8962 -11.093 8.8
      vertex 66.3629 -10.6329 8.8
    endloop
  endfacet
  facet normal 0 0 1
    outer loop
      vertex 18 -3 8.8
      vertex 66.3629 -10.6329 8.8
      vertex 65.8527 -10.1473 8.8
    endloop
  endfacet
  facet normal 0 0 1
    outer loop
      vertex 61.1675 -6.28017 8.8
      vertex 65.8527 -10.1473 8.8
      vertex 65.3671 -9.63713 8.8
    endloop
  endfacet
  facet normal 0 0 1
    outer loop
      vertex 89.0391 -29.2646 8.8
      vertex 65.1395 -86.6481 8.8
      vertex 71.0213 -85.8957 8.8
    endloop
  endfacet
  facet normal 0 0 1
    outer loop
      vertex 88.8355 -29.0287 8.8
      vertex 65.1113 -86.6515 8.8
      vertex 65.1395 -86.6481 8.8
    endloop
  endfacet
  facet normal 0 0 1
    outer loop
      vertex 61.7021 -6.60057 8.8
      vertex 65.3671 -9.63713 8.8
      vertex 64.907 -9.10379 8.8
    endloop
  endfacet
  facet normal 0 0 1
    outer loop
      vertex 61.9804 -6.74069 8.8
      vertex 64.907 -9.10379 8.8
      vertex 64.4736 -8.54852 8.8
    endloop
  endfacet
  facet normal 0 0 1
    outer loop
      vertex 62.5562 -6.97919 8.8
      vertex 64.4736 -8.54852 8.8
      vertex 64.0681 -7.97266 8.8
    endloop
  endfacet
  facet normal 0 0 1
    outer loop
      vertex 63.1525 -7.1601 8.8
      vertex 64.0681 -7.97266 8.8
      vertex 63.6912 -7.37758 8.8
    endloop
  endfacet
  facet normal 0 0 1
    outer loop
      vertex 63.4567 -7.22839 8.8
      vertex 63.6912 -7.37758 8.8
      vertex 63.6231 -7.25725 8.8
    endloop
  endfacet
  facet normal 0 0 1
    outer loop
      vertex 63.1525 -7.1601 8.8
      vertex 63.6912 -7.37758 8.8
      vertex 63.4567 -7.22839 8.8
    endloop
  endfacet
  facet normal 0 0 1
    outer loop
      vertex 64.0681 -7.97266 8.8
      vertex 63.1525 -7.1601 8.8
      vertex 62.8522 -7.07695 8.8
    endloop
  endfacet
  facet normal 0 0 1
    outer loop
      vertex 64.0681 -7.97266 8.8
      vertex 62.8522 -7.07695 8.8
      vertex 62.5562 -6.97919 8.8
    endloop
  endfacet
  facet normal 0 0 1
    outer loop
      vertex 64.4736 -8.54852 8.8
      vertex 62.5562 -6.97919 8.8
      vertex 62.2654 -6.867 8.8
    endloop
  endfacet
  facet normal 0 0 1
    outer loop
      vertex 64.4736 -8.54852 8.8
      vertex 62.2654 -6.867 8.8
      vertex 61.9804 -6.74069 8.8
    endloop
  endfacet
  facet normal 0 0 1
    outer loop
      vertex 64.907 -9.10379 8.8
      vertex 61.9804 -6.74069 8.8
      vertex 61.7021 -6.60057 8.8
    endloop
  endfacet
  facet normal 0 0 1
    outer loop
      vertex 65.3671 -9.63713 8.8
      vertex 61.7021 -6.60057 8.8
      vertex 61.4308 -6.44693 8.8
    endloop
  endfacet
  facet normal 0 0 1
    outer loop
      vertex 65.3671 -9.63713 8.8
      vertex 61.4308 -6.44693 8.8
      vertex 61.1675 -6.28017 8.8
    endloop
  endfacet
  facet normal 0 0 1
    outer loop
      vertex 65.8527 -10.1473 8.8
      vertex 61.1675 -6.28017 8.8
      vertex 18 -3 8.8
    endloop
  endfacet
  facet normal 0 0 1
    outer loop
      vertex 18 -3 8.8
      vertex 61.1675 -6.28017 8.8
      vertex 60.9127 -6.10069 8.8
    endloop
  endfacet
  facet normal 0 0 1
    outer loop
      vertex 18 -3 8.8
      vertex 60.9127 -6.10069 8.8
      vertex 60.6669 -5.90892 8.8
    endloop
  endfacet
  facet normal 0 0 1
    outer loop
      vertex 18 -3 8.8
      vertex 60.6669 -5.90892 8.8
      vertex 60.4309 -5.70535 8.8
    endloop
  endfacet
  facet normal 0 0 1
    outer loop
      vertex 18 -3 8.8
      vertex 60.4309 -5.70535 8.8
      vertex 60.2052 -5.49042 8.8
    endloop
  endfacet
  facet normal 0 0 1
    outer loop
      vertex 18 -3 8.8
      vertex 60.2052 -5.49042 8.8
      vertex 59.9902 -5.26465 8.8
    endloop
  endfacet
  facet normal 0 0 1
    outer loop
      vertex 18 -3 8.8
      vertex 59.9902 -5.26465 8.8
      vertex 59.7867 -5.02867 8.8
    endloop
  endfacet
  facet normal 0 0 1
    outer loop
      vertex 18 -3 8.8
      vertex 59.7867 -5.02867 8.8
      vertex 59.5949 -4.78293 8.8
    endloop
  endfacet
  facet normal 0 0 1
    outer loop
      vertex 18 -3 8.8
      vertex 59.5949 -4.78293 8.8
      vertex 59.4154 -4.52811 8.8
    endloop
  endfacet
  facet normal 0 0 1
    outer loop
      vertex 88.4643 -28.5281 8.8
      vertex 59.272 -87.3066 8.8
      vertex 65.1113 -86.6515 8.8
    endloop
  endfacet
  facet normal 0 0 1
    outer loop
      vertex 18 -3 8.8
      vertex 59.4154 -4.52811 8.8
      vertex 59.2487 -4.26476 8.8
    endloop
  endfacet
  facet normal 0 0 1
    outer loop
      vertex 70.5083 -13.258 8.8
      vertex 59.2417 -87.3097 8.8
      vertex 59.272 -87.3066 8.8
    endloop
  endfacet
  facet normal 0 0 1
    outer loop
      vertex 18 -3 8.8
      vertex 59.2487 -4.26476 8.8
      vertex 59.095 -3.99353 8.8
    endloop
  endfacet
  facet normal 0 0 1
    outer loop
      vertex 18 -3 8.8
      vertex 59.095 -3.99353 8.8
      vertex 58.9549 -3.71516 8.8
    endloop
  endfacet
  facet normal 0 0 1
    outer loop
      vertex 18 -3 8.8
      vertex 58.9549 -3.71516 8.8
      vertex 58.8286 -3.43021 8.8
    endloop
  endfacet
  facet normal 0 0 1
    outer loop
      vertex 18 -3 8.8
      vertex 58.8286 -3.43021 8.8
      vertex 58.7164 -3.13936 8.8
    endloop
  endfacet
  facet normal -0 0 1
    outer loop
      vertex 18 -3 8.8
      vertex 58.7164 -3.13936 8.8
      vertex 58.6704 -3 8.8
    endloop
  endfacet
  facet normal 0 0 1
    outer loop
      vertex 69.8644 -12.9726 8.8
      vertex 53.4464 -87.8632 8.8
      vertex 59.2417 -87.3097 8.8
    endloop
  endfacet
  facet normal 0 0 1
    outer loop
      vertex 69.2353 -12.6559 8.8
      vertex 53.4145 -87.866 8.8
      vertex 53.4464 -87.8632 8.8
    endloop
  endfacet
  facet normal 0 0 1
    outer loop
      vertex 68.6224 -12.3088 8.8
      vertex 47.672 -88.3127 8.8
      vertex 53.4145 -87.866 8.8
    endloop
  endfacet
  facet normal 0 0 1
    outer loop
      vertex 68.0273 -11.9319 8.8
      vertex 47.6377 -88.3151 8.8
      vertex 47.672 -88.3127 8.8
    endloop
  endfacet
  facet normal 0 0 1
    outer loop
      vertex 67.4515 -11.5264 8.8
      vertex 41.9841 -88.6486 8.8
      vertex 47.6377 -88.3151 8.8
    endloop
  endfacet
  facet normal 0 0 1
    outer loop
      vertex 67.4515 -11.5264 8.8
      vertex 41.9434 -88.6489 8.8
      vertex 41.9841 -88.6486 8.8
    endloop
  endfacet
  facet normal 0 0 1
    outer loop
      vertex 67.4515 -11.5264 8.8
      vertex 39.3163 -88.607 8.8
      vertex 41.9434 -88.6489 8.8
    endloop
  endfacet
  facet normal 0 0 1
    outer loop
      vertex 66.8962 -11.093 8.8
      vertex 39.2533 -88.6049 8.8
      vertex 39.3163 -88.607 8.8
    endloop
  endfacet
  facet normal 0 0 1
    outer loop
      vertex 66.8962 -11.093 8.8
      vertex 36.7099 -88.4781 8.8
      vertex 39.2533 -88.6049 8.8
    endloop
  endfacet
  facet normal 0 0 1
    outer loop
      vertex 66.8962 -11.093 8.8
      vertex 36.6426 -88.4735 8.8
      vertex 36.7099 -88.4781 8.8
    endloop
  endfacet
  facet normal 0 0 1
    outer loop
      vertex 66.8962 -11.093 8.8
      vertex 34.2121 -88.2626 8.8
      vertex 36.6426 -88.4735 8.8
    endloop
  endfacet
  facet normal 0 0 1
    outer loop
      vertex 66.8962 -11.093 8.8
      vertex 34.1392 -88.2548 8.8
      vertex 34.2121 -88.2626 8.8
    endloop
  endfacet
  facet normal 0 0 1
    outer loop
      vertex 66.8962 -11.093 8.8
      vertex 31.8197 -87.9604 8.8
      vertex 34.1392 -88.2548 8.8
    endloop
  endfacet
  facet normal 0 0 1
    outer loop
      vertex 66.8962 -11.093 8.8
      vertex 31.7419 -87.9488 8.8
      vertex 31.8197 -87.9604 8.8
    endloop
  endfacet
  facet normal 0 0 1
    outer loop
      vertex 66.8962 -11.093 8.8
      vertex 18 -83.4587 8.8
      vertex 31.7419 -87.9488 8.8
    endloop
  endfacet
  facet normal 0 0 1
    outer loop
      vertex 31.7419 -87.9488 8.8
      vertex 18 -83.4587 8.8
      vertex 29.5325 -87.5715 8.8
    endloop
  endfacet
  facet normal 0 0 1
    outer loop
      vertex 29.5325 -87.5715 8.8
      vertex 18 -83.4587 8.8
      vertex 29.4498 -87.5554 8.8
    endloop
  endfacet
  facet normal 0 0 1
    outer loop
      vertex 29.4498 -87.5554 8.8
      vertex 18 -83.4587 8.8
      vertex 27.3484 -87.096 8.8
    endloop
  endfacet
  facet normal 0 0 1
    outer loop
      vertex 27.3484 -87.096 8.8
      vertex 18 -83.4587 8.8
      vertex 27.2621 -87.0749 8.8
    endloop
  endfacet
  facet normal 0 0 1
    outer loop
      vertex 27.2621 -87.0749 8.8
      vertex 18 -83.4587 8.8
      vertex 25.2678 -86.5342 8.8
    endloop
  endfacet
  facet normal 0 0 1
    outer loop
      vertex 25.2678 -86.5342 8.8
      vertex 18 -83.4587 8.8
      vertex 25.1753 -86.5065 8.8
    endloop
  endfacet
  facet normal 0 0 1
    outer loop
      vertex 25.1753 -86.5065 8.8
      vertex 18 -83.4587 8.8
      vertex 23.2874 -85.8859 8.8
    endloop
  endfacet
  facet normal 0 0 1
    outer loop
      vertex 23.2874 -85.8859 8.8
      vertex 18 -83.4587 8.8
      vertex 23.1914 -85.8513 8.8
    endloop
  endfacet
  facet normal 0 0 1
    outer loop
      vertex 23.1914 -85.8513 8.8
      vertex 18 -83.4587 8.8
      vertex 21.4058 -85.1512 8.8
    endloop
  endfacet
  facet normal 0 0 1
    outer loop
      vertex 21.4058 -85.1512 8.8
      vertex 18 -83.4587 8.8
      vertex 21.3065 -85.1088 8.8
    endloop
  endfacet
  facet normal 0 0 1
    outer loop
      vertex 21.3065 -85.1088 8.8
      vertex 18 -83.4587 8.8
      vertex 19.6213 -84.3299 8.8
    endloop
  endfacet
  facet normal 0 0 1
    outer loop
      vertex 66.3629 -10.6329 8.8
      vertex 18 -3 8.8
      vertex 18 -83.4587 8.8
    endloop
  endfacet
  facet normal 0 0 1
    outer loop
      vertex 19.6213 -84.3299 8.8
      vertex 18 -83.4587 8.8
      vertex 19.5198 -84.2791 8.8
    endloop
  endfacet
  facet normal 0 0 -1
    outer loop
      vertex 107.006 -79.5897 15.2
      vertex 108 -31.35 15.2
      vertex 108 -79.3755 15.2
    endloop
  endfacet
  facet normal 0 0 -1
    outer loop
      vertex 106.988 -79.5936 15.2
      vertex 108 -31.35 15.2
      vertex 107.006 -79.5897 15.2
    endloop
  endfacet
  facet normal 0 0 -1
    outer loop
      vertex 93.7278 -31.35 15.2
      vertex 106.988 -79.5936 15.2
      vertex 100.977 -80.8263 15.2
    endloop
  endfacet
  facet normal 0 0 -1
    outer loop
      vertex 93.7278 -31.35 15.2
      vertex 100.977 -80.8263 15.2
      vertex 100.956 -80.8304 15.2
    endloop
  endfacet
  facet normal 0 0 -1
    outer loop
      vertex 93.7278 -31.35 15.2
      vertex 100.956 -80.8304 15.2
      vertex 94.9569 -81.9946 15.2
    endloop
  endfacet
  facet normal 0 0 -1
    outer loop
      vertex 93.122 -31.3198 15.2
      vertex 94.9569 -81.9946 15.2
      vertex 94.9371 -81.9984 15.2
    endloop
  endfacet
  facet normal 0 0 -1
    outer loop
      vertex 106.988 -79.5936 15.2
      vertex 93.7278 -31.35 15.2
      vertex 108 -31.35 15.2
    endloop
  endfacet
  facet normal 0 0 -1
    outer loop
      vertex 94.9569 -81.9946 15.2
      vertex 93.4328 -31.3428 15.2
      vertex 93.7278 -31.35 15.2
    endloop
  endfacet
  facet normal 0 0 -1
    outer loop
      vertex 94.9569 -81.9946 15.2
      vertex 93.122 -31.3198 15.2
      vertex 93.4328 -31.3428 15.2
    endloop
  endfacet
  facet normal 0 0 -1
    outer loop
      vertex 94.9371 -81.9984 15.2
      vertex 92.8126 -31.2817 15.2
      vertex 93.122 -31.3198 15.2
    endloop
  endfacet
  facet normal 0 0 -1
    outer loop
      vertex 94.9371 -81.9984 15.2
      vertex 92.5056 -31.2284 15.2
      vertex 92.8126 -31.2817 15.2
    endloop
  endfacet
  facet normal 0 0 -1
    outer loop
      vertex 88.951 -83.0899 15.2
      vertex 92.5056 -31.2284 15.2
      vertex 94.9371 -81.9984 15.2
    endloop
  endfacet
  facet normal -0 0 -1
    outer loop
      vertex 92.5056 -31.2284 15.2
      vertex 88.951 -83.0899 15.2
      vertex 92.2014 -31.1601 15.2
    endloop
  endfacet
  facet normal -0 0 -1
    outer loop
      vertex 92.2014 -31.1601 15.2
      vertex 88.951 -83.0899 15.2
      vertex 91.901 -31.077 15.2
    endloop
  endfacet
  facet normal 0 0 -1
    outer loop
      vertex 88.9262 -83.0943 15.2
      vertex 91.901 -31.077 15.2
      vertex 88.951 -83.0899 15.2
    endloop
  endfacet
  facet normal -0 0 -1
    outer loop
      vertex 91.901 -31.077 15.2
      vertex 88.9262 -83.0943 15.2
      vertex 91.6051 -30.9792 15.2
    endloop
  endfacet
  facet normal -0 0 -1
    outer loop
      vertex 91.6051 -30.9792 15.2
      vertex 88.9262 -83.0943 15.2
      vertex 91.3142 -30.867 15.2
    endloop
  endfacet
  facet normal 0 0 -1
    outer loop
      vertex 82.9568 -84.1085 15.2
      vertex 91.3142 -30.867 15.2
      vertex 88.9262 -83.0943 15.2
    endloop
  endfacet
  facet normal -0 0 -1
    outer loop
      vertex 91.3142 -30.867 15.2
      vertex 82.9568 -84.1085 15.2
      vertex 91.0293 -30.7407 15.2
    endloop
  endfacet
  facet normal -0 0 -1
    outer loop
      vertex 91.0293 -30.7407 15.2
      vertex 82.9568 -84.1085 15.2
      vertex 90.7509 -30.6006 15.2
    endloop
  endfacet
  facet normal 0 0 -1
    outer loop
      vertex 82.935 -84.1121 15.2
      vertex 90.7509 -30.6006 15.2
      vertex 82.9568 -84.1085 15.2
    endloop
  endfacet
  facet normal -0 0 -1
    outer loop
      vertex 90.7509 -30.6006 15.2
      vertex 82.935 -84.1121 15.2
      vertex 90.4797 -30.4469 15.2
    endloop
  endfacet
  facet normal 0 0 -1
    outer loop
      vertex 76.9879 -85.0441 15.2
      vertex 90.4797 -30.4469 15.2
      vertex 82.935 -84.1121 15.2
    endloop
  endfacet
  facet normal -0 0 -1
    outer loop
      vertex 90.4797 -30.4469 15.2
      vertex 76.9879 -85.0441 15.2
      vertex 90.2163 -30.2802 15.2
    endloop
  endfacet
  facet normal -0 0 -1
    outer loop
      vertex 90.2163 -30.2802 15.2
      vertex 76.9879 -85.0441 15.2
      vertex 89.9615 -30.1007 15.2
    endloop
  endfacet
  facet normal 0 0 -1
    outer loop
      vertex 76.9642 -85.0476 15.2
      vertex 89.9615 -30.1007 15.2
      vertex 76.9879 -85.0441 15.2
    endloop
  endfacet
  facet normal -0 0 -1
    outer loop
      vertex 89.9615 -30.1007 15.2
      vertex 76.9642 -85.0476 15.2
      vertex 89.7158 -29.9089 15.2
    endloop
  endfacet
  facet normal 0 0 -1
    outer loop
      vertex 71.0484 -85.8921 15.2
      vertex 89.7158 -29.9089 15.2
      vertex 76.9642 -85.0476 15.2
    endloop
  endfacet
  facet normal -0 0 -1
    outer loop
      vertex 89.7158 -29.9089 15.2
      vertex 71.0484 -85.8921 15.2
      vertex 89.4798 -29.7054 15.2
    endloop
  endfacet
  facet normal -0 0 -1
    outer loop
      vertex 89.4798 -29.7054 15.2
      vertex 71.0484 -85.8921 15.2
      vertex 89.254 -29.4904 15.2
    endloop
  endfacet
  facet normal 0 0 -1
    outer loop
      vertex 71.0213 -85.8957 15.2
      vertex 89.254 -29.4904 15.2
      vertex 71.0484 -85.8921 15.2
    endloop
  endfacet
  facet normal -0 0 -1
    outer loop
      vertex 89.254 -29.4904 15.2
      vertex 71.0213 -85.8957 15.2
      vertex 89.0391 -29.2646 15.2
    endloop
  endfacet
  facet normal 0 0 -1
    outer loop
      vertex 65.1395 -86.6481 15.2
      vertex 89.0391 -29.2646 15.2
      vertex 71.0213 -85.8957 15.2
    endloop
  endfacet
  facet normal -0 0 -1
    outer loop
      vertex 89.0391 -29.2646 15.2
      vertex 65.1395 -86.6481 15.2
      vertex 88.8355 -29.0287 15.2
    endloop
  endfacet
  facet normal 0 0 -1
    outer loop
      vertex 65.1113 -86.6515 15.2
      vertex 88.8355 -29.0287 15.2
      vertex 65.1395 -86.6481 15.2
    endloop
  endfacet
  facet normal -0 0 -1
    outer loop
      vertex 88.8355 -29.0287 15.2
      vertex 65.1113 -86.6515 15.2
      vertex 88.6437 -28.7829 15.2
    endloop
  endfacet
  facet normal -0 0 -1
    outer loop
      vertex 88.6437 -28.7829 15.2
      vertex 65.1113 -86.6515 15.2
      vertex 88.4643 -28.5281 15.2
    endloop
  endfacet
  facet normal 0 0 -1
    outer loop
      vertex 59.272 -87.3066 15.2
      vertex 88.4643 -28.5281 15.2
      vertex 65.1113 -86.6515 15.2
    endloop
  endfacet
  facet normal -0 0 -1
    outer loop
      vertex 88.4643 -28.5281 15.2
      vertex 59.272 -87.3066 15.2
      vertex 88.2975 -28.2648 15.2
    endloop
  endfacet
  facet normal 0 -0 -1
    outer loop
      vertex 70.5083 -13.258 15.2
      vertex 88.2975 -28.2648 15.2
      vertex 59.272 -87.3066 15.2
    endloop
  endfacet
  facet normal -0 -0 -1
    outer loop
      vertex 71.1655 -13.5115 15.2
      vertex 88.2975 -28.2648 15.2
      vertex 70.5083 -13.258 15.2
    endloop
  endfacet
  facet normal 0 0 -1
    outer loop
      vertex 88.2975 -28.2648 15.2
      vertex 71.1655 -13.5115 15.2
      vertex 88.1439 -27.9935 15.2
    endloop
  endfacet
  facet normal 0 0 -1
    outer loop
      vertex 88.1439 -27.9935 15.2
      vertex 71.1655 -13.5115 15.2
      vertex 88.0037 -27.7152 15.2
    endloop
  endfacet
  facet normal -0 -0 -1
    outer loop
      vertex 71.8343 -13.7325 15.2
      vertex 88.0037 -27.7152 15.2
      vertex 71.1655 -13.5115 15.2
    endloop
  endfacet
  facet normal 0 0 -1
    outer loop
      vertex 88.0037 -27.7152 15.2
      vertex 71.8343 -13.7325 15.2
      vertex 87.8774 -27.4302 15.2
    endloop
  endfacet
  facet normal -0 -0 -1
    outer loop
      vertex 72.5131 -13.9203 15.2
      vertex 87.8774 -27.4302 15.2
      vertex 71.8343 -13.7325 15.2
    endloop
  endfacet
  facet normal 0 0 -1
    outer loop
      vertex 87.8774 -27.4302 15.2
      vertex 72.5131 -13.9203 15.2
      vertex 87.7652 -27.1394 15.2
    endloop
  endfacet
  facet normal 0 0 -1
    outer loop
      vertex 87.7652 -27.1394 15.2
      vertex 73.2004 -14.0747 15.2
      vertex 87.6675 -26.8434 15.2
    endloop
  endfacet
  facet normal -0 -0 -1
    outer loop
      vertex 73.8943 -14.1951 15.2
      vertex 87.6675 -26.8434 15.2
      vertex 73.2004 -14.0747 15.2
    endloop
  endfacet
  facet normal 0 0 -1
    outer loop
      vertex 87.5843 -26.543 15.2
      vertex 73.8943 -14.1951 15.2
      vertex 87.5179 -26.247 15.2
    endloop
  endfacet
  facet normal -0 -0 -1
    outer loop
      vertex 74.5934 -14.2813 15.2
      vertex 87.5179 -26.247 15.2
      vertex 73.8943 -14.1951 15.2
    endloop
  endfacet
  facet normal -0 -0 -1
    outer loop
      vertex 85.3647 -21.0587 15.2
      vertex 87.5179 -26.247 15.2
      vertex 74.5934 -14.2813 15.2
    endloop
  endfacet
  facet normal 0 0 -1
    outer loop
      vertex 87.5179 -26.247 15.2
      vertex 85.3647 -21.0587 15.2
      vertex 87.4893 -26.0938 15.2
    endloop
  endfacet
  facet normal -0 -0 -1
    outer loop
      vertex 85.5287 -21.3041 15.2
      vertex 87.4893 -26.0938 15.2
      vertex 85.3647 -21.0587 15.2
    endloop
  endfacet
  facet normal 0 0 -1
    outer loop
      vertex 87.4333 -25.771 15.2
      vertex 85.5287 -21.3041 15.2
      vertex 87.416 -25.6841 15.2
    endloop
  endfacet
  facet normal 0 0 -1
    outer loop
      vertex 87.416 -25.6841 15.2
      vertex 85.5287 -21.3041 15.2
      vertex 87.3102 -25.2128 15.2
    endloop
  endfacet
  facet normal 0 0 -1
    outer loop
      vertex 87.2886 -25.1265 15.2
      vertex 85.5287 -21.3041 15.2
      vertex 87.1599 -24.6614 15.2
    endloop
  endfacet
  facet normal 0 0 -1
    outer loop
      vertex 87.134 -24.576 15.2
      vertex 85.5287 -21.3041 15.2
      vertex 86.9825 -24.1175 15.2
    endloop
  endfacet
  facet normal 0 0 -1
    outer loop
      vertex 86.9825 -24.1175 15.2
      vertex 85.5287 -21.3041 15.2
      vertex 86.9525 -24.0337 15.2
    endloop
  endfacet
  facet normal 0 0 -1
    outer loop
      vertex 86.9525 -24.0337 15.2
      vertex 85.5287 -21.3041 15.2
      vertex 86.7791 -23.584 15.2
    endloop
  endfacet
  facet normal 0 0 -1
    outer loop
      vertex 86.7446 -23.5008 15.2
      vertex 85.5287 -21.3041 15.2
      vertex 86.5492 -23.0601 15.2
    endloop
  endfacet
  facet normal 0 0 -1
    outer loop
      vertex 86.5492 -23.0601 15.2
      vertex 85.5287 -21.3041 15.2
      vertex 86.5108 -22.9789 15.2
    endloop
  endfacet
  facet normal 0 0 -1
    outer loop
      vertex 86.5108 -22.9789 15.2
      vertex 85.5287 -21.3041 15.2
      vertex 86.2944 -22.549 15.2
    endloop
  endfacet
  facet normal 0 0 -1
    outer loop
      vertex 86.2944 -22.549 15.2
      vertex 85.5287 -21.3041 15.2
      vertex 86.2517 -22.4691 15.2
    endloop
  endfacet
  facet normal 0 0 -1
    outer loop
      vertex 86.2517 -22.4691 15.2
      vertex 85.5287 -21.3041 15.2
      vertex 86.0145 -22.0503 15.2
    endloop
  endfacet
  facet normal 0 0 -1
    outer loop
      vertex 86.0145 -22.0503 15.2
      vertex 85.5287 -21.3041 15.2
      vertex 85.9681 -21.9729 15.2
    endloop
  endfacet
  facet normal 0 0 -1
    outer loop
      vertex 85.9681 -21.9729 15.2
      vertex 85.5287 -21.3041 15.2
      vertex 85.7101 -21.5655 15.2
    endloop
  endfacet
  facet normal 0 0 -1
    outer loop
      vertex 85.7101 -21.5655 15.2
      vertex 85.5287 -21.3041 15.2
      vertex 85.6605 -21.4912 15.2
    endloop
  endfacet
  facet normal 0 0 -1
    outer loop
      vertex 79.4869 -13.9203 15.2
      vertex 84.3815 -17.817 15.2
      vertex 84.3968 -18.1284 15.2
    endloop
  endfacet
  facet normal 0 0 -1
    outer loop
      vertex 84.3815 -17.817 15.2
      vertex 83.3776 -12.3088 15.2
      vertex 83.9727 -11.9319 15.2
    endloop
  endfacet
  facet normal 0 0 -1
    outer loop
      vertex 87.4893 -26.0938 15.2
      vertex 85.5287 -21.3041 15.2
      vertex 87.4333 -25.771 15.2
    endloop
  endfacet
  facet normal -0 -0 -1
    outer loop
      vertex 75.2958 -14.3331 15.2
      vertex 85.2045 -20.7913 15.2
      vertex 74.5934 -14.2813 15.2
    endloop
  endfacet
  facet normal 0 0 -1
    outer loop
      vertex 85.2045 -20.7913 15.2
      vertex 75.2958 -14.3331 15.2
      vertex 85.0576 -20.5165 15.2
    endloop
  endfacet
  facet normal 0 0 -1
    outer loop
      vertex 84.3815 -17.817 15.2
      vertex 82.7647 -12.6559 15.2
      vertex 83.3776 -12.3088 15.2
    endloop
  endfacet
  facet normal 0 0 -1
    outer loop
      vertex 84.3815 -17.817 15.2
      vertex 82.1356 -12.9726 15.2
      vertex 82.7647 -12.6559 15.2
    endloop
  endfacet
  facet normal 0 0 -1
    outer loop
      vertex 84.3815 -17.817 15.2
      vertex 81.4917 -13.258 15.2
      vertex 82.1356 -12.9726 15.2
    endloop
  endfacet
  facet normal 0 0 -1
    outer loop
      vertex 84.3815 -17.817 15.2
      vertex 80.8345 -13.5115 15.2
      vertex 81.4917 -13.258 15.2
    endloop
  endfacet
  facet normal 0 0 -1
    outer loop
      vertex 84.3815 -17.817 15.2
      vertex 80.1657 -13.7325 15.2
      vertex 80.8345 -13.5115 15.2
    endloop
  endfacet
  facet normal 0 0 -1
    outer loop
      vertex 84.3815 -17.817 15.2
      vertex 79.4869 -13.9203 15.2
      vertex 80.1657 -13.7325 15.2
    endloop
  endfacet
  facet normal 0 0 -1
    outer loop
      vertex 84.3968 -18.1284 15.2
      vertex 78.7996 -14.0747 15.2
      vertex 79.4869 -13.9203 15.2
    endloop
  endfacet
  facet normal 0 0 -1
    outer loop
      vertex 84.4273 -18.4386 15.2
      vertex 78.7996 -14.0747 15.2
      vertex 84.3968 -18.1284 15.2
    endloop
  endfacet
  facet normal 0 -0 -1
    outer loop
      vertex 78.7996 -14.0747 15.2
      vertex 84.4273 -18.4386 15.2
      vertex 78.1056 -14.1951 15.2
    endloop
  endfacet
  facet normal 0 0 -1
    outer loop
      vertex 85.0576 -20.5165 15.2
      vertex 75.2958 -14.3331 15.2
      vertex 84.9243 -20.2346 15.2
    endloop
  endfacet
  facet normal 0 -0 -1
    outer loop
      vertex 76.7041 -14.3331 15.2
      vertex 84.8051 -19.9467 15.2
      vertex 76 -14.3504 15.2
    endloop
  endfacet
  facet normal 0 0 -1
    outer loop
      vertex 84.4731 -18.7469 15.2
      vertex 78.1056 -14.1951 15.2
      vertex 84.4273 -18.4386 15.2
    endloop
  endfacet
  facet normal 0 0 -1
    outer loop
      vertex 84.5339 -19.0526 15.2
      vertex 78.1056 -14.1951 15.2
      vertex 84.4731 -18.7469 15.2
    endloop
  endfacet
  facet normal 0 -0 -1
    outer loop
      vertex 78.1056 -14.1951 15.2
      vertex 84.5339 -19.0526 15.2
      vertex 77.4066 -14.2813 15.2
    endloop
  endfacet
  facet normal 0 0 -1
    outer loop
      vertex 84.6096 -19.3549 15.2
      vertex 77.4066 -14.2813 15.2
      vertex 84.5339 -19.0526 15.2
    endloop
  endfacet
  facet normal 0 -0 -1
    outer loop
      vertex 77.4066 -14.2813 15.2
      vertex 84.6096 -19.3549 15.2
      vertex 76.7041 -14.3331 15.2
    endloop
  endfacet
  facet normal 0 0 -1
    outer loop
      vertex 84.8051 -19.9467 15.2
      vertex 76.7041 -14.3331 15.2
      vertex 84.7001 -19.6532 15.2
    endloop
  endfacet
  facet normal 0 0 -1
    outer loop
      vertex 84.7001 -19.6532 15.2
      vertex 76.7041 -14.3331 15.2
      vertex 84.6096 -19.3549 15.2
    endloop
  endfacet
  facet normal 0 0 -1
    outer loop
      vertex 84.9243 -20.2346 15.2
      vertex 76 -14.3504 15.2
      vertex 84.8051 -19.9467 15.2
    endloop
  endfacet
  facet normal -0 -0 -1
    outer loop
      vertex 76 -14.3504 15.2
      vertex 84.9243 -20.2346 15.2
      vertex 75.2958 -14.3331 15.2
    endloop
  endfacet
  facet normal 0 0 -1
    outer loop
      vertex 85.3647 -21.0587 15.2
      vertex 74.5934 -14.2813 15.2
      vertex 85.2045 -20.7913 15.2
    endloop
  endfacet
  facet normal 0 0 -1
    outer loop
      vertex 87.3102 -25.2128 15.2
      vertex 85.5287 -21.3041 15.2
      vertex 87.2886 -25.1265 15.2
    endloop
  endfacet
  facet normal 0 0 -1
    outer loop
      vertex 86.7791 -23.584 15.2
      vertex 85.5287 -21.3041 15.2
      vertex 86.7446 -23.5008 15.2
    endloop
  endfacet
  facet normal 0 0 -1
    outer loop
      vertex 87.1599 -24.6614 15.2
      vertex 85.5287 -21.3041 15.2
      vertex 87.134 -24.576 15.2
    endloop
  endfacet
  facet normal 0 0 -1
    outer loop
      vertex 87.6675 -26.8434 15.2
      vertex 73.8943 -14.1951 15.2
      vertex 87.5843 -26.543 15.2
    endloop
  endfacet
  facet normal -0 -0 -1
    outer loop
      vertex 73.2004 -14.0747 15.2
      vertex 87.7652 -27.1394 15.2
      vertex 72.5131 -13.9203 15.2
    endloop
  endfacet
  facet normal 0 0 -1
    outer loop
      vertex 59.2417 -87.3097 15.2
      vertex 70.5083 -13.258 15.2
      vertex 59.272 -87.3066 15.2
    endloop
  endfacet
  facet normal -0 0 -1
    outer loop
      vertex 70.5083 -13.258 15.2
      vertex 59.2417 -87.3097 15.2
      vertex 69.8644 -12.9726 15.2
    endloop
  endfacet
  facet normal 0 0 -1
    outer loop
      vertex 53.4464 -87.8632 15.2
      vertex 69.8644 -12.9726 15.2
      vertex 59.2417 -87.3097 15.2
    endloop
  endfacet
  facet normal -0 0 -1
    outer loop
      vertex 69.8644 -12.9726 15.2
      vertex 53.4464 -87.8632 15.2
      vertex 69.2353 -12.6559 15.2
    endloop
  endfacet
  facet normal 0 0 -1
    outer loop
      vertex 53.4145 -87.866 15.2
      vertex 69.2353 -12.6559 15.2
      vertex 53.4464 -87.8632 15.2
    endloop
  endfacet
  facet normal -0 0 -1
    outer loop
      vertex 69.2353 -12.6559 15.2
      vertex 53.4145 -87.866 15.2
      vertex 68.6224 -12.3088 15.2
    endloop
  endfacet
  facet normal 0 0 -1
    outer loop
      vertex 47.672 -88.3127 15.2
      vertex 68.6224 -12.3088 15.2
      vertex 53.4145 -87.866 15.2
    endloop
  endfacet
  facet normal -0 0 -1
    outer loop
      vertex 68.6224 -12.3088 15.2
      vertex 47.672 -88.3127 15.2
      vertex 68.0273 -11.9319 15.2
    endloop
  endfacet
  facet normal 0 0 -1
    outer loop
      vertex 47.6377 -88.3151 15.2
      vertex 68.0273 -11.9319 15.2
      vertex 47.672 -88.3127 15.2
    endloop
  endfacet
  facet normal -0 0 -1
    outer loop
      vertex 68.0273 -11.9319 15.2
      vertex 47.6377 -88.3151 15.2
      vertex 67.4515 -11.5264 15.2
    endloop
  endfacet
  facet normal 0 0 -1
    outer loop
      vertex 41.9841 -88.6486 15.2
      vertex 67.4515 -11.5264 15.2
      vertex 47.6377 -88.3151 15.2
    endloop
  endfacet
  facet normal 0 0 -1
    outer loop
      vertex 41.9434 -88.6489 15.2
      vertex 67.4515 -11.5264 15.2
      vertex 41.9841 -88.6486 15.2
    endloop
  endfacet
  facet normal 0 0 -1
    outer loop
      vertex 39.3163 -88.607 15.2
      vertex 67.4515 -11.5264 15.2
      vertex 41.9434 -88.6489 15.2
    endloop
  endfacet
  facet normal -0 0 -1
    outer loop
      vertex 67.4515 -11.5264 15.2
      vertex 39.3163 -88.607 15.2
      vertex 66.8962 -11.093 15.2
    endloop
  endfacet
  facet normal 0 0 -1
    outer loop
      vertex 63.6912 -7.37758 15.2
      vertex 63.4567 -7.22839 15.2
      vertex 63.6231 -7.25725 15.2
    endloop
  endfacet
  facet normal 0 0 -1
    outer loop
      vertex 39.2533 -88.6049 15.2
      vertex 66.8962 -11.093 15.2
      vertex 39.3163 -88.607 15.2
    endloop
  endfacet
  facet normal 0 0 -1
    outer loop
      vertex 63.6912 -7.37758 15.2
      vertex 63.1525 -7.1601 15.2
      vertex 63.4567 -7.22839 15.2
    endloop
  endfacet
  facet normal 0 0 -1
    outer loop
      vertex 36.7099 -88.4781 15.2
      vertex 66.8962 -11.093 15.2
      vertex 39.2533 -88.6049 15.2
    endloop
  endfacet
  facet normal 0 0 -1
    outer loop
      vertex 64.0681 -7.97266 15.2
      vertex 63.1525 -7.1601 15.2
      vertex 63.6912 -7.37758 15.2
    endloop
  endfacet
  facet normal -0 -0 -1
    outer loop
      vertex 63.1525 -7.1601 15.2
      vertex 64.0681 -7.97266 15.2
      vertex 62.8522 -7.07695 15.2
    endloop
  endfacet
  facet normal -0 -0 -1
    outer loop
      vertex 62.8522 -7.07695 15.2
      vertex 64.0681 -7.97266 15.2
      vertex 62.5562 -6.97919 15.2
    endloop
  endfacet
  facet normal 0 0 -1
    outer loop
      vertex 64.4736 -8.54852 15.2
      vertex 62.5562 -6.97919 15.2
      vertex 64.0681 -7.97266 15.2
    endloop
  endfacet
  facet normal 0 0 -1
    outer loop
      vertex 36.6426 -88.4735 15.2
      vertex 66.8962 -11.093 15.2
      vertex 36.7099 -88.4781 15.2
    endloop
  endfacet
  facet normal -0 -0 -1
    outer loop
      vertex 62.5562 -6.97919 15.2
      vertex 64.4736 -8.54852 15.2
      vertex 62.2654 -6.867 15.2
    endloop
  endfacet
  facet normal 0 0 -1
    outer loop
      vertex 34.2121 -88.2626 15.2
      vertex 66.8962 -11.093 15.2
      vertex 36.6426 -88.4735 15.2
    endloop
  endfacet
  facet normal -0 -0 -1
    outer loop
      vertex 62.2654 -6.867 15.2
      vertex 64.4736 -8.54852 15.2
      vertex 61.9804 -6.74069 15.2
    endloop
  endfacet
  facet normal 0 0 -1
    outer loop
      vertex 34.1392 -88.2548 15.2
      vertex 66.8962 -11.093 15.2
      vertex 34.2121 -88.2626 15.2
    endloop
  endfacet
  facet normal 0 0 -1
    outer loop
      vertex 64.907 -9.10379 15.2
      vertex 61.9804 -6.74069 15.2
      vertex 64.4736 -8.54852 15.2
    endloop
  endfacet
  facet normal 0 0 -1
    outer loop
      vertex 31.8197 -87.9604 15.2
      vertex 66.8962 -11.093 15.2
      vertex 34.1392 -88.2548 15.2
    endloop
  endfacet
  facet normal 0 0 -1
    outer loop
      vertex 31.7419 -87.9488 15.2
      vertex 66.8962 -11.093 15.2
      vertex 31.8197 -87.9604 15.2
    endloop
  endfacet
  facet normal -0 -0 -1
    outer loop
      vertex 61.9804 -6.74069 15.2
      vertex 64.907 -9.10379 15.2
      vertex 61.7021 -6.60057 15.2
    endloop
  endfacet
  facet normal 0 0 -1
    outer loop
      vertex 18 -83.4587 15.2
      vertex 66.8962 -11.093 15.2
      vertex 31.7419 -87.9488 15.2
    endloop
  endfacet
  facet normal -0 0 -1
    outer loop
      vertex 66.8962 -11.093 15.2
      vertex 18 -83.4587 15.2
      vertex 66.3629 -10.6329 15.2
    endloop
  endfacet
  facet normal 0 0 -1
    outer loop
      vertex 18 -3 15.2
      vertex 66.3629 -10.6329 15.2
      vertex 18 -83.4587 15.2
    endloop
  endfacet
  facet normal 0 0 -1
    outer loop
      vertex 66.3629 -10.6329 15.2
      vertex 18 -3 15.2
      vertex 65.8527 -10.1473 15.2
    endloop
  endfacet
  facet normal -0 -0 -1
    outer loop
      vertex 61.1675 -6.28017 15.2
      vertex 65.8527 -10.1473 15.2
      vertex 18 -3 15.2
    endloop
  endfacet
  facet normal -0 -0 -1
    outer loop
      vertex 61.4308 -6.44693 15.2
      vertex 65.3671 -9.63713 15.2
      vertex 61.1675 -6.28017 15.2
    endloop
  endfacet
  facet normal 0 0 -1
    outer loop
      vertex 65.3671 -9.63713 15.2
      vertex 61.7021 -6.60057 15.2
      vertex 64.907 -9.10379 15.2
    endloop
  endfacet
  facet normal -0 -0 -1
    outer loop
      vertex 61.7021 -6.60057 15.2
      vertex 65.3671 -9.63713 15.2
      vertex 61.4308 -6.44693 15.2
    endloop
  endfacet
  facet normal 0 0 -1
    outer loop
      vertex 65.8527 -10.1473 15.2
      vertex 61.1675 -6.28017 15.2
      vertex 65.3671 -9.63713 15.2
    endloop
  endfacet
  facet normal 0 0 -1
    outer loop
      vertex 61.1675 -6.28017 15.2
      vertex 18 -3 15.2
      vertex 60.9127 -6.10069 15.2
    endloop
  endfacet
  facet normal 0 0 -1
    outer loop
      vertex 60.9127 -6.10069 15.2
      vertex 18 -3 15.2
      vertex 60.6669 -5.90892 15.2
    endloop
  endfacet
  facet normal 0 0 -1
    outer loop
      vertex 60.6669 -5.90892 15.2
      vertex 18 -3 15.2
      vertex 60.4309 -5.70535 15.2
    endloop
  endfacet
  facet normal 0 0 -1
    outer loop
      vertex 60.4309 -5.70535 15.2
      vertex 18 -3 15.2
      vertex 60.2052 -5.49042 15.2
    endloop
  endfacet
  facet normal 0 0 -1
    outer loop
      vertex 60.2052 -5.49042 15.2
      vertex 18 -3 15.2
      vertex 59.9902 -5.26465 15.2
    endloop
  endfacet
  facet normal 0 0 -1
    outer loop
      vertex 59.9902 -5.26465 15.2
      vertex 18 -3 15.2
      vertex 59.7867 -5.02867 15.2
    endloop
  endfacet
  facet normal 0 0 -1
    outer loop
      vertex 59.7867 -5.02867 15.2
      vertex 18 -3 15.2
      vertex 59.5949 -4.78293 15.2
    endloop
  endfacet
  facet normal 0 0 -1
    outer loop
      vertex 59.5949 -4.78293 15.2
      vertex 18 -3 15.2
      vertex 59.4154 -4.52811 15.2
    endloop
  endfacet
  facet normal 0 0 -1
    outer loop
      vertex 59.4154 -4.52811 15.2
      vertex 18 -3 15.2
      vertex 59.2487 -4.26476 15.2
    endloop
  endfacet
  facet normal 0 0 -1
    outer loop
      vertex 59.2487 -4.26476 15.2
      vertex 18 -3 15.2
      vertex 59.095 -3.99353 15.2
    endloop
  endfacet
  facet normal 0 0 -1
    outer loop
      vertex 59.095 -3.99353 15.2
      vertex 18 -3 15.2
      vertex 58.9549 -3.71516 15.2
    endloop
  endfacet
  facet normal 0 0 -1
    outer loop
      vertex 58.9549 -3.71516 15.2
      vertex 18 -3 15.2
      vertex 58.8286 -3.43021 15.2
    endloop
  endfacet
  facet normal 0 0 -1
    outer loop
      vertex 18 -83.4587 15.2
      vertex 31.7419 -87.9488 15.2
      vertex 29.5325 -87.5715 15.2
    endloop
  endfacet
  facet normal 0 0 -1
    outer loop
      vertex 18 -83.4587 15.2
      vertex 29.5325 -87.5715 15.2
      vertex 29.4498 -87.5554 15.2
    endloop
  endfacet
  facet normal 0 0 -1
    outer loop
      vertex 18 -83.4587 15.2
      vertex 29.4498 -87.5554 15.2
      vertex 27.3484 -87.096 15.2
    endloop
  endfacet
  facet normal 0 0 -1
    outer loop
      vertex 18 -83.4587 15.2
      vertex 27.3484 -87.096 15.2
      vertex 27.2621 -87.0749 15.2
    endloop
  endfacet
  facet normal 0 0 -1
    outer loop
      vertex 18 -83.4587 15.2
      vertex 27.2621 -87.0749 15.2
      vertex 25.2678 -86.5342 15.2
    endloop
  endfacet
  facet normal 0 0 -1
    outer loop
      vertex 18 -83.4587 15.2
      vertex 25.2678 -86.5342 15.2
      vertex 25.1753 -86.5065 15.2
    endloop
  endfacet
  facet normal 0 0 -1
    outer loop
      vertex 18 -83.4587 15.2
      vertex 25.1753 -86.5065 15.2
      vertex 23.2874 -85.8859 15.2
    endloop
  endfacet
  facet normal 0 0 -1
    outer loop
      vertex 18 -83.4587 15.2
      vertex 23.2874 -85.8859 15.2
      vertex 23.1914 -85.8513 15.2
    endloop
  endfacet
  facet normal 0 0 -1
    outer loop
      vertex 18 -83.4587 15.2
      vertex 23.1914 -85.8513 15.2
      vertex 21.4058 -85.1512 15.2
    endloop
  endfacet
  facet normal 0 0 -1
    outer loop
      vertex 18 -83.4587 15.2
      vertex 21.4058 -85.1512 15.2
      vertex 21.3065 -85.1088 15.2
    endloop
  endfacet
  facet normal 0 0 -1
    outer loop
      vertex 18 -83.4587 15.2
      vertex 21.3065 -85.1088 15.2
      vertex 19.6213 -84.3299 15.2
    endloop
  endfacet
  facet normal 0 0 -1
    outer loop
      vertex 18 -83.4587 15.2
      vertex 19.6213 -84.3299 15.2
      vertex 19.5198 -84.2791 15.2
    endloop
  endfacet
  facet normal 0 0 -1
    outer loop
      vertex 58.8286 -3.43021 15.2
      vertex 18 -3 15.2
      vertex 58.7164 -3.13936 15.2
    endloop
  endfacet
  facet normal 0 0 -1
    outer loop
      vertex 58.7164 -3.13936 15.2
      vertex 18 -3 15.2
      vertex 58.6704 -3 15.2
    endloop
  endfacet
  facet normal 0 0 -1
    outer loop
      vertex 88.3244 -7.35001 15.2
      vertex 90.7037 -7.8087 15.2
      vertex 90.6618 -7.88698 15.2
    endloop
  endfacet
  facet normal 0 0 -1
    outer loop
      vertex 88.3244 -7.35001 15.2
      vertex 90.6618 -7.88698 15.2
      vertex 90.3026 -8.52119 15.2
    endloop
  endfacet
  facet normal 0 0 -1
    outer loop
      vertex 88.3088 -7.37758 15.2
      vertex 90.3026 -8.52119 15.2
      vertex 90.2572 -8.59695 15.2
    endloop
  endfacet
  facet normal 0 0 -1
    outer loop
      vertex 88.3088 -7.37758 15.2
      vertex 90.2572 -8.59695 15.2
      vertex 89.8676 -9.2122 15.2
    endloop
  endfacet
  facet normal 0 0 -1
    outer loop
      vertex 87.9319 -7.97266 15.2
      vertex 89.8676 -9.2122 15.2
      vertex 89.8178 -9.28671 15.2
    endloop
  endfacet
  facet normal 0 0 -1
    outer loop
      vertex 87.9319 -7.97266 15.2
      vertex 89.8178 -9.28671 15.2
      vertex 89.3989 -9.88153 15.2
    endloop
  endfacet
  facet normal 0 0 -1
    outer loop
      vertex 87.5264 -8.54852 15.2
      vertex 89.3989 -9.88153 15.2
      vertex 89.3457 -9.95319 15.2
    endloop
  endfacet
  facet normal 0 0 -1
    outer loop
      vertex 87.5264 -8.54852 15.2
      vertex 89.3457 -9.95319 15.2
      vertex 88.8978 -10.5271 15.2
    endloop
  endfacet
  facet normal 0 0 -1
    outer loop
      vertex 87.093 -9.10379 15.2
      vertex 88.8978 -10.5271 15.2
      vertex 88.8411 -10.5962 15.2
    endloop
  endfacet
  facet normal 0 0 -1
    outer loop
      vertex 87.093 -9.10379 15.2
      vertex 88.8411 -10.5962 15.2
      vertex 88.3656 -11.1475 15.2
    endloop
  endfacet
  facet normal 0 0 -1
    outer loop
      vertex 89.8676 -9.2122 15.2
      vertex 87.9319 -7.97266 15.2
      vertex 88.3088 -7.37758 15.2
    endloop
  endfacet
  facet normal 0 0 -1
    outer loop
      vertex 90.7037 -7.8087 15.2
      vertex 88.3244 -7.35001 15.2
      vertex 90.9346 -7.35001 15.2
    endloop
  endfacet
  facet normal 0 0 -1
    outer loop
      vertex 86.6329 -9.63713 15.2
      vertex 88.3656 -11.1475 15.2
      vertex 88.3058 -11.2135 15.2
    endloop
  endfacet
  facet normal 0 0 -1
    outer loop
      vertex 90.3026 -8.52119 15.2
      vertex 88.3088 -7.37758 15.2
      vertex 88.3244 -7.35001 15.2
    endloop
  endfacet
  facet normal 0 0 -1
    outer loop
      vertex 86.6329 -9.63713 15.2
      vertex 88.3058 -11.2135 15.2
      vertex 87.8038 -11.7407 15.2
    endloop
  endfacet
  facet normal 0 0 -1
    outer loop
      vertex 86.1473 -10.1473 15.2
      vertex 87.8038 -11.7407 15.2
      vertex 87.7407 -11.8038 15.2
    endloop
  endfacet
  facet normal 0 0 -1
    outer loop
      vertex 89.3989 -9.88153 15.2
      vertex 87.5264 -8.54852 15.2
      vertex 87.9319 -7.97266 15.2
    endloop
  endfacet
  facet normal 0 0 -1
    outer loop
      vertex 86.1473 -10.1473 15.2
      vertex 87.7407 -11.8038 15.2
      vertex 87.2135 -12.3058 15.2
    endloop
  endfacet
  facet normal 0 0 -1
    outer loop
      vertex 85.6371 -10.6329 15.2
      vertex 87.2135 -12.3058 15.2
      vertex 87.1469 -12.3661 15.2
    endloop
  endfacet
  facet normal 0 0 -1
    outer loop
      vertex 88.8978 -10.5271 15.2
      vertex 87.093 -9.10379 15.2
      vertex 87.5264 -8.54852 15.2
    endloop
  endfacet
  facet normal 0 0 -1
    outer loop
      vertex 88.3656 -11.1475 15.2
      vertex 86.6329 -9.63713 15.2
      vertex 87.093 -9.10379 15.2
    endloop
  endfacet
  facet normal 0 0 -1
    outer loop
      vertex 85.1038 -11.093 15.2
      vertex 87.1469 -12.3661 15.2
      vertex 86.5698 -12.8639 15.2
    endloop
  endfacet
  facet normal 0 0 -1
    outer loop
      vertex 85.1038 -11.093 15.2
      vertex 86.5698 -12.8639 15.2
      vertex 86.3513 -13.062 15.2
    endloop
  endfacet
  facet normal 0 0 -1
    outer loop
      vertex 87.8038 -11.7407 15.2
      vertex 86.1473 -10.1473 15.2
      vertex 86.6329 -9.63713 15.2
    endloop
  endfacet
  facet normal 0 0 -1
    outer loop
      vertex 84.5485 -11.5264 15.2
      vertex 86.3513 -13.062 15.2
      vertex 86.1309 -13.2824 15.2
    endloop
  endfacet
  facet normal 0 0 -1
    outer loop
      vertex 84.5485 -11.5264 15.2
      vertex 86.1309 -13.2824 15.2
      vertex 85.9215 -13.5133 15.2
    endloop
  endfacet
  facet normal 0 0 -1
    outer loop
      vertex 83.9727 -11.9319 15.2
      vertex 85.9215 -13.5133 15.2
      vertex 85.7238 -13.7543 15.2
    endloop
  endfacet
  facet normal 0 0 -1
    outer loop
      vertex 87.2135 -12.3058 15.2
      vertex 85.6371 -10.6329 15.2
      vertex 86.1473 -10.1473 15.2
    endloop
  endfacet
  facet normal 0 0 -1
    outer loop
      vertex 83.9727 -11.9319 15.2
      vertex 85.7238 -13.7543 15.2
      vertex 85.5381 -14.0046 15.2
    endloop
  endfacet
  facet normal 0 0 -1
    outer loop
      vertex 83.9727 -11.9319 15.2
      vertex 85.5381 -14.0046 15.2
      vertex 85.3649 -14.2638 15.2
    endloop
  endfacet
  facet normal 0 0 -1
    outer loop
      vertex 83.9727 -11.9319 15.2
      vertex 85.3649 -14.2638 15.2
      vertex 85.2047 -14.5311 15.2
    endloop
  endfacet
  facet normal 0 0 -1
    outer loop
      vertex 87.1469 -12.3661 15.2
      vertex 85.1038 -11.093 15.2
      vertex 85.6371 -10.6329 15.2
    endloop
  endfacet
  facet normal 0 0 -1
    outer loop
      vertex 83.9727 -11.9319 15.2
      vertex 85.2047 -14.5311 15.2
      vertex 85.0577 -14.806 15.2
    endloop
  endfacet
  facet normal 0 0 -1
    outer loop
      vertex 83.9727 -11.9319 15.2
      vertex 85.0577 -14.806 15.2
      vertex 84.9245 -15.0878 15.2
    endloop
  endfacet
  facet normal 0 0 -1
    outer loop
      vertex 83.9727 -11.9319 15.2
      vertex 84.9245 -15.0878 15.2
      vertex 84.8052 -15.3757 15.2
    endloop
  endfacet
  facet normal 0 0 -1
    outer loop
      vertex 83.9727 -11.9319 15.2
      vertex 84.8052 -15.3757 15.2
      vertex 84.7001 -15.6692 15.2
    endloop
  endfacet
  facet normal 0 0 -1
    outer loop
      vertex 83.9727 -11.9319 15.2
      vertex 84.7001 -15.6692 15.2
      vertex 84.6097 -15.9675 15.2
    endloop
  endfacet
  facet normal 0 0 -1
    outer loop
      vertex 86.3513 -13.062 15.2
      vertex 84.5485 -11.5264 15.2
      vertex 85.1038 -11.093 15.2
    endloop
  endfacet
  facet normal 0 0 -1
    outer loop
      vertex 83.9727 -11.9319 15.2
      vertex 84.6097 -15.9675 15.2
      vertex 84.5339 -16.2698 15.2
    endloop
  endfacet
  facet normal 0 0 -1
    outer loop
      vertex 83.9727 -11.9319 15.2
      vertex 84.5339 -16.2698 15.2
      vertex 84.4731 -16.5755 15.2
    endloop
  endfacet
  facet normal 0 0 -1
    outer loop
      vertex 83.9727 -11.9319 15.2
      vertex 84.4731 -16.5755 15.2
      vertex 84.4274 -16.8839 15.2
    endloop
  endfacet
  facet normal 0 0 -1
    outer loop
      vertex 83.9727 -11.9319 15.2
      vertex 84.4274 -16.8839 15.2
      vertex 84.3968 -17.194 15.2
    endloop
  endfacet
  facet normal 0 0 -1
    outer loop
      vertex 83.9727 -11.9319 15.2
      vertex 84.3968 -17.194 15.2
      vertex 84.3815 -17.5053 15.2
    endloop
  endfacet
  facet normal 0 0 -1
    outer loop
      vertex 85.9215 -13.5133 15.2
      vertex 83.9727 -11.9319 15.2
      vertex 84.5485 -11.5264 15.2
    endloop
  endfacet
  facet normal 0 0 -1
    outer loop
      vertex 83.9727 -11.9319 15.2
      vertex 84.3815 -17.5053 15.2
      vertex 84.3815 -17.817 15.2
    endloop
  endfacet
  facet normal -0.0588866 0.998265 0
    outer loop
      vertex 47.6377 -88.3151 8.8
      vertex 41.9841 -88.6486 15.2
      vertex 47.6377 -88.3151 15.2
    endloop
  endfacet
  facet normal -0.0588866 0.998265 0
    outer loop
      vertex 41.9841 -88.6486 15.2
      vertex 47.6377 -88.3151 8.8
      vertex 41.9841 -88.6486 8.8
    endloop
  endfacet
  facet normal -0.0698002 0.997561 0
    outer loop
      vertex 47.672 -88.3127 8.8
      vertex 47.6377 -88.3151 15.2
      vertex 47.672 -88.3127 15.2
    endloop
  endfacet
  facet normal -0.0698002 0.997561 0
    outer loop
      vertex 47.6377 -88.3151 15.2
      vertex 47.672 -88.3127 8.8
      vertex 47.6377 -88.3151 8.8
    endloop
  endfacet
  facet normal -0.0775541 0.996988 0
    outer loop
      vertex 53.4145 -87.866 8.8
      vertex 47.672 -88.3127 15.2
      vertex 53.4145 -87.866 15.2
    endloop
  endfacet
  facet normal -0.0775541 0.996988 0
    outer loop
      vertex 47.672 -88.3127 15.2
      vertex 53.4145 -87.866 8.8
      vertex 47.672 -88.3127 8.8
    endloop
  endfacet
  facet normal -0.0874381 0.99617 0
    outer loop
      vertex 53.4464 -87.8632 8.8
      vertex 53.4145 -87.866 15.2
      vertex 53.4464 -87.8632 15.2
    endloop
  endfacet
  facet normal -0.0874381 0.99617 0
    outer loop
      vertex 53.4145 -87.866 15.2
      vertex 53.4464 -87.8632 8.8
      vertex 53.4145 -87.866 8.8
    endloop
  endfacet
  facet normal -0.0950758 0.99547 0
    outer loop
      vertex 59.2417 -87.3097 8.8
      vertex 53.4464 -87.8632 15.2
      vertex 59.2417 -87.3097 15.2
    endloop
  endfacet
  facet normal -0.0950758 0.99547 0
    outer loop
      vertex 53.4464 -87.8632 15.2
      vertex 59.2417 -87.3097 8.8
      vertex 53.4464 -87.8632 8.8
    endloop
  endfacet
  facet normal -0.101779 0.994807 0
    outer loop
      vertex 59.272 -87.3066 8.8
      vertex 59.2417 -87.3097 15.2
      vertex 59.272 -87.3066 15.2
    endloop
  endfacet
  facet normal -0.101779 0.994807 0
    outer loop
      vertex 59.2417 -87.3097 15.2
      vertex 59.272 -87.3066 8.8
      vertex 59.2417 -87.3097 8.8
    endloop
  endfacet
  facet normal -0.111489 0.993766 0
    outer loop
      vertex 65.1113 -86.6515 8.8
      vertex 59.272 -87.3066 15.2
      vertex 65.1113 -86.6515 15.2
    endloop
  endfacet
  facet normal -0.111489 0.993766 0
    outer loop
      vertex 59.272 -87.3066 15.2
      vertex 65.1113 -86.6515 8.8
      vertex 59.272 -87.3066 8.8
    endloop
  endfacet
  facet normal -0.119701 0.99281 0
    outer loop
      vertex 65.1395 -86.6481 8.8
      vertex 65.1113 -86.6515 15.2
      vertex 65.1395 -86.6481 15.2
    endloop
  endfacet
  facet normal -0.119701 0.99281 0
    outer loop
      vertex 65.1113 -86.6515 15.2
      vertex 65.1395 -86.6481 8.8
      vertex 65.1113 -86.6515 8.8
    endloop
  endfacet
  facet normal -0.126886 0.991917 0
    outer loop
      vertex 71.0213 -85.8957 8.8
      vertex 65.1395 -86.6481 15.2
      vertex 71.0213 -85.8957 15.2
    endloop
  endfacet
  facet normal -0.126886 0.991917 0
    outer loop
      vertex 65.1395 -86.6481 15.2
      vertex 71.0213 -85.8957 8.8
      vertex 65.1395 -86.6481 8.8
    endloop
  endfacet
  facet normal -0.131685 0.991292 0
    outer loop
      vertex 71.0484 -85.8921 8.8
      vertex 71.0213 -85.8957 15.2
      vertex 71.0484 -85.8921 15.2
    endloop
  endfacet
  facet normal -0.131685 0.991292 0
    outer loop
      vertex 71.0213 -85.8957 15.2
      vertex 71.0484 -85.8921 8.8
      vertex 71.0213 -85.8957 8.8
    endloop
  endfacet
  facet normal -0.141321 0.989964 0
    outer loop
      vertex 76.9642 -85.0476 8.8
      vertex 71.0484 -85.8921 15.2
      vertex 76.9642 -85.0476 15.2
    endloop
  endfacet
  facet normal -0.141321 0.989964 0
    outer loop
      vertex 71.0484 -85.8921 15.2
      vertex 76.9642 -85.0476 8.8
      vertex 71.0484 -85.8921 8.8
    endloop
  endfacet
  facet normal -0.146095 0.989271 0
    outer loop
      vertex 76.9879 -85.0441 8.8
      vertex 76.9642 -85.0476 15.2
      vertex 76.9879 -85.0441 15.2
    endloop
  endfacet
  facet normal -0.146095 0.989271 0
    outer loop
      vertex 76.9642 -85.0476 15.2
      vertex 76.9879 -85.0441 8.8
      vertex 76.9642 -85.0476 8.8
    endloop
  endfacet
  facet normal -0.154825 0.987942 0
    outer loop
      vertex 82.935 -84.1121 8.8
      vertex 76.9879 -85.0441 15.2
      vertex 82.935 -84.1121 15.2
    endloop
  endfacet
  facet normal -0.154825 0.987942 0
    outer loop
      vertex 76.9879 -85.0441 15.2
      vertex 82.935 -84.1121 8.8
      vertex 76.9879 -85.0441 8.8
    endloop
  endfacet
  facet normal -0.162931 0.986637 0
    outer loop
      vertex 82.9568 -84.1085 8.8
      vertex 82.935 -84.1121 15.2
      vertex 82.9568 -84.1085 15.2
    endloop
  endfacet
  facet normal -0.162931 0.986637 0
    outer loop
      vertex 82.935 -84.1121 15.2
      vertex 82.9568 -84.1085 8.8
      vertex 82.935 -84.1121 8.8
    endloop
  endfacet
  facet normal -0.1675 0.985872 0
    outer loop
      vertex 88.9262 -83.0943 8.8
      vertex 82.9568 -84.1085 15.2
      vertex 88.9262 -83.0943 15.2
    endloop
  endfacet
  facet normal -0.1675 0.985872 0
    outer loop
      vertex 82.9568 -84.1085 15.2
      vertex 88.9262 -83.0943 8.8
      vertex 82.9568 -84.1085 8.8
    endloop
  endfacet
  facet normal -0.174691 0.984623 0
    outer loop
      vertex 88.951 -83.0899 8.8
      vertex 88.9262 -83.0943 15.2
      vertex 88.951 -83.0899 15.2
    endloop
  endfacet
  facet normal -0.174691 0.984623 0
    outer loop
      vertex 88.9262 -83.0943 15.2
      vertex 88.951 -83.0899 8.8
      vertex 88.9262 -83.0943 8.8
    endloop
  endfacet
  facet normal -0.179381 0.98378 0
    outer loop
      vertex 94.9371 -81.9984 8.8
      vertex 88.951 -83.0899 15.2
      vertex 94.9371 -81.9984 15.2
    endloop
  endfacet
  facet normal -0.179381 0.98378 0
    outer loop
      vertex 88.951 -83.0899 15.2
      vertex 94.9371 -81.9984 8.8
      vertex 88.951 -83.0899 8.8
    endloop
  endfacet
  facet normal -0.188479 0.982077 0
    outer loop
      vertex 94.9569 -81.9946 8.8
      vertex 94.9371 -81.9984 15.2
      vertex 94.9569 -81.9946 15.2
    endloop
  endfacet
  facet normal -0.188479 0.982077 0
    outer loop
      vertex 94.9371 -81.9984 15.2
      vertex 94.9569 -81.9946 8.8
      vertex 94.9371 -81.9984 8.8
    endloop
  endfacet
  facet normal -0.190508 0.981686 0
    outer loop
      vertex 100.956 -80.8304 8.8
      vertex 94.9569 -81.9946 15.2
      vertex 100.956 -80.8304 15.2
    endloop
  endfacet
  facet normal -0.190508 0.981686 0
    outer loop
      vertex 94.9569 -81.9946 15.2
      vertex 100.956 -80.8304 8.8
      vertex 94.9569 -81.9946 8.8
    endloop
  endfacet
  facet normal -0.19162 0.981469 0
    outer loop
      vertex 100.977 -80.8263 8.8
      vertex 100.956 -80.8304 15.2
      vertex 100.977 -80.8263 15.2
    endloop
  endfacet
  facet normal -0.19162 0.981469 0
    outer loop
      vertex 100.956 -80.8304 15.2
      vertex 100.977 -80.8263 8.8
      vertex 100.956 -80.8304 8.8
    endloop
  endfacet
  facet normal -0.200893 0.979613 0
    outer loop
      vertex 106.988 -79.5936 8.8
      vertex 100.977 -80.8263 15.2
      vertex 106.988 -79.5936 15.2
    endloop
  endfacet
  facet normal -0.200893 0.979613 0
    outer loop
      vertex 100.977 -80.8263 15.2
      vertex 106.988 -79.5936 8.8
      vertex 100.977 -80.8263 8.8
    endloop
  endfacet
  facet normal -0.211753 0.977323 0
    outer loop
      vertex 107.006 -79.5897 8.8
      vertex 106.988 -79.5936 15.2
      vertex 107.006 -79.5897 15.2
    endloop
  endfacet
  facet normal -0.211753 0.977323 0
    outer loop
      vertex 106.988 -79.5936 15.2
      vertex 107.006 -79.5897 8.8
      vertex 106.988 -79.5936 8.8
    endloop
  endfacet
  facet normal -0.210657 0.97756 0
    outer loop
      vertex 108 -79.3755 8.8
      vertex 107.006 -79.5897 15.2
      vertex 108 -79.3755 15.2
    endloop
  endfacet
  facet normal -0.210657 0.97756 0
    outer loop
      vertex 107.006 -79.5897 15.2
      vertex 108 -79.3755 8.8
      vertex 107.006 -79.5897 8.8
    endloop
  endfacet
  facet normal 0 -1 0
    outer loop
      vertex 93.7278 -31.35 8.8
      vertex 108 -31.35 15.2
      vertex 93.7278 -31.35 15.2
    endloop
  endfacet
  facet normal 0 -1 -0
    outer loop
      vertex 108 -31.35 15.2
      vertex 93.7278 -31.35 8.8
      vertex 108 -31.35 8.8
    endloop
  endfacet
  facet normal -0.0243995 -0.999702 0
    outer loop
      vertex 93.4328 -31.3428 8.8
      vertex 93.7278 -31.35 15.2
      vertex 93.4328 -31.3428 15.2
    endloop
  endfacet
  facet normal -0.0243995 -0.999702 -0
    outer loop
      vertex 93.7278 -31.35 15.2
      vertex 93.4328 -31.3428 8.8
      vertex 93.7278 -31.35 8.8
    endloop
  endfacet
  facet normal -0.0738008 -0.997273 0
    outer loop
      vertex 93.122 -31.3198 8.8
      vertex 93.4328 -31.3428 15.2
      vertex 93.122 -31.3198 15.2
    endloop
  endfacet
  facet normal -0.0738008 -0.997273 -0
    outer loop
      vertex 93.4328 -31.3428 15.2
      vertex 93.122 -31.3198 8.8
      vertex 93.4328 -31.3428 8.8
    endloop
  endfacet
  facet normal -0.122218 -0.992503 0
    outer loop
      vertex 92.8126 -31.2817 8.8
      vertex 93.122 -31.3198 15.2
      vertex 92.8126 -31.2817 15.2
    endloop
  endfacet
  facet normal -0.122218 -0.992503 -0
    outer loop
      vertex 93.122 -31.3198 15.2
      vertex 92.8126 -31.2817 8.8
      vertex 93.122 -31.3198 8.8
    endloop
  endfacet
  facet normal -0.171057 -0.985261 0
    outer loop
      vertex 92.5056 -31.2284 8.8
      vertex 92.8126 -31.2817 15.2
      vertex 92.5056 -31.2284 15.2
    endloop
  endfacet
  facet normal -0.171057 -0.985261 -0
    outer loop
      vertex 92.8126 -31.2817 15.2
      vertex 92.5056 -31.2284 8.8
      vertex 92.8126 -31.2817 8.8
    endloop
  endfacet
  facet normal -0.21907 -0.975709 0
    outer loop
      vertex 92.2014 -31.1601 8.8
      vertex 92.5056 -31.2284 15.2
      vertex 92.2014 -31.1601 15.2
    endloop
  endfacet
  facet normal -0.21907 -0.975709 -0
    outer loop
      vertex 92.5056 -31.2284 15.2
      vertex 92.2014 -31.1601 8.8
      vertex 92.5056 -31.2284 8.8
    endloop
  endfacet
  facet normal -0.266618 -0.963802 0
    outer loop
      vertex 91.901 -31.077 8.8
      vertex 92.2014 -31.1601 15.2
      vertex 91.901 -31.077 15.2
    endloop
  endfacet
  facet normal -0.266618 -0.963802 -0
    outer loop
      vertex 92.2014 -31.1601 15.2
      vertex 91.901 -31.077 8.8
      vertex 92.2014 -31.1601 8.8
    endloop
  endfacet
  facet normal -0.31382 -0.949482 0
    outer loop
      vertex 91.6051 -30.9792 8.8
      vertex 91.901 -31.077 15.2
      vertex 91.6051 -30.9792 15.2
    endloop
  endfacet
  facet normal -0.31382 -0.949482 -0
    outer loop
      vertex 91.901 -31.077 15.2
      vertex 91.6051 -30.9792 8.8
      vertex 91.901 -31.077 8.8
    endloop
  endfacet
  facet normal -0.35986 -0.933006 0
    outer loop
      vertex 91.3142 -30.867 8.8
      vertex 91.6051 -30.9792 15.2
      vertex 91.3142 -30.867 15.2
    endloop
  endfacet
  facet normal -0.35986 -0.933006 -0
    outer loop
      vertex 91.6051 -30.9792 15.2
      vertex 91.3142 -30.867 8.8
      vertex 91.6051 -30.9792 8.8
    endloop
  endfacet
  facet normal -0.405275 -0.914195 0
    outer loop
      vertex 91.0293 -30.7407 8.8
      vertex 91.3142 -30.867 15.2
      vertex 91.0293 -30.7407 15.2
    endloop
  endfacet
  facet normal -0.405275 -0.914195 -0
    outer loop
      vertex 91.3142 -30.867 15.2
      vertex 91.0293 -30.7407 8.8
      vertex 91.3142 -30.867 8.8
    endloop
  endfacet
  facet normal -0.449522 -0.893269 0
    outer loop
      vertex 90.7509 -30.6006 8.8
      vertex 91.0293 -30.7407 15.2
      vertex 90.7509 -30.6006 15.2
    endloop
  endfacet
  facet normal -0.449522 -0.893269 -0
    outer loop
      vertex 91.0293 -30.7407 15.2
      vertex 90.7509 -30.6006 8.8
      vertex 91.0293 -30.7407 8.8
    endloop
  endfacet
  facet normal -0.493061 -0.869995 0
    outer loop
      vertex 90.4797 -30.4469 8.8
      vertex 90.7509 -30.6006 15.2
      vertex 90.4797 -30.4469 15.2
    endloop
  endfacet
  facet normal -0.493061 -0.869995 -0
    outer loop
      vertex 90.7509 -30.6006 15.2
      vertex 90.4797 -30.4469 8.8
      vertex 90.7509 -30.6006 8.8
    endloop
  endfacet
  facet normal -0.534777 -0.844993 0
    outer loop
      vertex 90.2163 -30.2802 8.8
      vertex 90.4797 -30.4469 15.2
      vertex 90.2163 -30.2802 15.2
    endloop
  endfacet
  facet normal -0.534777 -0.844993 -0
    outer loop
      vertex 90.4797 -30.4469 15.2
      vertex 90.2163 -30.2802 8.8
      vertex 90.4797 -30.4469 8.8
    endloop
  endfacet
  facet normal -0.575915 -0.81751 0
    outer loop
      vertex 89.9615 -30.1007 8.8
      vertex 90.2163 -30.2802 15.2
      vertex 89.9615 -30.1007 15.2
    endloop
  endfacet
  facet normal -0.575915 -0.81751 -0
    outer loop
      vertex 90.2163 -30.2802 15.2
      vertex 89.9615 -30.1007 8.8
      vertex 90.2163 -30.2802 8.8
    endloop
  endfacet
  facet normal -0.615339 -0.788263 0
    outer loop
      vertex 89.7158 -29.9089 8.8
      vertex 89.9615 -30.1007 15.2
      vertex 89.7158 -29.9089 15.2
    endloop
  endfacet
  facet normal -0.615339 -0.788263 -0
    outer loop
      vertex 89.9615 -30.1007 15.2
      vertex 89.7158 -29.9089 8.8
      vertex 89.9615 -30.1007 8.8
    endloop
  endfacet
  facet normal -0.653035 -0.757328 0
    outer loop
      vertex 89.4798 -29.7054 8.8
      vertex 89.7158 -29.9089 15.2
      vertex 89.4798 -29.7054 15.2
    endloop
  endfacet
  facet normal -0.653035 -0.757328 -0
    outer loop
      vertex 89.7158 -29.9089 15.2
      vertex 89.4798 -29.7054 8.8
      vertex 89.7158 -29.9089 8.8
    endloop
  endfacet
  facet normal -0.689575 -0.724214 0
    outer loop
      vertex 89.254 -29.4904 8.8
      vertex 89.4798 -29.7054 15.2
      vertex 89.254 -29.4904 15.2
    endloop
  endfacet
  facet normal -0.689575 -0.724214 -0
    outer loop
      vertex 89.4798 -29.7054 15.2
      vertex 89.254 -29.4904 8.8
      vertex 89.4798 -29.7054 8.8
    endloop
  endfacet
  facet normal -0.724374 -0.689407 0
    outer loop
      vertex 89.254 -29.4904 8.8
      vertex 89.0391 -29.2646 15.2
      vertex 89.0391 -29.2646 8.8
    endloop
  endfacet
  facet normal -0.724374 -0.689407 0
    outer loop
      vertex 89.0391 -29.2646 15.2
      vertex 89.254 -29.4904 8.8
      vertex 89.254 -29.4904 15.2
    endloop
  endfacet
  facet normal -0.757032 -0.653378 0
    outer loop
      vertex 89.0391 -29.2646 8.8
      vertex 88.8355 -29.0287 15.2
      vertex 88.8355 -29.0287 8.8
    endloop
  endfacet
  facet normal -0.757032 -0.653378 0
    outer loop
      vertex 88.8355 -29.0287 15.2
      vertex 89.0391 -29.2646 8.8
      vertex 89.0391 -29.2646 15.2
    endloop
  endfacet
  facet normal -0.788384 -0.615183 0
    outer loop
      vertex 88.8355 -29.0287 8.8
      vertex 88.6437 -28.7829 15.2
      vertex 88.6437 -28.7829 8.8
    endloop
  endfacet
  facet normal -0.788384 -0.615183 0
    outer loop
      vertex 88.6437 -28.7829 15.2
      vertex 88.8355 -29.0287 8.8
      vertex 88.8355 -29.0287 15.2
    endloop
  endfacet
  facet normal -0.817661 -0.5757 0
    outer loop
      vertex 88.6437 -28.7829 8.8
      vertex 88.4643 -28.5281 15.2
      vertex 88.4643 -28.5281 8.8
    endloop
  endfacet
  facet normal -0.817661 -0.5757 0
    outer loop
      vertex 88.4643 -28.5281 15.2
      vertex 88.6437 -28.7829 8.8
      vertex 88.6437 -28.7829 15.2
    endloop
  endfacet
  facet normal -0.844756 -0.535151 0
    outer loop
      vertex 88.4643 -28.5281 8.8
      vertex 88.2975 -28.2648 15.2
      vertex 88.2975 -28.2648 8.8
    endloop
  endfacet
  facet normal -0.844756 -0.535151 0
    outer loop
      vertex 88.2975 -28.2648 15.2
      vertex 88.4643 -28.5281 8.8
      vertex 88.4643 -28.5281 15.2
    endloop
  endfacet
  facet normal -0.87021 -0.492681 0
    outer loop
      vertex 88.2975 -28.2648 8.8
      vertex 88.1439 -27.9935 15.2
      vertex 88.1439 -27.9935 8.8
    endloop
  endfacet
  facet normal -0.87021 -0.492681 0
    outer loop
      vertex 88.1439 -27.9935 15.2
      vertex 88.2975 -28.2648 8.8
      vertex 88.2975 -28.2648 15.2
    endloop
  endfacet
  facet normal -0.893075 -0.449907 0
    outer loop
      vertex 88.1439 -27.9935 8.8
      vertex 88.0037 -27.7152 15.2
      vertex 88.0037 -27.7152 8.8
    endloop
  endfacet
  facet normal -0.893075 -0.449907 0
    outer loop
      vertex 88.0037 -27.7152 15.2
      vertex 88.1439 -27.9935 8.8
      vertex 88.1439 -27.9935 15.2
    endloop
  endfacet
  facet normal -0.914248 -0.405156 0
    outer loop
      vertex 88.0037 -27.7152 8.8
      vertex 87.8774 -27.4302 15.2
      vertex 87.8774 -27.4302 8.8
    endloop
  endfacet
  facet normal -0.914248 -0.405156 0
    outer loop
      vertex 87.8774 -27.4302 15.2
      vertex 88.0037 -27.7152 8.8
      vertex 88.0037 -27.7152 15.2
    endloop
  endfacet
  facet normal -0.932965 -0.359968 0
    outer loop
      vertex 87.8774 -27.4302 8.8
      vertex 87.7652 -27.1394 15.2
      vertex 87.7652 -27.1394 8.8
    endloop
  endfacet
  facet normal -0.932965 -0.359968 0
    outer loop
      vertex 87.7652 -27.1394 15.2
      vertex 87.8774 -27.4302 8.8
      vertex 87.8774 -27.4302 15.2
    endloop
  endfacet
  facet normal -0.94961 -0.313435 0
    outer loop
      vertex 87.7652 -27.1394 8.8
      vertex 87.6675 -26.8434 15.2
      vertex 87.6675 -26.8434 8.8
    endloop
  endfacet
  facet normal -0.94961 -0.313435 0
    outer loop
      vertex 87.6675 -26.8434 15.2
      vertex 87.7652 -27.1394 8.8
      vertex 87.7652 -27.1394 15.2
    endloop
  endfacet
  facet normal -0.96372 -0.266916 0
    outer loop
      vertex 87.6675 -26.8434 8.8
      vertex 87.5843 -26.543 15.2
      vertex 87.5843 -26.543 8.8
    endloop
  endfacet
  facet normal -0.96372 -0.266916 0
    outer loop
      vertex 87.5843 -26.543 15.2
      vertex 87.6675 -26.8434 8.8
      vertex 87.6675 -26.8434 15.2
    endloop
  endfacet
  facet normal -0.975751 -0.218885 0
    outer loop
      vertex 87.5843 -26.543 8.8
      vertex 87.5179 -26.247 15.2
      vertex 87.5179 -26.247 8.8
    endloop
  endfacet
  facet normal -0.975751 -0.218885 0
    outer loop
      vertex 87.5179 -26.247 15.2
      vertex 87.5843 -26.543 8.8
      vertex 87.5843 -26.543 15.2
    endloop
  endfacet
  facet normal -0.983017 -0.183514 0
    outer loop
      vertex 87.5179 -26.247 8.8
      vertex 87.4893 -26.0938 15.2
      vertex 87.4893 -26.0938 8.8
    endloop
  endfacet
  facet normal -0.983017 -0.183514 0
    outer loop
      vertex 87.4893 -26.0938 15.2
      vertex 87.5179 -26.247 8.8
      vertex 87.5179 -26.247 15.2
    endloop
  endfacet
  facet normal -0.985283 -0.170929 0
    outer loop
      vertex 87.4893 -26.0938 8.8
      vertex 87.4333 -25.771 15.2
      vertex 87.4333 -25.771 8.8
    endloop
  endfacet
  facet normal -0.985283 -0.170929 0
    outer loop
      vertex 87.4333 -25.771 15.2
      vertex 87.4893 -26.0938 8.8
      vertex 87.4893 -26.0938 15.2
    endloop
  endfacet
  facet normal -0.980754 -0.195248 0
    outer loop
      vertex 87.4333 -25.771 8.8
      vertex 87.416 -25.6841 15.2
      vertex 87.416 -25.6841 8.8
    endloop
  endfacet
  facet normal -0.980754 -0.195248 0
    outer loop
      vertex 87.416 -25.6841 15.2
      vertex 87.4333 -25.771 8.8
      vertex 87.4333 -25.771 15.2
    endloop
  endfacet
  facet normal -0.975717 -0.219034 0
    outer loop
      vertex 87.416 -25.6841 8.8
      vertex 87.3102 -25.2128 15.2
      vertex 87.3102 -25.2128 8.8
    endloop
  endfacet
  facet normal -0.975717 -0.219034 0
    outer loop
      vertex 87.3102 -25.2128 15.2
      vertex 87.416 -25.6841 8.8
      vertex 87.416 -25.6841 15.2
    endloop
  endfacet
  facet normal -0.970076 -0.2428 0
    outer loop
      vertex 87.3102 -25.2128 8.8
      vertex 87.2886 -25.1265 15.2
      vertex 87.2886 -25.1265 8.8
    endloop
  endfacet
  facet normal -0.970076 -0.2428 0
    outer loop
      vertex 87.2886 -25.1265 15.2
      vertex 87.3102 -25.2128 8.8
      vertex 87.3102 -25.2128 15.2
    endloop
  endfacet
  facet normal -0.963782 -0.266693 0
    outer loop
      vertex 87.2886 -25.1265 8.8
      vertex 87.1599 -24.6614 15.2
      vertex 87.1599 -24.6614 8.8
    endloop
  endfacet
  facet normal -0.963782 -0.266693 0
    outer loop
      vertex 87.1599 -24.6614 15.2
      vertex 87.2886 -25.1265 8.8
      vertex 87.2886 -25.1265 15.2
    endloop
  endfacet
  facet normal -0.956958 -0.290225 0
    outer loop
      vertex 87.1599 -24.6614 8.8
      vertex 87.134 -24.576 15.2
      vertex 87.134 -24.576 8.8
    endloop
  endfacet
  facet normal -0.956958 -0.290225 0
    outer loop
      vertex 87.134 -24.576 15.2
      vertex 87.1599 -24.6614 8.8
      vertex 87.1599 -24.6614 15.2
    endloop
  endfacet
  facet normal -0.949508 -0.313742 0
    outer loop
      vertex 87.134 -24.576 8.8
      vertex 86.9825 -24.1175 15.2
      vertex 86.9825 -24.1175 8.8
    endloop
  endfacet
  facet normal -0.949508 -0.313742 0
    outer loop
      vertex 86.9825 -24.1175 15.2
      vertex 87.134 -24.576 8.8
      vertex 87.134 -24.576 15.2
    endloop
  endfacet
  facet normal -0.941487 -0.337048 0
    outer loop
      vertex 86.9825 -24.1175 8.8
      vertex 86.9525 -24.0337 15.2
      vertex 86.9525 -24.0337 8.8
    endloop
  endfacet
  facet normal -0.941487 -0.337048 0
    outer loop
      vertex 86.9525 -24.0337 15.2
      vertex 86.9825 -24.1175 8.8
      vertex 86.9825 -24.1175 15.2
    endloop
  endfacet
  facet normal -0.93304 -0.359771 0
    outer loop
      vertex 86.9525 -24.0337 8.8
      vertex 86.7791 -23.584 15.2
      vertex 86.7791 -23.584 8.8
    endloop
  endfacet
  facet normal -0.93304 -0.359771 0
    outer loop
      vertex 86.7791 -23.584 15.2
      vertex 86.9525 -24.0337 8.8
      vertex 86.9525 -24.0337 15.2
    endloop
  endfacet
  facet normal -0.923733 -0.383038 0
    outer loop
      vertex 86.7791 -23.584 8.8
      vertex 86.7446 -23.5008 15.2
      vertex 86.7446 -23.5008 8.8
    endloop
  endfacet
  facet normal -0.923733 -0.383038 0
    outer loop
      vertex 86.7446 -23.5008 15.2
      vertex 86.7791 -23.584 8.8
      vertex 86.7791 -23.584 15.2
    endloop
  endfacet
  facet normal -0.91417 -0.40533 0
    outer loop
      vertex 86.7446 -23.5008 8.8
      vertex 86.5492 -23.0601 15.2
      vertex 86.5492 -23.0601 8.8
    endloop
  endfacet
  facet normal -0.91417 -0.40533 0
    outer loop
      vertex 86.5492 -23.0601 15.2
      vertex 86.7446 -23.5008 8.8
      vertex 86.7446 -23.5008 15.2
    endloop
  endfacet
  facet normal -0.90401 -0.427512 0
    outer loop
      vertex 86.5492 -23.0601 8.8
      vertex 86.5108 -22.9789 15.2
      vertex 86.5108 -22.9789 8.8
    endloop
  endfacet
  facet normal -0.90401 -0.427512 0
    outer loop
      vertex 86.5108 -22.9789 15.2
      vertex 86.5492 -23.0601 8.8
      vertex 86.5492 -23.0601 15.2
    endloop
  endfacet
  facet normal -0.893219 -0.449622 0
    outer loop
      vertex 86.5108 -22.9789 8.8
      vertex 86.2944 -22.549 15.2
      vertex 86.2944 -22.549 8.8
    endloop
  endfacet
  facet normal -0.893219 -0.449622 0
    outer loop
      vertex 86.2944 -22.549 15.2
      vertex 86.5108 -22.9789 8.8
      vertex 86.5108 -22.9789 15.2
    endloop
  endfacet
  facet normal -0.881955 -0.471333 0
    outer loop
      vertex 86.2944 -22.549 8.8
      vertex 86.2517 -22.4691 15.2
      vertex 86.2517 -22.4691 8.8
    endloop
  endfacet
  facet normal -0.881955 -0.471333 0
    outer loop
      vertex 86.2517 -22.4691 15.2
      vertex 86.2944 -22.549 8.8
      vertex 86.2944 -22.549 15.2
    endloop
  endfacet
  facet normal -0.870129 -0.492824 0
    outer loop
      vertex 86.2517 -22.4691 8.8
      vertex 86.0145 -22.0503 15.2
      vertex 86.0145 -22.0503 8.8
    endloop
  endfacet
  facet normal -0.870129 -0.492824 0
    outer loop
      vertex 86.0145 -22.0503 15.2
      vertex 86.2517 -22.4691 8.8
      vertex 86.2517 -22.4691 15.2
    endloop
  endfacet
  facet normal -0.857688 -0.51417 0
    outer loop
      vertex 86.0145 -22.0503 8.8
      vertex 85.9681 -21.9729 15.2
      vertex 85.9681 -21.9729 8.8
    endloop
  endfacet
  facet normal -0.857688 -0.51417 0
    outer loop
      vertex 85.9681 -21.9729 15.2
      vertex 86.0145 -22.0503 8.8
      vertex 86.0145 -22.0503 15.2
    endloop
  endfacet
  facet normal -0.844838 -0.535022 0
    outer loop
      vertex 85.9681 -21.9729 8.8
      vertex 85.7101 -21.5655 15.2
      vertex 85.7101 -21.5655 8.8
    endloop
  endfacet
  facet normal -0.844838 -0.535022 0
    outer loop
      vertex 85.7101 -21.5655 15.2
      vertex 85.9681 -21.9729 8.8
      vertex 85.9681 -21.9729 15.2
    endloop
  endfacet
  facet normal -0.831706 -0.555217 0
    outer loop
      vertex 85.7101 -21.5655 8.8
      vertex 85.6605 -21.4912 15.2
      vertex 85.6605 -21.4912 8.8
    endloop
  endfacet
  facet normal -0.831706 -0.555217 0
    outer loop
      vertex 85.6605 -21.4912 15.2
      vertex 85.7101 -21.5655 8.8
      vertex 85.7101 -21.5655 15.2
    endloop
  endfacet
  facet normal -0.817525 -0.575894 0
    outer loop
      vertex 85.6605 -21.4912 8.8
      vertex 85.5287 -21.3041 15.2
      vertex 85.5287 -21.3041 8.8
    endloop
  endfacet
  facet normal -0.817525 -0.575894 0
    outer loop
      vertex 85.5287 -21.3041 15.2
      vertex 85.6605 -21.4912 8.8
      vertex 85.6605 -21.4912 15.2
    endloop
  endfacet
  facet normal -0.831424 -0.555638 0
    outer loop
      vertex 85.5287 -21.3041 8.8
      vertex 85.3647 -21.0587 15.2
      vertex 85.3647 -21.0587 8.8
    endloop
  endfacet
  facet normal -0.831424 -0.555638 0
    outer loop
      vertex 85.3647 -21.0587 15.2
      vertex 85.5287 -21.3041 8.8
      vertex 85.5287 -21.3041 15.2
    endloop
  endfacet
  facet normal -0.857832 -0.51393 0
    outer loop
      vertex 85.3647 -21.0587 8.8
      vertex 85.2045 -20.7913 15.2
      vertex 85.2045 -20.7913 8.8
    endloop
  endfacet
  facet normal -0.857832 -0.51393 0
    outer loop
      vertex 85.2045 -20.7913 15.2
      vertex 85.3647 -21.0587 8.8
      vertex 85.3647 -21.0587 15.2
    endloop
  endfacet
  facet normal -0.881899 -0.471438 0
    outer loop
      vertex 85.2045 -20.7913 8.8
      vertex 85.0576 -20.5165 15.2
      vertex 85.0576 -20.5165 8.8
    endloop
  endfacet
  facet normal -0.881899 -0.471438 0
    outer loop
      vertex 85.0576 -20.5165 15.2
      vertex 85.2045 -20.7913 8.8
      vertex 85.2045 -20.7913 15.2
    endloop
  endfacet
  facet normal -0.904025 -0.42748 0
    outer loop
      vertex 85.0576 -20.5165 8.8
      vertex 84.9243 -20.2346 15.2
      vertex 84.9243 -20.2346 8.8
    endloop
  endfacet
  facet normal -0.904025 -0.42748 0
    outer loop
      vertex 84.9243 -20.2346 15.2
      vertex 85.0576 -20.5165 8.8
      vertex 85.0576 -20.5165 15.2
    endloop
  endfacet
  facet normal -0.923939 -0.382541 0
    outer loop
      vertex 84.9243 -20.2346 8.8
      vertex 84.8051 -19.9467 15.2
      vertex 84.8051 -19.9467 8.8
    endloop
  endfacet
  facet normal -0.923939 -0.382541 0
    outer loop
      vertex 84.8051 -19.9467 15.2
      vertex 84.9243 -20.2346 8.8
      vertex 84.9243 -20.2346 15.2
    endloop
  endfacet
  facet normal -0.94156 -0.336844 0
    outer loop
      vertex 84.8051 -19.9467 8.8
      vertex 84.7001 -19.6532 15.2
      vertex 84.7001 -19.6532 8.8
    endloop
  endfacet
  facet normal -0.94156 -0.336844 0
    outer loop
      vertex 84.7001 -19.6532 15.2
      vertex 84.8051 -19.9467 8.8
      vertex 84.8051 -19.9467 15.2
    endloop
  endfacet
  facet normal -0.95693 -0.290319 0
    outer loop
      vertex 84.7001 -19.6532 8.8
      vertex 84.6096 -19.3549 15.2
      vertex 84.6096 -19.3549 8.8
    endloop
  endfacet
  facet normal -0.95693 -0.290319 0
    outer loop
      vertex 84.6096 -19.3549 15.2
      vertex 84.7001 -19.6532 8.8
      vertex 84.7001 -19.6532 15.2
    endloop
  endfacet
  facet normal -0.970048 -0.242913 0
    outer loop
      vertex 84.6096 -19.3549 8.8
      vertex 84.5339 -19.0526 15.2
      vertex 84.5339 -19.0526 8.8
    endloop
  endfacet
  facet normal -0.970048 -0.242913 0
    outer loop
      vertex 84.5339 -19.0526 15.2
      vertex 84.6096 -19.3549 8.8
      vertex 84.6096 -19.3549 15.2
    endloop
  endfacet
  facet normal -0.98079 -0.195067 0
    outer loop
      vertex 84.5339 -19.0526 8.8
      vertex 84.4731 -18.7469 15.2
      vertex 84.4731 -18.7469 8.8
    endloop
  endfacet
  facet normal -0.98079 -0.195067 0
    outer loop
      vertex 84.4731 -18.7469 15.2
      vertex 84.5339 -19.0526 8.8
      vertex 84.5339 -19.0526 15.2
    endloop
  endfacet
  facet normal -0.989145 -0.146944 0
    outer loop
      vertex 84.4731 -18.7469 8.8
      vertex 84.4273 -18.4386 15.2
      vertex 84.4273 -18.4386 8.8
    endloop
  endfacet
  facet normal -0.989145 -0.146944 0
    outer loop
      vertex 84.4273 -18.4386 15.2
      vertex 84.4731 -18.7469 8.8
      vertex 84.4731 -18.7469 15.2
    endloop
  endfacet
  facet normal -0.995201 -0.0978518 0
    outer loop
      vertex 84.4273 -18.4386 8.8
      vertex 84.3968 -18.1284 15.2
      vertex 84.3968 -18.1284 8.8
    endloop
  endfacet
  facet normal -0.995201 -0.0978518 0
    outer loop
      vertex 84.3968 -18.1284 15.2
      vertex 84.4273 -18.4386 8.8
      vertex 84.4273 -18.4386 15.2
    endloop
  endfacet
  facet normal -0.998795 -0.0490738 0
    outer loop
      vertex 84.3968 -18.1284 8.8
      vertex 84.3815 -17.817 15.2
      vertex 84.3815 -17.817 8.8
    endloop
  endfacet
  facet normal -0.998795 -0.0490738 0
    outer loop
      vertex 84.3815 -17.817 15.2
      vertex 84.3968 -18.1284 8.8
      vertex 84.3968 -18.1284 15.2
    endloop
  endfacet
  facet normal -1 0 0
    outer loop
      vertex 84.3815 -17.817 8.8
      vertex 84.3815 -17.5053 15.2
      vertex 84.3815 -17.5053 8.8
    endloop
  endfacet
  facet normal -1 -0 0
    outer loop
      vertex 84.3815 -17.5053 15.2
      vertex 84.3815 -17.817 8.8
      vertex 84.3815 -17.817 15.2
    endloop
  endfacet
  facet normal -0.998794 0.0490895 0
    outer loop
      vertex 84.3815 -17.5053 8.8
      vertex 84.3968 -17.194 15.2
      vertex 84.3968 -17.194 8.8
    endloop
  endfacet
  facet normal -0.998794 0.0490895 0
    outer loop
      vertex 84.3968 -17.194 15.2
      vertex 84.3815 -17.5053 8.8
      vertex 84.3815 -17.5053 15.2
    endloop
  endfacet
  facet normal -0.995167 0.0982009 0
    outer loop
      vertex 84.3968 -17.194 8.8
      vertex 84.4274 -16.8839 15.2
      vertex 84.4274 -16.8839 8.8
    endloop
  endfacet
  facet normal -0.995167 0.0982009 0
    outer loop
      vertex 84.4274 -16.8839 15.2
      vertex 84.3968 -17.194 8.8
      vertex 84.3968 -17.194 15.2
    endloop
  endfacet
  facet normal -0.989198 0.146584 0
    outer loop
      vertex 84.4274 -16.8839 8.8
      vertex 84.4731 -16.5755 15.2
      vertex 84.4731 -16.5755 8.8
    endloop
  endfacet
  facet normal -0.989198 0.146584 0
    outer loop
      vertex 84.4731 -16.5755 15.2
      vertex 84.4274 -16.8839 8.8
      vertex 84.4274 -16.8839 15.2
    endloop
  endfacet
  facet normal -0.98079 0.195067 0
    outer loop
      vertex 84.4731 -16.5755 8.8
      vertex 84.5339 -16.2698 15.2
      vertex 84.5339 -16.2698 8.8
    endloop
  endfacet
  facet normal -0.98079 0.195067 0
    outer loop
      vertex 84.5339 -16.2698 15.2
      vertex 84.4731 -16.5755 8.8
      vertex 84.4731 -16.5755 15.2
    endloop
  endfacet
  facet normal -0.969972 0.243215 0
    outer loop
      vertex 84.5339 -16.2698 8.8
      vertex 84.6097 -15.9675 15.2
      vertex 84.6097 -15.9675 8.8
    endloop
  endfacet
  facet normal -0.969972 0.243215 0
    outer loop
      vertex 84.6097 -15.9675 15.2
      vertex 84.5339 -16.2698 8.8
      vertex 84.5339 -16.2698 15.2
    endloop
  endfacet
  facet normal -0.957019 0.290025 0
    outer loop
      vertex 84.6097 -15.9675 8.8
      vertex 84.7001 -15.6692 15.2
      vertex 84.7001 -15.6692 8.8
    endloop
  endfacet
  facet normal -0.957019 0.290025 0
    outer loop
      vertex 84.7001 -15.6692 15.2
      vertex 84.6097 -15.9675 8.8
      vertex 84.6097 -15.9675 15.2
    endloop
  endfacet
  facet normal -0.941459 0.337129 0
    outer loop
      vertex 84.7001 -15.6692 8.8
      vertex 84.8052 -15.3757 15.2
      vertex 84.8052 -15.3757 8.8
    endloop
  endfacet
  facet normal -0.941459 0.337129 0
    outer loop
      vertex 84.8052 -15.3757 15.2
      vertex 84.7001 -15.6692 8.8
      vertex 84.7001 -15.6692 15.2
    endloop
  endfacet
  facet normal -0.923825 0.382815 0
    outer loop
      vertex 84.8052 -15.3757 8.8
      vertex 84.9245 -15.0878 15.2
      vertex 84.9245 -15.0878 8.8
    endloop
  endfacet
  facet normal -0.923825 0.382815 0
    outer loop
      vertex 84.9245 -15.0878 15.2
      vertex 84.8052 -15.3757 8.8
      vertex 84.8052 -15.3757 15.2
    endloop
  endfacet
  facet normal -0.90409 0.427341 0
    outer loop
      vertex 84.9245 -15.0878 8.8
      vertex 85.0577 -14.806 15.2
      vertex 85.0577 -14.806 8.8
    endloop
  endfacet
  facet normal -0.90409 0.427341 0
    outer loop
      vertex 85.0577 -14.806 15.2
      vertex 84.9245 -15.0878 8.8
      vertex 84.9245 -15.0878 15.2
    endloop
  endfacet
  facet normal -0.881837 0.471554 0
    outer loop
      vertex 85.0577 -14.806 8.8
      vertex 85.2047 -14.5311 15.2
      vertex 85.2047 -14.5311 8.8
    endloop
  endfacet
  facet normal -0.881837 0.471554 0
    outer loop
      vertex 85.2047 -14.5311 15.2
      vertex 85.0577 -14.806 8.8
      vertex 85.0577 -14.806 15.2
    endloop
  endfacet
  facet normal -0.857748 0.514071 0
    outer loop
      vertex 85.2047 -14.5311 8.8
      vertex 85.3649 -14.2638 15.2
      vertex 85.3649 -14.2638 8.8
    endloop
  endfacet
  facet normal -0.857748 0.514071 0
    outer loop
      vertex 85.3649 -14.2638 15.2
      vertex 85.2047 -14.5311 8.8
      vertex 85.2047 -14.5311 15.2
    endloop
  endfacet
  facet normal -0.831458 0.555588 0
    outer loop
      vertex 85.3649 -14.2638 8.8
      vertex 85.5381 -14.0046 15.2
      vertex 85.5381 -14.0046 8.8
    endloop
  endfacet
  facet normal -0.831458 0.555588 0
    outer loop
      vertex 85.5381 -14.0046 15.2
      vertex 85.3649 -14.2638 8.8
      vertex 85.3649 -14.2638 15.2
    endloop
  endfacet
  facet normal -0.803108 0.595834 0
    outer loop
      vertex 85.5381 -14.0046 8.8
      vertex 85.7238 -13.7543 15.2
      vertex 85.7238 -13.7543 8.8
    endloop
  endfacet
  facet normal -0.803108 0.595834 0
    outer loop
      vertex 85.7238 -13.7543 15.2
      vertex 85.5381 -14.0046 8.8
      vertex 85.5381 -14.0046 15.2
    endloop
  endfacet
  facet normal -0.773142 0.634233 0
    outer loop
      vertex 85.7238 -13.7543 8.8
      vertex 85.9215 -13.5133 15.2
      vertex 85.9215 -13.5133 8.8
    endloop
  endfacet
  facet normal -0.773142 0.634233 0
    outer loop
      vertex 85.9215 -13.5133 15.2
      vertex 85.7238 -13.7543 8.8
      vertex 85.7238 -13.7543 15.2
    endloop
  endfacet
  facet normal -0.740752 0.671778 0
    outer loop
      vertex 85.9215 -13.5133 8.8
      vertex 86.1309 -13.2824 15.2
      vertex 86.1309 -13.2824 8.8
    endloop
  endfacet
  facet normal -0.740752 0.671778 0
    outer loop
      vertex 86.1309 -13.2824 15.2
      vertex 85.9215 -13.5133 8.8
      vertex 85.9215 -13.5133 15.2
    endloop
  endfacet
  facet normal -0.707107 0.707107 0
    outer loop
      vertex 86.3513 -13.062 8.8
      vertex 86.1309 -13.2824 15.2
      vertex 86.3513 -13.062 15.2
    endloop
  endfacet
  facet normal -0.707107 0.707107 0
    outer loop
      vertex 86.1309 -13.2824 15.2
      vertex 86.3513 -13.062 8.8
      vertex 86.1309 -13.2824 8.8
    endloop
  endfacet
  facet normal -0.671676 0.740845 0
    outer loop
      vertex 86.5698 -12.8639 8.8
      vertex 86.3513 -13.062 15.2
      vertex 86.5698 -12.8639 15.2
    endloop
  endfacet
  facet normal -0.671676 0.740845 0
    outer loop
      vertex 86.3513 -13.062 15.2
      vertex 86.5698 -12.8639 8.8
      vertex 86.3513 -13.062 8.8
    endloop
  endfacet
  facet normal -0.653165 0.757215 0
    outer loop
      vertex 87.1469 -12.3661 8.8
      vertex 86.5698 -12.8639 15.2
      vertex 87.1469 -12.3661 15.2
    endloop
  endfacet
  facet normal -0.653165 0.757215 0
    outer loop
      vertex 86.5698 -12.8639 15.2
      vertex 87.1469 -12.3661 8.8
      vertex 86.5698 -12.8639 8.8
    endloop
  endfacet
  facet normal -0.671176 0.741298 0
    outer loop
      vertex 87.2135 -12.3058 8.8
      vertex 87.1469 -12.3661 15.2
      vertex 87.2135 -12.3058 15.2
    endloop
  endfacet
  facet normal -0.671176 0.741298 0
    outer loop
      vertex 87.1469 -12.3661 15.2
      vertex 87.2135 -12.3058 8.8
      vertex 87.1469 -12.3661 8.8
    endloop
  endfacet
  facet normal -0.689587 0.724203 0
    outer loop
      vertex 87.7407 -11.8038 8.8
      vertex 87.2135 -12.3058 15.2
      vertex 87.7407 -11.8038 15.2
    endloop
  endfacet
  facet normal -0.689587 0.724203 0
    outer loop
      vertex 87.2135 -12.3058 15.2
      vertex 87.7407 -11.8038 8.8
      vertex 87.2135 -12.3058 8.8
    endloop
  endfacet
  facet normal -0.707107 0.707107 0
    outer loop
      vertex 87.7407 -11.8038 8.8
      vertex 87.8038 -11.7407 15.2
      vertex 87.8038 -11.7407 8.8
    endloop
  endfacet
  facet normal -0.707107 0.707107 0
    outer loop
      vertex 87.8038 -11.7407 15.2
      vertex 87.7407 -11.8038 8.8
      vertex 87.7407 -11.8038 15.2
    endloop
  endfacet
  facet normal -0.724203 0.689587 0
    outer loop
      vertex 87.8038 -11.7407 8.8
      vertex 88.3058 -11.2135 15.2
      vertex 88.3058 -11.2135 8.8
    endloop
  endfacet
  facet normal -0.724203 0.689587 0
    outer loop
      vertex 88.3058 -11.2135 15.2
      vertex 87.8038 -11.7407 8.8
      vertex 87.8038 -11.7407 15.2
    endloop
  endfacet
  facet normal -0.741057 0.671442 0
    outer loop
      vertex 88.3058 -11.2135 8.8
      vertex 88.3656 -11.1475 15.2
      vertex 88.3656 -11.1475 8.8
    endloop
  endfacet
  facet normal -0.741057 0.671442 0
    outer loop
      vertex 88.3656 -11.1475 15.2
      vertex 88.3058 -11.2135 8.8
      vertex 88.3058 -11.2135 15.2
    endloop
  endfacet
  facet normal -0.757246 0.65313 0
    outer loop
      vertex 88.3656 -11.1475 8.8
      vertex 88.8411 -10.5962 15.2
      vertex 88.8411 -10.5962 8.8
    endloop
  endfacet
  facet normal -0.757246 0.65313 0
    outer loop
      vertex 88.8411 -10.5962 15.2
      vertex 88.3656 -11.1475 8.8
      vertex 88.3656 -11.1475 15.2
    endloop
  endfacet
  facet normal -0.773059 0.634334 0
    outer loop
      vertex 88.8411 -10.5962 8.8
      vertex 88.8978 -10.5271 15.2
      vertex 88.8978 -10.5271 8.8
    endloop
  endfacet
  facet normal -0.773059 0.634334 0
    outer loop
      vertex 88.8978 -10.5271 15.2
      vertex 88.8411 -10.5962 8.8
      vertex 88.8411 -10.5962 15.2
    endloop
  endfacet
  facet normal -0.788336 0.615245 0
    outer loop
      vertex 88.8978 -10.5271 8.8
      vertex 89.3457 -9.95319 15.2
      vertex 89.3457 -9.95319 8.8
    endloop
  endfacet
  facet normal -0.788336 0.615245 0
    outer loop
      vertex 89.3457 -9.95319 15.2
      vertex 88.8978 -10.5271 8.8
      vertex 88.8978 -10.5271 15.2
    endloop
  endfacet
  facet normal -0.802922 0.596085 0
    outer loop
      vertex 89.3457 -9.95319 8.8
      vertex 89.3989 -9.88153 15.2
      vertex 89.3989 -9.88153 8.8
    endloop
  endfacet
  facet normal -0.802922 0.596085 0
    outer loop
      vertex 89.3989 -9.88153 15.2
      vertex 89.3457 -9.95319 8.8
      vertex 89.3457 -9.95319 15.2
    endloop
  endfacet
  facet normal -0.817597 0.57579 0
    outer loop
      vertex 89.3989 -9.88153 8.8
      vertex 89.8178 -9.28671 15.2
      vertex 89.8178 -9.28671 8.8
    endloop
  endfacet
  facet normal -0.817597 0.57579 0
    outer loop
      vertex 89.8178 -9.28671 15.2
      vertex 89.3989 -9.88153 8.8
      vertex 89.3989 -9.88153 15.2
    endloop
  endfacet
  facet normal -0.831397 0.555678 0
    outer loop
      vertex 89.8178 -9.28671 8.8
      vertex 89.8676 -9.2122 15.2
      vertex 89.8676 -9.2122 8.8
    endloop
  endfacet
  facet normal -0.831397 0.555678 0
    outer loop
      vertex 89.8676 -9.2122 15.2
      vertex 89.8178 -9.28671 8.8
      vertex 89.8178 -9.28671 15.2
    endloop
  endfacet
  facet normal -0.844855 0.534995 0
    outer loop
      vertex 89.8676 -9.2122 8.8
      vertex 90.2572 -8.59695 15.2
      vertex 90.2572 -8.59695 8.8
    endloop
  endfacet
  facet normal -0.844855 0.534995 0
    outer loop
      vertex 90.2572 -8.59695 15.2
      vertex 89.8676 -9.2122 8.8
      vertex 89.8676 -9.2122 15.2
    endloop
  endfacet
  facet normal -0.857773 0.514029 0
    outer loop
      vertex 90.2572 -8.59695 8.8
      vertex 90.3026 -8.52119 15.2
      vertex 90.3026 -8.52119 8.8
    endloop
  endfacet
  facet normal -0.857773 0.514029 0
    outer loop
      vertex 90.3026 -8.52119 15.2
      vertex 90.2572 -8.59695 8.8
      vertex 90.2572 -8.59695 15.2
    endloop
  endfacet
  facet normal -0.870131 0.49282 0
    outer loop
      vertex 90.3026 -8.52119 8.8
      vertex 90.6618 -7.88698 15.2
      vertex 90.6618 -7.88698 8.8
    endloop
  endfacet
  facet normal -0.870131 0.49282 0
    outer loop
      vertex 90.6618 -7.88698 15.2
      vertex 90.3026 -8.52119 8.8
      vertex 90.3026 -8.52119 15.2
    endloop
  endfacet
  facet normal -0.881647 0.471909 0
    outer loop
      vertex 90.6618 -7.88698 8.8
      vertex 90.7037 -7.8087 15.2
      vertex 90.7037 -7.8087 8.8
    endloop
  endfacet
  facet normal -0.881647 0.471909 0
    outer loop
      vertex 90.7037 -7.8087 15.2
      vertex 90.6618 -7.88698 8.8
      vertex 90.6618 -7.88698 15.2
    endloop
  endfacet
  facet normal -0.893213 0.449634 0
    outer loop
      vertex 90.7037 -7.8087 8.8
      vertex 90.9346 -7.35001 15.2
      vertex 90.9346 -7.35001 8.8
    endloop
  endfacet
  facet normal -0.893213 0.449634 0
    outer loop
      vertex 90.9346 -7.35001 15.2
      vertex 90.7037 -7.8087 8.8
      vertex 90.7037 -7.8087 15.2
    endloop
  endfacet
  facet normal 0 -1 0
    outer loop
      vertex 88.3244 -7.35001 8.8
      vertex 90.9346 -7.35001 15.2
      vertex 88.3244 -7.35001 15.2
    endloop
  endfacet
  facet normal 0 -1 -0
    outer loop
      vertex 90.9346 -7.35001 15.2
      vertex 88.3244 -7.35001 8.8
      vertex 90.9346 -7.35001 8.8
    endloop
  endfacet
  facet normal 0.870333 -0.492463 0
    outer loop
      vertex 88.3088 -7.37758 15.2
      vertex 88.3244 -7.35001 8.8
      vertex 88.3244 -7.35001 15.2
    endloop
  endfacet
  facet normal 0.870333 -0.492463 0
    outer loop
      vertex 88.3244 -7.35001 8.8
      vertex 88.3088 -7.37758 15.2
      vertex 88.3088 -7.37758 8.8
    endloop
  endfacet
  facet normal 0.844809 -0.535068 0
    outer loop
      vertex 87.9319 -7.97266 15.2
      vertex 88.3088 -7.37758 8.8
      vertex 88.3088 -7.37758 15.2
    endloop
  endfacet
  facet normal 0.844809 -0.535068 0
    outer loop
      vertex 88.3088 -7.37758 8.8
      vertex 87.9319 -7.97266 15.2
      vertex 87.9319 -7.97266 8.8
    endloop
  endfacet
  facet normal 0.817629 -0.575745 0
    outer loop
      vertex 87.5264 -8.54852 15.2
      vertex 87.9319 -7.97266 8.8
      vertex 87.9319 -7.97266 15.2
    endloop
  endfacet
  facet normal 0.817629 -0.575745 0
    outer loop
      vertex 87.9319 -7.97266 8.8
      vertex 87.5264 -8.54852 15.2
      vertex 87.5264 -8.54852 8.8
    endloop
  endfacet
  facet normal 0.788303 -0.615287 0
    outer loop
      vertex 87.093 -9.10379 15.2
      vertex 87.5264 -8.54852 8.8
      vertex 87.5264 -8.54852 15.2
    endloop
  endfacet
  facet normal 0.788303 -0.615287 0
    outer loop
      vertex 87.5264 -8.54852 8.8
      vertex 87.093 -9.10379 15.2
      vertex 87.093 -9.10379 8.8
    endloop
  endfacet
  facet normal 0.757182 -0.653204 0
    outer loop
      vertex 86.6329 -9.63713 15.2
      vertex 87.093 -9.10379 8.8
      vertex 87.093 -9.10379 15.2
    endloop
  endfacet
  facet normal 0.757182 -0.653204 0
    outer loop
      vertex 87.093 -9.10379 8.8
      vertex 86.6329 -9.63713 15.2
      vertex 86.6329 -9.63713 8.8
    endloop
  endfacet
  facet normal 0.724334 -0.68945 0
    outer loop
      vertex 86.1473 -10.1473 15.2
      vertex 86.6329 -9.63713 8.8
      vertex 86.6329 -9.63713 15.2
    endloop
  endfacet
  facet normal 0.724334 -0.68945 0
    outer loop
      vertex 86.6329 -9.63713 8.8
      vertex 86.1473 -10.1473 15.2
      vertex 86.1473 -10.1473 8.8
    endloop
  endfacet
  facet normal 0.689428 -0.724354 0
    outer loop
      vertex 85.6371 -10.6329 8.8
      vertex 86.1473 -10.1473 15.2
      vertex 85.6371 -10.6329 15.2
    endloop
  endfacet
  facet normal 0.689428 -0.724354 0
    outer loop
      vertex 86.1473 -10.1473 15.2
      vertex 85.6371 -10.6329 8.8
      vertex 86.1473 -10.1473 8.8
    endloop
  endfacet
  facet normal 0.653232 -0.757158 0
    outer loop
      vertex 85.1038 -11.093 8.8
      vertex 85.6371 -10.6329 15.2
      vertex 85.1038 -11.093 15.2
    endloop
  endfacet
  facet normal 0.653232 -0.757158 0
    outer loop
      vertex 85.6371 -10.6329 15.2
      vertex 85.1038 -11.093 8.8
      vertex 85.6371 -10.6329 8.8
    endloop
  endfacet
  facet normal 0.615267 -0.788319 0
    outer loop
      vertex 84.5485 -11.5264 8.8
      vertex 85.1038 -11.093 15.2
      vertex 84.5485 -11.5264 15.2
    endloop
  endfacet
  facet normal 0.615267 -0.788319 0
    outer loop
      vertex 85.1038 -11.093 15.2
      vertex 84.5485 -11.5264 8.8
      vertex 85.1038 -11.093 8.8
    endloop
  endfacet
  facet normal 0.575785 -0.817601 0
    outer loop
      vertex 83.9727 -11.9319 8.8
      vertex 84.5485 -11.5264 15.2
      vertex 83.9727 -11.9319 15.2
    endloop
  endfacet
  facet normal 0.575785 -0.817601 0
    outer loop
      vertex 84.5485 -11.5264 15.2
      vertex 83.9727 -11.9319 8.8
      vertex 84.5485 -11.5264 8.8
    endloop
  endfacet
  facet normal 0.535055 -0.844817 0
    outer loop
      vertex 83.3776 -12.3088 8.8
      vertex 83.9727 -11.9319 15.2
      vertex 83.3776 -12.3088 15.2
    endloop
  endfacet
  facet normal 0.535055 -0.844817 0
    outer loop
      vertex 83.9727 -11.9319 15.2
      vertex 83.3776 -12.3088 8.8
      vertex 83.9727 -11.9319 8.8
    endloop
  endfacet
  facet normal 0.492787 -0.87015 0
    outer loop
      vertex 82.7647 -12.6559 8.8
      vertex 83.3776 -12.3088 15.2
      vertex 82.7647 -12.6559 15.2
    endloop
  endfacet
  facet normal 0.492787 -0.87015 0
    outer loop
      vertex 83.3776 -12.3088 15.2
      vertex 82.7647 -12.6559 8.8
      vertex 83.3776 -12.3088 8.8
    endloop
  endfacet
  facet normal 0.449654 -0.893203 0
    outer loop
      vertex 82.1356 -12.9726 8.8
      vertex 82.7647 -12.6559 15.2
      vertex 82.1356 -12.9726 15.2
    endloop
  endfacet
  facet normal 0.449654 -0.893203 0
    outer loop
      vertex 82.7647 -12.6559 15.2
      vertex 82.1356 -12.9726 8.8
      vertex 82.7647 -12.6559 8.8
    endloop
  endfacet
  facet normal 0.405216 -0.914221 0
    outer loop
      vertex 81.4917 -13.258 8.8
      vertex 82.1356 -12.9726 15.2
      vertex 81.4917 -13.258 15.2
    endloop
  endfacet
  facet normal 0.405216 -0.914221 0
    outer loop
      vertex 82.1356 -12.9726 15.2
      vertex 81.4917 -13.258 8.8
      vertex 82.1356 -12.9726 8.8
    endloop
  endfacet
  facet normal 0.359883 -0.932998 0
    outer loop
      vertex 80.8345 -13.5115 8.8
      vertex 81.4917 -13.258 15.2
      vertex 80.8345 -13.5115 15.2
    endloop
  endfacet
  facet normal 0.359883 -0.932998 0
    outer loop
      vertex 81.4917 -13.258 15.2
      vertex 80.8345 -13.5115 8.8
      vertex 81.4917 -13.258 8.8
    endloop
  endfacet
  facet normal 0.313756 -0.949504 0
    outer loop
      vertex 80.1657 -13.7325 8.8
      vertex 80.8345 -13.5115 15.2
      vertex 80.1657 -13.7325 15.2
    endloop
  endfacet
  facet normal 0.313756 -0.949504 0
    outer loop
      vertex 80.8345 -13.5115 15.2
      vertex 80.1657 -13.7325 8.8
      vertex 80.8345 -13.5115 8.8
    endloop
  endfacet
  facet normal 0.266648 -0.963794 0
    outer loop
      vertex 79.4869 -13.9203 8.8
      vertex 80.1657 -13.7325 15.2
      vertex 79.4869 -13.9203 15.2
    endloop
  endfacet
  facet normal 0.266648 -0.963794 0
    outer loop
      vertex 80.1657 -13.7325 15.2
      vertex 79.4869 -13.9203 8.8
      vertex 80.1657 -13.7325 8.8
    endloop
  endfacet
  facet normal 0.219185 -0.975683 0
    outer loop
      vertex 78.7996 -14.0747 8.8
      vertex 79.4869 -13.9203 15.2
      vertex 78.7996 -14.0747 15.2
    endloop
  endfacet
  facet normal 0.219185 -0.975683 0
    outer loop
      vertex 79.4869 -13.9203 15.2
      vertex 78.7996 -14.0747 8.8
      vertex 79.4869 -13.9203 8.8
    endloop
  endfacet
  facet normal 0.170934 -0.985283 0
    outer loop
      vertex 78.1056 -14.1951 8.8
      vertex 78.7996 -14.0747 15.2
      vertex 78.1056 -14.1951 15.2
    endloop
  endfacet
  facet normal 0.170934 -0.985283 0
    outer loop
      vertex 78.7996 -14.0747 15.2
      vertex 78.1056 -14.1951 8.8
      vertex 78.7996 -14.0747 8.8
    endloop
  endfacet
  facet normal 0.122392 -0.992482 0
    outer loop
      vertex 77.4066 -14.2813 8.8
      vertex 78.1056 -14.1951 15.2
      vertex 77.4066 -14.2813 15.2
    endloop
  endfacet
  facet normal 0.122392 -0.992482 0
    outer loop
      vertex 78.1056 -14.1951 15.2
      vertex 77.4066 -14.2813 8.8
      vertex 78.1056 -14.1951 8.8
    endloop
  endfacet
  facet normal 0.073537 -0.997292 0
    outer loop
      vertex 76.7041 -14.3331 8.8
      vertex 77.4066 -14.2813 15.2
      vertex 76.7041 -14.3331 15.2
    endloop
  endfacet
  facet normal 0.073537 -0.997292 0
    outer loop
      vertex 77.4066 -14.2813 15.2
      vertex 76.7041 -14.3331 8.8
      vertex 77.4066 -14.2813 8.8
    endloop
  endfacet
  facet normal 0.024563 -0.999698 0
    outer loop
      vertex 76 -14.3504 8.8
      vertex 76.7041 -14.3331 15.2
      vertex 76 -14.3504 15.2
    endloop
  endfacet
  facet normal 0.024563 -0.999698 0
    outer loop
      vertex 76.7041 -14.3331 15.2
      vertex 76 -14.3504 8.8
      vertex 76.7041 -14.3331 8.8
    endloop
  endfacet
  facet normal -0.0245595 -0.999698 0
    outer loop
      vertex 75.2958 -14.3331 8.8
      vertex 76 -14.3504 15.2
      vertex 75.2958 -14.3331 15.2
    endloop
  endfacet
  facet normal -0.0245595 -0.999698 -0
    outer loop
      vertex 76 -14.3504 15.2
      vertex 75.2958 -14.3331 8.8
      vertex 76 -14.3504 8.8
    endloop
  endfacet
  facet normal -0.0735474 -0.997292 0
    outer loop
      vertex 74.5934 -14.2813 8.8
      vertex 75.2958 -14.3331 15.2
      vertex 74.5934 -14.2813 15.2
    endloop
  endfacet
  facet normal -0.0735474 -0.997292 -0
    outer loop
      vertex 75.2958 -14.3331 15.2
      vertex 74.5934 -14.2813 8.8
      vertex 75.2958 -14.3331 8.8
    endloop
  endfacet
  facet normal -0.122375 -0.992484 0
    outer loop
      vertex 73.8943 -14.1951 8.8
      vertex 74.5934 -14.2813 15.2
      vertex 73.8943 -14.1951 15.2
    endloop
  endfacet
  facet normal -0.122375 -0.992484 -0
    outer loop
      vertex 74.5934 -14.2813 15.2
      vertex 73.8943 -14.1951 8.8
      vertex 74.5934 -14.2813 8.8
    endloop
  endfacet
  facet normal -0.170958 -0.985278 0
    outer loop
      vertex 73.2004 -14.0747 8.8
      vertex 73.8943 -14.1951 15.2
      vertex 73.2004 -14.0747 15.2
    endloop
  endfacet
  facet normal -0.170958 -0.985278 -0
    outer loop
      vertex 73.8943 -14.1951 15.2
      vertex 73.2004 -14.0747 8.8
      vertex 73.8943 -14.1951 8.8
    endloop
  endfacet
  facet normal -0.219185 -0.975683 0
    outer loop
      vertex 72.5131 -13.9203 8.8
      vertex 73.2004 -14.0747 15.2
      vertex 72.5131 -13.9203 15.2
    endloop
  endfacet
  facet normal -0.219185 -0.975683 -0
    outer loop
      vertex 73.2004 -14.0747 15.2
      vertex 72.5131 -13.9203 8.8
      vertex 73.2004 -14.0747 8.8
    endloop
  endfacet
  facet normal -0.266648 -0.963794 0
    outer loop
      vertex 71.8343 -13.7325 8.8
      vertex 72.5131 -13.9203 15.2
      vertex 71.8343 -13.7325 15.2
    endloop
  endfacet
  facet normal -0.266648 -0.963794 -0
    outer loop
      vertex 72.5131 -13.9203 15.2
      vertex 71.8343 -13.7325 8.8
      vertex 72.5131 -13.9203 8.8
    endloop
  endfacet
  facet normal -0.313756 -0.949504 0
    outer loop
      vertex 71.1655 -13.5115 8.8
      vertex 71.8343 -13.7325 15.2
      vertex 71.1655 -13.5115 15.2
    endloop
  endfacet
  facet normal -0.313756 -0.949504 -0
    outer loop
      vertex 71.8343 -13.7325 15.2
      vertex 71.1655 -13.5115 8.8
      vertex 71.8343 -13.7325 8.8
    endloop
  endfacet
  facet normal -0.359883 -0.932998 0
    outer loop
      vertex 70.5083 -13.258 8.8
      vertex 71.1655 -13.5115 15.2
      vertex 70.5083 -13.258 15.2
    endloop
  endfacet
  facet normal -0.359883 -0.932998 -0
    outer loop
      vertex 71.1655 -13.5115 15.2
      vertex 70.5083 -13.258 8.8
      vertex 71.1655 -13.5115 8.8
    endloop
  endfacet
  facet normal -0.405216 -0.914221 0
    outer loop
      vertex 69.8644 -12.9726 8.8
      vertex 70.5083 -13.258 15.2
      vertex 69.8644 -12.9726 15.2
    endloop
  endfacet
  facet normal -0.405216 -0.914221 -0
    outer loop
      vertex 70.5083 -13.258 15.2
      vertex 69.8644 -12.9726 8.8
      vertex 70.5083 -13.258 8.8
    endloop
  endfacet
  facet normal -0.449654 -0.893203 0
    outer loop
      vertex 69.2353 -12.6559 8.8
      vertex 69.8644 -12.9726 15.2
      vertex 69.2353 -12.6559 15.2
    endloop
  endfacet
  facet normal -0.449654 -0.893203 -0
    outer loop
      vertex 69.8644 -12.9726 15.2
      vertex 69.2353 -12.6559 8.8
      vertex 69.8644 -12.9726 8.8
    endloop
  endfacet
  facet normal -0.492787 -0.87015 0
    outer loop
      vertex 68.6224 -12.3088 8.8
      vertex 69.2353 -12.6559 15.2
      vertex 68.6224 -12.3088 15.2
    endloop
  endfacet
  facet normal -0.492787 -0.87015 -0
    outer loop
      vertex 69.2353 -12.6559 15.2
      vertex 68.6224 -12.3088 8.8
      vertex 69.2353 -12.6559 8.8
    endloop
  endfacet
  facet normal -0.535055 -0.844817 0
    outer loop
      vertex 68.0273 -11.9319 8.8
      vertex 68.6224 -12.3088 15.2
      vertex 68.0273 -11.9319 15.2
    endloop
  endfacet
  facet normal -0.535055 -0.844817 -0
    outer loop
      vertex 68.6224 -12.3088 15.2
      vertex 68.0273 -11.9319 8.8
      vertex 68.6224 -12.3088 8.8
    endloop
  endfacet
  facet normal -0.575785 -0.817601 0
    outer loop
      vertex 67.4515 -11.5264 8.8
      vertex 68.0273 -11.9319 15.2
      vertex 67.4515 -11.5264 15.2
    endloop
  endfacet
  facet normal -0.575785 -0.817601 -0
    outer loop
      vertex 68.0273 -11.9319 15.2
      vertex 67.4515 -11.5264 8.8
      vertex 68.0273 -11.9319 8.8
    endloop
  endfacet
  facet normal -0.615267 -0.788319 0
    outer loop
      vertex 66.8962 -11.093 8.8
      vertex 67.4515 -11.5264 15.2
      vertex 66.8962 -11.093 15.2
    endloop
  endfacet
  facet normal -0.615267 -0.788319 -0
    outer loop
      vertex 67.4515 -11.5264 15.2
      vertex 66.8962 -11.093 8.8
      vertex 67.4515 -11.5264 8.8
    endloop
  endfacet
  facet normal -0.653232 -0.757158 0
    outer loop
      vertex 66.3629 -10.6329 8.8
      vertex 66.8962 -11.093 15.2
      vertex 66.3629 -10.6329 15.2
    endloop
  endfacet
  facet normal -0.653232 -0.757158 -0
    outer loop
      vertex 66.8962 -11.093 15.2
      vertex 66.3629 -10.6329 8.8
      vertex 66.8962 -11.093 8.8
    endloop
  endfacet
  facet normal -0.689428 -0.724354 0
    outer loop
      vertex 65.8527 -10.1473 8.8
      vertex 66.3629 -10.6329 15.2
      vertex 65.8527 -10.1473 15.2
    endloop
  endfacet
  facet normal -0.689428 -0.724354 -0
    outer loop
      vertex 66.3629 -10.6329 15.2
      vertex 65.8527 -10.1473 8.8
      vertex 66.3629 -10.6329 8.8
    endloop
  endfacet
  facet normal -0.724334 -0.68945 0
    outer loop
      vertex 65.8527 -10.1473 8.8
      vertex 65.3671 -9.63713 15.2
      vertex 65.3671 -9.63713 8.8
    endloop
  endfacet
  facet normal -0.724334 -0.68945 0
    outer loop
      vertex 65.3671 -9.63713 15.2
      vertex 65.8527 -10.1473 8.8
      vertex 65.8527 -10.1473 15.2
    endloop
  endfacet
  facet normal -0.757182 -0.653204 0
    outer loop
      vertex 65.3671 -9.63713 8.8
      vertex 64.907 -9.10379 15.2
      vertex 64.907 -9.10379 8.8
    endloop
  endfacet
  facet normal -0.757182 -0.653204 0
    outer loop
      vertex 64.907 -9.10379 15.2
      vertex 65.3671 -9.63713 8.8
      vertex 65.3671 -9.63713 15.2
    endloop
  endfacet
  facet normal -0.788303 -0.615287 0
    outer loop
      vertex 64.907 -9.10379 8.8
      vertex 64.4736 -8.54852 15.2
      vertex 64.4736 -8.54852 8.8
    endloop
  endfacet
  facet normal -0.788303 -0.615287 0
    outer loop
      vertex 64.4736 -8.54852 15.2
      vertex 64.907 -9.10379 8.8
      vertex 64.907 -9.10379 15.2
    endloop
  endfacet
  facet normal -0.817629 -0.575745 0
    outer loop
      vertex 64.4736 -8.54852 8.8
      vertex 64.0681 -7.97266 15.2
      vertex 64.0681 -7.97266 8.8
    endloop
  endfacet
  facet normal -0.817629 -0.575745 0
    outer loop
      vertex 64.0681 -7.97266 15.2
      vertex 64.4736 -8.54852 8.8
      vertex 64.4736 -8.54852 15.2
    endloop
  endfacet
  facet normal -0.844809 -0.535068 0
    outer loop
      vertex 64.0681 -7.97266 8.8
      vertex 63.6912 -7.37758 15.2
      vertex 63.6912 -7.37758 8.8
    endloop
  endfacet
  facet normal -0.844809 -0.535068 0
    outer loop
      vertex 63.6912 -7.37758 15.2
      vertex 64.0681 -7.97266 8.8
      vertex 64.0681 -7.97266 15.2
    endloop
  endfacet
  facet normal -0.870292 -0.492536 0
    outer loop
      vertex 63.6912 -7.37758 8.8
      vertex 63.6231 -7.25725 15.2
      vertex 63.6231 -7.25725 8.8
    endloop
  endfacet
  facet normal -0.870292 -0.492536 0
    outer loop
      vertex 63.6231 -7.25725 15.2
      vertex 63.6912 -7.37758 8.8
      vertex 63.6912 -7.37758 15.2
    endloop
  endfacet
  facet normal -0.170886 -0.985291 0
    outer loop
      vertex 63.4567 -7.22839 8.8
      vertex 63.6231 -7.25725 15.2
      vertex 63.4567 -7.22839 15.2
    endloop
  endfacet
  facet normal -0.170886 -0.985291 -0
    outer loop
      vertex 63.6231 -7.25725 15.2
      vertex 63.4567 -7.22839 8.8
      vertex 63.6231 -7.25725 8.8
    endloop
  endfacet
  facet normal -0.219039 -0.975716 0
    outer loop
      vertex 63.1525 -7.1601 8.8
      vertex 63.4567 -7.22839 15.2
      vertex 63.1525 -7.1601 15.2
    endloop
  endfacet
  facet normal -0.219039 -0.975716 -0
    outer loop
      vertex 63.4567 -7.22839 15.2
      vertex 63.1525 -7.1601 8.8
      vertex 63.4567 -7.22839 8.8
    endloop
  endfacet
  facet normal -0.266849 -0.963738 0
    outer loop
      vertex 62.8522 -7.07695 8.8
      vertex 63.1525 -7.1601 15.2
      vertex 62.8522 -7.07695 15.2
    endloop
  endfacet
  facet normal -0.266849 -0.963738 -0
    outer loop
      vertex 63.1525 -7.1601 15.2
      vertex 62.8522 -7.07695 8.8
      vertex 63.1525 -7.1601 8.8
    endloop
  endfacet
  facet normal -0.313609 -0.949552 0
    outer loop
      vertex 62.5562 -6.97919 8.8
      vertex 62.8522 -7.07695 15.2
      vertex 62.5562 -6.97919 15.2
    endloop
  endfacet
  facet normal -0.313609 -0.949552 -0
    outer loop
      vertex 62.8522 -7.07695 15.2
      vertex 62.5562 -6.97919 8.8
      vertex 62.8522 -7.07695 8.8
    endloop
  endfacet
  facet normal -0.35994 -0.932975 0
    outer loop
      vertex 62.2654 -6.867 8.8
      vertex 62.5562 -6.97919 15.2
      vertex 62.2654 -6.867 15.2
    endloop
  endfacet
  facet normal -0.35994 -0.932975 -0
    outer loop
      vertex 62.5562 -6.97919 15.2
      vertex 62.2654 -6.867 8.8
      vertex 62.5562 -6.97919 8.8
    endloop
  endfacet
  facet normal -0.405183 -0.914236 0
    outer loop
      vertex 61.9804 -6.74069 8.8
      vertex 62.2654 -6.867 15.2
      vertex 61.9804 -6.74069 15.2
    endloop
  endfacet
  facet normal -0.405183 -0.914236 -0
    outer loop
      vertex 62.2654 -6.867 15.2
      vertex 61.9804 -6.74069 8.8
      vertex 62.2654 -6.867 8.8
    endloop
  endfacet
  facet normal -0.449702 -0.893178 0
    outer loop
      vertex 61.7021 -6.60057 8.8
      vertex 61.9804 -6.74069 15.2
      vertex 61.7021 -6.60057 15.2
    endloop
  endfacet
  facet normal -0.449702 -0.893178 -0
    outer loop
      vertex 61.9804 -6.74069 15.2
      vertex 61.7021 -6.60057 8.8
      vertex 61.9804 -6.74069 8.8
    endloop
  endfacet
  facet normal -0.492778 -0.870155 0
    outer loop
      vertex 61.4308 -6.44693 8.8
      vertex 61.7021 -6.60057 15.2
      vertex 61.4308 -6.44693 15.2
    endloop
  endfacet
  facet normal -0.492778 -0.870155 -0
    outer loop
      vertex 61.7021 -6.60057 15.2
      vertex 61.4308 -6.44693 8.8
      vertex 61.7021 -6.60057 8.8
    endloop
  endfacet
  facet normal -0.53506 -0.844814 0
    outer loop
      vertex 61.1675 -6.28017 8.8
      vertex 61.4308 -6.44693 15.2
      vertex 61.1675 -6.28017 15.2
    endloop
  endfacet
  facet normal -0.53506 -0.844814 -0
    outer loop
      vertex 61.4308 -6.44693 15.2
      vertex 61.1675 -6.28017 8.8
      vertex 61.4308 -6.44693 8.8
    endloop
  endfacet
  facet normal -0.575872 -0.81754 0
    outer loop
      vertex 60.9127 -6.10069 8.8
      vertex 61.1675 -6.28017 15.2
      vertex 60.9127 -6.10069 15.2
    endloop
  endfacet
  facet normal -0.575872 -0.81754 -0
    outer loop
      vertex 61.1675 -6.28017 15.2
      vertex 60.9127 -6.10069 8.8
      vertex 61.1675 -6.28017 8.8
    endloop
  endfacet
  facet normal -0.615124 -0.788431 0
    outer loop
      vertex 60.6669 -5.90892 8.8
      vertex 60.9127 -6.10069 15.2
      vertex 60.6669 -5.90892 15.2
    endloop
  endfacet
  facet normal -0.615124 -0.788431 -0
    outer loop
      vertex 60.9127 -6.10069 15.2
      vertex 60.6669 -5.90892 8.8
      vertex 60.9127 -6.10069 8.8
    endloop
  endfacet
  facet normal -0.653164 -0.757217 0
    outer loop
      vertex 60.4309 -5.70535 8.8
      vertex 60.6669 -5.90892 15.2
      vertex 60.4309 -5.70535 15.2
    endloop
  endfacet
  facet normal -0.653164 -0.757217 -0
    outer loop
      vertex 60.6669 -5.90892 15.2
      vertex 60.4309 -5.70535 8.8
      vertex 60.6669 -5.90892 8.8
    endloop
  endfacet
  facet normal -0.689618 -0.724174 0
    outer loop
      vertex 60.2052 -5.49042 8.8
      vertex 60.4309 -5.70535 15.2
      vertex 60.2052 -5.49042 15.2
    endloop
  endfacet
  facet normal -0.689618 -0.724174 -0
    outer loop
      vertex 60.4309 -5.70535 15.2
      vertex 60.2052 -5.49042 8.8
      vertex 60.4309 -5.70535 8.8
    endloop
  endfacet
  facet normal -0.724168 -0.689623 0
    outer loop
      vertex 60.2052 -5.49042 8.8
      vertex 59.9902 -5.26465 15.2
      vertex 59.9902 -5.26465 8.8
    endloop
  endfacet
  facet normal -0.724168 -0.689623 0
    outer loop
      vertex 59.9902 -5.26465 15.2
      vertex 60.2052 -5.49042 8.8
      vertex 60.2052 -5.49042 15.2
    endloop
  endfacet
  facet normal -0.7573 -0.653067 0
    outer loop
      vertex 59.9902 -5.26465 8.8
      vertex 59.7867 -5.02867 15.2
      vertex 59.7867 -5.02867 8.8
    endloop
  endfacet
  facet normal -0.7573 -0.653067 0
    outer loop
      vertex 59.7867 -5.02867 15.2
      vertex 59.9902 -5.26465 8.8
      vertex 59.9902 -5.26465 15.2
    endloop
  endfacet
  facet normal -0.788311 -0.615277 0
    outer loop
      vertex 59.7867 -5.02867 8.8
      vertex 59.5949 -4.78293 15.2
      vertex 59.5949 -4.78293 8.8
    endloop
  endfacet
  facet normal -0.788311 -0.615277 0
    outer loop
      vertex 59.5949 -4.78293 15.2
      vertex 59.7867 -5.02867 8.8
      vertex 59.7867 -5.02867 15.2
    endloop
  endfacet
  facet normal -0.817531 -0.575884 0
    outer loop
      vertex 59.5949 -4.78293 8.8
      vertex 59.4154 -4.52811 15.2
      vertex 59.4154 -4.52811 8.8
    endloop
  endfacet
  facet normal -0.817531 -0.575884 0
    outer loop
      vertex 59.4154 -4.52811 15.2
      vertex 59.5949 -4.78293 8.8
      vertex 59.5949 -4.78293 15.2
    endloop
  endfacet
  facet normal -0.844947 -0.53485 0
    outer loop
      vertex 59.4154 -4.52811 8.8
      vertex 59.2487 -4.26476 15.2
      vertex 59.2487 -4.26476 8.8
    endloop
  endfacet
  facet normal -0.844947 -0.53485 0
    outer loop
      vertex 59.2487 -4.26476 15.2
      vertex 59.4154 -4.52811 8.8
      vertex 59.4154 -4.52811 15.2
    endloop
  endfacet
  facet normal -0.870018 -0.49302 0
    outer loop
      vertex 59.2487 -4.26476 8.8
      vertex 59.095 -3.99353 15.2
      vertex 59.095 -3.99353 8.8
    endloop
  endfacet
  facet normal -0.870018 -0.49302 0
    outer loop
      vertex 59.095 -3.99353 15.2
      vertex 59.2487 -4.26476 8.8
      vertex 59.2487 -4.26476 15.2
    endloop
  endfacet
  facet normal -0.89325 -0.449561 0
    outer loop
      vertex 59.095 -3.99353 8.8
      vertex 58.9549 -3.71516 15.2
      vertex 58.9549 -3.71516 8.8
    endloop
  endfacet
  facet normal -0.89325 -0.449561 0
    outer loop
      vertex 58.9549 -3.71516 15.2
      vertex 59.095 -3.99353 8.8
      vertex 59.095 -3.99353 15.2
    endloop
  endfacet
  facet normal -0.914221 -0.405215 0
    outer loop
      vertex 58.9549 -3.71516 8.8
      vertex 58.8286 -3.43021 15.2
      vertex 58.8286 -3.43021 8.8
    endloop
  endfacet
  facet normal -0.914221 -0.405215 0
    outer loop
      vertex 58.8286 -3.43021 15.2
      vertex 58.9549 -3.71516 8.8
      vertex 58.9549 -3.71516 15.2
    endloop
  endfacet
  facet normal -0.932986 -0.359914 0
    outer loop
      vertex 58.8286 -3.43021 8.8
      vertex 58.7164 -3.13936 15.2
      vertex 58.7164 -3.13936 8.8
    endloop
  endfacet
  facet normal -0.932986 -0.359914 0
    outer loop
      vertex 58.7164 -3.13936 15.2
      vertex 58.8286 -3.43021 8.8
      vertex 58.8286 -3.43021 15.2
    endloop
  endfacet
  facet normal -0.949606 -0.313446 0
    outer loop
      vertex 58.7164 -3.13936 8.8
      vertex 58.6704 -3 15.2
      vertex 58.6704 -3 8.8
    endloop
  endfacet
  facet normal -0.949606 -0.313446 0
    outer loop
      vertex 58.6704 -3 15.2
      vertex 58.7164 -3.13936 8.8
      vertex 58.7164 -3.13936 15.2
    endloop
  endfacet
  facet normal 0.475018 0.879976 -0
    outer loop
      vertex 19.5198 -84.2791 8.8
      vertex 18 -83.4587 15.2
      vertex 19.5198 -84.2791 15.2
    endloop
  endfacet
  facet normal 0.475018 0.879976 0
    outer loop
      vertex 18 -83.4587 15.2
      vertex 19.5198 -84.2791 8.8
      vertex 18 -83.4587 8.8
    endloop
  endfacet
  facet normal 0.447566 0.894251 -0
    outer loop
      vertex 19.6213 -84.3299 8.8
      vertex 19.5198 -84.2791 15.2
      vertex 19.6213 -84.3299 15.2
    endloop
  endfacet
  facet normal 0.447566 0.894251 0
    outer loop
      vertex 19.5198 -84.2791 15.2
      vertex 19.6213 -84.3299 8.8
      vertex 19.5198 -84.2791 8.8
    endloop
  endfacet
  facet normal 0.419553 0.907731 -0
    outer loop
      vertex 21.3065 -85.1088 8.8
      vertex 19.6213 -84.3299 15.2
      vertex 21.3065 -85.1088 15.2
    endloop
  endfacet
  facet normal 0.419553 0.907731 0
    outer loop
      vertex 19.6213 -84.3299 15.2
      vertex 21.3065 -85.1088 8.8
      vertex 19.6213 -84.3299 8.8
    endloop
  endfacet
  facet normal 0.392689 0.919671 -0
    outer loop
      vertex 21.4058 -85.1512 8.8
      vertex 21.3065 -85.1088 15.2
      vertex 21.4058 -85.1512 15.2
    endloop
  endfacet
  facet normal 0.392689 0.919671 0
    outer loop
      vertex 21.3065 -85.1088 15.2
      vertex 21.4058 -85.1512 8.8
      vertex 21.3065 -85.1088 8.8
    endloop
  endfacet
  facet normal 0.365026 0.930997 -0
    outer loop
      vertex 23.1914 -85.8513 8.8
      vertex 21.4058 -85.1512 15.2
      vertex 23.1914 -85.8513 15.2
    endloop
  endfacet
  facet normal 0.365026 0.930997 0
    outer loop
      vertex 21.4058 -85.1512 15.2
      vertex 23.1914 -85.8513 8.8
      vertex 21.4058 -85.1512 8.8
    endloop
  endfacet
  facet normal 0.339066 0.940762 -0
    outer loop
      vertex 23.2874 -85.8859 8.8
      vertex 23.1914 -85.8513 15.2
      vertex 23.2874 -85.8859 15.2
    endloop
  endfacet
  facet normal 0.339066 0.940762 0
    outer loop
      vertex 23.1914 -85.8513 15.2
      vertex 23.2874 -85.8859 8.8
      vertex 23.1914 -85.8513 8.8
    endloop
  endfacet
  facet normal 0.312285 0.949988 -0
    outer loop
      vertex 25.1753 -86.5065 8.8
      vertex 23.2874 -85.8859 15.2
      vertex 25.1753 -86.5065 15.2
    endloop
  endfacet
  facet normal 0.312285 0.949988 0
    outer loop
      vertex 23.2874 -85.8859 15.2
      vertex 25.1753 -86.5065 8.8
      vertex 23.2874 -85.8859 8.8
    endloop
  endfacet
  facet normal 0.286873 0.957969 -0
    outer loop
      vertex 25.2678 -86.5342 8.8
      vertex 25.1753 -86.5065 15.2
      vertex 25.2678 -86.5342 15.2
    endloop
  endfacet
  facet normal 0.286873 0.957969 0
    outer loop
      vertex 25.1753 -86.5065 15.2
      vertex 25.2678 -86.5342 8.8
      vertex 25.1753 -86.5065 8.8
    endloop
  endfacet
  facet normal 0.261676 0.965156 -0
    outer loop
      vertex 27.2621 -87.0749 8.8
      vertex 25.2678 -86.5342 15.2
      vertex 27.2621 -87.0749 15.2
    endloop
  endfacet
  facet normal 0.261676 0.965156 0
    outer loop
      vertex 25.2678 -86.5342 15.2
      vertex 27.2621 -87.0749 8.8
      vertex 25.2678 -86.5342 8.8
    endloop
  endfacet
  facet normal 0.2375 0.971387 -0
    outer loop
      vertex 27.3484 -87.096 8.8
      vertex 27.2621 -87.0749 15.2
      vertex 27.3484 -87.096 15.2
    endloop
  endfacet
  facet normal 0.2375 0.971387 0
    outer loop
      vertex 27.2621 -87.0749 15.2
      vertex 27.3484 -87.096 8.8
      vertex 27.2621 -87.0749 8.8
    endloop
  endfacet
  facet normal 0.213572 0.976927 -0
    outer loop
      vertex 29.4498 -87.5554 8.8
      vertex 27.3484 -87.096 15.2
      vertex 29.4498 -87.5554 15.2
    endloop
  endfacet
  facet normal 0.213572 0.976927 0
    outer loop
      vertex 27.3484 -87.096 15.2
      vertex 29.4498 -87.5554 8.8
      vertex 27.3484 -87.096 8.8
    endloop
  endfacet
  facet normal 0.191092 0.981572 -0
    outer loop
      vertex 29.5325 -87.5715 8.8
      vertex 29.4498 -87.5554 15.2
      vertex 29.5325 -87.5715 15.2
    endloop
  endfacet
  facet normal 0.191092 0.981572 0
    outer loop
      vertex 29.4498 -87.5554 15.2
      vertex 29.5325 -87.5715 8.8
      vertex 29.4498 -87.5554 8.8
    endloop
  endfacet
  facet normal 0.168333 0.98573 -0
    outer loop
      vertex 31.7419 -87.9488 8.8
      vertex 29.5325 -87.5715 15.2
      vertex 31.7419 -87.9488 15.2
    endloop
  endfacet
  facet normal 0.168333 0.98573 0
    outer loop
      vertex 29.5325 -87.5715 15.2
      vertex 31.7419 -87.9488 8.8
      vertex 29.5325 -87.5715 8.8
    endloop
  endfacet
  facet normal 0.14747 0.989067 -0
    outer loop
      vertex 31.8197 -87.9604 8.8
      vertex 31.7419 -87.9488 15.2
      vertex 31.8197 -87.9604 15.2
    endloop
  endfacet
  facet normal 0.14747 0.989067 0
    outer loop
      vertex 31.7419 -87.9488 15.2
      vertex 31.8197 -87.9604 8.8
      vertex 31.7419 -87.9488 8.8
    endloop
  endfacet
  facet normal 0.125914 0.992041 -0
    outer loop
      vertex 34.1392 -88.2548 8.8
      vertex 31.8197 -87.9604 15.2
      vertex 34.1392 -88.2548 15.2
    endloop
  endfacet
  facet normal 0.125914 0.992041 0
    outer loop
      vertex 31.8197 -87.9604 15.2
      vertex 34.1392 -88.2548 8.8
      vertex 31.8197 -87.9604 8.8
    endloop
  endfacet
  facet normal 0.106389 0.994325 -0
    outer loop
      vertex 34.2121 -88.2626 8.8
      vertex 34.1392 -88.2548 15.2
      vertex 34.2121 -88.2626 15.2
    endloop
  endfacet
  facet normal 0.106389 0.994325 0
    outer loop
      vertex 34.1392 -88.2548 15.2
      vertex 34.2121 -88.2626 8.8
      vertex 34.1392 -88.2548 8.8
    endloop
  endfacet
  facet normal 0.0864474 0.996256 -0
    outer loop
      vertex 36.6426 -88.4735 8.8
      vertex 34.2121 -88.2626 15.2
      vertex 36.6426 -88.4735 15.2
    endloop
  endfacet
  facet normal 0.0864474 0.996256 0
    outer loop
      vertex 34.2121 -88.2626 15.2
      vertex 36.6426 -88.4735 8.8
      vertex 34.2121 -88.2626 8.8
    endloop
  endfacet
  facet normal 0.0681916 0.997672 -0
    outer loop
      vertex 36.7099 -88.4781 8.8
      vertex 36.6426 -88.4735 15.2
      vertex 36.7099 -88.4781 15.2
    endloop
  endfacet
  facet normal 0.0681916 0.997672 0
    outer loop
      vertex 36.6426 -88.4735 15.2
      vertex 36.7099 -88.4781 8.8
      vertex 36.6426 -88.4735 8.8
    endloop
  endfacet
  facet normal 0.0497927 0.99876 -0
    outer loop
      vertex 39.2533 -88.6049 8.8
      vertex 36.7099 -88.4781 15.2
      vertex 39.2533 -88.6049 15.2
    endloop
  endfacet
  facet normal 0.0497927 0.99876 0
    outer loop
      vertex 36.7099 -88.4781 15.2
      vertex 39.2533 -88.6049 8.8
      vertex 36.7099 -88.4781 8.8
    endloop
  endfacet
  facet normal 0.0333148 0.999445 -0
    outer loop
      vertex 39.3163 -88.607 8.8
      vertex 39.2533 -88.6049 15.2
      vertex 39.3163 -88.607 15.2
    endloop
  endfacet
  facet normal 0.0333148 0.999445 0
    outer loop
      vertex 39.2533 -88.6049 15.2
      vertex 39.3163 -88.607 8.8
      vertex 39.2533 -88.6049 8.8
    endloop
  endfacet
  facet normal 0.0159471 0.999873 -0
    outer loop
      vertex 41.9434 -88.6489 8.8
      vertex 39.3163 -88.607 15.2
      vertex 41.9434 -88.6489 15.2
    endloop
  endfacet
  facet normal 0.0159471 0.999873 0
    outer loop
      vertex 39.3163 -88.607 15.2
      vertex 41.9434 -88.6489 8.8
      vertex 39.3163 -88.607 8.8
    endloop
  endfacet
  facet normal -0.00737081 0.999973 0
    outer loop
      vertex 41.9841 -88.6486 8.8
      vertex 41.9434 -88.6489 15.2
      vertex 41.9841 -88.6486 15.2
    endloop
  endfacet
  facet normal -0.00737081 0.999973 0
    outer loop
      vertex 41.9434 -88.6489 15.2
      vertex 41.9841 -88.6486 8.8
      vertex 41.9434 -88.6489 8.8
    endloop
  endfacet
  facet normal -0 0 1
    outer loop
      vertex 88.3244 -7.35001 16.4
      vertex 90.7037 -7.8087 16.4
      vertex 90.9346 -7.35001 16.4
    endloop
  endfacet
  facet normal 0 0 1
    outer loop
      vertex 90.7037 -7.8087 16.4
      vertex 88.3244 -7.35001 16.4
      vertex 90.6618 -7.88698 16.4
    endloop
  endfacet
  facet normal 0 0 1
    outer loop
      vertex 90.6618 -7.88698 16.4
      vertex 88.3244 -7.35001 16.4
      vertex 90.3026 -8.52119 16.4
    endloop
  endfacet
  facet normal -0 0 1
    outer loop
      vertex 88.3088 -7.37758 16.4
      vertex 90.3026 -8.52119 16.4
      vertex 88.3244 -7.35001 16.4
    endloop
  endfacet
  facet normal 0 0 1
    outer loop
      vertex 90.3026 -8.52119 16.4
      vertex 88.3088 -7.37758 16.4
      vertex 90.2572 -8.59695 16.4
    endloop
  endfacet
  facet normal 0 0 1
    outer loop
      vertex 90.2572 -8.59695 16.4
      vertex 88.3088 -7.37758 16.4
      vertex 89.8676 -9.2122 16.4
    endloop
  endfacet
  facet normal 0 0 1
    outer loop
      vertex 89.8676 -9.2122 16.4
      vertex 87.9319 -7.97266 16.4
      vertex 89.8178 -9.28671 16.4
    endloop
  endfacet
  facet normal 0 0 1
    outer loop
      vertex 89.8178 -9.28671 16.4
      vertex 87.9319 -7.97266 16.4
      vertex 89.3989 -9.88153 16.4
    endloop
  endfacet
  facet normal 0 0 1
    outer loop
      vertex 89.3989 -9.88153 16.4
      vertex 87.5264 -8.54852 16.4
      vertex 89.3457 -9.95319 16.4
    endloop
  endfacet
  facet normal 0 0 1
    outer loop
      vertex 89.3457 -9.95319 16.4
      vertex 87.5264 -8.54852 16.4
      vertex 88.8978 -10.5271 16.4
    endloop
  endfacet
  facet normal -0 0 1
    outer loop
      vertex 87.9319 -7.97266 16.4
      vertex 89.8676 -9.2122 16.4
      vertex 88.3088 -7.37758 16.4
    endloop
  endfacet
  facet normal -0 0 1
    outer loop
      vertex 87.5264 -8.54852 16.4
      vertex 89.3989 -9.88153 16.4
      vertex 87.9319 -7.97266 16.4
    endloop
  endfacet
  facet normal -0 0 1
    outer loop
      vertex 87.093 -9.10379 16.4
      vertex 88.8978 -10.5271 16.4
      vertex 87.5264 -8.54852 16.4
    endloop
  endfacet
  facet normal 0 0 1
    outer loop
      vertex 88.8978 -10.5271 16.4
      vertex 87.093 -9.10379 16.4
      vertex 88.8411 -10.5962 16.4
    endloop
  endfacet
  facet normal 0 0 1
    outer loop
      vertex 88.8411 -10.5962 16.4
      vertex 87.093 -9.10379 16.4
      vertex 88.3656 -11.1475 16.4
    endloop
  endfacet
  facet normal -0 0 1
    outer loop
      vertex 86.6329 -9.63713 16.4
      vertex 88.3656 -11.1475 16.4
      vertex 87.093 -9.10379 16.4
    endloop
  endfacet
  facet normal 0 0 1
    outer loop
      vertex 88.3656 -11.1475 16.4
      vertex 86.6329 -9.63713 16.4
      vertex 88.3058 -11.2135 16.4
    endloop
  endfacet
  facet normal 0 0 1
    outer loop
      vertex 88.3058 -11.2135 16.4
      vertex 86.6329 -9.63713 16.4
      vertex 87.8038 -11.7407 16.4
    endloop
  endfacet
  facet normal -0 0 1
    outer loop
      vertex 86.1473 -10.1473 16.4
      vertex 87.8038 -11.7407 16.4
      vertex 86.6329 -9.63713 16.4
    endloop
  endfacet
  facet normal 0 0 1
    outer loop
      vertex 87.8038 -11.7407 16.4
      vertex 86.1473 -10.1473 16.4
      vertex 87.7407 -11.8038 16.4
    endloop
  endfacet
  facet normal 0 0 1
    outer loop
      vertex 87.7407 -11.8038 16.4
      vertex 86.1473 -10.1473 16.4
      vertex 87.2135 -12.3058 16.4
    endloop
  endfacet
  facet normal -0 0 1
    outer loop
      vertex 85.6371 -10.6329 16.4
      vertex 87.2135 -12.3058 16.4
      vertex 86.1473 -10.1473 16.4
    endloop
  endfacet
  facet normal 0 0 1
    outer loop
      vertex 87.2135 -12.3058 16.4
      vertex 85.6371 -10.6329 16.4
      vertex 87.1469 -12.3661 16.4
    endloop
  endfacet
  facet normal -0 0 1
    outer loop
      vertex 85.1038 -11.093 16.4
      vertex 87.1469 -12.3661 16.4
      vertex 85.6371 -10.6329 16.4
    endloop
  endfacet
  facet normal 0 0 1
    outer loop
      vertex 87.1469 -12.3661 16.4
      vertex 85.1038 -11.093 16.4
      vertex 86.5698 -12.8639 16.4
    endloop
  endfacet
  facet normal 0 0 1
    outer loop
      vertex 86.5698 -12.8639 16.4
      vertex 85.1038 -11.093 16.4
      vertex 86.3513 -13.062 16.4
    endloop
  endfacet
  facet normal -0 0 1
    outer loop
      vertex 84.5485 -11.5264 16.4
      vertex 86.3513 -13.062 16.4
      vertex 85.1038 -11.093 16.4
    endloop
  endfacet
  facet normal 0 0 1
    outer loop
      vertex 86.3513 -13.062 16.4
      vertex 84.5485 -11.5264 16.4
      vertex 86.1309 -13.2824 16.4
    endloop
  endfacet
  facet normal 0 0 1
    outer loop
      vertex 86.1309 -13.2824 16.4
      vertex 84.5485 -11.5264 16.4
      vertex 85.9215 -13.5133 16.4
    endloop
  endfacet
  facet normal -0 0 1
    outer loop
      vertex 83.9727 -11.9319 16.4
      vertex 85.9215 -13.5133 16.4
      vertex 84.5485 -11.5264 16.4
    endloop
  endfacet
  facet normal 0 0 1
    outer loop
      vertex 85.9215 -13.5133 16.4
      vertex 83.9727 -11.9319 16.4
      vertex 85.7238 -13.7543 16.4
    endloop
  endfacet
  facet normal 0 0 1
    outer loop
      vertex 85.7238 -13.7543 16.4
      vertex 83.9727 -11.9319 16.4
      vertex 85.5381 -14.0046 16.4
    endloop
  endfacet
  facet normal -0 0 1
    outer loop
      vertex 83.3776 -12.3088 16.4
      vertex 85.5381 -14.0046 16.4
      vertex 83.9727 -11.9319 16.4
    endloop
  endfacet
  facet normal 0 0 1
    outer loop
      vertex 85.5381 -14.0046 16.4
      vertex 83.3776 -12.3088 16.4
      vertex 85.3649 -14.2638 16.4
    endloop
  endfacet
  facet normal 0 0 1
    outer loop
      vertex 85.3649 -14.2638 16.4
      vertex 83.3776 -12.3088 16.4
      vertex 85.2047 -14.5311 16.4
    endloop
  endfacet
  facet normal -0 0 1
    outer loop
      vertex 82.7647 -12.6559 16.4
      vertex 85.2047 -14.5311 16.4
      vertex 83.3776 -12.3088 16.4
    endloop
  endfacet
  facet normal 0 0 1
    outer loop
      vertex 85.2047 -14.5311 16.4
      vertex 82.7647 -12.6559 16.4
      vertex 85.0577 -14.806 16.4
    endloop
  endfacet
  facet normal 0 0 1
    outer loop
      vertex 85.0577 -14.806 16.4
      vertex 82.7647 -12.6559 16.4
      vertex 84.9245 -15.0878 16.4
    endloop
  endfacet
  facet normal -0 0 1
    outer loop
      vertex 82.1356 -12.9726 16.4
      vertex 84.9245 -15.0878 16.4
      vertex 82.7647 -12.6559 16.4
    endloop
  endfacet
  facet normal 0 0 1
    outer loop
      vertex 84.9245 -15.0878 16.4
      vertex 82.1356 -12.9726 16.4
      vertex 84.8052 -15.3757 16.4
    endloop
  endfacet
  facet normal 0 0 1
    outer loop
      vertex 84.8052 -15.3757 16.4
      vertex 82.1356 -12.9726 16.4
      vertex 84.7001 -15.6692 16.4
    endloop
  endfacet
  facet normal -0 0 1
    outer loop
      vertex 81.4917 -13.258 16.4
      vertex 84.7001 -15.6692 16.4
      vertex 82.1356 -12.9726 16.4
    endloop
  endfacet
  facet normal 0 0 1
    outer loop
      vertex 84.7001 -15.6692 16.4
      vertex 81.4917 -13.258 16.4
      vertex 84.6097 -15.9675 16.4
    endloop
  endfacet
  facet normal -0 0 1
    outer loop
      vertex 80.8345 -13.5115 16.4
      vertex 84.5339 -16.2698 16.4
      vertex 81.4917 -13.258 16.4
    endloop
  endfacet
  facet normal 0 0 1
    outer loop
      vertex 84.6097 -15.9675 16.4
      vertex 81.4917 -13.258 16.4
      vertex 84.5339 -16.2698 16.4
    endloop
  endfacet
  facet normal 0 0 1
    outer loop
      vertex 108 -31.35 16.4
      vertex 107.006 -79.5897 16.4
      vertex 108 -79.3755 16.4
    endloop
  endfacet
  facet normal 0 0 1
    outer loop
      vertex 108 -31.35 16.4
      vertex 106.988 -79.5936 16.4
      vertex 107.006 -79.5897 16.4
    endloop
  endfacet
  facet normal -0 0 1
    outer loop
      vertex 93.7278 -31.35 16.4
      vertex 106.988 -79.5936 16.4
      vertex 108 -31.35 16.4
    endloop
  endfacet
  facet normal 0 0 1
    outer loop
      vertex 106.988 -79.5936 16.4
      vertex 93.7278 -31.35 16.4
      vertex 100.977 -80.8263 16.4
    endloop
  endfacet
  facet normal 0 0 1
    outer loop
      vertex 100.977 -80.8263 16.4
      vertex 93.7278 -31.35 16.4
      vertex 100.956 -80.8304 16.4
    endloop
  endfacet
  facet normal 0 0 1
    outer loop
      vertex 100.956 -80.8304 16.4
      vertex 93.7278 -31.35 16.4
      vertex 94.9569 -81.9946 16.4
    endloop
  endfacet
  facet normal 0 0 1
    outer loop
      vertex 93.4328 -31.3428 16.4
      vertex 94.9569 -81.9946 16.4
      vertex 93.7278 -31.35 16.4
    endloop
  endfacet
  facet normal 0 0 1
    outer loop
      vertex 93.122 -31.3198 16.4
      vertex 94.9569 -81.9946 16.4
      vertex 93.4328 -31.3428 16.4
    endloop
  endfacet
  facet normal 0 0 1
    outer loop
      vertex 94.9569 -81.9946 16.4
      vertex 93.122 -31.3198 16.4
      vertex 94.9371 -81.9984 16.4
    endloop
  endfacet
  facet normal 0 0 1
    outer loop
      vertex 92.8126 -31.2817 16.4
      vertex 94.9371 -81.9984 16.4
      vertex 93.122 -31.3198 16.4
    endloop
  endfacet
  facet normal 0 0 1
    outer loop
      vertex 92.5056 -31.2284 16.4
      vertex 94.9371 -81.9984 16.4
      vertex 92.8126 -31.2817 16.4
    endloop
  endfacet
  facet normal 0 0 1
    outer loop
      vertex 88.951 -83.0899 16.4
      vertex 92.5056 -31.2284 16.4
      vertex 92.2014 -31.1601 16.4
    endloop
  endfacet
  facet normal 0 0 1
    outer loop
      vertex 88.951 -83.0899 16.4
      vertex 92.2014 -31.1601 16.4
      vertex 91.901 -31.077 16.4
    endloop
  endfacet
  facet normal 0 0 1
    outer loop
      vertex 88.9262 -83.0943 16.4
      vertex 91.901 -31.077 16.4
      vertex 91.6051 -30.9792 16.4
    endloop
  endfacet
  facet normal 0 0 1
    outer loop
      vertex 88.9262 -83.0943 16.4
      vertex 91.6051 -30.9792 16.4
      vertex 91.3142 -30.867 16.4
    endloop
  endfacet
  facet normal 0 0 1
    outer loop
      vertex 82.9568 -84.1085 16.4
      vertex 91.3142 -30.867 16.4
      vertex 91.0293 -30.7407 16.4
    endloop
  endfacet
  facet normal 0 0 1
    outer loop
      vertex 82.9568 -84.1085 16.4
      vertex 91.0293 -30.7407 16.4
      vertex 90.7509 -30.6006 16.4
    endloop
  endfacet
  facet normal 0 0 1
    outer loop
      vertex 82.935 -84.1121 16.4
      vertex 90.7509 -30.6006 16.4
      vertex 90.4797 -30.4469 16.4
    endloop
  endfacet
  facet normal 0 0 1
    outer loop
      vertex 76.9879 -85.0441 16.4
      vertex 90.4797 -30.4469 16.4
      vertex 90.2163 -30.2802 16.4
    endloop
  endfacet
  facet normal 0 0 1
    outer loop
      vertex 76.9879 -85.0441 16.4
      vertex 90.2163 -30.2802 16.4
      vertex 89.9615 -30.1007 16.4
    endloop
  endfacet
  facet normal 0 0 1
    outer loop
      vertex 76.9642 -85.0476 16.4
      vertex 89.9615 -30.1007 16.4
      vertex 89.7158 -29.9089 16.4
    endloop
  endfacet
  facet normal 0 0 1
    outer loop
      vertex 71.0484 -85.8921 16.4
      vertex 89.7158 -29.9089 16.4
      vertex 89.4798 -29.7054 16.4
    endloop
  endfacet
  facet normal 0 0 1
    outer loop
      vertex 71.0484 -85.8921 16.4
      vertex 89.4798 -29.7054 16.4
      vertex 89.254 -29.4904 16.4
    endloop
  endfacet
  facet normal 0 0 1
    outer loop
      vertex 71.0213 -85.8957 16.4
      vertex 89.254 -29.4904 16.4
      vertex 89.0391 -29.2646 16.4
    endloop
  endfacet
  facet normal 0 0 1
    outer loop
      vertex 92.5056 -31.2284 16.4
      vertex 88.951 -83.0899 16.4
      vertex 94.9371 -81.9984 16.4
    endloop
  endfacet
  facet normal 0 0 1
    outer loop
      vertex 91.901 -31.077 16.4
      vertex 88.9262 -83.0943 16.4
      vertex 88.951 -83.0899 16.4
    endloop
  endfacet
  facet normal 0 0 1
    outer loop
      vertex 65.1395 -86.6481 16.4
      vertex 89.0391 -29.2646 16.4
      vertex 88.8355 -29.0287 16.4
    endloop
  endfacet
  facet normal 0 0 1
    outer loop
      vertex 65.1113 -86.6515 16.4
      vertex 88.8355 -29.0287 16.4
      vertex 88.6437 -28.7829 16.4
    endloop
  endfacet
  facet normal 0 0 1
    outer loop
      vertex 65.1113 -86.6515 16.4
      vertex 88.6437 -28.7829 16.4
      vertex 88.4643 -28.5281 16.4
    endloop
  endfacet
  facet normal 0 0 1
    outer loop
      vertex 59.272 -87.3066 16.4
      vertex 88.4643 -28.5281 16.4
      vertex 88.2975 -28.2648 16.4
    endloop
  endfacet
  facet normal 0 0 1
    outer loop
      vertex 71.1655 -13.5115 16.4
      vertex 88.2975 -28.2648 16.4
      vertex 88.1439 -27.9935 16.4
    endloop
  endfacet
  facet normal 0 0 1
    outer loop
      vertex 71.1655 -13.5115 16.4
      vertex 88.1439 -27.9935 16.4
      vertex 88.0037 -27.7152 16.4
    endloop
  endfacet
  facet normal 0 0 1
    outer loop
      vertex 71.8343 -13.7325 16.4
      vertex 88.0037 -27.7152 16.4
      vertex 87.8774 -27.4302 16.4
    endloop
  endfacet
  facet normal 0 0 1
    outer loop
      vertex 72.5131 -13.9203 16.4
      vertex 87.8774 -27.4302 16.4
      vertex 87.7652 -27.1394 16.4
    endloop
  endfacet
  facet normal 0 0 1
    outer loop
      vertex 73.2004 -14.0747 16.4
      vertex 87.7652 -27.1394 16.4
      vertex 87.6675 -26.8434 16.4
    endloop
  endfacet
  facet normal 0 0 1
    outer loop
      vertex 73.8943 -14.1951 16.4
      vertex 87.6675 -26.8434 16.4
      vertex 87.5843 -26.543 16.4
    endloop
  endfacet
  facet normal 0 0 1
    outer loop
      vertex 73.8943 -14.1951 16.4
      vertex 87.5843 -26.543 16.4
      vertex 87.5179 -26.247 16.4
    endloop
  endfacet
  facet normal 0 0 1
    outer loop
      vertex 85.3647 -21.0587 16.4
      vertex 87.5179 -26.247 16.4
      vertex 87.4893 -26.0938 16.4
    endloop
  endfacet
  facet normal 0 0 1
    outer loop
      vertex 85.5287 -21.3041 16.4
      vertex 87.4893 -26.0938 16.4
      vertex 87.4333 -25.771 16.4
    endloop
  endfacet
  facet normal 0 0 1
    outer loop
      vertex 85.5287 -21.3041 16.4
      vertex 87.4333 -25.771 16.4
      vertex 87.416 -25.6841 16.4
    endloop
  endfacet
  facet normal 0 0 1
    outer loop
      vertex 85.5287 -21.3041 16.4
      vertex 87.416 -25.6841 16.4
      vertex 87.3102 -25.2128 16.4
    endloop
  endfacet
  facet normal 0 0 1
    outer loop
      vertex 85.5287 -21.3041 16.4
      vertex 87.3102 -25.2128 16.4
      vertex 87.2886 -25.1265 16.4
    endloop
  endfacet
  facet normal 0 0 1
    outer loop
      vertex 85.5287 -21.3041 16.4
      vertex 87.2886 -25.1265 16.4
      vertex 87.1599 -24.6614 16.4
    endloop
  endfacet
  facet normal 0 0 1
    outer loop
      vertex 85.5287 -21.3041 16.4
      vertex 87.1599 -24.6614 16.4
      vertex 87.134 -24.576 16.4
    endloop
  endfacet
  facet normal 0 0 1
    outer loop
      vertex 85.5287 -21.3041 16.4
      vertex 87.134 -24.576 16.4
      vertex 86.9825 -24.1175 16.4
    endloop
  endfacet
  facet normal 0 0 1
    outer loop
      vertex 85.5287 -21.3041 16.4
      vertex 86.9825 -24.1175 16.4
      vertex 86.9525 -24.0337 16.4
    endloop
  endfacet
  facet normal 0 0 1
    outer loop
      vertex 85.5287 -21.3041 16.4
      vertex 86.9525 -24.0337 16.4
      vertex 86.7791 -23.584 16.4
    endloop
  endfacet
  facet normal 0 0 1
    outer loop
      vertex 85.5287 -21.3041 16.4
      vertex 86.7791 -23.584 16.4
      vertex 86.7446 -23.5008 16.4
    endloop
  endfacet
  facet normal 0 0 1
    outer loop
      vertex 85.5287 -21.3041 16.4
      vertex 86.7446 -23.5008 16.4
      vertex 86.5492 -23.0601 16.4
    endloop
  endfacet
  facet normal 0 0 1
    outer loop
      vertex 85.5287 -21.3041 16.4
      vertex 86.5492 -23.0601 16.4
      vertex 86.5108 -22.9789 16.4
    endloop
  endfacet
  facet normal 0 0 1
    outer loop
      vertex 85.5287 -21.3041 16.4
      vertex 86.5108 -22.9789 16.4
      vertex 86.2944 -22.549 16.4
    endloop
  endfacet
  facet normal 0 0 1
    outer loop
      vertex 85.5287 -21.3041 16.4
      vertex 86.2944 -22.549 16.4
      vertex 86.2517 -22.4691 16.4
    endloop
  endfacet
  facet normal 0 0 1
    outer loop
      vertex 85.5287 -21.3041 16.4
      vertex 86.2517 -22.4691 16.4
      vertex 86.0145 -22.0503 16.4
    endloop
  endfacet
  facet normal 0 0 1
    outer loop
      vertex 85.5287 -21.3041 16.4
      vertex 86.0145 -22.0503 16.4
      vertex 85.9681 -21.9729 16.4
    endloop
  endfacet
  facet normal 0 0 1
    outer loop
      vertex 85.5287 -21.3041 16.4
      vertex 85.9681 -21.9729 16.4
      vertex 85.7101 -21.5655 16.4
    endloop
  endfacet
  facet normal 0 0 1
    outer loop
      vertex 85.5287 -21.3041 16.4
      vertex 85.7101 -21.5655 16.4
      vertex 85.6605 -21.4912 16.4
    endloop
  endfacet
  facet normal 0 0 1
    outer loop
      vertex 87.4893 -26.0938 16.4
      vertex 85.5287 -21.3041 16.4
      vertex 85.3647 -21.0587 16.4
    endloop
  endfacet
  facet normal 0 0 1
    outer loop
      vertex 87.5179 -26.247 16.4
      vertex 85.3647 -21.0587 16.4
      vertex 74.5934 -14.2813 16.4
    endloop
  endfacet
  facet normal 0 0 1
    outer loop
      vertex 74.5934 -14.2813 16.4
      vertex 85.3647 -21.0587 16.4
      vertex 85.2045 -20.7913 16.4
    endloop
  endfacet
  facet normal 0 0 1
    outer loop
      vertex 75.2958 -14.3331 16.4
      vertex 85.2045 -20.7913 16.4
      vertex 85.0576 -20.5165 16.4
    endloop
  endfacet
  facet normal 0 0 1
    outer loop
      vertex 75.2958 -14.3331 16.4
      vertex 85.0576 -20.5165 16.4
      vertex 84.9243 -20.2346 16.4
    endloop
  endfacet
  facet normal 0 0 1
    outer loop
      vertex 76 -14.3504 16.4
      vertex 84.9243 -20.2346 16.4
      vertex 84.8051 -19.9467 16.4
    endloop
  endfacet
  facet normal 0 0 1
    outer loop
      vertex 76.7041 -14.3331 16.4
      vertex 84.8051 -19.9467 16.4
      vertex 84.7001 -19.6532 16.4
    endloop
  endfacet
  facet normal 0 0 1
    outer loop
      vertex 76.7041 -14.3331 16.4
      vertex 84.7001 -19.6532 16.4
      vertex 84.6096 -19.3549 16.4
    endloop
  endfacet
  facet normal 0 0 1
    outer loop
      vertex 77.4066 -14.2813 16.4
      vertex 84.6096 -19.3549 16.4
      vertex 84.5339 -19.0526 16.4
    endloop
  endfacet
  facet normal 0 0 1
    outer loop
      vertex 78.1056 -14.1951 16.4
      vertex 84.5339 -19.0526 16.4
      vertex 84.4731 -18.7469 16.4
    endloop
  endfacet
  facet normal 0 0 1
    outer loop
      vertex 78.1056 -14.1951 16.4
      vertex 84.4731 -18.7469 16.4
      vertex 84.4273 -18.4386 16.4
    endloop
  endfacet
  facet normal 0 0 1
    outer loop
      vertex 78.7996 -14.0747 16.4
      vertex 84.4273 -18.4386 16.4
      vertex 84.3968 -18.1284 16.4
    endloop
  endfacet
  facet normal 0 0 1
    outer loop
      vertex 84.5339 -16.2698 16.4
      vertex 80.8345 -13.5115 16.4
      vertex 84.4731 -16.5755 16.4
    endloop
  endfacet
  facet normal 0 0 1
    outer loop
      vertex 84.4731 -16.5755 16.4
      vertex 80.8345 -13.5115 16.4
      vertex 84.4274 -16.8839 16.4
    endloop
  endfacet
  facet normal -0 0 1
    outer loop
      vertex 80.1657 -13.7325 16.4
      vertex 84.4274 -16.8839 16.4
      vertex 80.8345 -13.5115 16.4
    endloop
  endfacet
  facet normal 0 0 1
    outer loop
      vertex 84.4274 -16.8839 16.4
      vertex 80.1657 -13.7325 16.4
      vertex 84.3968 -17.194 16.4
    endloop
  endfacet
  facet normal 0 0 1
    outer loop
      vertex 84.3968 -17.194 16.4
      vertex 80.1657 -13.7325 16.4
      vertex 84.3815 -17.5053 16.4
    endloop
  endfacet
  facet normal -0 0 1
    outer loop
      vertex 79.4869 -13.9203 16.4
      vertex 84.3815 -17.5053 16.4
      vertex 80.1657 -13.7325 16.4
    endloop
  endfacet
  facet normal 0 0 1
    outer loop
      vertex 84.3815 -17.5053 16.4
      vertex 79.4869 -13.9203 16.4
      vertex 84.3815 -17.817 16.4
    endloop
  endfacet
  facet normal 0 0 1
    outer loop
      vertex 84.3815 -17.817 16.4
      vertex 79.4869 -13.9203 16.4
      vertex 84.3968 -18.1284 16.4
    endloop
  endfacet
  facet normal -0 0 1
    outer loop
      vertex 78.7996 -14.0747 16.4
      vertex 84.3968 -18.1284 16.4
      vertex 79.4869 -13.9203 16.4
    endloop
  endfacet
  facet normal 0 0 1
    outer loop
      vertex 84.4273 -18.4386 16.4
      vertex 78.7996 -14.0747 16.4
      vertex 78.1056 -14.1951 16.4
    endloop
  endfacet
  facet normal 0 0 1
    outer loop
      vertex 84.5339 -19.0526 16.4
      vertex 78.1056 -14.1951 16.4
      vertex 77.4066 -14.2813 16.4
    endloop
  endfacet
  facet normal 0 0 1
    outer loop
      vertex 84.6096 -19.3549 16.4
      vertex 77.4066 -14.2813 16.4
      vertex 76.7041 -14.3331 16.4
    endloop
  endfacet
  facet normal 0 0 1
    outer loop
      vertex 91.3142 -30.867 16.4
      vertex 82.9568 -84.1085 16.4
      vertex 88.9262 -83.0943 16.4
    endloop
  endfacet
  facet normal 0 0 1
    outer loop
      vertex 84.8051 -19.9467 16.4
      vertex 76.7041 -14.3331 16.4
      vertex 76 -14.3504 16.4
    endloop
  endfacet
  facet normal 0 0 1
    outer loop
      vertex 90.7509 -30.6006 16.4
      vertex 82.935 -84.1121 16.4
      vertex 82.9568 -84.1085 16.4
    endloop
  endfacet
  facet normal 0 0 1
    outer loop
      vertex 84.9243 -20.2346 16.4
      vertex 76 -14.3504 16.4
      vertex 75.2958 -14.3331 16.4
    endloop
  endfacet
  facet normal 0 0 1
    outer loop
      vertex 90.4797 -30.4469 16.4
      vertex 76.9879 -85.0441 16.4
      vertex 82.935 -84.1121 16.4
    endloop
  endfacet
  facet normal 0 0 1
    outer loop
      vertex 85.2045 -20.7913 16.4
      vertex 75.2958 -14.3331 16.4
      vertex 74.5934 -14.2813 16.4
    endloop
  endfacet
  facet normal 0 0 1
    outer loop
      vertex 87.5179 -26.247 16.4
      vertex 74.5934 -14.2813 16.4
      vertex 73.8943 -14.1951 16.4
    endloop
  endfacet
  facet normal 0 0 1
    outer loop
      vertex 89.9615 -30.1007 16.4
      vertex 76.9642 -85.0476 16.4
      vertex 76.9879 -85.0441 16.4
    endloop
  endfacet
  facet normal 0 0 1
    outer loop
      vertex 87.6675 -26.8434 16.4
      vertex 73.8943 -14.1951 16.4
      vertex 73.2004 -14.0747 16.4
    endloop
  endfacet
  facet normal 0 0 1
    outer loop
      vertex 87.7652 -27.1394 16.4
      vertex 73.2004 -14.0747 16.4
      vertex 72.5131 -13.9203 16.4
    endloop
  endfacet
  facet normal 0 0 1
    outer loop
      vertex 87.8774 -27.4302 16.4
      vertex 72.5131 -13.9203 16.4
      vertex 71.8343 -13.7325 16.4
    endloop
  endfacet
  facet normal 0 0 1
    outer loop
      vertex 88.0037 -27.7152 16.4
      vertex 71.8343 -13.7325 16.4
      vertex 71.1655 -13.5115 16.4
    endloop
  endfacet
  facet normal 0 0 1
    outer loop
      vertex 88.2975 -28.2648 16.4
      vertex 71.1655 -13.5115 16.4
      vertex 70.5083 -13.258 16.4
    endloop
  endfacet
  facet normal 0 0 1
    outer loop
      vertex 89.7158 -29.9089 16.4
      vertex 71.0484 -85.8921 16.4
      vertex 76.9642 -85.0476 16.4
    endloop
  endfacet
  facet normal 0 0 1
    outer loop
      vertex 89.254 -29.4904 16.4
      vertex 71.0213 -85.8957 16.4
      vertex 71.0484 -85.8921 16.4
    endloop
  endfacet
  facet normal 0 0 1
    outer loop
      vertex 88.2975 -28.2648 16.4
      vertex 70.5083 -13.258 16.4
      vertex 59.272 -87.3066 16.4
    endloop
  endfacet
  facet normal 0 0 1
    outer loop
      vertex 59.2417 -87.3097 16.4
      vertex 70.5083 -13.258 16.4
      vertex 69.8644 -12.9726 16.4
    endloop
  endfacet
  facet normal 0 0 1
    outer loop
      vertex 53.4464 -87.8632 16.4
      vertex 69.8644 -12.9726 16.4
      vertex 69.2353 -12.6559 16.4
    endloop
  endfacet
  facet normal 0 0 1
    outer loop
      vertex 53.4145 -87.866 16.4
      vertex 69.2353 -12.6559 16.4
      vertex 68.6224 -12.3088 16.4
    endloop
  endfacet
  facet normal 0 0 1
    outer loop
      vertex 47.672 -88.3127 16.4
      vertex 68.6224 -12.3088 16.4
      vertex 68.0273 -11.9319 16.4
    endloop
  endfacet
  facet normal 0 0 1
    outer loop
      vertex 47.6377 -88.3151 16.4
      vertex 68.0273 -11.9319 16.4
      vertex 67.4515 -11.5264 16.4
    endloop
  endfacet
  facet normal 0 0 1
    outer loop
      vertex 39.3163 -88.607 16.4
      vertex 67.4515 -11.5264 16.4
      vertex 66.8962 -11.093 16.4
    endloop
  endfacet
  facet normal 0 0 1
    outer loop
      vertex 18 -83.4587 16.4
      vertex 66.8962 -11.093 16.4
      vertex 66.3629 -10.6329 16.4
    endloop
  endfacet
  facet normal 0 0 1
    outer loop
      vertex 18 -3 16.4
      vertex 66.3629 -10.6329 16.4
      vertex 65.8527 -10.1473 16.4
    endloop
  endfacet
  facet normal 0 0 1
    outer loop
      vertex 61.1675 -6.28017 16.4
      vertex 65.8527 -10.1473 16.4
      vertex 65.3671 -9.63713 16.4
    endloop
  endfacet
  facet normal 0 0 1
    outer loop
      vertex 89.0391 -29.2646 16.4
      vertex 65.1395 -86.6481 16.4
      vertex 71.0213 -85.8957 16.4
    endloop
  endfacet
  facet normal 0 0 1
    outer loop
      vertex 88.8355 -29.0287 16.4
      vertex 65.1113 -86.6515 16.4
      vertex 65.1395 -86.6481 16.4
    endloop
  endfacet
  facet normal 0 0 1
    outer loop
      vertex 61.7021 -6.60057 16.4
      vertex 65.3671 -9.63713 16.4
      vertex 64.907 -9.10379 16.4
    endloop
  endfacet
  facet normal 0 0 1
    outer loop
      vertex 61.9804 -6.74069 16.4
      vertex 64.907 -9.10379 16.4
      vertex 64.4736 -8.54852 16.4
    endloop
  endfacet
  facet normal 0 0 1
    outer loop
      vertex 62.5562 -6.97919 16.4
      vertex 64.4736 -8.54852 16.4
      vertex 64.0681 -7.97266 16.4
    endloop
  endfacet
  facet normal 0 0 1
    outer loop
      vertex 63.1525 -7.1601 16.4
      vertex 64.0681 -7.97266 16.4
      vertex 63.6912 -7.37758 16.4
    endloop
  endfacet
  facet normal 0 0 1
    outer loop
      vertex 63.4567 -7.22839 16.4
      vertex 63.6912 -7.37758 16.4
      vertex 63.6231 -7.25725 16.4
    endloop
  endfacet
  facet normal 0 0 1
    outer loop
      vertex 63.1525 -7.1601 16.4
      vertex 63.6912 -7.37758 16.4
      vertex 63.4567 -7.22839 16.4
    endloop
  endfacet
  facet normal 0 0 1
    outer loop
      vertex 64.0681 -7.97266 16.4
      vertex 63.1525 -7.1601 16.4
      vertex 62.8522 -7.07695 16.4
    endloop
  endfacet
  facet normal 0 0 1
    outer loop
      vertex 64.0681 -7.97266 16.4
      vertex 62.8522 -7.07695 16.4
      vertex 62.5562 -6.97919 16.4
    endloop
  endfacet
  facet normal 0 0 1
    outer loop
      vertex 64.4736 -8.54852 16.4
      vertex 62.5562 -6.97919 16.4
      vertex 62.2654 -6.867 16.4
    endloop
  endfacet
  facet normal 0 0 1
    outer loop
      vertex 64.4736 -8.54852 16.4
      vertex 62.2654 -6.867 16.4
      vertex 61.9804 -6.74069 16.4
    endloop
  endfacet
  facet normal 0 0 1
    outer loop
      vertex 64.907 -9.10379 16.4
      vertex 61.9804 -6.74069 16.4
      vertex 61.7021 -6.60057 16.4
    endloop
  endfacet
  facet normal 0 0 1
    outer loop
      vertex 65.3671 -9.63713 16.4
      vertex 61.7021 -6.60057 16.4
      vertex 61.4308 -6.44693 16.4
    endloop
  endfacet
  facet normal 0 0 1
    outer loop
      vertex 65.3671 -9.63713 16.4
      vertex 61.4308 -6.44693 16.4
      vertex 61.1675 -6.28017 16.4
    endloop
  endfacet
  facet normal 0 0 1
    outer loop
      vertex 65.8527 -10.1473 16.4
      vertex 61.1675 -6.28017 16.4
      vertex 18 -3 16.4
    endloop
  endfacet
  facet normal 0 0 1
    outer loop
      vertex 18 -3 16.4
      vertex 61.1675 -6.28017 16.4
      vertex 60.9127 -6.10069 16.4
    endloop
  endfacet
  facet normal 0 0 1
    outer loop
      vertex 18 -3 16.4
      vertex 60.9127 -6.10069 16.4
      vertex 60.6669 -5.90892 16.4
    endloop
  endfacet
  facet normal 0 0 1
    outer loop
      vertex 18 -3 16.4
      vertex 60.6669 -5.90892 16.4
      vertex 60.4309 -5.70535 16.4
    endloop
  endfacet
  facet normal 0 0 1
    outer loop
      vertex 18 -3 16.4
      vertex 60.4309 -5.70535 16.4
      vertex 60.2052 -5.49042 16.4
    endloop
  endfacet
  facet normal 0 0 1
    outer loop
      vertex 18 -3 16.4
      vertex 60.2052 -5.49042 16.4
      vertex 59.9902 -5.26465 16.4
    endloop
  endfacet
  facet normal 0 0 1
    outer loop
      vertex 18 -3 16.4
      vertex 59.9902 -5.26465 16.4
      vertex 59.7867 -5.02867 16.4
    endloop
  endfacet
  facet normal 0 0 1
    outer loop
      vertex 18 -3 16.4
      vertex 59.7867 -5.02867 16.4
      vertex 59.5949 -4.78293 16.4
    endloop
  endfacet
  facet normal 0 0 1
    outer loop
      vertex 18 -3 16.4
      vertex 59.5949 -4.78293 16.4
      vertex 59.4154 -4.52811 16.4
    endloop
  endfacet
  facet normal 0 0 1
    outer loop
      vertex 88.4643 -28.5281 16.4
      vertex 59.272 -87.3066 16.4
      vertex 65.1113 -86.6515 16.4
    endloop
  endfacet
  facet normal 0 0 1
    outer loop
      vertex 18 -3 16.4
      vertex 59.4154 -4.52811 16.4
      vertex 59.2487 -4.26476 16.4
    endloop
  endfacet
  facet normal 0 0 1
    outer loop
      vertex 70.5083 -13.258 16.4
      vertex 59.2417 -87.3097 16.4
      vertex 59.272 -87.3066 16.4
    endloop
  endfacet
  facet normal 0 0 1
    outer loop
      vertex 18 -3 16.4
      vertex 59.2487 -4.26476 16.4
      vertex 59.095 -3.99353 16.4
    endloop
  endfacet
  facet normal 0 0 1
    outer loop
      vertex 18 -3 16.4
      vertex 59.095 -3.99353 16.4
      vertex 58.9549 -3.71516 16.4
    endloop
  endfacet
  facet normal 0 0 1
    outer loop
      vertex 18 -3 16.4
      vertex 58.9549 -3.71516 16.4
      vertex 58.8286 -3.43021 16.4
    endloop
  endfacet
  facet normal 0 0 1
    outer loop
      vertex 18 -3 16.4
      vertex 58.8286 -3.43021 16.4
      vertex 58.7164 -3.13936 16.4
    endloop
  endfacet
  facet normal -0 0 1
    outer loop
      vertex 18 -3 16.4
      vertex 58.7164 -3.13936 16.4
      vertex 58.6704 -3 16.4
    endloop
  endfacet
  facet normal 0 0 1
    outer loop
      vertex 69.8644 -12.9726 16.4
      vertex 53.4464 -87.8632 16.4
      vertex 59.2417 -87.3097 16.4
    endloop
  endfacet
  facet normal 0 0 1
    outer loop
      vertex 69.2353 -12.6559 16.4
      vertex 53.4145 -87.866 16.4
      vertex 53.4464 -87.8632 16.4
    endloop
  endfacet
  facet normal 0 0 1
    outer loop
      vertex 68.6224 -12.3088 16.4
      vertex 47.672 -88.3127 16.4
      vertex 53.4145 -87.866 16.4
    endloop
  endfacet
  facet normal 0 0 1
    outer loop
      vertex 68.0273 -11.9319 16.4
      vertex 47.6377 -88.3151 16.4
      vertex 47.672 -88.3127 16.4
    endloop
  endfacet
  facet normal 0 0 1
    outer loop
      vertex 67.4515 -11.5264 16.4
      vertex 41.9841 -88.6486 16.4
      vertex 47.6377 -88.3151 16.4
    endloop
  endfacet
  facet normal 0 0 1
    outer loop
      vertex 67.4515 -11.5264 16.4
      vertex 41.9434 -88.6489 16.4
      vertex 41.9841 -88.6486 16.4
    endloop
  endfacet
  facet normal 0 0 1
    outer loop
      vertex 67.4515 -11.5264 16.4
      vertex 39.3163 -88.607 16.4
      vertex 41.9434 -88.6489 16.4
    endloop
  endfacet
  facet normal 0 0 1
    outer loop
      vertex 66.8962 -11.093 16.4
      vertex 39.2533 -88.6049 16.4
      vertex 39.3163 -88.607 16.4
    endloop
  endfacet
  facet normal 0 0 1
    outer loop
      vertex 66.8962 -11.093 16.4
      vertex 36.7099 -88.4781 16.4
      vertex 39.2533 -88.6049 16.4
    endloop
  endfacet
  facet normal 0 0 1
    outer loop
      vertex 66.8962 -11.093 16.4
      vertex 36.6426 -88.4735 16.4
      vertex 36.7099 -88.4781 16.4
    endloop
  endfacet
  facet normal 0 0 1
    outer loop
      vertex 66.8962 -11.093 16.4
      vertex 34.2121 -88.2626 16.4
      vertex 36.6426 -88.4735 16.4
    endloop
  endfacet
  facet normal 0 0 1
    outer loop
      vertex 66.8962 -11.093 16.4
      vertex 34.1392 -88.2548 16.4
      vertex 34.2121 -88.2626 16.4
    endloop
  endfacet
  facet normal 0 0 1
    outer loop
      vertex 66.8962 -11.093 16.4
      vertex 31.8197 -87.9604 16.4
      vertex 34.1392 -88.2548 16.4
    endloop
  endfacet
  facet normal 0 0 1
    outer loop
      vertex 66.8962 -11.093 16.4
      vertex 31.7419 -87.9488 16.4
      vertex 31.8197 -87.9604 16.4
    endloop
  endfacet
  facet normal 0 0 1
    outer loop
      vertex 66.8962 -11.093 16.4
      vertex 18 -83.4587 16.4
      vertex 31.7419 -87.9488 16.4
    endloop
  endfacet
  facet normal 0 0 1
    outer loop
      vertex 31.7419 -87.9488 16.4
      vertex 18 -83.4587 16.4
      vertex 29.5325 -87.5715 16.4
    endloop
  endfacet
  facet normal 0 0 1
    outer loop
      vertex 29.5325 -87.5715 16.4
      vertex 18 -83.4587 16.4
      vertex 29.4498 -87.5554 16.4
    endloop
  endfacet
  facet normal 0 0 1
    outer loop
      vertex 29.4498 -87.5554 16.4
      vertex 18 -83.4587 16.4
      vertex 27.3484 -87.096 16.4
    endloop
  endfacet
  facet normal 0 0 1
    outer loop
      vertex 27.3484 -87.096 16.4
      vertex 18 -83.4587 16.4
      vertex 27.2621 -87.0749 16.4
    endloop
  endfacet
  facet normal 0 0 1
    outer loop
      vertex 27.2621 -87.0749 16.4
      vertex 18 -83.4587 16.4
      vertex 25.2678 -86.5342 16.4
    endloop
  endfacet
  facet normal 0 0 1
    outer loop
      vertex 25.2678 -86.5342 16.4
      vertex 18 -83.4587 16.4
      vertex 25.1753 -86.5065 16.4
    endloop
  endfacet
  facet normal 0 0 1
    outer loop
      vertex 25.1753 -86.5065 16.4
      vertex 18 -83.4587 16.4
      vertex 23.2874 -85.8859 16.4
    endloop
  endfacet
  facet normal 0 0 1
    outer loop
      vertex 23.2874 -85.8859 16.4
      vertex 18 -83.4587 16.4
      vertex 23.1914 -85.8513 16.4
    endloop
  endfacet
  facet normal 0 0 1
    outer loop
      vertex 23.1914 -85.8513 16.4
      vertex 18 -83.4587 16.4
      vertex 21.4058 -85.1512 16.4
    endloop
  endfacet
  facet normal 0 0 1
    outer loop
      vertex 21.4058 -85.1512 16.4
      vertex 18 -83.4587 16.4
      vertex 21.3065 -85.1088 16.4
    endloop
  endfacet
  facet normal 0 0 1
    outer loop
      vertex 21.3065 -85.1088 16.4
      vertex 18 -83.4587 16.4
      vertex 19.6213 -84.3299 16.4
    endloop
  endfacet
  facet normal 0 0 1
    outer loop
      vertex 66.3629 -10.6329 16.4
      vertex 18 -3 16.4
      vertex 18 -83.4587 16.4
    endloop
  endfacet
  facet normal 0 0 1
    outer loop
      vertex 19.6213 -84.3299 16.4
      vertex 18 -83.4587 16.4
      vertex 19.5198 -84.2791 16.4
    endloop
  endfacet
  facet normal 0 0 -1
    outer loop
      vertex 107.006 -79.5897 22.8
      vertex 108 -31.35 22.8
      vertex 108 -79.3755 22.8
    endloop
  endfacet
  facet normal 0 0 -1
    outer loop
      vertex 106.988 -79.5936 22.8
      vertex 108 -31.35 22.8
      vertex 107.006 -79.5897 22.8
    endloop
  endfacet
  facet normal 0 0 -1
    outer loop
      vertex 93.7278 -31.35 22.8
      vertex 106.988 -79.5936 22.8
      vertex 100.977 -80.8263 22.8
    endloop
  endfacet
  facet normal 0 0 -1
    outer loop
      vertex 93.7278 -31.35 22.8
      vertex 100.977 -80.8263 22.8
      vertex 100.956 -80.8304 22.8
    endloop
  endfacet
  facet normal 0 0 -1
    outer loop
      vertex 93.7278 -31.35 22.8
      vertex 100.956 -80.8304 22.8
      vertex 94.9569 -81.9946 22.8
    endloop
  endfacet
  facet normal 0 0 -1
    outer loop
      vertex 93.122 -31.3198 22.8
      vertex 94.9569 -81.9946 22.8
      vertex 94.9371 -81.9984 22.8
    endloop
  endfacet
  facet normal 0 0 -1
    outer loop
      vertex 106.988 -79.5936 22.8
      vertex 93.7278 -31.35 22.8
      vertex 108 -31.35 22.8
    endloop
  endfacet
  facet normal 0 0 -1
    outer loop
      vertex 94.9569 -81.9946 22.8
      vertex 93.4328 -31.3428 22.8
      vertex 93.7278 -31.35 22.8
    endloop
  endfacet
  facet normal 0 0 -1
    outer loop
      vertex 94.9569 -81.9946 22.8
      vertex 93.122 -31.3198 22.8
      vertex 93.4328 -31.3428 22.8
    endloop
  endfacet
  facet normal 0 0 -1
    outer loop
      vertex 94.9371 -81.9984 22.8
      vertex 92.8126 -31.2817 22.8
      vertex 93.122 -31.3198 22.8
    endloop
  endfacet
  facet normal 0 0 -1
    outer loop
      vertex 94.9371 -81.9984 22.8
      vertex 92.5056 -31.2284 22.8
      vertex 92.8126 -31.2817 22.8
    endloop
  endfacet
  facet normal 0 0 -1
    outer loop
      vertex 88.951 -83.0899 22.8
      vertex 92.5056 -31.2284 22.8
      vertex 94.9371 -81.9984 22.8
    endloop
  endfacet
  facet normal -0 0 -1
    outer loop
      vertex 92.5056 -31.2284 22.8
      vertex 88.951 -83.0899 22.8
      vertex 92.2014 -31.1601 22.8
    endloop
  endfacet
  facet normal -0 0 -1
    outer loop
      vertex 92.2014 -31.1601 22.8
      vertex 88.951 -83.0899 22.8
      vertex 91.901 -31.077 22.8
    endloop
  endfacet
  facet normal 0 0 -1
    outer loop
      vertex 88.9262 -83.0943 22.8
      vertex 91.901 -31.077 22.8
      vertex 88.951 -83.0899 22.8
    endloop
  endfacet
  facet normal -0 0 -1
    outer loop
      vertex 91.901 -31.077 22.8
      vertex 88.9262 -83.0943 22.8
      vertex 91.6051 -30.9792 22.8
    endloop
  endfacet
  facet normal -0 0 -1
    outer loop
      vertex 91.6051 -30.9792 22.8
      vertex 88.9262 -83.0943 22.8
      vertex 91.3142 -30.867 22.8
    endloop
  endfacet
  facet normal 0 0 -1
    outer loop
      vertex 82.9568 -84.1085 22.8
      vertex 91.3142 -30.867 22.8
      vertex 88.9262 -83.0943 22.8
    endloop
  endfacet
  facet normal -0 0 -1
    outer loop
      vertex 91.3142 -30.867 22.8
      vertex 82.9568 -84.1085 22.8
      vertex 91.0293 -30.7407 22.8
    endloop
  endfacet
  facet normal -0 0 -1
    outer loop
      vertex 91.0293 -30.7407 22.8
      vertex 82.9568 -84.1085 22.8
      vertex 90.7509 -30.6006 22.8
    endloop
  endfacet
  facet normal 0 0 -1
    outer loop
      vertex 82.935 -84.1121 22.8
      vertex 90.7509 -30.6006 22.8
      vertex 82.9568 -84.1085 22.8
    endloop
  endfacet
  facet normal -0 0 -1
    outer loop
      vertex 90.7509 -30.6006 22.8
      vertex 82.935 -84.1121 22.8
      vertex 90.4797 -30.4469 22.8
    endloop
  endfacet
  facet normal 0 0 -1
    outer loop
      vertex 76.9879 -85.0441 22.8
      vertex 90.4797 -30.4469 22.8
      vertex 82.935 -84.1121 22.8
    endloop
  endfacet
  facet normal -0 0 -1
    outer loop
      vertex 90.4797 -30.4469 22.8
      vertex 76.9879 -85.0441 22.8
      vertex 90.2163 -30.2802 22.8
    endloop
  endfacet
  facet normal -0 0 -1
    outer loop
      vertex 90.2163 -30.2802 22.8
      vertex 76.9879 -85.0441 22.8
      vertex 89.9615 -30.1007 22.8
    endloop
  endfacet
  facet normal 0 0 -1
    outer loop
      vertex 76.9642 -85.0476 22.8
      vertex 89.9615 -30.1007 22.8
      vertex 76.9879 -85.0441 22.8
    endloop
  endfacet
  facet normal -0 0 -1
    outer loop
      vertex 89.9615 -30.1007 22.8
      vertex 76.9642 -85.0476 22.8
      vertex 89.7158 -29.9089 22.8
    endloop
  endfacet
  facet normal 0 0 -1
    outer loop
      vertex 71.0484 -85.8921 22.8
      vertex 89.7158 -29.9089 22.8
      vertex 76.9642 -85.0476 22.8
    endloop
  endfacet
  facet normal -0 0 -1
    outer loop
      vertex 89.7158 -29.9089 22.8
      vertex 71.0484 -85.8921 22.8
      vertex 89.4798 -29.7054 22.8
    endloop
  endfacet
  facet normal -0 0 -1
    outer loop
      vertex 89.4798 -29.7054 22.8
      vertex 71.0484 -85.8921 22.8
      vertex 89.254 -29.4904 22.8
    endloop
  endfacet
  facet normal 0 0 -1
    outer loop
      vertex 71.0213 -85.8957 22.8
      vertex 89.254 -29.4904 22.8
      vertex 71.0484 -85.8921 22.8
    endloop
  endfacet
  facet normal -0 0 -1
    outer loop
      vertex 89.254 -29.4904 22.8
      vertex 71.0213 -85.8957 22.8
      vertex 89.0391 -29.2646 22.8
    endloop
  endfacet
  facet normal 0 0 -1
    outer loop
      vertex 65.1395 -86.6481 22.8
      vertex 89.0391 -29.2646 22.8
      vertex 71.0213 -85.8957 22.8
    endloop
  endfacet
  facet normal -0 0 -1
    outer loop
      vertex 89.0391 -29.2646 22.8
      vertex 65.1395 -86.6481 22.8
      vertex 88.8355 -29.0287 22.8
    endloop
  endfacet
  facet normal 0 0 -1
    outer loop
      vertex 65.1113 -86.6515 22.8
      vertex 88.8355 -29.0287 22.8
      vertex 65.1395 -86.6481 22.8
    endloop
  endfacet
  facet normal -0 0 -1
    outer loop
      vertex 88.8355 -29.0287 22.8
      vertex 65.1113 -86.6515 22.8
      vertex 88.6437 -28.7829 22.8
    endloop
  endfacet
  facet normal -0 0 -1
    outer loop
      vertex 88.6437 -28.7829 22.8
      vertex 65.1113 -86.6515 22.8
      vertex 88.4643 -28.5281 22.8
    endloop
  endfacet
  facet normal 0 0 -1
    outer loop
      vertex 59.272 -87.3066 22.8
      vertex 88.4643 -28.5281 22.8
      vertex 65.1113 -86.6515 22.8
    endloop
  endfacet
  facet normal -0 0 -1
    outer loop
      vertex 88.4643 -28.5281 22.8
      vertex 59.272 -87.3066 22.8
      vertex 88.2975 -28.2648 22.8
    endloop
  endfacet
  facet normal 0 -0 -1
    outer loop
      vertex 70.5083 -13.258 22.8
      vertex 88.2975 -28.2648 22.8
      vertex 59.272 -87.3066 22.8
    endloop
  endfacet
  facet normal -0 -0 -1
    outer loop
      vertex 71.1655 -13.5115 22.8
      vertex 88.2975 -28.2648 22.8
      vertex 70.5083 -13.258 22.8
    endloop
  endfacet
  facet normal 0 0 -1
    outer loop
      vertex 88.2975 -28.2648 22.8
      vertex 71.1655 -13.5115 22.8
      vertex 88.1439 -27.9935 22.8
    endloop
  endfacet
  facet normal 0 0 -1
    outer loop
      vertex 88.1439 -27.9935 22.8
      vertex 71.1655 -13.5115 22.8
      vertex 88.0037 -27.7152 22.8
    endloop
  endfacet
  facet normal -0 -0 -1
    outer loop
      vertex 71.8343 -13.7325 22.8
      vertex 88.0037 -27.7152 22.8
      vertex 71.1655 -13.5115 22.8
    endloop
  endfacet
  facet normal 0 0 -1
    outer loop
      vertex 88.0037 -27.7152 22.8
      vertex 71.8343 -13.7325 22.8
      vertex 87.8774 -27.4302 22.8
    endloop
  endfacet
  facet normal -0 -0 -1
    outer loop
      vertex 72.5131 -13.9203 22.8
      vertex 87.8774 -27.4302 22.8
      vertex 71.8343 -13.7325 22.8
    endloop
  endfacet
  facet normal 0 0 -1
    outer loop
      vertex 87.8774 -27.4302 22.8
      vertex 72.5131 -13.9203 22.8
      vertex 87.7652 -27.1394 22.8
    endloop
  endfacet
  facet normal 0 0 -1
    outer loop
      vertex 87.7652 -27.1394 22.8
      vertex 73.2004 -14.0747 22.8
      vertex 87.6675 -26.8434 22.8
    endloop
  endfacet
  facet normal -0 -0 -1
    outer loop
      vertex 73.8943 -14.1951 22.8
      vertex 87.6675 -26.8434 22.8
      vertex 73.2004 -14.0747 22.8
    endloop
  endfacet
  facet normal 0 0 -1
    outer loop
      vertex 87.5843 -26.543 22.8
      vertex 73.8943 -14.1951 22.8
      vertex 87.5179 -26.247 22.8
    endloop
  endfacet
  facet normal -0 -0 -1
    outer loop
      vertex 74.5934 -14.2813 22.8
      vertex 87.5179 -26.247 22.8
      vertex 73.8943 -14.1951 22.8
    endloop
  endfacet
  facet normal -0 -0 -1
    outer loop
      vertex 85.3647 -21.0587 22.8
      vertex 87.5179 -26.247 22.8
      vertex 74.5934 -14.2813 22.8
    endloop
  endfacet
  facet normal 0 0 -1
    outer loop
      vertex 87.5179 -26.247 22.8
      vertex 85.3647 -21.0587 22.8
      vertex 87.4893 -26.0938 22.8
    endloop
  endfacet
  facet normal -0 -0 -1
    outer loop
      vertex 85.5287 -21.3041 22.8
      vertex 87.4893 -26.0938 22.8
      vertex 85.3647 -21.0587 22.8
    endloop
  endfacet
  facet normal 0 0 -1
    outer loop
      vertex 87.4333 -25.771 22.8
      vertex 85.5287 -21.3041 22.8
      vertex 87.416 -25.6841 22.8
    endloop
  endfacet
  facet normal 0 0 -1
    outer loop
      vertex 87.416 -25.6841 22.8
      vertex 85.5287 -21.3041 22.8
      vertex 87.3102 -25.2128 22.8
    endloop
  endfacet
  facet normal 0 0 -1
    outer loop
      vertex 87.2886 -25.1265 22.8
      vertex 85.5287 -21.3041 22.8
      vertex 87.1599 -24.6614 22.8
    endloop
  endfacet
  facet normal 0 0 -1
    outer loop
      vertex 87.134 -24.576 22.8
      vertex 85.5287 -21.3041 22.8
      vertex 86.9825 -24.1175 22.8
    endloop
  endfacet
  facet normal 0 0 -1
    outer loop
      vertex 86.9825 -24.1175 22.8
      vertex 85.5287 -21.3041 22.8
      vertex 86.9525 -24.0337 22.8
    endloop
  endfacet
  facet normal 0 0 -1
    outer loop
      vertex 86.9525 -24.0337 22.8
      vertex 85.5287 -21.3041 22.8
      vertex 86.7791 -23.584 22.8
    endloop
  endfacet
  facet normal 0 0 -1
    outer loop
      vertex 86.7446 -23.5008 22.8
      vertex 85.5287 -21.3041 22.8
      vertex 86.5492 -23.0601 22.8
    endloop
  endfacet
  facet normal 0 0 -1
    outer loop
      vertex 86.5492 -23.0601 22.8
      vertex 85.5287 -21.3041 22.8
      vertex 86.5108 -22.9789 22.8
    endloop
  endfacet
  facet normal 0 0 -1
    outer loop
      vertex 86.5108 -22.9789 22.8
      vertex 85.5287 -21.3041 22.8
      vertex 86.2944 -22.549 22.8
    endloop
  endfacet
  facet normal 0 0 -1
    outer loop
      vertex 86.2944 -22.549 22.8
      vertex 85.5287 -21.3041 22.8
      vertex 86.2517 -22.4691 22.8
    endloop
  endfacet
  facet normal 0 0 -1
    outer loop
      vertex 86.2517 -22.4691 22.8
      vertex 85.5287 -21.3041 22.8
      vertex 86.0145 -22.0503 22.8
    endloop
  endfacet
  facet normal 0 0 -1
    outer loop
      vertex 86.0145 -22.0503 22.8
      vertex 85.5287 -21.3041 22.8
      vertex 85.9681 -21.9729 22.8
    endloop
  endfacet
  facet normal 0 0 -1
    outer loop
      vertex 85.9681 -21.9729 22.8
      vertex 85.5287 -21.3041 22.8
      vertex 85.7101 -21.5655 22.8
    endloop
  endfacet
  facet normal 0 0 -1
    outer loop
      vertex 85.7101 -21.5655 22.8
      vertex 85.5287 -21.3041 22.8
      vertex 85.6605 -21.4912 22.8
    endloop
  endfacet
  facet normal 0 0 -1
    outer loop
      vertex 79.4869 -13.9203 22.8
      vertex 84.3815 -17.817 22.8
      vertex 84.3968 -18.1284 22.8
    endloop
  endfacet
  facet normal 0 0 -1
    outer loop
      vertex 84.3815 -17.817 22.8
      vertex 83.3776 -12.3088 22.8
      vertex 83.9727 -11.9319 22.8
    endloop
  endfacet
  facet normal 0 0 -1
    outer loop
      vertex 87.4893 -26.0938 22.8
      vertex 85.5287 -21.3041 22.8
      vertex 87.4333 -25.771 22.8
    endloop
  endfacet
  facet normal -0 -0 -1
    outer loop
      vertex 75.2958 -14.3331 22.8
      vertex 85.2045 -20.7913 22.8
      vertex 74.5934 -14.2813 22.8
    endloop
  endfacet
  facet normal 0 0 -1
    outer loop
      vertex 85.2045 -20.7913 22.8
      vertex 75.2958 -14.3331 22.8
      vertex 85.0576 -20.5165 22.8
    endloop
  endfacet
  facet normal 0 0 -1
    outer loop
      vertex 84.3815 -17.817 22.8
      vertex 82.7647 -12.6559 22.8
      vertex 83.3776 -12.3088 22.8
    endloop
  endfacet
  facet normal 0 0 -1
    outer loop
      vertex 84.3815 -17.817 22.8
      vertex 82.1356 -12.9726 22.8
      vertex 82.7647 -12.6559 22.8
    endloop
  endfacet
  facet normal 0 0 -1
    outer loop
      vertex 84.3815 -17.817 22.8
      vertex 81.4917 -13.258 22.8
      vertex 82.1356 -12.9726 22.8
    endloop
  endfacet
  facet normal 0 0 -1
    outer loop
      vertex 84.3815 -17.817 22.8
      vertex 80.8345 -13.5115 22.8
      vertex 81.4917 -13.258 22.8
    endloop
  endfacet
  facet normal 0 0 -1
    outer loop
      vertex 84.3815 -17.817 22.8
      vertex 80.1657 -13.7325 22.8
      vertex 80.8345 -13.5115 22.8
    endloop
  endfacet
  facet normal 0 0 -1
    outer loop
      vertex 84.3815 -17.817 22.8
      vertex 79.4869 -13.9203 22.8
      vertex 80.1657 -13.7325 22.8
    endloop
  endfacet
  facet normal 0 0 -1
    outer loop
      vertex 84.3968 -18.1284 22.8
      vertex 78.7996 -14.0747 22.8
      vertex 79.4869 -13.9203 22.8
    endloop
  endfacet
  facet normal 0 0 -1
    outer loop
      vertex 84.4273 -18.4386 22.8
      vertex 78.7996 -14.0747 22.8
      vertex 84.3968 -18.1284 22.8
    endloop
  endfacet
  facet normal 0 -0 -1
    outer loop
      vertex 78.7996 -14.0747 22.8
      vertex 84.4273 -18.4386 22.8
      vertex 78.1056 -14.1951 22.8
    endloop
  endfacet
  facet normal 0 0 -1
    outer loop
      vertex 85.0576 -20.5165 22.8
      vertex 75.2958 -14.3331 22.8
      vertex 84.9243 -20.2346 22.8
    endloop
  endfacet
  facet normal 0 -0 -1
    outer loop
      vertex 76.7041 -14.3331 22.8
      vertex 84.8051 -19.9467 22.8
      vertex 76 -14.3504 22.8
    endloop
  endfacet
  facet normal 0 0 -1
    outer loop
      vertex 84.4731 -18.7469 22.8
      vertex 78.1056 -14.1951 22.8
      vertex 84.4273 -18.4386 22.8
    endloop
  endfacet
  facet normal 0 0 -1
    outer loop
      vertex 84.5339 -19.0526 22.8
      vertex 78.1056 -14.1951 22.8
      vertex 84.4731 -18.7469 22.8
    endloop
  endfacet
  facet normal 0 -0 -1
    outer loop
      vertex 78.1056 -14.1951 22.8
      vertex 84.5339 -19.0526 22.8
      vertex 77.4066 -14.2813 22.8
    endloop
  endfacet
  facet normal 0 0 -1
    outer loop
      vertex 84.6096 -19.3549 22.8
      vertex 77.4066 -14.2813 22.8
      vertex 84.5339 -19.0526 22.8
    endloop
  endfacet
  facet normal 0 -0 -1
    outer loop
      vertex 77.4066 -14.2813 22.8
      vertex 84.6096 -19.3549 22.8
      vertex 76.7041 -14.3331 22.8
    endloop
  endfacet
  facet normal 0 0 -1
    outer loop
      vertex 84.8051 -19.9467 22.8
      vertex 76.7041 -14.3331 22.8
      vertex 84.7001 -19.6532 22.8
    endloop
  endfacet
  facet normal 0 0 -1
    outer loop
      vertex 84.7001 -19.6532 22.8
      vertex 76.7041 -14.3331 22.8
      vertex 84.6096 -19.3549 22.8
    endloop
  endfacet
  facet normal 0 0 -1
    outer loop
      vertex 84.9243 -20.2346 22.8
      vertex 76 -14.3504 22.8
      vertex 84.8051 -19.9467 22.8
    endloop
  endfacet
  facet normal -0 -0 -1
    outer loop
      vertex 76 -14.3504 22.8
      vertex 84.9243 -20.2346 22.8
      vertex 75.2958 -14.3331 22.8
    endloop
  endfacet
  facet normal 0 0 -1
    outer loop
      vertex 85.3647 -21.0587 22.8
      vertex 74.5934 -14.2813 22.8
      vertex 85.2045 -20.7913 22.8
    endloop
  endfacet
  facet normal 0 0 -1
    outer loop
      vertex 87.3102 -25.2128 22.8
      vertex 85.5287 -21.3041 22.8
      vertex 87.2886 -25.1265 22.8
    endloop
  endfacet
  facet normal 0 0 -1
    outer loop
      vertex 86.7791 -23.584 22.8
      vertex 85.5287 -21.3041 22.8
      vertex 86.7446 -23.5008 22.8
    endloop
  endfacet
  facet normal 0 0 -1
    outer loop
      vertex 87.1599 -24.6614 22.8
      vertex 85.5287 -21.3041 22.8
      vertex 87.134 -24.576 22.8
    endloop
  endfacet
  facet normal 0 0 -1
    outer loop
      vertex 87.6675 -26.8434 22.8
      vertex 73.8943 -14.1951 22.8
      vertex 87.5843 -26.543 22.8
    endloop
  endfacet
  facet normal -0 -0 -1
    outer loop
      vertex 73.2004 -14.0747 22.8
      vertex 87.7652 -27.1394 22.8
      vertex 72.5131 -13.9203 22.8
    endloop
  endfacet
  facet normal 0 0 -1
    outer loop
      vertex 59.2417 -87.3097 22.8
      vertex 70.5083 -13.258 22.8
      vertex 59.272 -87.3066 22.8
    endloop
  endfacet
  facet normal -0 0 -1
    outer loop
      vertex 70.5083 -13.258 22.8
      vertex 59.2417 -87.3097 22.8
      vertex 69.8644 -12.9726 22.8
    endloop
  endfacet
  facet normal 0 0 -1
    outer loop
      vertex 53.4464 -87.8632 22.8
      vertex 69.8644 -12.9726 22.8
      vertex 59.2417 -87.3097 22.8
    endloop
  endfacet
  facet normal -0 0 -1
    outer loop
      vertex 69.8644 -12.9726 22.8
      vertex 53.4464 -87.8632 22.8
      vertex 69.2353 -12.6559 22.8
    endloop
  endfacet
  facet normal 0 0 -1
    outer loop
      vertex 53.4145 -87.866 22.8
      vertex 69.2353 -12.6559 22.8
      vertex 53.4464 -87.8632 22.8
    endloop
  endfacet
  facet normal -0 0 -1
    outer loop
      vertex 69.2353 -12.6559 22.8
      vertex 53.4145 -87.866 22.8
      vertex 68.6224 -12.3088 22.8
    endloop
  endfacet
  facet normal 0 0 -1
    outer loop
      vertex 47.672 -88.3127 22.8
      vertex 68.6224 -12.3088 22.8
      vertex 53.4145 -87.866 22.8
    endloop
  endfacet
  facet normal -0 0 -1
    outer loop
      vertex 68.6224 -12.3088 22.8
      vertex 47.672 -88.3127 22.8
      vertex 68.0273 -11.9319 22.8
    endloop
  endfacet
  facet normal 0 0 -1
    outer loop
      vertex 47.6377 -88.3151 22.8
      vertex 68.0273 -11.9319 22.8
      vertex 47.672 -88.3127 22.8
    endloop
  endfacet
  facet normal -0 0 -1
    outer loop
      vertex 68.0273 -11.9319 22.8
      vertex 47.6377 -88.3151 22.8
      vertex 67.4515 -11.5264 22.8
    endloop
  endfacet
  facet normal 0 0 -1
    outer loop
      vertex 41.9841 -88.6486 22.8
      vertex 67.4515 -11.5264 22.8
      vertex 47.6377 -88.3151 22.8
    endloop
  endfacet
  facet normal 0 0 -1
    outer loop
      vertex 41.9434 -88.6489 22.8
      vertex 67.4515 -11.5264 22.8
      vertex 41.9841 -88.6486 22.8
    endloop
  endfacet
  facet normal 0 0 -1
    outer loop
      vertex 39.3163 -88.607 22.8
      vertex 67.4515 -11.5264 22.8
      vertex 41.9434 -88.6489 22.8
    endloop
  endfacet
  facet normal -0 0 -1
    outer loop
      vertex 67.4515 -11.5264 22.8
      vertex 39.3163 -88.607 22.8
      vertex 66.8962 -11.093 22.8
    endloop
  endfacet
  facet normal 0 0 -1
    outer loop
      vertex 63.6912 -7.37758 22.8
      vertex 63.4567 -7.22839 22.8
      vertex 63.6231 -7.25725 22.8
    endloop
  endfacet
  facet normal 0 0 -1
    outer loop
      vertex 39.2533 -88.6049 22.8
      vertex 66.8962 -11.093 22.8
      vertex 39.3163 -88.607 22.8
    endloop
  endfacet
  facet normal 0 0 -1
    outer loop
      vertex 63.6912 -7.37758 22.8
      vertex 63.1525 -7.1601 22.8
      vertex 63.4567 -7.22839 22.8
    endloop
  endfacet
  facet normal 0 0 -1
    outer loop
      vertex 36.7099 -88.4781 22.8
      vertex 66.8962 -11.093 22.8
      vertex 39.2533 -88.6049 22.8
    endloop
  endfacet
  facet normal 0 0 -1
    outer loop
      vertex 64.0681 -7.97266 22.8
      vertex 63.1525 -7.1601 22.8
      vertex 63.6912 -7.37758 22.8
    endloop
  endfacet
  facet normal -0 -0 -1
    outer loop
      vertex 63.1525 -7.1601 22.8
      vertex 64.0681 -7.97266 22.8
      vertex 62.8522 -7.07695 22.8
    endloop
  endfacet
  facet normal -0 -0 -1
    outer loop
      vertex 62.8522 -7.07695 22.8
      vertex 64.0681 -7.97266 22.8
      vertex 62.5562 -6.97919 22.8
    endloop
  endfacet
  facet normal 0 0 -1
    outer loop
      vertex 64.4736 -8.54852 22.8
      vertex 62.5562 -6.97919 22.8
      vertex 64.0681 -7.97266 22.8
    endloop
  endfacet
  facet normal 0 0 -1
    outer loop
      vertex 36.6426 -88.4735 22.8
      vertex 66.8962 -11.093 22.8
      vertex 36.7099 -88.4781 22.8
    endloop
  endfacet
  facet normal -0 -0 -1
    outer loop
      vertex 62.5562 -6.97919 22.8
      vertex 64.4736 -8.54852 22.8
      vertex 62.2654 -6.867 22.8
    endloop
  endfacet
  facet normal 0 0 -1
    outer loop
      vertex 34.2121 -88.2626 22.8
      vertex 66.8962 -11.093 22.8
      vertex 36.6426 -88.4735 22.8
    endloop
  endfacet
  facet normal -0 -0 -1
    outer loop
      vertex 62.2654 -6.867 22.8
      vertex 64.4736 -8.54852 22.8
      vertex 61.9804 -6.74069 22.8
    endloop
  endfacet
  facet normal 0 0 -1
    outer loop
      vertex 34.1392 -88.2548 22.8
      vertex 66.8962 -11.093 22.8
      vertex 34.2121 -88.2626 22.8
    endloop
  endfacet
  facet normal 0 0 -1
    outer loop
      vertex 64.907 -9.10379 22.8
      vertex 61.9804 -6.74069 22.8
      vertex 64.4736 -8.54852 22.8
    endloop
  endfacet
  facet normal 0 0 -1
    outer loop
      vertex 31.8197 -87.9604 22.8
      vertex 66.8962 -11.093 22.8
      vertex 34.1392 -88.2548 22.8
    endloop
  endfacet
  facet normal 0 0 -1
    outer loop
      vertex 31.7419 -87.9488 22.8
      vertex 66.8962 -11.093 22.8
      vertex 31.8197 -87.9604 22.8
    endloop
  endfacet
  facet normal -0 -0 -1
    outer loop
      vertex 61.9804 -6.74069 22.8
      vertex 64.907 -9.10379 22.8
      vertex 61.7021 -6.60057 22.8
    endloop
  endfacet
  facet normal 0 0 -1
    outer loop
      vertex 18 -83.4587 22.8
      vertex 66.8962 -11.093 22.8
      vertex 31.7419 -87.9488 22.8
    endloop
  endfacet
  facet normal -0 0 -1
    outer loop
      vertex 66.8962 -11.093 22.8
      vertex 18 -83.4587 22.8
      vertex 66.3629 -10.6329 22.8
    endloop
  endfacet
  facet normal 0 0 -1
    outer loop
      vertex 18 -3 22.8
      vertex 66.3629 -10.6329 22.8
      vertex 18 -83.4587 22.8
    endloop
  endfacet
  facet normal 0 0 -1
    outer loop
      vertex 66.3629 -10.6329 22.8
      vertex 18 -3 22.8
      vertex 65.8527 -10.1473 22.8
    endloop
  endfacet
  facet normal -0 -0 -1
    outer loop
      vertex 61.1675 -6.28017 22.8
      vertex 65.8527 -10.1473 22.8
      vertex 18 -3 22.8
    endloop
  endfacet
  facet normal -0 -0 -1
    outer loop
      vertex 61.4308 -6.44693 22.8
      vertex 65.3671 -9.63713 22.8
      vertex 61.1675 -6.28017 22.8
    endloop
  endfacet
  facet normal 0 0 -1
    outer loop
      vertex 65.3671 -9.63713 22.8
      vertex 61.7021 -6.60057 22.8
      vertex 64.907 -9.10379 22.8
    endloop
  endfacet
  facet normal -0 -0 -1
    outer loop
      vertex 61.7021 -6.60057 22.8
      vertex 65.3671 -9.63713 22.8
      vertex 61.4308 -6.44693 22.8
    endloop
  endfacet
  facet normal 0 0 -1
    outer loop
      vertex 65.8527 -10.1473 22.8
      vertex 61.1675 -6.28017 22.8
      vertex 65.3671 -9.63713 22.8
    endloop
  endfacet
  facet normal 0 0 -1
    outer loop
      vertex 61.1675 -6.28017 22.8
      vertex 18 -3 22.8
      vertex 60.9127 -6.10069 22.8
    endloop
  endfacet
  facet normal 0 0 -1
    outer loop
      vertex 60.9127 -6.10069 22.8
      vertex 18 -3 22.8
      vertex 60.6669 -5.90892 22.8
    endloop
  endfacet
  facet normal 0 0 -1
    outer loop
      vertex 60.6669 -5.90892 22.8
      vertex 18 -3 22.8
      vertex 60.4309 -5.70535 22.8
    endloop
  endfacet
  facet normal 0 0 -1
    outer loop
      vertex 60.4309 -5.70535 22.8
      vertex 18 -3 22.8
      vertex 60.2052 -5.49042 22.8
    endloop
  endfacet
  facet normal 0 0 -1
    outer loop
      vertex 60.2052 -5.49042 22.8
      vertex 18 -3 22.8
      vertex 59.9902 -5.26465 22.8
    endloop
  endfacet
  facet normal 0 0 -1
    outer loop
      vertex 59.9902 -5.26465 22.8
      vertex 18 -3 22.8
      vertex 59.7867 -5.02867 22.8
    endloop
  endfacet
  facet normal 0 0 -1
    outer loop
      vertex 59.7867 -5.02867 22.8
      vertex 18 -3 22.8
      vertex 59.5949 -4.78293 22.8
    endloop
  endfacet
  facet normal 0 0 -1
    outer loop
      vertex 59.5949 -4.78293 22.8
      vertex 18 -3 22.8
      vertex 59.4154 -4.52811 22.8
    endloop
  endfacet
  facet normal 0 0 -1
    outer loop
      vertex 59.4154 -4.52811 22.8
      vertex 18 -3 22.8
      vertex 59.2487 -4.26476 22.8
    endloop
  endfacet
  facet normal 0 0 -1
    outer loop
      vertex 59.2487 -4.26476 22.8
      vertex 18 -3 22.8
      vertex 59.095 -3.99353 22.8
    endloop
  endfacet
  facet normal 0 0 -1
    outer loop
      vertex 59.095 -3.99353 22.8
      vertex 18 -3 22.8
      vertex 58.9549 -3.71516 22.8
    endloop
  endfacet
  facet normal 0 0 -1
    outer loop
      vertex 58.9549 -3.71516 22.8
      vertex 18 -3 22.8
      vertex 58.8286 -3.43021 22.8
    endloop
  endfacet
  facet normal 0 0 -1
    outer loop
      vertex 18 -83.4587 22.8
      vertex 31.7419 -87.9488 22.8
      vertex 29.5325 -87.5715 22.8
    endloop
  endfacet
  facet normal 0 0 -1
    outer loop
      vertex 18 -83.4587 22.8
      vertex 29.5325 -87.5715 22.8
      vertex 29.4498 -87.5554 22.8
    endloop
  endfacet
  facet normal 0 0 -1
    outer loop
      vertex 18 -83.4587 22.8
      vertex 29.4498 -87.5554 22.8
      vertex 27.3484 -87.096 22.8
    endloop
  endfacet
  facet normal 0 0 -1
    outer loop
      vertex 18 -83.4587 22.8
      vertex 27.3484 -87.096 22.8
      vertex 27.2621 -87.0749 22.8
    endloop
  endfacet
  facet normal 0 0 -1
    outer loop
      vertex 18 -83.4587 22.8
      vertex 27.2621 -87.0749 22.8
      vertex 25.2678 -86.5342 22.8
    endloop
  endfacet
  facet normal 0 0 -1
    outer loop
      vertex 18 -83.4587 22.8
      vertex 25.2678 -86.5342 22.8
      vertex 25.1753 -86.5065 22.8
    endloop
  endfacet
  facet normal 0 0 -1
    outer loop
      vertex 18 -83.4587 22.8
      vertex 25.1753 -86.5065 22.8
      vertex 23.2874 -85.8859 22.8
    endloop
  endfacet
  facet normal 0 0 -1
    outer loop
      vertex 18 -83.4587 22.8
      vertex 23.2874 -85.8859 22.8
      vertex 23.1914 -85.8513 22.8
    endloop
  endfacet
  facet normal 0 0 -1
    outer loop
      vertex 18 -83.4587 22.8
      vertex 23.1914 -85.8513 22.8
      vertex 21.4058 -85.1512 22.8
    endloop
  endfacet
  facet normal 0 0 -1
    outer loop
      vertex 18 -83.4587 22.8
      vertex 21.4058 -85.1512 22.8
      vertex 21.3065 -85.1088 22.8
    endloop
  endfacet
  facet normal 0 0 -1
    outer loop
      vertex 18 -83.4587 22.8
      vertex 21.3065 -85.1088 22.8
      vertex 19.6213 -84.3299 22.8
    endloop
  endfacet
  facet normal 0 0 -1
    outer loop
      vertex 18 -83.4587 22.8
      vertex 19.6213 -84.3299 22.8
      vertex 19.5198 -84.2791 22.8
    endloop
  endfacet
  facet normal 0 0 -1
    outer loop
      vertex 58.8286 -3.43021 22.8
      vertex 18 -3 22.8
      vertex 58.7164 -3.13936 22.8
    endloop
  endfacet
  facet normal 0 0 -1
    outer loop
      vertex 58.7164 -3.13936 22.8
      vertex 18 -3 22.8
      vertex 58.6704 -3 22.8
    endloop
  endfacet
  facet normal 0 0 -1
    outer loop
      vertex 88.3244 -7.35001 22.8
      vertex 90.7037 -7.8087 22.8
      vertex 90.6618 -7.88698 22.8
    endloop
  endfacet
  facet normal 0 0 -1
    outer loop
      vertex 88.3244 -7.35001 22.8
      vertex 90.6618 -7.88698 22.8
      vertex 90.3026 -8.52119 22.8
    endloop
  endfacet
  facet normal 0 0 -1
    outer loop
      vertex 88.3088 -7.37758 22.8
      vertex 90.3026 -8.52119 22.8
      vertex 90.2572 -8.59695 22.8
    endloop
  endfacet
  facet normal 0 0 -1
    outer loop
      vertex 88.3088 -7.37758 22.8
      vertex 90.2572 -8.59695 22.8
      vertex 89.8676 -9.2122 22.8
    endloop
  endfacet
  facet normal 0 0 -1
    outer loop
      vertex 87.9319 -7.97266 22.8
      vertex 89.8676 -9.2122 22.8
      vertex 89.8178 -9.28671 22.8
    endloop
  endfacet
  facet normal 0 0 -1
    outer loop
      vertex 87.9319 -7.97266 22.8
      vertex 89.8178 -9.28671 22.8
      vertex 89.3989 -9.88153 22.8
    endloop
  endfacet
  facet normal 0 0 -1
    outer loop
      vertex 87.5264 -8.54852 22.8
      vertex 89.3989 -9.88153 22.8
      vertex 89.3457 -9.95319 22.8
    endloop
  endfacet
  facet normal 0 0 -1
    outer loop
      vertex 87.5264 -8.54852 22.8
      vertex 89.3457 -9.95319 22.8
      vertex 88.8978 -10.5271 22.8
    endloop
  endfacet
  facet normal 0 0 -1
    outer loop
      vertex 87.093 -9.10379 22.8
      vertex 88.8978 -10.5271 22.8
      vertex 88.8411 -10.5962 22.8
    endloop
  endfacet
  facet normal 0 0 -1
    outer loop
      vertex 87.093 -9.10379 22.8
      vertex 88.8411 -10.5962 22.8
      vertex 88.3656 -11.1475 22.8
    endloop
  endfacet
  facet normal 0 0 -1
    outer loop
      vertex 89.8676 -9.2122 22.8
      vertex 87.9319 -7.97266 22.8
      vertex 88.3088 -7.37758 22.8
    endloop
  endfacet
  facet normal 0 0 -1
    outer loop
      vertex 90.7037 -7.8087 22.8
      vertex 88.3244 -7.35001 22.8
      vertex 90.9346 -7.35001 22.8
    endloop
  endfacet
  facet normal 0 0 -1
    outer loop
      vertex 86.6329 -9.63713 22.8
      vertex 88.3656 -11.1475 22.8
      vertex 88.3058 -11.2135 22.8
    endloop
  endfacet
  facet normal 0 0 -1
    outer loop
      vertex 90.3026 -8.52119 22.8
      vertex 88.3088 -7.37758 22.8
      vertex 88.3244 -7.35001 22.8
    endloop
  endfacet
  facet normal 0 0 -1
    outer loop
      vertex 86.6329 -9.63713 22.8
      vertex 88.3058 -11.2135 22.8
      vertex 87.8038 -11.7407 22.8
    endloop
  endfacet
  facet normal 0 0 -1
    outer loop
      vertex 86.1473 -10.1473 22.8
      vertex 87.8038 -11.7407 22.8
      vertex 87.7407 -11.8038 22.8
    endloop
  endfacet
  facet normal 0 0 -1
    outer loop
      vertex 89.3989 -9.88153 22.8
      vertex 87.5264 -8.54852 22.8
      vertex 87.9319 -7.97266 22.8
    endloop
  endfacet
  facet normal 0 0 -1
    outer loop
      vertex 86.1473 -10.1473 22.8
      vertex 87.7407 -11.8038 22.8
      vertex 87.2135 -12.3058 22.8
    endloop
  endfacet
  facet normal 0 0 -1
    outer loop
      vertex 85.6371 -10.6329 22.8
      vertex 87.2135 -12.3058 22.8
      vertex 87.1469 -12.3661 22.8
    endloop
  endfacet
  facet normal 0 0 -1
    outer loop
      vertex 88.8978 -10.5271 22.8
      vertex 87.093 -9.10379 22.8
      vertex 87.5264 -8.54852 22.8
    endloop
  endfacet
  facet normal 0 0 -1
    outer loop
      vertex 88.3656 -11.1475 22.8
      vertex 86.6329 -9.63713 22.8
      vertex 87.093 -9.10379 22.8
    endloop
  endfacet
  facet normal 0 0 -1
    outer loop
      vertex 85.1038 -11.093 22.8
      vertex 87.1469 -12.3661 22.8
      vertex 86.5698 -12.8639 22.8
    endloop
  endfacet
  facet normal 0 0 -1
    outer loop
      vertex 85.1038 -11.093 22.8
      vertex 86.5698 -12.8639 22.8
      vertex 86.3513 -13.062 22.8
    endloop
  endfacet
  facet normal 0 0 -1
    outer loop
      vertex 87.8038 -11.7407 22.8
      vertex 86.1473 -10.1473 22.8
      vertex 86.6329 -9.63713 22.8
    endloop
  endfacet
  facet normal 0 0 -1
    outer loop
      vertex 84.5485 -11.5264 22.8
      vertex 86.3513 -13.062 22.8
      vertex 86.1309 -13.2824 22.8
    endloop
  endfacet
  facet normal 0 0 -1
    outer loop
      vertex 84.5485 -11.5264 22.8
      vertex 86.1309 -13.2824 22.8
      vertex 85.9215 -13.5133 22.8
    endloop
  endfacet
  facet normal 0 0 -1
    outer loop
      vertex 83.9727 -11.9319 22.8
      vertex 85.9215 -13.5133 22.8
      vertex 85.7238 -13.7543 22.8
    endloop
  endfacet
  facet normal 0 0 -1
    outer loop
      vertex 87.2135 -12.3058 22.8
      vertex 85.6371 -10.6329 22.8
      vertex 86.1473 -10.1473 22.8
    endloop
  endfacet
  facet normal 0 0 -1
    outer loop
      vertex 83.9727 -11.9319 22.8
      vertex 85.7238 -13.7543 22.8
      vertex 85.5381 -14.0046 22.8
    endloop
  endfacet
  facet normal 0 0 -1
    outer loop
      vertex 83.9727 -11.9319 22.8
      vertex 85.5381 -14.0046 22.8
      vertex 85.3649 -14.2638 22.8
    endloop
  endfacet
  facet normal 0 0 -1
    outer loop
      vertex 83.9727 -11.9319 22.8
      vertex 85.3649 -14.2638 22.8
      vertex 85.2047 -14.5311 22.8
    endloop
  endfacet
  facet normal 0 0 -1
    outer loop
      vertex 87.1469 -12.3661 22.8
      vertex 85.1038 -11.093 22.8
      vertex 85.6371 -10.6329 22.8
    endloop
  endfacet
  facet normal 0 0 -1
    outer loop
      vertex 83.9727 -11.9319 22.8
      vertex 85.2047 -14.5311 22.8
      vertex 85.0577 -14.806 22.8
    endloop
  endfacet
  facet normal 0 0 -1
    outer loop
      vertex 83.9727 -11.9319 22.8
      vertex 85.0577 -14.806 22.8
      vertex 84.9245 -15.0878 22.8
    endloop
  endfacet
  facet normal 0 0 -1
    outer loop
      vertex 83.9727 -11.9319 22.8
      vertex 84.9245 -15.0878 22.8
      vertex 84.8052 -15.3757 22.8
    endloop
  endfacet
  facet normal 0 0 -1
    outer loop
      vertex 83.9727 -11.9319 22.8
      vertex 84.8052 -15.3757 22.8
      vertex 84.7001 -15.6692 22.8
    endloop
  endfacet
  facet normal 0 0 -1
    outer loop
      vertex 83.9727 -11.9319 22.8
      vertex 84.7001 -15.6692 22.8
      vertex 84.6097 -15.9675 22.8
    endloop
  endfacet
  facet normal 0 0 -1
    outer loop
      vertex 86.3513 -13.062 22.8
      vertex 84.5485 -11.5264 22.8
      vertex 85.1038 -11.093 22.8
    endloop
  endfacet
  facet normal 0 0 -1
    outer loop
      vertex 83.9727 -11.9319 22.8
      vertex 84.6097 -15.9675 22.8
      vertex 84.5339 -16.2698 22.8
    endloop
  endfacet
  facet normal 0 0 -1
    outer loop
      vertex 83.9727 -11.9319 22.8
      vertex 84.5339 -16.2698 22.8
      vertex 84.4731 -16.5755 22.8
    endloop
  endfacet
  facet normal 0 0 -1
    outer loop
      vertex 83.9727 -11.9319 22.8
      vertex 84.4731 -16.5755 22.8
      vertex 84.4274 -16.8839 22.8
    endloop
  endfacet
  facet normal 0 0 -1
    outer loop
      vertex 83.9727 -11.9319 22.8
      vertex 84.4274 -16.8839 22.8
      vertex 84.3968 -17.194 22.8
    endloop
  endfacet
  facet normal 0 0 -1
    outer loop
      vertex 83.9727 -11.9319 22.8
      vertex 84.3968 -17.194 22.8
      vertex 84.3815 -17.5053 22.8
    endloop
  endfacet
  facet normal 0 0 -1
    outer loop
      vertex 85.9215 -13.5133 22.8
      vertex 83.9727 -11.9319 22.8
      vertex 84.5485 -11.5264 22.8
    endloop
  endfacet
  facet normal 0 0 -1
    outer loop
      vertex 83.9727 -11.9319 22.8
      vertex 84.3815 -17.5053 22.8
      vertex 84.3815 -17.817 22.8
    endloop
  endfacet
  facet normal -0.0588866 0.998265 0
    outer loop
      vertex 47.6377 -88.3151 16.4
      vertex 41.9841 -88.6486 22.8
      vertex 47.6377 -88.3151 22.8
    endloop
  endfacet
  facet normal -0.0588866 0.998265 0
    outer loop
      vertex 41.9841 -88.6486 22.8
      vertex 47.6377 -88.3151 16.4
      vertex 41.9841 -88.6486 16.4
    endloop
  endfacet
  facet normal -0.0698002 0.997561 0
    outer loop
      vertex 47.672 -88.3127 16.4
      vertex 47.6377 -88.3151 22.8
      vertex 47.672 -88.3127 22.8
    endloop
  endfacet
  facet normal -0.0698002 0.997561 0
    outer loop
      vertex 47.6377 -88.3151 22.8
      vertex 47.672 -88.3127 16.4
      vertex 47.6377 -88.3151 16.4
    endloop
  endfacet
  facet normal -0.0775541 0.996988 0
    outer loop
      vertex 53.4145 -87.866 16.4
      vertex 47.672 -88.3127 22.8
      vertex 53.4145 -87.866 22.8
    endloop
  endfacet
  facet normal -0.0775541 0.996988 0
    outer loop
      vertex 47.672 -88.3127 22.8
      vertex 53.4145 -87.866 16.4
      vertex 47.672 -88.3127 16.4
    endloop
  endfacet
  facet normal -0.0874381 0.99617 0
    outer loop
      vertex 53.4464 -87.8632 16.4
      vertex 53.4145 -87.866 22.8
      vertex 53.4464 -87.8632 22.8
    endloop
  endfacet
  facet normal -0.0874381 0.99617 0
    outer loop
      vertex 53.4145 -87.866 22.8
      vertex 53.4464 -87.8632 16.4
      vertex 53.4145 -87.866 16.4
    endloop
  endfacet
  facet normal -0.0950758 0.99547 0
    outer loop
      vertex 59.2417 -87.3097 16.4
      vertex 53.4464 -87.8632 22.8
      vertex 59.2417 -87.3097 22.8
    endloop
  endfacet
  facet normal -0.0950758 0.99547 0
    outer loop
      vertex 53.4464 -87.8632 22.8
      vertex 59.2417 -87.3097 16.4
      vertex 53.4464 -87.8632 16.4
    endloop
  endfacet
  facet normal -0.101779 0.994807 0
    outer loop
      vertex 59.272 -87.3066 16.4
      vertex 59.2417 -87.3097 22.8
      vertex 59.272 -87.3066 22.8
    endloop
  endfacet
  facet normal -0.101779 0.994807 0
    outer loop
      vertex 59.2417 -87.3097 22.8
      vertex 59.272 -87.3066 16.4
      vertex 59.2417 -87.3097 16.4
    endloop
  endfacet
  facet normal -0.111489 0.993766 0
    outer loop
      vertex 65.1113 -86.6515 16.4
      vertex 59.272 -87.3066 22.8
      vertex 65.1113 -86.6515 22.8
    endloop
  endfacet
  facet normal -0.111489 0.993766 0
    outer loop
      vertex 59.272 -87.3066 22.8
      vertex 65.1113 -86.6515 16.4
      vertex 59.272 -87.3066 16.4
    endloop
  endfacet
  facet normal -0.119701 0.99281 0
    outer loop
      vertex 65.1395 -86.6481 16.4
      vertex 65.1113 -86.6515 22.8
      vertex 65.1395 -86.6481 22.8
    endloop
  endfacet
  facet normal -0.119701 0.99281 0
    outer loop
      vertex 65.1113 -86.6515 22.8
      vertex 65.1395 -86.6481 16.4
      vertex 65.1113 -86.6515 16.4
    endloop
  endfacet
  facet normal -0.126886 0.991917 0
    outer loop
      vertex 71.0213 -85.8957 16.4
      vertex 65.1395 -86.6481 22.8
      vertex 71.0213 -85.8957 22.8
    endloop
  endfacet
  facet normal -0.126886 0.991917 0
    outer loop
      vertex 65.1395 -86.6481 22.8
      vertex 71.0213 -85.8957 16.4
      vertex 65.1395 -86.6481 16.4
    endloop
  endfacet
  facet normal -0.131685 0.991292 0
    outer loop
      vertex 71.0484 -85.8921 16.4
      vertex 71.0213 -85.8957 22.8
      vertex 71.0484 -85.8921 22.8
    endloop
  endfacet
  facet normal -0.131685 0.991292 0
    outer loop
      vertex 71.0213 -85.8957 22.8
      vertex 71.0484 -85.8921 16.4
      vertex 71.0213 -85.8957 16.4
    endloop
  endfacet
  facet normal -0.141321 0.989964 0
    outer loop
      vertex 76.9642 -85.0476 16.4
      vertex 71.0484 -85.8921 22.8
      vertex 76.9642 -85.0476 22.8
    endloop
  endfacet
  facet normal -0.141321 0.989964 0
    outer loop
      vertex 71.0484 -85.8921 22.8
      vertex 76.9642 -85.0476 16.4
      vertex 71.0484 -85.8921 16.4
    endloop
  endfacet
  facet normal -0.146095 0.989271 0
    outer loop
      vertex 76.9879 -85.0441 16.4
      vertex 76.9642 -85.0476 22.8
      vertex 76.9879 -85.0441 22.8
    endloop
  endfacet
  facet normal -0.146095 0.989271 0
    outer loop
      vertex 76.9642 -85.0476 22.8
      vertex 76.9879 -85.0441 16.4
      vertex 76.9642 -85.0476 16.4
    endloop
  endfacet
  facet normal -0.154825 0.987942 0
    outer loop
      vertex 82.935 -84.1121 16.4
      vertex 76.9879 -85.0441 22.8
      vertex 82.935 -84.1121 22.8
    endloop
  endfacet
  facet normal -0.154825 0.987942 0
    outer loop
      vertex 76.9879 -85.0441 22.8
      vertex 82.935 -84.1121 16.4
      vertex 76.9879 -85.0441 16.4
    endloop
  endfacet
  facet normal -0.162931 0.986637 0
    outer loop
      vertex 82.9568 -84.1085 16.4
      vertex 82.935 -84.1121 22.8
      vertex 82.9568 -84.1085 22.8
    endloop
  endfacet
  facet normal -0.162931 0.986637 0
    outer loop
      vertex 82.935 -84.1121 22.8
      vertex 82.9568 -84.1085 16.4
      vertex 82.935 -84.1121 16.4
    endloop
  endfacet
  facet normal -0.1675 0.985872 0
    outer loop
      vertex 88.9262 -83.0943 16.4
      vertex 82.9568 -84.1085 22.8
      vertex 88.9262 -83.0943 22.8
    endloop
  endfacet
  facet normal -0.1675 0.985872 0
    outer loop
      vertex 82.9568 -84.1085 22.8
      vertex 88.9262 -83.0943 16.4
      vertex 82.9568 -84.1085 16.4
    endloop
  endfacet
  facet normal -0.174691 0.984623 0
    outer loop
      vertex 88.951 -83.0899 16.4
      vertex 88.9262 -83.0943 22.8
      vertex 88.951 -83.0899 22.8
    endloop
  endfacet
  facet normal -0.174691 0.984623 0
    outer loop
      vertex 88.9262 -83.0943 22.8
      vertex 88.951 -83.0899 16.4
      vertex 88.9262 -83.0943 16.4
    endloop
  endfacet
  facet normal -0.179381 0.98378 0
    outer loop
      vertex 94.9371 -81.9984 16.4
      vertex 88.951 -83.0899 22.8
      vertex 94.9371 -81.9984 22.8
    endloop
  endfacet
  facet normal -0.179381 0.98378 0
    outer loop
      vertex 88.951 -83.0899 22.8
      vertex 94.9371 -81.9984 16.4
      vertex 88.951 -83.0899 16.4
    endloop
  endfacet
  facet normal -0.188479 0.982077 0
    outer loop
      vertex 94.9569 -81.9946 16.4
      vertex 94.9371 -81.9984 22.8
      vertex 94.9569 -81.9946 22.8
    endloop
  endfacet
  facet normal -0.188479 0.982077 0
    outer loop
      vertex 94.9371 -81.9984 22.8
      vertex 94.9569 -81.9946 16.4
      vertex 94.9371 -81.9984 16.4
    endloop
  endfacet
  facet normal -0.190508 0.981686 0
    outer loop
      vertex 100.956 -80.8304 16.4
      vertex 94.9569 -81.9946 22.8
      vertex 100.956 -80.8304 22.8
    endloop
  endfacet
  facet normal -0.190508 0.981686 0
    outer loop
      vertex 94.9569 -81.9946 22.8
      vertex 100.956 -80.8304 16.4
      vertex 94.9569 -81.9946 16.4
    endloop
  endfacet
  facet normal -0.19162 0.981469 0
    outer loop
      vertex 100.977 -80.8263 16.4
      vertex 100.956 -80.8304 22.8
      vertex 100.977 -80.8263 22.8
    endloop
  endfacet
  facet normal -0.19162 0.981469 0
    outer loop
      vertex 100.956 -80.8304 22.8
      vertex 100.977 -80.8263 16.4
      vertex 100.956 -80.8304 16.4
    endloop
  endfacet
  facet normal -0.200893 0.979613 0
    outer loop
      vertex 106.988 -79.5936 16.4
      vertex 100.977 -80.8263 22.8
      vertex 106.988 -79.5936 22.8
    endloop
  endfacet
  facet normal -0.200893 0.979613 0
    outer loop
      vertex 100.977 -80.8263 22.8
      vertex 106.988 -79.5936 16.4
      vertex 100.977 -80.8263 16.4
    endloop
  endfacet
  facet normal -0.211753 0.977323 0
    outer loop
      vertex 107.006 -79.5897 16.4
      vertex 106.988 -79.5936 22.8
      vertex 107.006 -79.5897 22.8
    endloop
  endfacet
  facet normal -0.211753 0.977323 0
    outer loop
      vertex 106.988 -79.5936 22.8
      vertex 107.006 -79.5897 16.4
      vertex 106.988 -79.5936 16.4
    endloop
  endfacet
  facet normal -0.210657 0.97756 0
    outer loop
      vertex 108 -79.3755 16.4
      vertex 107.006 -79.5897 22.8
      vertex 108 -79.3755 22.8
    endloop
  endfacet
  facet normal -0.210657 0.97756 0
    outer loop
      vertex 107.006 -79.5897 22.8
      vertex 108 -79.3755 16.4
      vertex 107.006 -79.5897 16.4
    endloop
  endfacet
  facet normal 0 -1 0
    outer loop
      vertex 93.7278 -31.35 16.4
      vertex 108 -31.35 22.8
      vertex 93.7278 -31.35 22.8
    endloop
  endfacet
  facet normal 0 -1 -0
    outer loop
      vertex 108 -31.35 22.8
      vertex 93.7278 -31.35 16.4
      vertex 108 -31.35 16.4
    endloop
  endfacet
  facet normal -0.0243995 -0.999702 0
    outer loop
      vertex 93.4328 -31.3428 16.4
      vertex 93.7278 -31.35 22.8
      vertex 93.4328 -31.3428 22.8
    endloop
  endfacet
  facet normal -0.0243995 -0.999702 -0
    outer loop
      vertex 93.7278 -31.35 22.8
      vertex 93.4328 -31.3428 16.4
      vertex 93.7278 -31.35 16.4
    endloop
  endfacet
  facet normal -0.0738008 -0.997273 0
    outer loop
      vertex 93.122 -31.3198 16.4
      vertex 93.4328 -31.3428 22.8
      vertex 93.122 -31.3198 22.8
    endloop
  endfacet
  facet normal -0.0738008 -0.997273 -0
    outer loop
      vertex 93.4328 -31.3428 22.8
      vertex 93.122 -31.3198 16.4
      vertex 93.4328 -31.3428 16.4
    endloop
  endfacet
  facet normal -0.122218 -0.992503 0
    outer loop
      vertex 92.8126 -31.2817 16.4
      vertex 93.122 -31.3198 22.8
      vertex 92.8126 -31.2817 22.8
    endloop
  endfacet
  facet normal -0.122218 -0.992503 -0
    outer loop
      vertex 93.122 -31.3198 22.8
      vertex 92.8126 -31.2817 16.4
      vertex 93.122 -31.3198 16.4
    endloop
  endfacet
  facet normal -0.171057 -0.985261 0
    outer loop
      vertex 92.5056 -31.2284 16.4
      vertex 92.8126 -31.2817 22.8
      vertex 92.5056 -31.2284 22.8
    endloop
  endfacet
  facet normal -0.171057 -0.985261 -0
    outer loop
      vertex 92.8126 -31.2817 22.8
      vertex 92.5056 -31.2284 16.4
      vertex 92.8126 -31.2817 16.4
    endloop
  endfacet
  facet normal -0.21907 -0.975709 0
    outer loop
      vertex 92.2014 -31.1601 16.4
      vertex 92.5056 -31.2284 22.8
      vertex 92.2014 -31.1601 22.8
    endloop
  endfacet
  facet normal -0.21907 -0.975709 -0
    outer loop
      vertex 92.5056 -31.2284 22.8
      vertex 92.2014 -31.1601 16.4
      vertex 92.5056 -31.2284 16.4
    endloop
  endfacet
  facet normal -0.266618 -0.963802 0
    outer loop
      vertex 91.901 -31.077 16.4
      vertex 92.2014 -31.1601 22.8
      vertex 91.901 -31.077 22.8
    endloop
  endfacet
  facet normal -0.266618 -0.963802 -0
    outer loop
      vertex 92.2014 -31.1601 22.8
      vertex 91.901 -31.077 16.4
      vertex 92.2014 -31.1601 16.4
    endloop
  endfacet
  facet normal -0.31382 -0.949482 0
    outer loop
      vertex 91.6051 -30.9792 16.4
      vertex 91.901 -31.077 22.8
      vertex 91.6051 -30.9792 22.8
    endloop
  endfacet
  facet normal -0.31382 -0.949482 -0
    outer loop
      vertex 91.901 -31.077 22.8
      vertex 91.6051 -30.9792 16.4
      vertex 91.901 -31.077 16.4
    endloop
  endfacet
  facet normal -0.35986 -0.933006 0
    outer loop
      vertex 91.3142 -30.867 16.4
      vertex 91.6051 -30.9792 22.8
      vertex 91.3142 -30.867 22.8
    endloop
  endfacet
  facet normal -0.35986 -0.933006 -0
    outer loop
      vertex 91.6051 -30.9792 22.8
      vertex 91.3142 -30.867 16.4
      vertex 91.6051 -30.9792 16.4
    endloop
  endfacet
  facet normal -0.405275 -0.914195 0
    outer loop
      vertex 91.0293 -30.7407 16.4
      vertex 91.3142 -30.867 22.8
      vertex 91.0293 -30.7407 22.8
    endloop
  endfacet
  facet normal -0.405275 -0.914195 -0
    outer loop
      vertex 91.3142 -30.867 22.8
      vertex 91.0293 -30.7407 16.4
      vertex 91.3142 -30.867 16.4
    endloop
  endfacet
  facet normal -0.449522 -0.893269 0
    outer loop
      vertex 90.7509 -30.6006 16.4
      vertex 91.0293 -30.7407 22.8
      vertex 90.7509 -30.6006 22.8
    endloop
  endfacet
  facet normal -0.449522 -0.893269 -0
    outer loop
      vertex 91.0293 -30.7407 22.8
      vertex 90.7509 -30.6006 16.4
      vertex 91.0293 -30.7407 16.4
    endloop
  endfacet
  facet normal -0.493061 -0.869995 0
    outer loop
      vertex 90.4797 -30.4469 16.4
      vertex 90.7509 -30.6006 22.8
      vertex 90.4797 -30.4469 22.8
    endloop
  endfacet
  facet normal -0.493061 -0.869995 -0
    outer loop
      vertex 90.7509 -30.6006 22.8
      vertex 90.4797 -30.4469 16.4
      vertex 90.7509 -30.6006 16.4
    endloop
  endfacet
  facet normal -0.534777 -0.844993 0
    outer loop
      vertex 90.2163 -30.2802 16.4
      vertex 90.4797 -30.4469 22.8
      vertex 90.2163 -30.2802 22.8
    endloop
  endfacet
  facet normal -0.534777 -0.844993 -0
    outer loop
      vertex 90.4797 -30.4469 22.8
      vertex 90.2163 -30.2802 16.4
      vertex 90.4797 -30.4469 16.4
    endloop
  endfacet
  facet normal -0.575915 -0.81751 0
    outer loop
      vertex 89.9615 -30.1007 16.4
      vertex 90.2163 -30.2802 22.8
      vertex 89.9615 -30.1007 22.8
    endloop
  endfacet
  facet normal -0.575915 -0.81751 -0
    outer loop
      vertex 90.2163 -30.2802 22.8
      vertex 89.9615 -30.1007 16.4
      vertex 90.2163 -30.2802 16.4
    endloop
  endfacet
  facet normal -0.615339 -0.788263 0
    outer loop
      vertex 89.7158 -29.9089 16.4
      vertex 89.9615 -30.1007 22.8
      vertex 89.7158 -29.9089 22.8
    endloop
  endfacet
  facet normal -0.615339 -0.788263 -0
    outer loop
      vertex 89.9615 -30.1007 22.8
      vertex 89.7158 -29.9089 16.4
      vertex 89.9615 -30.1007 16.4
    endloop
  endfacet
  facet normal -0.653035 -0.757328 0
    outer loop
      vertex 89.4798 -29.7054 16.4
      vertex 89.7158 -29.9089 22.8
      vertex 89.4798 -29.7054 22.8
    endloop
  endfacet
  facet normal -0.653035 -0.757328 -0
    outer loop
      vertex 89.7158 -29.9089 22.8
      vertex 89.4798 -29.7054 16.4
      vertex 89.7158 -29.9089 16.4
    endloop
  endfacet
  facet normal -0.689575 -0.724214 0
    outer loop
      vertex 89.254 -29.4904 16.4
      vertex 89.4798 -29.7054 22.8
      vertex 89.254 -29.4904 22.8
    endloop
  endfacet
  facet normal -0.689575 -0.724214 -0
    outer loop
      vertex 89.4798 -29.7054 22.8
      vertex 89.254 -29.4904 16.4
      vertex 89.4798 -29.7054 16.4
    endloop
  endfacet
  facet normal -0.724374 -0.689407 0
    outer loop
      vertex 89.254 -29.4904 16.4
      vertex 89.0391 -29.2646 22.8
      vertex 89.0391 -29.2646 16.4
    endloop
  endfacet
  facet normal -0.724374 -0.689407 0
    outer loop
      vertex 89.0391 -29.2646 22.8
      vertex 89.254 -29.4904 16.4
      vertex 89.254 -29.4904 22.8
    endloop
  endfacet
  facet normal -0.757032 -0.653378 0
    outer loop
      vertex 89.0391 -29.2646 16.4
      vertex 88.8355 -29.0287 22.8
      vertex 88.8355 -29.0287 16.4
    endloop
  endfacet
  facet normal -0.757032 -0.653378 0
    outer loop
      vertex 88.8355 -29.0287 22.8
      vertex 89.0391 -29.2646 16.4
      vertex 89.0391 -29.2646 22.8
    endloop
  endfacet
  facet normal -0.788384 -0.615183 0
    outer loop
      vertex 88.8355 -29.0287 16.4
      vertex 88.6437 -28.7829 22.8
      vertex 88.6437 -28.7829 16.4
    endloop
  endfacet
  facet normal -0.788384 -0.615183 0
    outer loop
      vertex 88.6437 -28.7829 22.8
      vertex 88.8355 -29.0287 16.4
      vertex 88.8355 -29.0287 22.8
    endloop
  endfacet
  facet normal -0.817661 -0.5757 0
    outer loop
      vertex 88.6437 -28.7829 16.4
      vertex 88.4643 -28.5281 22.8
      vertex 88.4643 -28.5281 16.4
    endloop
  endfacet
  facet normal -0.817661 -0.5757 0
    outer loop
      vertex 88.4643 -28.5281 22.8
      vertex 88.6437 -28.7829 16.4
      vertex 88.6437 -28.7829 22.8
    endloop
  endfacet
  facet normal -0.844756 -0.535151 0
    outer loop
      vertex 88.4643 -28.5281 16.4
      vertex 88.2975 -28.2648 22.8
      vertex 88.2975 -28.2648 16.4
    endloop
  endfacet
  facet normal -0.844756 -0.535151 0
    outer loop
      vertex 88.2975 -28.2648 22.8
      vertex 88.4643 -28.5281 16.4
      vertex 88.4643 -28.5281 22.8
    endloop
  endfacet
  facet normal -0.87021 -0.492681 0
    outer loop
      vertex 88.2975 -28.2648 16.4
      vertex 88.1439 -27.9935 22.8
      vertex 88.1439 -27.9935 16.4
    endloop
  endfacet
  facet normal -0.87021 -0.492681 0
    outer loop
      vertex 88.1439 -27.9935 22.8
      vertex 88.2975 -28.2648 16.4
      vertex 88.2975 -28.2648 22.8
    endloop
  endfacet
  facet normal -0.893075 -0.449907 0
    outer loop
      vertex 88.1439 -27.9935 16.4
      vertex 88.0037 -27.7152 22.8
      vertex 88.0037 -27.7152 16.4
    endloop
  endfacet
  facet normal -0.893075 -0.449907 0
    outer loop
      vertex 88.0037 -27.7152 22.8
      vertex 88.1439 -27.9935 16.4
      vertex 88.1439 -27.9935 22.8
    endloop
  endfacet
  facet normal -0.914248 -0.405156 0
    outer loop
      vertex 88.0037 -27.7152 16.4
      vertex 87.8774 -27.4302 22.8
      vertex 87.8774 -27.4302 16.4
    endloop
  endfacet
  facet normal -0.914248 -0.405156 0
    outer loop
      vertex 87.8774 -27.4302 22.8
      vertex 88.0037 -27.7152 16.4
      vertex 88.0037 -27.7152 22.8
    endloop
  endfacet
  facet normal -0.932965 -0.359968 0
    outer loop
      vertex 87.8774 -27.4302 16.4
      vertex 87.7652 -27.1394 22.8
      vertex 87.7652 -27.1394 16.4
    endloop
  endfacet
  facet normal -0.932965 -0.359968 0
    outer loop
      vertex 87.7652 -27.1394 22.8
      vertex 87.8774 -27.4302 16.4
      vertex 87.8774 -27.4302 22.8
    endloop
  endfacet
  facet normal -0.94961 -0.313435 0
    outer loop
      vertex 87.7652 -27.1394 16.4
      vertex 87.6675 -26.8434 22.8
      vertex 87.6675 -26.8434 16.4
    endloop
  endfacet
  facet normal -0.94961 -0.313435 0
    outer loop
      vertex 87.6675 -26.8434 22.8
      vertex 87.7652 -27.1394 16.4
      vertex 87.7652 -27.1394 22.8
    endloop
  endfacet
  facet normal -0.96372 -0.266916 0
    outer loop
      vertex 87.6675 -26.8434 16.4
      vertex 87.5843 -26.543 22.8
      vertex 87.5843 -26.543 16.4
    endloop
  endfacet
  facet normal -0.96372 -0.266916 0
    outer loop
      vertex 87.5843 -26.543 22.8
      vertex 87.6675 -26.8434 16.4
      vertex 87.6675 -26.8434 22.8
    endloop
  endfacet
  facet normal -0.975751 -0.218885 0
    outer loop
      vertex 87.5843 -26.543 16.4
      vertex 87.5179 -26.247 22.8
      vertex 87.5179 -26.247 16.4
    endloop
  endfacet
  facet normal -0.975751 -0.218885 0
    outer loop
      vertex 87.5179 -26.247 22.8
      vertex 87.5843 -26.543 16.4
      vertex 87.5843 -26.543 22.8
    endloop
  endfacet
  facet normal -0.983017 -0.183514 0
    outer loop
      vertex 87.5179 -26.247 16.4
      vertex 87.4893 -26.0938 22.8
      vertex 87.4893 -26.0938 16.4
    endloop
  endfacet
  facet normal -0.983017 -0.183514 0
    outer loop
      vertex 87.4893 -26.0938 22.8
      vertex 87.5179 -26.247 16.4
      vertex 87.5179 -26.247 22.8
    endloop
  endfacet
  facet normal -0.985283 -0.170929 0
    outer loop
      vertex 87.4893 -26.0938 16.4
      vertex 87.4333 -25.771 22.8
      vertex 87.4333 -25.771 16.4
    endloop
  endfacet
  facet normal -0.985283 -0.170929 0
    outer loop
      vertex 87.4333 -25.771 22.8
      vertex 87.4893 -26.0938 16.4
      vertex 87.4893 -26.0938 22.8
    endloop
  endfacet
  facet normal -0.980754 -0.195248 0
    outer loop
      vertex 87.4333 -25.771 16.4
      vertex 87.416 -25.6841 22.8
      vertex 87.416 -25.6841 16.4
    endloop
  endfacet
  facet normal -0.980754 -0.195248 0
    outer loop
      vertex 87.416 -25.6841 22.8
      vertex 87.4333 -25.771 16.4
      vertex 87.4333 -25.771 22.8
    endloop
  endfacet
  facet normal -0.975717 -0.219034 0
    outer loop
      vertex 87.416 -25.6841 16.4
      vertex 87.3102 -25.2128 22.8
      vertex 87.3102 -25.2128 16.4
    endloop
  endfacet
  facet normal -0.975717 -0.219034 0
    outer loop
      vertex 87.3102 -25.2128 22.8
      vertex 87.416 -25.6841 16.4
      vertex 87.416 -25.6841 22.8
    endloop
  endfacet
  facet normal -0.970076 -0.2428 0
    outer loop
      vertex 87.3102 -25.2128 16.4
      vertex 87.2886 -25.1265 22.8
      vertex 87.2886 -25.1265 16.4
    endloop
  endfacet
  facet normal -0.970076 -0.2428 0
    outer loop
      vertex 87.2886 -25.1265 22.8
      vertex 87.3102 -25.2128 16.4
      vertex 87.3102 -25.2128 22.8
    endloop
  endfacet
  facet normal -0.963782 -0.266693 0
    outer loop
      vertex 87.2886 -25.1265 16.4
      vertex 87.1599 -24.6614 22.8
      vertex 87.1599 -24.6614 16.4
    endloop
  endfacet
  facet normal -0.963782 -0.266693 0
    outer loop
      vertex 87.1599 -24.6614 22.8
      vertex 87.2886 -25.1265 16.4
      vertex 87.2886 -25.1265 22.8
    endloop
  endfacet
  facet normal -0.956958 -0.290225 0
    outer loop
      vertex 87.1599 -24.6614 16.4
      vertex 87.134 -24.576 22.8
      vertex 87.134 -24.576 16.4
    endloop
  endfacet
  facet normal -0.956958 -0.290225 0
    outer loop
      vertex 87.134 -24.576 22.8
      vertex 87.1599 -24.6614 16.4
      vertex 87.1599 -24.6614 22.8
    endloop
  endfacet
  facet normal -0.949508 -0.313742 0
    outer loop
      vertex 87.134 -24.576 16.4
      vertex 86.9825 -24.1175 22.8
      vertex 86.9825 -24.1175 16.4
    endloop
  endfacet
  facet normal -0.949508 -0.313742 0
    outer loop
      vertex 86.9825 -24.1175 22.8
      vertex 87.134 -24.576 16.4
      vertex 87.134 -24.576 22.8
    endloop
  endfacet
  facet normal -0.941487 -0.337048 0
    outer loop
      vertex 86.9825 -24.1175 16.4
      vertex 86.9525 -24.0337 22.8
      vertex 86.9525 -24.0337 16.4
    endloop
  endfacet
  facet normal -0.941487 -0.337048 0
    outer loop
      vertex 86.9525 -24.0337 22.8
      vertex 86.9825 -24.1175 16.4
      vertex 86.9825 -24.1175 22.8
    endloop
  endfacet
  facet normal -0.93304 -0.359771 0
    outer loop
      vertex 86.9525 -24.0337 16.4
      vertex 86.7791 -23.584 22.8
      vertex 86.7791 -23.584 16.4
    endloop
  endfacet
  facet normal -0.93304 -0.359771 0
    outer loop
      vertex 86.7791 -23.584 22.8
      vertex 86.9525 -24.0337 16.4
      vertex 86.9525 -24.0337 22.8
    endloop
  endfacet
  facet normal -0.923733 -0.383038 0
    outer loop
      vertex 86.7791 -23.584 16.4
      vertex 86.7446 -23.5008 22.8
      vertex 86.7446 -23.5008 16.4
    endloop
  endfacet
  facet normal -0.923733 -0.383038 0
    outer loop
      vertex 86.7446 -23.5008 22.8
      vertex 86.7791 -23.584 16.4
      vertex 86.7791 -23.584 22.8
    endloop
  endfacet
  facet normal -0.91417 -0.40533 0
    outer loop
      vertex 86.7446 -23.5008 16.4
      vertex 86.5492 -23.0601 22.8
      vertex 86.5492 -23.0601 16.4
    endloop
  endfacet
  facet normal -0.91417 -0.40533 0
    outer loop
      vertex 86.5492 -23.0601 22.8
      vertex 86.7446 -23.5008 16.4
      vertex 86.7446 -23.5008 22.8
    endloop
  endfacet
  facet normal -0.90401 -0.427512 0
    outer loop
      vertex 86.5492 -23.0601 16.4
      vertex 86.5108 -22.9789 22.8
      vertex 86.5108 -22.9789 16.4
    endloop
  endfacet
  facet normal -0.90401 -0.427512 0
    outer loop
      vertex 86.5108 -22.9789 22.8
      vertex 86.5492 -23.0601 16.4
      vertex 86.5492 -23.0601 22.8
    endloop
  endfacet
  facet normal -0.893219 -0.449622 0
    outer loop
      vertex 86.5108 -22.9789 16.4
      vertex 86.2944 -22.549 22.8
      vertex 86.2944 -22.549 16.4
    endloop
  endfacet
  facet normal -0.893219 -0.449622 0
    outer loop
      vertex 86.2944 -22.549 22.8
      vertex 86.5108 -22.9789 16.4
      vertex 86.5108 -22.9789 22.8
    endloop
  endfacet
  facet normal -0.881955 -0.471333 0
    outer loop
      vertex 86.2944 -22.549 16.4
      vertex 86.2517 -22.4691 22.8
      vertex 86.2517 -22.4691 16.4
    endloop
  endfacet
  facet normal -0.881955 -0.471333 0
    outer loop
      vertex 86.2517 -22.4691 22.8
      vertex 86.2944 -22.549 16.4
      vertex 86.2944 -22.549 22.8
    endloop
  endfacet
  facet normal -0.870129 -0.492824 0
    outer loop
      vertex 86.2517 -22.4691 16.4
      vertex 86.0145 -22.0503 22.8
      vertex 86.0145 -22.0503 16.4
    endloop
  endfacet
  facet normal -0.870129 -0.492824 0
    outer loop
      vertex 86.0145 -22.0503 22.8
      vertex 86.2517 -22.4691 16.4
      vertex 86.2517 -22.4691 22.8
    endloop
  endfacet
  facet normal -0.857688 -0.51417 0
    outer loop
      vertex 86.0145 -22.0503 16.4
      vertex 85.9681 -21.9729 22.8
      vertex 85.9681 -21.9729 16.4
    endloop
  endfacet
  facet normal -0.857688 -0.51417 0
    outer loop
      vertex 85.9681 -21.9729 22.8
      vertex 86.0145 -22.0503 16.4
      vertex 86.0145 -22.0503 22.8
    endloop
  endfacet
  facet normal -0.844838 -0.535022 0
    outer loop
      vertex 85.9681 -21.9729 16.4
      vertex 85.7101 -21.5655 22.8
      vertex 85.7101 -21.5655 16.4
    endloop
  endfacet
  facet normal -0.844838 -0.535022 0
    outer loop
      vertex 85.7101 -21.5655 22.8
      vertex 85.9681 -21.9729 16.4
      vertex 85.9681 -21.9729 22.8
    endloop
  endfacet
  facet normal -0.831706 -0.555217 0
    outer loop
      vertex 85.7101 -21.5655 16.4
      vertex 85.6605 -21.4912 22.8
      vertex 85.6605 -21.4912 16.4
    endloop
  endfacet
  facet normal -0.831706 -0.555217 0
    outer loop
      vertex 85.6605 -21.4912 22.8
      vertex 85.7101 -21.5655 16.4
      vertex 85.7101 -21.5655 22.8
    endloop
  endfacet
  facet normal -0.817525 -0.575894 0
    outer loop
      vertex 85.6605 -21.4912 16.4
      vertex 85.5287 -21.3041 22.8
      vertex 85.5287 -21.3041 16.4
    endloop
  endfacet
  facet normal -0.817525 -0.575894 0
    outer loop
      vertex 85.5287 -21.3041 22.8
      vertex 85.6605 -21.4912 16.4
      vertex 85.6605 -21.4912 22.8
    endloop
  endfacet
  facet normal -0.831424 -0.555638 0
    outer loop
      vertex 85.5287 -21.3041 16.4
      vertex 85.3647 -21.0587 22.8
      vertex 85.3647 -21.0587 16.4
    endloop
  endfacet
  facet normal -0.831424 -0.555638 0
    outer loop
      vertex 85.3647 -21.0587 22.8
      vertex 85.5287 -21.3041 16.4
      vertex 85.5287 -21.3041 22.8
    endloop
  endfacet
  facet normal -0.857832 -0.51393 0
    outer loop
      vertex 85.3647 -21.0587 16.4
      vertex 85.2045 -20.7913 22.8
      vertex 85.2045 -20.7913 16.4
    endloop
  endfacet
  facet normal -0.857832 -0.51393 0
    outer loop
      vertex 85.2045 -20.7913 22.8
      vertex 85.3647 -21.0587 16.4
      vertex 85.3647 -21.0587 22.8
    endloop
  endfacet
  facet normal -0.881899 -0.471438 0
    outer loop
      vertex 85.2045 -20.7913 16.4
      vertex 85.0576 -20.5165 22.8
      vertex 85.0576 -20.5165 16.4
    endloop
  endfacet
  facet normal -0.881899 -0.471438 0
    outer loop
      vertex 85.0576 -20.5165 22.8
      vertex 85.2045 -20.7913 16.4
      vertex 85.2045 -20.7913 22.8
    endloop
  endfacet
  facet normal -0.904025 -0.42748 0
    outer loop
      vertex 85.0576 -20.5165 16.4
      vertex 84.9243 -20.2346 22.8
      vertex 84.9243 -20.2346 16.4
    endloop
  endfacet
  facet normal -0.904025 -0.42748 0
    outer loop
      vertex 84.9243 -20.2346 22.8
      vertex 85.0576 -20.5165 16.4
      vertex 85.0576 -20.5165 22.8
    endloop
  endfacet
  facet normal -0.923939 -0.382541 0
    outer loop
      vertex 84.9243 -20.2346 16.4
      vertex 84.8051 -19.9467 22.8
      vertex 84.8051 -19.9467 16.4
    endloop
  endfacet
  facet normal -0.923939 -0.382541 0
    outer loop
      vertex 84.8051 -19.9467 22.8
      vertex 84.9243 -20.2346 16.4
      vertex 84.9243 -20.2346 22.8
    endloop
  endfacet
  facet normal -0.94156 -0.336844 0
    outer loop
      vertex 84.8051 -19.9467 16.4
      vertex 84.7001 -19.6532 22.8
      vertex 84.7001 -19.6532 16.4
    endloop
  endfacet
  facet normal -0.94156 -0.336844 0
    outer loop
      vertex 84.7001 -19.6532 22.8
      vertex 84.8051 -19.9467 16.4
      vertex 84.8051 -19.9467 22.8
    endloop
  endfacet
  facet normal -0.95693 -0.290319 0
    outer loop
      vertex 84.7001 -19.6532 16.4
      vertex 84.6096 -19.3549 22.8
      vertex 84.6096 -19.3549 16.4
    endloop
  endfacet
  facet normal -0.95693 -0.290319 0
    outer loop
      vertex 84.6096 -19.3549 22.8
      vertex 84.7001 -19.6532 16.4
      vertex 84.7001 -19.6532 22.8
    endloop
  endfacet
  facet normal -0.970048 -0.242913 0
    outer loop
      vertex 84.6096 -19.3549 16.4
      vertex 84.5339 -19.0526 22.8
      vertex 84.5339 -19.0526 16.4
    endloop
  endfacet
  facet normal -0.970048 -0.242913 0
    outer loop
      vertex 84.5339 -19.0526 22.8
      vertex 84.6096 -19.3549 16.4
      vertex 84.6096 -19.3549 22.8
    endloop
  endfacet
  facet normal -0.98079 -0.195067 0
    outer loop
      vertex 84.5339 -19.0526 16.4
      vertex 84.4731 -18.7469 22.8
      vertex 84.4731 -18.7469 16.4
    endloop
  endfacet
  facet normal -0.98079 -0.195067 0
    outer loop
      vertex 84.4731 -18.7469 22.8
      vertex 84.5339 -19.0526 16.4
      vertex 84.5339 -19.0526 22.8
    endloop
  endfacet
  facet normal -0.989145 -0.146944 0
    outer loop
      vertex 84.4731 -18.7469 16.4
      vertex 84.4273 -18.4386 22.8
      vertex 84.4273 -18.4386 16.4
    endloop
  endfacet
  facet normal -0.989145 -0.146944 0
    outer loop
      vertex 84.4273 -18.4386 22.8
      vertex 84.4731 -18.7469 16.4
      vertex 84.4731 -18.7469 22.8
    endloop
  endfacet
  facet normal -0.995201 -0.0978518 0
    outer loop
      vertex 84.4273 -18.4386 16.4
      vertex 84.3968 -18.1284 22.8
      vertex 84.3968 -18.1284 16.4
    endloop
  endfacet
  facet normal -0.995201 -0.0978518 0
    outer loop
      vertex 84.3968 -18.1284 22.8
      vertex 84.4273 -18.4386 16.4
      vertex 84.4273 -18.4386 22.8
    endloop
  endfacet
  facet normal -0.998795 -0.0490738 0
    outer loop
      vertex 84.3968 -18.1284 16.4
      vertex 84.3815 -17.817 22.8
      vertex 84.3815 -17.817 16.4
    endloop
  endfacet
  facet normal -0.998795 -0.0490738 0
    outer loop
      vertex 84.3815 -17.817 22.8
      vertex 84.3968 -18.1284 16.4
      vertex 84.3968 -18.1284 22.8
    endloop
  endfacet
  facet normal -1 0 0
    outer loop
      vertex 84.3815 -17.817 16.4
      vertex 84.3815 -17.5053 22.8
      vertex 84.3815 -17.5053 16.4
    endloop
  endfacet
  facet normal -1 -0 0
    outer loop
      vertex 84.3815 -17.5053 22.8
      vertex 84.3815 -17.817 16.4
      vertex 84.3815 -17.817 22.8
    endloop
  endfacet
  facet normal -0.998794 0.0490895 0
    outer loop
      vertex 84.3815 -17.5053 16.4
      vertex 84.3968 -17.194 22.8
      vertex 84.3968 -17.194 16.4
    endloop
  endfacet
  facet normal -0.998794 0.0490895 0
    outer loop
      vertex 84.3968 -17.194 22.8
      vertex 84.3815 -17.5053 16.4
      vertex 84.3815 -17.5053 22.8
    endloop
  endfacet
  facet normal -0.995167 0.0982009 0
    outer loop
      vertex 84.3968 -17.194 16.4
      vertex 84.4274 -16.8839 22.8
      vertex 84.4274 -16.8839 16.4
    endloop
  endfacet
  facet normal -0.995167 0.0982009 0
    outer loop
      vertex 84.4274 -16.8839 22.8
      vertex 84.3968 -17.194 16.4
      vertex 84.3968 -17.194 22.8
    endloop
  endfacet
  facet normal -0.989198 0.146584 0
    outer loop
      vertex 84.4274 -16.8839 16.4
      vertex 84.4731 -16.5755 22.8
      vertex 84.4731 -16.5755 16.4
    endloop
  endfacet
  facet normal -0.989198 0.146584 0
    outer loop
      vertex 84.4731 -16.5755 22.8
      vertex 84.4274 -16.8839 16.4
      vertex 84.4274 -16.8839 22.8
    endloop
  endfacet
  facet normal -0.98079 0.195067 0
    outer loop
      vertex 84.4731 -16.5755 16.4
      vertex 84.5339 -16.2698 22.8
      vertex 84.5339 -16.2698 16.4
    endloop
  endfacet
  facet normal -0.98079 0.195067 0
    outer loop
      vertex 84.5339 -16.2698 22.8
      vertex 84.4731 -16.5755 16.4
      vertex 84.4731 -16.5755 22.8
    endloop
  endfacet
  facet normal -0.969972 0.243215 0
    outer loop
      vertex 84.5339 -16.2698 16.4
      vertex 84.6097 -15.9675 22.8
      vertex 84.6097 -15.9675 16.4
    endloop
  endfacet
  facet normal -0.969972 0.243215 0
    outer loop
      vertex 84.6097 -15.9675 22.8
      vertex 84.5339 -16.2698 16.4
      vertex 84.5339 -16.2698 22.8
    endloop
  endfacet
  facet normal -0.957019 0.290025 0
    outer loop
      vertex 84.6097 -15.9675 16.4
      vertex 84.7001 -15.6692 22.8
      vertex 84.7001 -15.6692 16.4
    endloop
  endfacet
  facet normal -0.957019 0.290025 0
    outer loop
      vertex 84.7001 -15.6692 22.8
      vertex 84.6097 -15.9675 16.4
      vertex 84.6097 -15.9675 22.8
    endloop
  endfacet
  facet normal -0.941459 0.337129 0
    outer loop
      vertex 84.7001 -15.6692 16.4
      vertex 84.8052 -15.3757 22.8
      vertex 84.8052 -15.3757 16.4
    endloop
  endfacet
  facet normal -0.941459 0.337129 0
    outer loop
      vertex 84.8052 -15.3757 22.8
      vertex 84.7001 -15.6692 16.4
      vertex 84.7001 -15.6692 22.8
    endloop
  endfacet
  facet normal -0.923825 0.382815 0
    outer loop
      vertex 84.8052 -15.3757 16.4
      vertex 84.9245 -15.0878 22.8
      vertex 84.9245 -15.0878 16.4
    endloop
  endfacet
  facet normal -0.923825 0.382815 0
    outer loop
      vertex 84.9245 -15.0878 22.8
      vertex 84.8052 -15.3757 16.4
      vertex 84.8052 -15.3757 22.8
    endloop
  endfacet
  facet normal -0.90409 0.427341 0
    outer loop
      vertex 84.9245 -15.0878 16.4
      vertex 85.0577 -14.806 22.8
      vertex 85.0577 -14.806 16.4
    endloop
  endfacet
  facet normal -0.90409 0.427341 0
    outer loop
      vertex 85.0577 -14.806 22.8
      vertex 84.9245 -15.0878 16.4
      vertex 84.9245 -15.0878 22.8
    endloop
  endfacet
  facet normal -0.881837 0.471554 0
    outer loop
      vertex 85.0577 -14.806 16.4
      vertex 85.2047 -14.5311 22.8
      vertex 85.2047 -14.5311 16.4
    endloop
  endfacet
  facet normal -0.881837 0.471554 0
    outer loop
      vertex 85.2047 -14.5311 22.8
      vertex 85.0577 -14.806 16.4
      vertex 85.0577 -14.806 22.8
    endloop
  endfacet
  facet normal -0.857748 0.514071 0
    outer loop
      vertex 85.2047 -14.5311 16.4
      vertex 85.3649 -14.2638 22.8
      vertex 85.3649 -14.2638 16.4
    endloop
  endfacet
  facet normal -0.857748 0.514071 0
    outer loop
      vertex 85.3649 -14.2638 22.8
      vertex 85.2047 -14.5311 16.4
      vertex 85.2047 -14.5311 22.8
    endloop
  endfacet
  facet normal -0.831458 0.555588 0
    outer loop
      vertex 85.3649 -14.2638 16.4
      vertex 85.5381 -14.0046 22.8
      vertex 85.5381 -14.0046 16.4
    endloop
  endfacet
  facet normal -0.831458 0.555588 0
    outer loop
      vertex 85.5381 -14.0046 22.8
      vertex 85.3649 -14.2638 16.4
      vertex 85.3649 -14.2638 22.8
    endloop
  endfacet
  facet normal -0.803108 0.595834 0
    outer loop
      vertex 85.5381 -14.0046 16.4
      vertex 85.7238 -13.7543 22.8
      vertex 85.7238 -13.7543 16.4
    endloop
  endfacet
  facet normal -0.803108 0.595834 0
    outer loop
      vertex 85.7238 -13.7543 22.8
      vertex 85.5381 -14.0046 16.4
      vertex 85.5381 -14.0046 22.8
    endloop
  endfacet
  facet normal -0.773142 0.634233 0
    outer loop
      vertex 85.7238 -13.7543 16.4
      vertex 85.9215 -13.5133 22.8
      vertex 85.9215 -13.5133 16.4
    endloop
  endfacet
  facet normal -0.773142 0.634233 0
    outer loop
      vertex 85.9215 -13.5133 22.8
      vertex 85.7238 -13.7543 16.4
      vertex 85.7238 -13.7543 22.8
    endloop
  endfacet
  facet normal -0.740752 0.671778 0
    outer loop
      vertex 85.9215 -13.5133 16.4
      vertex 86.1309 -13.2824 22.8
      vertex 86.1309 -13.2824 16.4
    endloop
  endfacet
  facet normal -0.740752 0.671778 0
    outer loop
      vertex 86.1309 -13.2824 22.8
      vertex 85.9215 -13.5133 16.4
      vertex 85.9215 -13.5133 22.8
    endloop
  endfacet
  facet normal -0.707107 0.707107 0
    outer loop
      vertex 86.3513 -13.062 16.4
      vertex 86.1309 -13.2824 22.8
      vertex 86.3513 -13.062 22.8
    endloop
  endfacet
  facet normal -0.707107 0.707107 0
    outer loop
      vertex 86.1309 -13.2824 22.8
      vertex 86.3513 -13.062 16.4
      vertex 86.1309 -13.2824 16.4
    endloop
  endfacet
  facet normal -0.671676 0.740845 0
    outer loop
      vertex 86.5698 -12.8639 16.4
      vertex 86.3513 -13.062 22.8
      vertex 86.5698 -12.8639 22.8
    endloop
  endfacet
  facet normal -0.671676 0.740845 0
    outer loop
      vertex 86.3513 -13.062 22.8
      vertex 86.5698 -12.8639 16.4
      vertex 86.3513 -13.062 16.4
    endloop
  endfacet
  facet normal -0.653165 0.757215 0
    outer loop
      vertex 87.1469 -12.3661 16.4
      vertex 86.5698 -12.8639 22.8
      vertex 87.1469 -12.3661 22.8
    endloop
  endfacet
  facet normal -0.653165 0.757215 0
    outer loop
      vertex 86.5698 -12.8639 22.8
      vertex 87.1469 -12.3661 16.4
      vertex 86.5698 -12.8639 16.4
    endloop
  endfacet
  facet normal -0.671176 0.741298 0
    outer loop
      vertex 87.2135 -12.3058 16.4
      vertex 87.1469 -12.3661 22.8
      vertex 87.2135 -12.3058 22.8
    endloop
  endfacet
  facet normal -0.671176 0.741298 0
    outer loop
      vertex 87.1469 -12.3661 22.8
      vertex 87.2135 -12.3058 16.4
      vertex 87.1469 -12.3661 16.4
    endloop
  endfacet
  facet normal -0.689587 0.724203 0
    outer loop
      vertex 87.7407 -11.8038 16.4
      vertex 87.2135 -12.3058 22.8
      vertex 87.7407 -11.8038 22.8
    endloop
  endfacet
  facet normal -0.689587 0.724203 0
    outer loop
      vertex 87.2135 -12.3058 22.8
      vertex 87.7407 -11.8038 16.4
      vertex 87.2135 -12.3058 16.4
    endloop
  endfacet
  facet normal -0.707107 0.707107 0
    outer loop
      vertex 87.7407 -11.8038 16.4
      vertex 87.8038 -11.7407 22.8
      vertex 87.8038 -11.7407 16.4
    endloop
  endfacet
  facet normal -0.707107 0.707107 0
    outer loop
      vertex 87.8038 -11.7407 22.8
      vertex 87.7407 -11.8038 16.4
      vertex 87.7407 -11.8038 22.8
    endloop
  endfacet
  facet normal -0.724203 0.689587 0
    outer loop
      vertex 87.8038 -11.7407 16.4
      vertex 88.3058 -11.2135 22.8
      vertex 88.3058 -11.2135 16.4
    endloop
  endfacet
  facet normal -0.724203 0.689587 0
    outer loop
      vertex 88.3058 -11.2135 22.8
      vertex 87.8038 -11.7407 16.4
      vertex 87.8038 -11.7407 22.8
    endloop
  endfacet
  facet normal -0.741057 0.671442 0
    outer loop
      vertex 88.3058 -11.2135 16.4
      vertex 88.3656 -11.1475 22.8
      vertex 88.3656 -11.1475 16.4
    endloop
  endfacet
  facet normal -0.741057 0.671442 0
    outer loop
      vertex 88.3656 -11.1475 22.8
      vertex 88.3058 -11.2135 16.4
      vertex 88.3058 -11.2135 22.8
    endloop
  endfacet
  facet normal -0.757246 0.65313 0
    outer loop
      vertex 88.3656 -11.1475 16.4
      vertex 88.8411 -10.5962 22.8
      vertex 88.8411 -10.5962 16.4
    endloop
  endfacet
  facet normal -0.757246 0.65313 0
    outer loop
      vertex 88.8411 -10.5962 22.8
      vertex 88.3656 -11.1475 16.4
      vertex 88.3656 -11.1475 22.8
    endloop
  endfacet
  facet normal -0.773059 0.634334 0
    outer loop
      vertex 88.8411 -10.5962 16.4
      vertex 88.8978 -10.5271 22.8
      vertex 88.8978 -10.5271 16.4
    endloop
  endfacet
  facet normal -0.773059 0.634334 0
    outer loop
      vertex 88.8978 -10.5271 22.8
      vertex 88.8411 -10.5962 16.4
      vertex 88.8411 -10.5962 22.8
    endloop
  endfacet
  facet normal -0.788336 0.615245 0
    outer loop
      vertex 88.8978 -10.5271 16.4
      vertex 89.3457 -9.95319 22.8
      vertex 89.3457 -9.95319 16.4
    endloop
  endfacet
  facet normal -0.788336 0.615245 0
    outer loop
      vertex 89.3457 -9.95319 22.8
      vertex 88.8978 -10.5271 16.4
      vertex 88.8978 -10.5271 22.8
    endloop
  endfacet
  facet normal -0.802922 0.596085 0
    outer loop
      vertex 89.3457 -9.95319 16.4
      vertex 89.3989 -9.88153 22.8
      vertex 89.3989 -9.88153 16.4
    endloop
  endfacet
  facet normal -0.802922 0.596085 0
    outer loop
      vertex 89.3989 -9.88153 22.8
      vertex 89.3457 -9.95319 16.4
      vertex 89.3457 -9.95319 22.8
    endloop
  endfacet
  facet normal -0.817597 0.57579 0
    outer loop
      vertex 89.3989 -9.88153 16.4
      vertex 89.8178 -9.28671 22.8
      vertex 89.8178 -9.28671 16.4
    endloop
  endfacet
  facet normal -0.817597 0.57579 0
    outer loop
      vertex 89.8178 -9.28671 22.8
      vertex 89.3989 -9.88153 16.4
      vertex 89.3989 -9.88153 22.8
    endloop
  endfacet
  facet normal -0.831397 0.555678 0
    outer loop
      vertex 89.8178 -9.28671 16.4
      vertex 89.8676 -9.2122 22.8
      vertex 89.8676 -9.2122 16.4
    endloop
  endfacet
  facet normal -0.831397 0.555678 0
    outer loop
      vertex 89.8676 -9.2122 22.8
      vertex 89.8178 -9.28671 16.4
      vertex 89.8178 -9.28671 22.8
    endloop
  endfacet
  facet normal -0.844855 0.534995 0
    outer loop
      vertex 89.8676 -9.2122 16.4
      vertex 90.2572 -8.59695 22.8
      vertex 90.2572 -8.59695 16.4
    endloop
  endfacet
  facet normal -0.844855 0.534995 0
    outer loop
      vertex 90.2572 -8.59695 22.8
      vertex 89.8676 -9.2122 16.4
      vertex 89.8676 -9.2122 22.8
    endloop
  endfacet
  facet normal -0.857773 0.514029 0
    outer loop
      vertex 90.2572 -8.59695 16.4
      vertex 90.3026 -8.52119 22.8
      vertex 90.3026 -8.52119 16.4
    endloop
  endfacet
  facet normal -0.857773 0.514029 0
    outer loop
      vertex 90.3026 -8.52119 22.8
      vertex 90.2572 -8.59695 16.4
      vertex 90.2572 -8.59695 22.8
    endloop
  endfacet
  facet normal -0.870131 0.49282 0
    outer loop
      vertex 90.3026 -8.52119 16.4
      vertex 90.6618 -7.88698 22.8
      vertex 90.6618 -7.88698 16.4
    endloop
  endfacet
  facet normal -0.870131 0.49282 0
    outer loop
      vertex 90.6618 -7.88698 22.8
      vertex 90.3026 -8.52119 16.4
      vertex 90.3026 -8.52119 22.8
    endloop
  endfacet
  facet normal -0.881647 0.471909 0
    outer loop
      vertex 90.6618 -7.88698 16.4
      vertex 90.7037 -7.8087 22.8
      vertex 90.7037 -7.8087 16.4
    endloop
  endfacet
  facet normal -0.881647 0.471909 0
    outer loop
      vertex 90.7037 -7.8087 22.8
      vertex 90.6618 -7.88698 16.4
      vertex 90.6618 -7.88698 22.8
    endloop
  endfacet
  facet normal -0.893213 0.449634 0
    outer loop
      vertex 90.7037 -7.8087 16.4
      vertex 90.9346 -7.35001 22.8
      vertex 90.9346 -7.35001 16.4
    endloop
  endfacet
  facet normal -0.893213 0.449634 0
    outer loop
      vertex 90.9346 -7.35001 22.8
      vertex 90.7037 -7.8087 16.4
      vertex 90.7037 -7.8087 22.8
    endloop
  endfacet
  facet normal 0 -1 0
    outer loop
      vertex 88.3244 -7.35001 16.4
      vertex 90.9346 -7.35001 22.8
      vertex 88.3244 -7.35001 22.8
    endloop
  endfacet
  facet normal 0 -1 -0
    outer loop
      vertex 90.9346 -7.35001 22.8
      vertex 88.3244 -7.35001 16.4
      vertex 90.9346 -7.35001 16.4
    endloop
  endfacet
  facet normal 0.870333 -0.492463 0
    outer loop
      vertex 88.3088 -7.37758 22.8
      vertex 88.3244 -7.35001 16.4
      vertex 88.3244 -7.35001 22.8
    endloop
  endfacet
  facet normal 0.870333 -0.492463 0
    outer loop
      vertex 88.3244 -7.35001 16.4
      vertex 88.3088 -7.37758 22.8
      vertex 88.3088 -7.37758 16.4
    endloop
  endfacet
  facet normal 0.844809 -0.535068 0
    outer loop
      vertex 87.9319 -7.97266 22.8
      vertex 88.3088 -7.37758 16.4
      vertex 88.3088 -7.37758 22.8
    endloop
  endfacet
  facet normal 0.844809 -0.535068 0
    outer loop
      vertex 88.3088 -7.37758 16.4
      vertex 87.9319 -7.97266 22.8
      vertex 87.9319 -7.97266 16.4
    endloop
  endfacet
  facet normal 0.817629 -0.575745 0
    outer loop
      vertex 87.5264 -8.54852 22.8
      vertex 87.9319 -7.97266 16.4
      vertex 87.9319 -7.97266 22.8
    endloop
  endfacet
  facet normal 0.817629 -0.575745 0
    outer loop
      vertex 87.9319 -7.97266 16.4
      vertex 87.5264 -8.54852 22.8
      vertex 87.5264 -8.54852 16.4
    endloop
  endfacet
  facet normal 0.788303 -0.615287 0
    outer loop
      vertex 87.093 -9.10379 22.8
      vertex 87.5264 -8.54852 16.4
      vertex 87.5264 -8.54852 22.8
    endloop
  endfacet
  facet normal 0.788303 -0.615287 0
    outer loop
      vertex 87.5264 -8.54852 16.4
      vertex 87.093 -9.10379 22.8
      vertex 87.093 -9.10379 16.4
    endloop
  endfacet
  facet normal 0.757182 -0.653204 0
    outer loop
      vertex 86.6329 -9.63713 22.8
      vertex 87.093 -9.10379 16.4
      vertex 87.093 -9.10379 22.8
    endloop
  endfacet
  facet normal 0.757182 -0.653204 0
    outer loop
      vertex 87.093 -9.10379 16.4
      vertex 86.6329 -9.63713 22.8
      vertex 86.6329 -9.63713 16.4
    endloop
  endfacet
  facet normal 0.724334 -0.68945 0
    outer loop
      vertex 86.1473 -10.1473 22.8
      vertex 86.6329 -9.63713 16.4
      vertex 86.6329 -9.63713 22.8
    endloop
  endfacet
  facet normal 0.724334 -0.68945 0
    outer loop
      vertex 86.6329 -9.63713 16.4
      vertex 86.1473 -10.1473 22.8
      vertex 86.1473 -10.1473 16.4
    endloop
  endfacet
  facet normal 0.689428 -0.724354 0
    outer loop
      vertex 85.6371 -10.6329 16.4
      vertex 86.1473 -10.1473 22.8
      vertex 85.6371 -10.6329 22.8
    endloop
  endfacet
  facet normal 0.689428 -0.724354 0
    outer loop
      vertex 86.1473 -10.1473 22.8
      vertex 85.6371 -10.6329 16.4
      vertex 86.1473 -10.1473 16.4
    endloop
  endfacet
  facet normal 0.653232 -0.757158 0
    outer loop
      vertex 85.1038 -11.093 16.4
      vertex 85.6371 -10.6329 22.8
      vertex 85.1038 -11.093 22.8
    endloop
  endfacet
  facet normal 0.653232 -0.757158 0
    outer loop
      vertex 85.6371 -10.6329 22.8
      vertex 85.1038 -11.093 16.4
      vertex 85.6371 -10.6329 16.4
    endloop
  endfacet
  facet normal 0.615267 -0.788319 0
    outer loop
      vertex 84.5485 -11.5264 16.4
      vertex 85.1038 -11.093 22.8
      vertex 84.5485 -11.5264 22.8
    endloop
  endfacet
  facet normal 0.615267 -0.788319 0
    outer loop
      vertex 85.1038 -11.093 22.8
      vertex 84.5485 -11.5264 16.4
      vertex 85.1038 -11.093 16.4
    endloop
  endfacet
  facet normal 0.575785 -0.817601 0
    outer loop
      vertex 83.9727 -11.9319 16.4
      vertex 84.5485 -11.5264 22.8
      vertex 83.9727 -11.9319 22.8
    endloop
  endfacet
  facet normal 0.575785 -0.817601 0
    outer loop
      vertex 84.5485 -11.5264 22.8
      vertex 83.9727 -11.9319 16.4
      vertex 84.5485 -11.5264 16.4
    endloop
  endfacet
  facet normal 0.535055 -0.844817 0
    outer loop
      vertex 83.3776 -12.3088 16.4
      vertex 83.9727 -11.9319 22.8
      vertex 83.3776 -12.3088 22.8
    endloop
  endfacet
  facet normal 0.535055 -0.844817 0
    outer loop
      vertex 83.9727 -11.9319 22.8
      vertex 83.3776 -12.3088 16.4
      vertex 83.9727 -11.9319 16.4
    endloop
  endfacet
  facet normal 0.492787 -0.87015 0
    outer loop
      vertex 82.7647 -12.6559 16.4
      vertex 83.3776 -12.3088 22.8
      vertex 82.7647 -12.6559 22.8
    endloop
  endfacet
  facet normal 0.492787 -0.87015 0
    outer loop
      vertex 83.3776 -12.3088 22.8
      vertex 82.7647 -12.6559 16.4
      vertex 83.3776 -12.3088 16.4
    endloop
  endfacet
  facet normal 0.449654 -0.893203 0
    outer loop
      vertex 82.1356 -12.9726 16.4
      vertex 82.7647 -12.6559 22.8
      vertex 82.1356 -12.9726 22.8
    endloop
  endfacet
  facet normal 0.449654 -0.893203 0
    outer loop
      vertex 82.7647 -12.6559 22.8
      vertex 82.1356 -12.9726 16.4
      vertex 82.7647 -12.6559 16.4
    endloop
  endfacet
  facet normal 0.405216 -0.914221 0
    outer loop
      vertex 81.4917 -13.258 16.4
      vertex 82.1356 -12.9726 22.8
      vertex 81.4917 -13.258 22.8
    endloop
  endfacet
  facet normal 0.405216 -0.914221 0
    outer loop
      vertex 82.1356 -12.9726 22.8
      vertex 81.4917 -13.258 16.4
      vertex 82.1356 -12.9726 16.4
    endloop
  endfacet
  facet normal 0.359883 -0.932998 0
    outer loop
      vertex 80.8345 -13.5115 16.4
      vertex 81.4917 -13.258 22.8
      vertex 80.8345 -13.5115 22.8
    endloop
  endfacet
  facet normal 0.359883 -0.932998 0
    outer loop
      vertex 81.4917 -13.258 22.8
      vertex 80.8345 -13.5115 16.4
      vertex 81.4917 -13.258 16.4
    endloop
  endfacet
  facet normal 0.313756 -0.949504 0
    outer loop
      vertex 80.1657 -13.7325 16.4
      vertex 80.8345 -13.5115 22.8
      vertex 80.1657 -13.7325 22.8
    endloop
  endfacet
  facet normal 0.313756 -0.949504 0
    outer loop
      vertex 80.8345 -13.5115 22.8
      vertex 80.1657 -13.7325 16.4
      vertex 80.8345 -13.5115 16.4
    endloop
  endfacet
  facet normal 0.266648 -0.963794 0
    outer loop
      vertex 79.4869 -13.9203 16.4
      vertex 80.1657 -13.7325 22.8
      vertex 79.4869 -13.9203 22.8
    endloop
  endfacet
  facet normal 0.266648 -0.963794 0
    outer loop
      vertex 80.1657 -13.7325 22.8
      vertex 79.4869 -13.9203 16.4
      vertex 80.1657 -13.7325 16.4
    endloop
  endfacet
  facet normal 0.219185 -0.975683 0
    outer loop
      vertex 78.7996 -14.0747 16.4
      vertex 79.4869 -13.9203 22.8
      vertex 78.7996 -14.0747 22.8
    endloop
  endfacet
  facet normal 0.219185 -0.975683 0
    outer loop
      vertex 79.4869 -13.9203 22.8
      vertex 78.7996 -14.0747 16.4
      vertex 79.4869 -13.9203 16.4
    endloop
  endfacet
  facet normal 0.170934 -0.985283 0
    outer loop
      vertex 78.1056 -14.1951 16.4
      vertex 78.7996 -14.0747 22.8
      vertex 78.1056 -14.1951 22.8
    endloop
  endfacet
  facet normal 0.170934 -0.985283 0
    outer loop
      vertex 78.7996 -14.0747 22.8
      vertex 78.1056 -14.1951 16.4
      vertex 78.7996 -14.0747 16.4
    endloop
  endfacet
  facet normal 0.122392 -0.992482 0
    outer loop
      vertex 77.4066 -14.2813 16.4
      vertex 78.1056 -14.1951 22.8
      vertex 77.4066 -14.2813 22.8
    endloop
  endfacet
  facet normal 0.122392 -0.992482 0
    outer loop
      vertex 78.1056 -14.1951 22.8
      vertex 77.4066 -14.2813 16.4
      vertex 78.1056 -14.1951 16.4
    endloop
  endfacet
  facet normal 0.073537 -0.997292 0
    outer loop
      vertex 76.7041 -14.3331 16.4
      vertex 77.4066 -14.2813 22.8
      vertex 76.7041 -14.3331 22.8
    endloop
  endfacet
  facet normal 0.073537 -0.997292 0
    outer loop
      vertex 77.4066 -14.2813 22.8
      vertex 76.7041 -14.3331 16.4
      vertex 77.4066 -14.2813 16.4
    endloop
  endfacet
  facet normal 0.024563 -0.999698 0
    outer loop
      vertex 76 -14.3504 16.4
      vertex 76.7041 -14.3331 22.8
      vertex 76 -14.3504 22.8
    endloop
  endfacet
  facet normal 0.024563 -0.999698 0
    outer loop
      vertex 76.7041 -14.3331 22.8
      vertex 76 -14.3504 16.4
      vertex 76.7041 -14.3331 16.4
    endloop
  endfacet
  facet normal -0.0245595 -0.999698 0
    outer loop
      vertex 75.2958 -14.3331 16.4
      vertex 76 -14.3504 22.8
      vertex 75.2958 -14.3331 22.8
    endloop
  endfacet
  facet normal -0.0245595 -0.999698 -0
    outer loop
      vertex 76 -14.3504 22.8
      vertex 75.2958 -14.3331 16.4
      vertex 76 -14.3504 16.4
    endloop
  endfacet
  facet normal -0.0735474 -0.997292 0
    outer loop
      vertex 74.5934 -14.2813 16.4
      vertex 75.2958 -14.3331 22.8
      vertex 74.5934 -14.2813 22.8
    endloop
  endfacet
  facet normal -0.0735474 -0.997292 -0
    outer loop
      vertex 75.2958 -14.3331 22.8
      vertex 74.5934 -14.2813 16.4
      vertex 75.2958 -14.3331 16.4
    endloop
  endfacet
  facet normal -0.122375 -0.992484 0
    outer loop
      vertex 73.8943 -14.1951 16.4
      vertex 74.5934 -14.2813 22.8
      vertex 73.8943 -14.1951 22.8
    endloop
  endfacet
  facet normal -0.122375 -0.992484 -0
    outer loop
      vertex 74.5934 -14.2813 22.8
      vertex 73.8943 -14.1951 16.4
      vertex 74.5934 -14.2813 16.4
    endloop
  endfacet
  facet normal -0.170958 -0.985278 0
    outer loop
      vertex 73.2004 -14.0747 16.4
      vertex 73.8943 -14.1951 22.8
      vertex 73.2004 -14.0747 22.8
    endloop
  endfacet
  facet normal -0.170958 -0.985278 -0
    outer loop
      vertex 73.8943 -14.1951 22.8
      vertex 73.2004 -14.0747 16.4
      vertex 73.8943 -14.1951 16.4
    endloop
  endfacet
  facet normal -0.219185 -0.975683 0
    outer loop
      vertex 72.5131 -13.9203 16.4
      vertex 73.2004 -14.0747 22.8
      vertex 72.5131 -13.9203 22.8
    endloop
  endfacet
  facet normal -0.219185 -0.975683 -0
    outer loop
      vertex 73.2004 -14.0747 22.8
      vertex 72.5131 -13.9203 16.4
      vertex 73.2004 -14.0747 16.4
    endloop
  endfacet
  facet normal -0.266648 -0.963794 0
    outer loop
      vertex 71.8343 -13.7325 16.4
      vertex 72.5131 -13.9203 22.8
      vertex 71.8343 -13.7325 22.8
    endloop
  endfacet
  facet normal -0.266648 -0.963794 -0
    outer loop
      vertex 72.5131 -13.9203 22.8
      vertex 71.8343 -13.7325 16.4
      vertex 72.5131 -13.9203 16.4
    endloop
  endfacet
  facet normal -0.313756 -0.949504 0
    outer loop
      vertex 71.1655 -13.5115 16.4
      vertex 71.8343 -13.7325 22.8
      vertex 71.1655 -13.5115 22.8
    endloop
  endfacet
  facet normal -0.313756 -0.949504 -0
    outer loop
      vertex 71.8343 -13.7325 22.8
      vertex 71.1655 -13.5115 16.4
      vertex 71.8343 -13.7325 16.4
    endloop
  endfacet
  facet normal -0.359883 -0.932998 0
    outer loop
      vertex 70.5083 -13.258 16.4
      vertex 71.1655 -13.5115 22.8
      vertex 70.5083 -13.258 22.8
    endloop
  endfacet
  facet normal -0.359883 -0.932998 -0
    outer loop
      vertex 71.1655 -13.5115 22.8
      vertex 70.5083 -13.258 16.4
      vertex 71.1655 -13.5115 16.4
    endloop
  endfacet
  facet normal -0.405216 -0.914221 0
    outer loop
      vertex 69.8644 -12.9726 16.4
      vertex 70.5083 -13.258 22.8
      vertex 69.8644 -12.9726 22.8
    endloop
  endfacet
  facet normal -0.405216 -0.914221 -0
    outer loop
      vertex 70.5083 -13.258 22.8
      vertex 69.8644 -12.9726 16.4
      vertex 70.5083 -13.258 16.4
    endloop
  endfacet
  facet normal -0.449654 -0.893203 0
    outer loop
      vertex 69.2353 -12.6559 16.4
      vertex 69.8644 -12.9726 22.8
      vertex 69.2353 -12.6559 22.8
    endloop
  endfacet
  facet normal -0.449654 -0.893203 -0
    outer loop
      vertex 69.8644 -12.9726 22.8
      vertex 69.2353 -12.6559 16.4
      vertex 69.8644 -12.9726 16.4
    endloop
  endfacet
  facet normal -0.492787 -0.87015 0
    outer loop
      vertex 68.6224 -12.3088 16.4
      vertex 69.2353 -12.6559 22.8
      vertex 68.6224 -12.3088 22.8
    endloop
  endfacet
  facet normal -0.492787 -0.87015 -0
    outer loop
      vertex 69.2353 -12.6559 22.8
      vertex 68.6224 -12.3088 16.4
      vertex 69.2353 -12.6559 16.4
    endloop
  endfacet
  facet normal -0.535055 -0.844817 0
    outer loop
      vertex 68.0273 -11.9319 16.4
      vertex 68.6224 -12.3088 22.8
      vertex 68.0273 -11.9319 22.8
    endloop
  endfacet
  facet normal -0.535055 -0.844817 -0
    outer loop
      vertex 68.6224 -12.3088 22.8
      vertex 68.0273 -11.9319 16.4
      vertex 68.6224 -12.3088 16.4
    endloop
  endfacet
  facet normal -0.575785 -0.817601 0
    outer loop
      vertex 67.4515 -11.5264 16.4
      vertex 68.0273 -11.9319 22.8
      vertex 67.4515 -11.5264 22.8
    endloop
  endfacet
  facet normal -0.575785 -0.817601 -0
    outer loop
      vertex 68.0273 -11.9319 22.8
      vertex 67.4515 -11.5264 16.4
      vertex 68.0273 -11.9319 16.4
    endloop
  endfacet
  facet normal -0.615267 -0.788319 0
    outer loop
      vertex 66.8962 -11.093 16.4
      vertex 67.4515 -11.5264 22.8
      vertex 66.8962 -11.093 22.8
    endloop
  endfacet
  facet normal -0.615267 -0.788319 -0
    outer loop
      vertex 67.4515 -11.5264 22.8
      vertex 66.8962 -11.093 16.4
      vertex 67.4515 -11.5264 16.4
    endloop
  endfacet
  facet normal -0.653232 -0.757158 0
    outer loop
      vertex 66.3629 -10.6329 16.4
      vertex 66.8962 -11.093 22.8
      vertex 66.3629 -10.6329 22.8
    endloop
  endfacet
  facet normal -0.653232 -0.757158 -0
    outer loop
      vertex 66.8962 -11.093 22.8
      vertex 66.3629 -10.6329 16.4
      vertex 66.8962 -11.093 16.4
    endloop
  endfacet
  facet normal -0.689428 -0.724354 0
    outer loop
      vertex 65.8527 -10.1473 16.4
      vertex 66.3629 -10.6329 22.8
      vertex 65.8527 -10.1473 22.8
    endloop
  endfacet
  facet normal -0.689428 -0.724354 -0
    outer loop
      vertex 66.3629 -10.6329 22.8
      vertex 65.8527 -10.1473 16.4
      vertex 66.3629 -10.6329 16.4
    endloop
  endfacet
  facet normal -0.724334 -0.68945 0
    outer loop
      vertex 65.8527 -10.1473 16.4
      vertex 65.3671 -9.63713 22.8
      vertex 65.3671 -9.63713 16.4
    endloop
  endfacet
  facet normal -0.724334 -0.68945 0
    outer loop
      vertex 65.3671 -9.63713 22.8
      vertex 65.8527 -10.1473 16.4
      vertex 65.8527 -10.1473 22.8
    endloop
  endfacet
  facet normal -0.757182 -0.653204 0
    outer loop
      vertex 65.3671 -9.63713 16.4
      vertex 64.907 -9.10379 22.8
      vertex 64.907 -9.10379 16.4
    endloop
  endfacet
  facet normal -0.757182 -0.653204 0
    outer loop
      vertex 64.907 -9.10379 22.8
      vertex 65.3671 -9.63713 16.4
      vertex 65.3671 -9.63713 22.8
    endloop
  endfacet
  facet normal -0.788303 -0.615287 0
    outer loop
      vertex 64.907 -9.10379 16.4
      vertex 64.4736 -8.54852 22.8
      vertex 64.4736 -8.54852 16.4
    endloop
  endfacet
  facet normal -0.788303 -0.615287 0
    outer loop
      vertex 64.4736 -8.54852 22.8
      vertex 64.907 -9.10379 16.4
      vertex 64.907 -9.10379 22.8
    endloop
  endfacet
  facet normal -0.817629 -0.575745 0
    outer loop
      vertex 64.4736 -8.54852 16.4
      vertex 64.0681 -7.97266 22.8
      vertex 64.0681 -7.97266 16.4
    endloop
  endfacet
  facet normal -0.817629 -0.575745 0
    outer loop
      vertex 64.0681 -7.97266 22.8
      vertex 64.4736 -8.54852 16.4
      vertex 64.4736 -8.54852 22.8
    endloop
  endfacet
  facet normal -0.844809 -0.535068 0
    outer loop
      vertex 64.0681 -7.97266 16.4
      vertex 63.6912 -7.37758 22.8
      vertex 63.6912 -7.37758 16.4
    endloop
  endfacet
  facet normal -0.844809 -0.535068 0
    outer loop
      vertex 63.6912 -7.37758 22.8
      vertex 64.0681 -7.97266 16.4
      vertex 64.0681 -7.97266 22.8
    endloop
  endfacet
  facet normal -0.870292 -0.492536 0
    outer loop
      vertex 63.6912 -7.37758 16.4
      vertex 63.6231 -7.25725 22.8
      vertex 63.6231 -7.25725 16.4
    endloop
  endfacet
  facet normal -0.870292 -0.492536 0
    outer loop
      vertex 63.6231 -7.25725 22.8
      vertex 63.6912 -7.37758 16.4
      vertex 63.6912 -7.37758 22.8
    endloop
  endfacet
  facet normal -0.170886 -0.985291 0
    outer loop
      vertex 63.4567 -7.22839 16.4
      vertex 63.6231 -7.25725 22.8
      vertex 63.4567 -7.22839 22.8
    endloop
  endfacet
  facet normal -0.170886 -0.985291 -0
    outer loop
      vertex 63.6231 -7.25725 22.8
      vertex 63.4567 -7.22839 16.4
      vertex 63.6231 -7.25725 16.4
    endloop
  endfacet
  facet normal -0.219039 -0.975716 0
    outer loop
      vertex 63.1525 -7.1601 16.4
      vertex 63.4567 -7.22839 22.8
      vertex 63.1525 -7.1601 22.8
    endloop
  endfacet
  facet normal -0.219039 -0.975716 -0
    outer loop
      vertex 63.4567 -7.22839 22.8
      vertex 63.1525 -7.1601 16.4
      vertex 63.4567 -7.22839 16.4
    endloop
  endfacet
  facet normal -0.266849 -0.963738 0
    outer loop
      vertex 62.8522 -7.07695 16.4
      vertex 63.1525 -7.1601 22.8
      vertex 62.8522 -7.07695 22.8
    endloop
  endfacet
  facet normal -0.266849 -0.963738 -0
    outer loop
      vertex 63.1525 -7.1601 22.8
      vertex 62.8522 -7.07695 16.4
      vertex 63.1525 -7.1601 16.4
    endloop
  endfacet
  facet normal -0.313609 -0.949552 0
    outer loop
      vertex 62.5562 -6.97919 16.4
      vertex 62.8522 -7.07695 22.8
      vertex 62.5562 -6.97919 22.8
    endloop
  endfacet
  facet normal -0.313609 -0.949552 -0
    outer loop
      vertex 62.8522 -7.07695 22.8
      vertex 62.5562 -6.97919 16.4
      vertex 62.8522 -7.07695 16.4
    endloop
  endfacet
  facet normal -0.35994 -0.932975 0
    outer loop
      vertex 62.2654 -6.867 16.4
      vertex 62.5562 -6.97919 22.8
      vertex 62.2654 -6.867 22.8
    endloop
  endfacet
  facet normal -0.35994 -0.932975 -0
    outer loop
      vertex 62.5562 -6.97919 22.8
      vertex 62.2654 -6.867 16.4
      vertex 62.5562 -6.97919 16.4
    endloop
  endfacet
  facet normal -0.405183 -0.914236 0
    outer loop
      vertex 61.9804 -6.74069 16.4
      vertex 62.2654 -6.867 22.8
      vertex 61.9804 -6.74069 22.8
    endloop
  endfacet
  facet normal -0.405183 -0.914236 -0
    outer loop
      vertex 62.2654 -6.867 22.8
      vertex 61.9804 -6.74069 16.4
      vertex 62.2654 -6.867 16.4
    endloop
  endfacet
  facet normal -0.449702 -0.893178 0
    outer loop
      vertex 61.7021 -6.60057 16.4
      vertex 61.9804 -6.74069 22.8
      vertex 61.7021 -6.60057 22.8
    endloop
  endfacet
  facet normal -0.449702 -0.893178 -0
    outer loop
      vertex 61.9804 -6.74069 22.8
      vertex 61.7021 -6.60057 16.4
      vertex 61.9804 -6.74069 16.4
    endloop
  endfacet
  facet normal -0.492778 -0.870155 0
    outer loop
      vertex 61.4308 -6.44693 16.4
      vertex 61.7021 -6.60057 22.8
      vertex 61.4308 -6.44693 22.8
    endloop
  endfacet
  facet normal -0.492778 -0.870155 -0
    outer loop
      vertex 61.7021 -6.60057 22.8
      vertex 61.4308 -6.44693 16.4
      vertex 61.7021 -6.60057 16.4
    endloop
  endfacet
  facet normal -0.53506 -0.844814 0
    outer loop
      vertex 61.1675 -6.28017 16.4
      vertex 61.4308 -6.44693 22.8
      vertex 61.1675 -6.28017 22.8
    endloop
  endfacet
  facet normal -0.53506 -0.844814 -0
    outer loop
      vertex 61.4308 -6.44693 22.8
      vertex 61.1675 -6.28017 16.4
      vertex 61.4308 -6.44693 16.4
    endloop
  endfacet
  facet normal -0.575872 -0.81754 0
    outer loop
      vertex 60.9127 -6.10069 16.4
      vertex 61.1675 -6.28017 22.8
      vertex 60.9127 -6.10069 22.8
    endloop
  endfacet
  facet normal -0.575872 -0.81754 -0
    outer loop
      vertex 61.1675 -6.28017 22.8
      vertex 60.9127 -6.10069 16.4
      vertex 61.1675 -6.28017 16.4
    endloop
  endfacet
  facet normal -0.615124 -0.788431 0
    outer loop
      vertex 60.6669 -5.90892 16.4
      vertex 60.9127 -6.10069 22.8
      vertex 60.6669 -5.90892 22.8
    endloop
  endfacet
  facet normal -0.615124 -0.788431 -0
    outer loop
      vertex 60.9127 -6.10069 22.8
      vertex 60.6669 -5.90892 16.4
      vertex 60.9127 -6.10069 16.4
    endloop
  endfacet
  facet normal -0.653164 -0.757217 0
    outer loop
      vertex 60.4309 -5.70535 16.4
      vertex 60.6669 -5.90892 22.8
      vertex 60.4309 -5.70535 22.8
    endloop
  endfacet
  facet normal -0.653164 -0.757217 -0
    outer loop
      vertex 60.6669 -5.90892 22.8
      vertex 60.4309 -5.70535 16.4
      vertex 60.6669 -5.90892 16.4
    endloop
  endfacet
  facet normal -0.689618 -0.724174 0
    outer loop
      vertex 60.2052 -5.49042 16.4
      vertex 60.4309 -5.70535 22.8
      vertex 60.2052 -5.49042 22.8
    endloop
  endfacet
  facet normal -0.689618 -0.724174 -0
    outer loop
      vertex 60.4309 -5.70535 22.8
      vertex 60.2052 -5.49042 16.4
      vertex 60.4309 -5.70535 16.4
    endloop
  endfacet
  facet normal -0.724168 -0.689623 0
    outer loop
      vertex 60.2052 -5.49042 16.4
      vertex 59.9902 -5.26465 22.8
      vertex 59.9902 -5.26465 16.4
    endloop
  endfacet
  facet normal -0.724168 -0.689623 0
    outer loop
      vertex 59.9902 -5.26465 22.8
      vertex 60.2052 -5.49042 16.4
      vertex 60.2052 -5.49042 22.8
    endloop
  endfacet
  facet normal -0.7573 -0.653067 0
    outer loop
      vertex 59.9902 -5.26465 16.4
      vertex 59.7867 -5.02867 22.8
      vertex 59.7867 -5.02867 16.4
    endloop
  endfacet
  facet normal -0.7573 -0.653067 0
    outer loop
      vertex 59.7867 -5.02867 22.8
      vertex 59.9902 -5.26465 16.4
      vertex 59.9902 -5.26465 22.8
    endloop
  endfacet
  facet normal -0.788311 -0.615277 0
    outer loop
      vertex 59.7867 -5.02867 16.4
      vertex 59.5949 -4.78293 22.8
      vertex 59.5949 -4.78293 16.4
    endloop
  endfacet
  facet normal -0.788311 -0.615277 0
    outer loop
      vertex 59.5949 -4.78293 22.8
      vertex 59.7867 -5.02867 16.4
      vertex 59.7867 -5.02867 22.8
    endloop
  endfacet
  facet normal -0.817531 -0.575884 0
    outer loop
      vertex 59.5949 -4.78293 16.4
      vertex 59.4154 -4.52811 22.8
      vertex 59.4154 -4.52811 16.4
    endloop
  endfacet
  facet normal -0.817531 -0.575884 0
    outer loop
      vertex 59.4154 -4.52811 22.8
      vertex 59.5949 -4.78293 16.4
      vertex 59.5949 -4.78293 22.8
    endloop
  endfacet
  facet normal -0.844947 -0.53485 0
    outer loop
      vertex 59.4154 -4.52811 16.4
      vertex 59.2487 -4.26476 22.8
      vertex 59.2487 -4.26476 16.4
    endloop
  endfacet
  facet normal -0.844947 -0.53485 0
    outer loop
      vertex 59.2487 -4.26476 22.8
      vertex 59.4154 -4.52811 16.4
      vertex 59.4154 -4.52811 22.8
    endloop
  endfacet
  facet normal -0.870018 -0.49302 0
    outer loop
      vertex 59.2487 -4.26476 16.4
      vertex 59.095 -3.99353 22.8
      vertex 59.095 -3.99353 16.4
    endloop
  endfacet
  facet normal -0.870018 -0.49302 0
    outer loop
      vertex 59.095 -3.99353 22.8
      vertex 59.2487 -4.26476 16.4
      vertex 59.2487 -4.26476 22.8
    endloop
  endfacet
  facet normal -0.89325 -0.449561 0
    outer loop
      vertex 59.095 -3.99353 16.4
      vertex 58.9549 -3.71516 22.8
      vertex 58.9549 -3.71516 16.4
    endloop
  endfacet
  facet normal -0.89325 -0.449561 0
    outer loop
      vertex 58.9549 -3.71516 22.8
      vertex 59.095 -3.99353 16.4
      vertex 59.095 -3.99353 22.8
    endloop
  endfacet
  facet normal -0.914221 -0.405215 0
    outer loop
      vertex 58.9549 -3.71516 16.4
      vertex 58.8286 -3.43021 22.8
      vertex 58.8286 -3.43021 16.4
    endloop
  endfacet
  facet normal -0.914221 -0.405215 0
    outer loop
      vertex 58.8286 -3.43021 22.8
      vertex 58.9549 -3.71516 16.4
      vertex 58.9549 -3.71516 22.8
    endloop
  endfacet
  facet normal -0.932986 -0.359914 0
    outer loop
      vertex 58.8286 -3.43021 16.4
      vertex 58.7164 -3.13936 22.8
      vertex 58.7164 -3.13936 16.4
    endloop
  endfacet
  facet normal -0.932986 -0.359914 0
    outer loop
      vertex 58.7164 -3.13936 22.8
      vertex 58.8286 -3.43021 16.4
      vertex 58.8286 -3.43021 22.8
    endloop
  endfacet
  facet normal -0.949606 -0.313446 0
    outer loop
      vertex 58.7164 -3.13936 16.4
      vertex 58.6704 -3 22.8
      vertex 58.6704 -3 16.4
    endloop
  endfacet
  facet normal -0.949606 -0.313446 0
    outer loop
      vertex 58.6704 -3 22.8
      vertex 58.7164 -3.13936 16.4
      vertex 58.7164 -3.13936 22.8
    endloop
  endfacet
  facet normal 0.475018 0.879976 -0
    outer loop
      vertex 19.5198 -84.2791 16.4
      vertex 18 -83.4587 22.8
      vertex 19.5198 -84.2791 22.8
    endloop
  endfacet
  facet normal 0.475018 0.879976 0
    outer loop
      vertex 18 -83.4587 22.8
      vertex 19.5198 -84.2791 16.4
      vertex 18 -83.4587 16.4
    endloop
  endfacet
  facet normal 0.447566 0.894251 -0
    outer loop
      vertex 19.6213 -84.3299 16.4
      vertex 19.5198 -84.2791 22.8
      vertex 19.6213 -84.3299 22.8
    endloop
  endfacet
  facet normal 0.447566 0.894251 0
    outer loop
      vertex 19.5198 -84.2791 22.8
      vertex 19.6213 -84.3299 16.4
      vertex 19.5198 -84.2791 16.4
    endloop
  endfacet
  facet normal 0.419553 0.907731 -0
    outer loop
      vertex 21.3065 -85.1088 16.4
      vertex 19.6213 -84.3299 22.8
      vertex 21.3065 -85.1088 22.8
    endloop
  endfacet
  facet normal 0.419553 0.907731 0
    outer loop
      vertex 19.6213 -84.3299 22.8
      vertex 21.3065 -85.1088 16.4
      vertex 19.6213 -84.3299 16.4
    endloop
  endfacet
  facet normal 0.392689 0.919671 -0
    outer loop
      vertex 21.4058 -85.1512 16.4
      vertex 21.3065 -85.1088 22.8
      vertex 21.4058 -85.1512 22.8
    endloop
  endfacet
  facet normal 0.392689 0.919671 0
    outer loop
      vertex 21.3065 -85.1088 22.8
      vertex 21.4058 -85.1512 16.4
      vertex 21.3065 -85.1088 16.4
    endloop
  endfacet
  facet normal 0.365026 0.930997 -0
    outer loop
      vertex 23.1914 -85.8513 16.4
      vertex 21.4058 -85.1512 22.8
      vertex 23.1914 -85.8513 22.8
    endloop
  endfacet
  facet normal 0.365026 0.930997 0
    outer loop
      vertex 21.4058 -85.1512 22.8
      vertex 23.1914 -85.8513 16.4
      vertex 21.4058 -85.1512 16.4
    endloop
  endfacet
  facet normal 0.339066 0.940762 -0
    outer loop
      vertex 23.2874 -85.8859 16.4
      vertex 23.1914 -85.8513 22.8
      vertex 23.2874 -85.8859 22.8
    endloop
  endfacet
  facet normal 0.339066 0.940762 0
    outer loop
      vertex 23.1914 -85.8513 22.8
      vertex 23.2874 -85.8859 16.4
      vertex 23.1914 -85.8513 16.4
    endloop
  endfacet
  facet normal 0.312285 0.949988 -0
    outer loop
      vertex 25.1753 -86.5065 16.4
      vertex 23.2874 -85.8859 22.8
      vertex 25.1753 -86.5065 22.8
    endloop
  endfacet
  facet normal 0.312285 0.949988 0
    outer loop
      vertex 23.2874 -85.8859 22.8
      vertex 25.1753 -86.5065 16.4
      vertex 23.2874 -85.8859 16.4
    endloop
  endfacet
  facet normal 0.286873 0.957969 -0
    outer loop
      vertex 25.2678 -86.5342 16.4
      vertex 25.1753 -86.5065 22.8
      vertex 25.2678 -86.5342 22.8
    endloop
  endfacet
  facet normal 0.286873 0.957969 0
    outer loop
      vertex 25.1753 -86.5065 22.8
      vertex 25.2678 -86.5342 16.4
      vertex 25.1753 -86.5065 16.4
    endloop
  endfacet
  facet normal 0.261676 0.965156 -0
    outer loop
      vertex 27.2621 -87.0749 16.4
      vertex 25.2678 -86.5342 22.8
      vertex 27.2621 -87.0749 22.8
    endloop
  endfacet
  facet normal 0.261676 0.965156 0
    outer loop
      vertex 25.2678 -86.5342 22.8
      vertex 27.2621 -87.0749 16.4
      vertex 25.2678 -86.5342 16.4
    endloop
  endfacet
  facet normal 0.2375 0.971387 -0
    outer loop
      vertex 27.3484 -87.096 16.4
      vertex 27.2621 -87.0749 22.8
      vertex 27.3484 -87.096 22.8
    endloop
  endfacet
  facet normal 0.2375 0.971387 0
    outer loop
      vertex 27.2621 -87.0749 22.8
      vertex 27.3484 -87.096 16.4
      vertex 27.2621 -87.0749 16.4
    endloop
  endfacet
  facet normal 0.213572 0.976927 -0
    outer loop
      vertex 29.4498 -87.5554 16.4
      vertex 27.3484 -87.096 22.8
      vertex 29.4498 -87.5554 22.8
    endloop
  endfacet
  facet normal 0.213572 0.976927 0
    outer loop
      vertex 27.3484 -87.096 22.8
      vertex 29.4498 -87.5554 16.4
      vertex 27.3484 -87.096 16.4
    endloop
  endfacet
  facet normal 0.191092 0.981572 -0
    outer loop
      vertex 29.5325 -87.5715 16.4
      vertex 29.4498 -87.5554 22.8
      vertex 29.5325 -87.5715 22.8
    endloop
  endfacet
  facet normal 0.191092 0.981572 0
    outer loop
      vertex 29.4498 -87.5554 22.8
      vertex 29.5325 -87.5715 16.4
      vertex 29.4498 -87.5554 16.4
    endloop
  endfacet
  facet normal 0.168333 0.98573 -0
    outer loop
      vertex 31.7419 -87.9488 16.4
      vertex 29.5325 -87.5715 22.8
      vertex 31.7419 -87.9488 22.8
    endloop
  endfacet
  facet normal 0.168333 0.98573 0
    outer loop
      vertex 29.5325 -87.5715 22.8
      vertex 31.7419 -87.9488 16.4
      vertex 29.5325 -87.5715 16.4
    endloop
  endfacet
  facet normal 0.14747 0.989067 -0
    outer loop
      vertex 31.8197 -87.9604 16.4
      vertex 31.7419 -87.9488 22.8
      vertex 31.8197 -87.9604 22.8
    endloop
  endfacet
  facet normal 0.14747 0.989067 0
    outer loop
      vertex 31.7419 -87.9488 22.8
      vertex 31.8197 -87.9604 16.4
      vertex 31.7419 -87.9488 16.4
    endloop
  endfacet
  facet normal 0.125914 0.992041 -0
    outer loop
      vertex 34.1392 -88.2548 16.4
      vertex 31.8197 -87.9604 22.8
      vertex 34.1392 -88.2548 22.8
    endloop
  endfacet
  facet normal 0.125914 0.992041 0
    outer loop
      vertex 31.8197 -87.9604 22.8
      vertex 34.1392 -88.2548 16.4
      vertex 31.8197 -87.9604 16.4
    endloop
  endfacet
  facet normal 0.106389 0.994325 -0
    outer loop
      vertex 34.2121 -88.2626 16.4
      vertex 34.1392 -88.2548 22.8
      vertex 34.2121 -88.2626 22.8
    endloop
  endfacet
  facet normal 0.106389 0.994325 0
    outer loop
      vertex 34.1392 -88.2548 22.8
      vertex 34.2121 -88.2626 16.4
      vertex 34.1392 -88.2548 16.4
    endloop
  endfacet
  facet normal 0.0864474 0.996256 -0
    outer loop
      vertex 36.6426 -88.4735 16.4
      vertex 34.2121 -88.2626 22.8
      vertex 36.6426 -88.4735 22.8
    endloop
  endfacet
  facet normal 0.0864474 0.996256 0
    outer loop
      vertex 34.2121 -88.2626 22.8
      vertex 36.6426 -88.4735 16.4
      vertex 34.2121 -88.2626 16.4
    endloop
  endfacet
  facet normal 0.0681916 0.997672 -0
    outer loop
      vertex 36.7099 -88.4781 16.4
      vertex 36.6426 -88.4735 22.8
      vertex 36.7099 -88.4781 22.8
    endloop
  endfacet
  facet normal 0.0681916 0.997672 0
    outer loop
      vertex 36.6426 -88.4735 22.8
      vertex 36.7099 -88.4781 16.4
      vertex 36.6426 -88.4735 16.4
    endloop
  endfacet
  facet normal 0.0497927 0.99876 -0
    outer loop
      vertex 39.2533 -88.6049 16.4
      vertex 36.7099 -88.4781 22.8
      vertex 39.2533 -88.6049 22.8
    endloop
  endfacet
  facet normal 0.0497927 0.99876 0
    outer loop
      vertex 36.7099 -88.4781 22.8
      vertex 39.2533 -88.6049 16.4
      vertex 36.7099 -88.4781 16.4
    endloop
  endfacet
  facet normal 0.0333148 0.999445 -0
    outer loop
      vertex 39.3163 -88.607 16.4
      vertex 39.2533 -88.6049 22.8
      vertex 39.3163 -88.607 22.8
    endloop
  endfacet
  facet normal 0.0333148 0.999445 0
    outer loop
      vertex 39.2533 -88.6049 22.8
      vertex 39.3163 -88.607 16.4
      vertex 39.2533 -88.6049 16.4
    endloop
  endfacet
  facet normal 0.0159471 0.999873 -0
    outer loop
      vertex 41.9434 -88.6489 16.4
      vertex 39.3163 -88.607 22.8
      vertex 41.9434 -88.6489 22.8
    endloop
  endfacet
  facet normal 0.0159471 0.999873 0
    outer loop
      vertex 39.3163 -88.607 22.8
      vertex 41.9434 -88.6489 16.4
      vertex 39.3163 -88.607 16.4
    endloop
  endfacet
  facet normal -0.00737081 0.999973 0
    outer loop
      vertex 41.9841 -88.6486 16.4
      vertex 41.9434 -88.6489 22.8
      vertex 41.9841 -88.6486 22.8
    endloop
  endfacet
  facet normal -0.00737081 0.999973 0
    outer loop
      vertex 41.9434 -88.6489 22.8
      vertex 41.9841 -88.6486 16.4
      vertex 41.9434 -88.6489 16.4
    endloop
  endfacet
  facet normal 0 0 -1
    outer loop
      vertex 107.287 -80.9101 0
      vertex 108 -30 0
      vertex 108 -80.7565 0
    endloop
  endfacet
  facet normal 0 0 -1
    outer loop
      vertex 107.26 -80.9159 0
      vertex 108 -30 0
      vertex 107.287 -80.9101 0
    endloop
  endfacet
  facet normal 0 0 -1
    outer loop
      vertex 93.7444 -30 0
      vertex 107.26 -80.9159 0
      vertex 101.246 -82.1492 0
    endloop
  endfacet
  facet normal 0 0 -1
    outer loop
      vertex 93.7444 -30 0
      vertex 101.246 -82.1492 0
      vertex 101.218 -82.1548 0
    endloop
  endfacet
  facet normal 0 0 -1
    outer loop
      vertex 93.7444 -30 0
      vertex 101.218 -82.1548 0
      vertex 95.2095 -83.3208 0
    endloop
  endfacet
  facet normal 0 0 -1
    outer loop
      vertex 93.2543 -29.9759 0
      vertex 95.2095 -83.3208 0
      vertex 95.1841 -83.3256 0
    endloop
  endfacet
  facet normal 0 0 -1
    outer loop
      vertex 107.26 -80.9159 0
      vertex 93.7444 -30 0
      vertex 108 -30 0
    endloop
  endfacet
  facet normal 0 0 -1
    outer loop
      vertex 95.2095 -83.3208 0
      vertex 93.4991 -29.994 0
      vertex 93.7444 -30 0
    endloop
  endfacet
  facet normal 0 0 -1
    outer loop
      vertex 95.2095 -83.3208 0
      vertex 93.2543 -29.9759 0
      vertex 93.4991 -29.994 0
    endloop
  endfacet
  facet normal 0 0 -1
    outer loop
      vertex 95.1841 -83.3256 0
      vertex 93.0108 -29.9459 0
      vertex 93.2543 -29.9759 0
    endloop
  endfacet
  facet normal 0 0 -1
    outer loop
      vertex 95.1841 -83.3256 0
      vertex 92.769 -29.9039 0
      vertex 93.0108 -29.9459 0
    endloop
  endfacet
  facet normal 0 0 -1
    outer loop
      vertex 89.1871 -84.4191 0
      vertex 92.769 -29.9039 0
      vertex 95.1841 -83.3256 0
    endloop
  endfacet
  facet normal -0 0 -1
    outer loop
      vertex 92.769 -29.9039 0
      vertex 89.1871 -84.4191 0
      vertex 92.5295 -29.8502 0
    endloop
  endfacet
  facet normal -0 0 -1
    outer loop
      vertex 92.5295 -29.8502 0
      vertex 89.1871 -84.4191 0
      vertex 92.293 -29.7847 0
    endloop
  endfacet
  facet normal 0 0 -1
    outer loop
      vertex 89.156 -84.4246 0
      vertex 92.293 -29.7847 0
      vertex 89.1871 -84.4191 0
    endloop
  endfacet
  facet normal -0 0 -1
    outer loop
      vertex 92.293 -29.7847 0
      vertex 89.156 -84.4246 0
      vertex 92.06 -29.7077 0
    endloop
  endfacet
  facet normal -0 0 -1
    outer loop
      vertex 92.06 -29.7077 0
      vertex 89.156 -84.4246 0
      vertex 91.831 -29.6194 0
    endloop
  endfacet
  facet normal 0 0 -1
    outer loop
      vertex 83.1786 -85.4402 0
      vertex 91.831 -29.6194 0
      vertex 89.156 -84.4246 0
    endloop
  endfacet
  facet normal -0 0 -1
    outer loop
      vertex 91.831 -29.6194 0
      vertex 83.1786 -85.4402 0
      vertex 91.6067 -29.5199 0
    endloop
  endfacet
  facet normal -0 0 -1
    outer loop
      vertex 91.6067 -29.5199 0
      vertex 83.1786 -85.4402 0
      vertex 91.3875 -29.4096 0
    endloop
  endfacet
  facet normal 0 0 -1
    outer loop
      vertex 83.1485 -85.4451 0
      vertex 91.3875 -29.4096 0
      vertex 83.1786 -85.4402 0
    endloop
  endfacet
  facet normal -0 0 -1
    outer loop
      vertex 91.3875 -29.4096 0
      vertex 83.1485 -85.4451 0
      vertex 91.1739 -29.2887 0
    endloop
  endfacet
  facet normal 0 0 -1
    outer loop
      vertex 77.1929 -86.3784 0
      vertex 91.1739 -29.2887 0
      vertex 83.1485 -85.4451 0
    endloop
  endfacet
  facet normal -0 0 -1
    outer loop
      vertex 91.1739 -29.2887 0
      vertex 77.1929 -86.3784 0
      vertex 90.9666 -29.1573 0
    endloop
  endfacet
  facet normal -0 0 -1
    outer loop
      vertex 90.9666 -29.1573 0
      vertex 77.1929 -86.3784 0
      vertex 90.7659 -29.016 0
    endloop
  endfacet
  facet normal 0 0 -1
    outer loop
      vertex 77.1588 -86.3835 0
      vertex 90.7659 -29.016 0
      vertex 77.1929 -86.3784 0
    endloop
  endfacet
  facet normal -0 0 -1
    outer loop
      vertex 90.7659 -29.016 0
      vertex 77.1588 -86.3835 0
      vertex 90.5725 -28.8651 0
    endloop
  endfacet
  facet normal 0 0 -1
    outer loop
      vertex 71.2342 -87.2292 0
      vertex 90.5725 -28.8651 0
      vertex 77.1588 -86.3835 0
    endloop
  endfacet
  facet normal -0 0 -1
    outer loop
      vertex 90.5725 -28.8651 0
      vertex 71.2342 -87.2292 0
      vertex 90.3866 -28.7048 0
    endloop
  endfacet
  facet normal -0 0 -1
    outer loop
      vertex 90.3866 -28.7048 0
      vertex 71.2342 -87.2292 0
      vertex 90.2089 -28.5355 0
    endloop
  endfacet
  facet normal 0 0 -1
    outer loop
      vertex 71.1971 -87.2343 0
      vertex 90.2089 -28.5355 0
      vertex 71.2342 -87.2292 0
    endloop
  endfacet
  facet normal -0 0 -1
    outer loop
      vertex 90.2089 -28.5355 0
      vertex 71.1971 -87.2343 0
      vertex 90.0397 -28.3578 0
    endloop
  endfacet
  facet normal 0 0 -1
    outer loop
      vertex 65.3057 -87.9878 0
      vertex 90.0397 -28.3578 0
      vertex 71.1971 -87.2343 0
    endloop
  endfacet
  facet normal -0 0 -1
    outer loop
      vertex 90.0397 -28.3578 0
      vertex 65.3057 -87.9878 0
      vertex 89.8794 -28.172 0
    endloop
  endfacet
  facet normal 0 0 -1
    outer loop
      vertex 65.2681 -87.9924 0
      vertex 89.8794 -28.172 0
      vertex 65.3057 -87.9878 0
    endloop
  endfacet
  facet normal -0 0 -1
    outer loop
      vertex 89.8794 -28.172 0
      vertex 65.2681 -87.9924 0
      vertex 89.7284 -27.9785 0
    endloop
  endfacet
  facet normal -0 0 -1
    outer loop
      vertex 89.7284 -27.9785 0
      vertex 65.2681 -87.9924 0
      vertex 89.5871 -27.7778 0
    endloop
  endfacet
  facet normal 0 0 -1
    outer loop
      vertex 59.4162 -88.6489 0
      vertex 89.5871 -27.7778 0
      vertex 65.2681 -87.9924 0
    endloop
  endfacet
  facet normal -0 0 -1
    outer loop
      vertex 89.5871 -27.7778 0
      vertex 59.4162 -88.6489 0
      vertex 89.4558 -27.5705 0
    endloop
  endfacet
  facet normal 0 -0 -1
    outer loop
      vertex 71.0251 -12.0104 0
      vertex 89.4558 -27.5705 0
      vertex 59.4162 -88.6489 0
    endloop
  endfacet
  facet normal -0 -0 -1
    outer loop
      vertex 71.6204 -12.2401 0
      vertex 89.4558 -27.5705 0
      vertex 71.0251 -12.0104 0
    endloop
  endfacet
  facet normal 0 0 -1
    outer loop
      vertex 89.4558 -27.5705 0
      vertex 71.6204 -12.2401 0
      vertex 89.3348 -27.357 0
    endloop
  endfacet
  facet normal 0 0 -1
    outer loop
      vertex 89.3348 -27.357 0
      vertex 71.6204 -12.2401 0
      vertex 89.2245 -27.1378 0
    endloop
  endfacet
  facet normal -0 -0 -1
    outer loop
      vertex 72.2263 -12.4402 0
      vertex 89.2245 -27.1378 0
      vertex 71.6204 -12.2401 0
    endloop
  endfacet
  facet normal 0 0 -1
    outer loop
      vertex 89.2245 -27.1378 0
      vertex 72.2263 -12.4402 0
      vertex 89.125 -26.9134 0
    endloop
  endfacet
  facet normal -0 -0 -1
    outer loop
      vertex 72.8412 -12.6104 0
      vertex 89.125 -26.9134 0
      vertex 72.2263 -12.4402 0
    endloop
  endfacet
  facet normal 0 0 -1
    outer loop
      vertex 89.125 -26.9134 0
      vertex 72.8412 -12.6104 0
      vertex 89.0367 -26.6844 0
    endloop
  endfacet
  facet normal -0 -0 -1
    outer loop
      vertex 73.4638 -12.7502 0
      vertex 89.0367 -26.6844 0
      vertex 72.8412 -12.6104 0
    endloop
  endfacet
  facet normal -0 -0 -1
    outer loop
      vertex 74.0925 -12.8593 0
      vertex 88.9597 -26.4514 0
      vertex 73.4638 -12.7502 0
    endloop
  endfacet
  facet normal 0 0 -1
    outer loop
      vertex 88.9597 -26.4514 0
      vertex 74.0925 -12.8593 0
      vertex 88.8943 -26.2149 0
    endloop
  endfacet
  facet normal 0 0 -1
    outer loop
      vertex 88.8943 -26.2149 0
      vertex 74.0925 -12.8593 0
      vertex 88.8405 -25.9754 0
    endloop
  endfacet
  facet normal -0 -0 -1
    outer loop
      vertex 86.5057 -20.3362 0
      vertex 88.8405 -25.9754 0
      vertex 74.7258 -12.9374 0
    endloop
  endfacet
  facet normal 0 0 -1
    outer loop
      vertex 88.8405 -25.9754 0
      vertex 86.5057 -20.3362 0
      vertex 88.818 -25.8548 0
    endloop
  endfacet
  facet normal 0 0 -1
    outer loop
      vertex 88.818 -25.8548 0
      vertex 86.642 -20.5403 0
      vertex 88.7606 -25.524 0
    endloop
  endfacet
  facet normal 0 0 -1
    outer loop
      vertex 88.7606 -25.524 0
      vertex 86.642 -20.5403 0
      vertex 88.7368 -25.404 0
    endloop
  endfacet
  facet normal 0 0 -1
    outer loop
      vertex 88.7368 -25.404 0
      vertex 86.642 -20.5403 0
      vertex 88.6238 -24.9011 0
    endloop
  endfacet
  facet normal 0 0 -1
    outer loop
      vertex 88.594 -24.7821 0
      vertex 86.642 -20.5403 0
      vertex 88.4566 -24.2855 0
    endloop
  endfacet
  facet normal 0 0 -1
    outer loop
      vertex 88.421 -24.1682 0
      vertex 86.642 -20.5403 0
      vertex 88.2592 -23.6783 0
    endloop
  endfacet
  facet normal 0 0 -1
    outer loop
      vertex 88.2592 -23.6783 0
      vertex 86.642 -20.5403 0
      vertex 88.218 -23.5633 0
    endloop
  endfacet
  facet normal 0 0 -1
    outer loop
      vertex 88.218 -23.5633 0
      vertex 86.642 -20.5403 0
      vertex 88.0327 -23.0827 0
    endloop
  endfacet
  facet normal 0 0 -1
    outer loop
      vertex 87.9855 -22.9689 0
      vertex 86.642 -20.5403 0
      vertex 87.7767 -22.4979 0
    endloop
  endfacet
  facet normal 0 0 -1
    outer loop
      vertex 87.7767 -22.4979 0
      vertex 86.642 -20.5403 0
      vertex 87.7241 -22.3867 0
    endloop
  endfacet
  facet normal 0 0 -1
    outer loop
      vertex 87.7241 -22.3867 0
      vertex 86.642 -20.5403 0
      vertex 87.4926 -21.9268 0
    endloop
  endfacet
  facet normal 0 0 -1
    outer loop
      vertex 87.4926 -21.9268 0
      vertex 86.642 -20.5403 0
      vertex 87.4347 -21.8185 0
    endloop
  endfacet
  facet normal 0 0 -1
    outer loop
      vertex 87.4347 -21.8185 0
      vertex 86.642 -20.5403 0
      vertex 87.1808 -21.3702 0
    endloop
  endfacet
  facet normal 0 0 -1
    outer loop
      vertex 87.1808 -21.3702 0
      vertex 86.642 -20.5403 0
      vertex 87.1175 -21.2646 0
    endloop
  endfacet
  facet normal 0 0 -1
    outer loop
      vertex 87.1175 -21.2646 0
      vertex 86.642 -20.5403 0
      vertex 86.842 -20.8295 0
    endloop
  endfacet
  facet normal 0 0 -1
    outer loop
      vertex 86.842 -20.8295 0
      vertex 86.642 -20.5403 0
      vertex 86.7737 -20.7273 0
    endloop
  endfacet
  facet normal 0 0 -1
    outer loop
      vertex 88.7704 -12.6833 0
      vertex 85.1924 -9.19238 0
      vertex 85.6324 -8.73026 0
    endloop
  endfacet
  facet normal 0 0 -1
    outer loop
      vertex 79.1587 -12.6104 0
      vertex 85.7315 -17.7839 0
      vertex 85.7435 -18.0291 0
    endloop
  endfacet
  facet normal 0 0 -1
    outer loop
      vertex 88.6238 -24.9011 0
      vertex 86.642 -20.5403 0
      vertex 88.594 -24.7821 0
    endloop
  endfacet
  facet normal 0 0 -1
    outer loop
      vertex 85.7315 -17.5385 0
      vertex 84.7303 -9.63235 0
      vertex 85.1924 -9.19238 0
    endloop
  endfacet
  facet normal 0 0 -1
    outer loop
      vertex 85.7315 -17.5385 0
      vertex 84.2471 -10.0491 0
      vertex 84.7303 -9.63235 0
    endloop
  endfacet
  facet normal 0 0 -1
    outer loop
      vertex 85.7315 -17.5385 0
      vertex 83.7441 -10.4417 0
      vertex 84.2471 -10.0491 0
    endloop
  endfacet
  facet normal 0 0 -1
    outer loop
      vertex 85.7315 -17.5385 0
      vertex 83.2224 -10.8091 0
      vertex 83.7441 -10.4417 0
    endloop
  endfacet
  facet normal 0 0 -1
    outer loop
      vertex 86.5057 -20.3362 0
      vertex 74.7258 -12.9374 0
      vertex 86.3795 -20.1257 0
    endloop
  endfacet
  facet normal -0 -0 -1
    outer loop
      vertex 75.3621 -12.9843 0
      vertex 86.3795 -20.1257 0
      vertex 74.7258 -12.9374 0
    endloop
  endfacet
  facet normal 0 0 -1
    outer loop
      vertex 85.7315 -17.5385 0
      vertex 82.6833 -11.1505 0
      vertex 83.2224 -10.8091 0
    endloop
  endfacet
  facet normal 0 0 -1
    outer loop
      vertex 85.7315 -17.5385 0
      vertex 82.1281 -11.465 0
      vertex 82.6833 -11.1505 0
    endloop
  endfacet
  facet normal 0 0 -1
    outer loop
      vertex 85.7315 -17.5385 0
      vertex 81.5582 -11.7518 0
      vertex 82.1281 -11.465 0
    endloop
  endfacet
  facet normal 0 0 -1
    outer loop
      vertex 85.7315 -17.5385 0
      vertex 80.9749 -12.0104 0
      vertex 81.5582 -11.7518 0
    endloop
  endfacet
  facet normal 0 0 -1
    outer loop
      vertex 85.7315 -17.5385 0
      vertex 80.3796 -12.2401 0
      vertex 80.9749 -12.0104 0
    endloop
  endfacet
  facet normal 0 0 -1
    outer loop
      vertex 85.7315 -17.5385 0
      vertex 79.7737 -12.4402 0
      vertex 80.3796 -12.2401 0
    endloop
  endfacet
  facet normal 0 0 -1
    outer loop
      vertex 85.7315 -17.5385 0
      vertex 79.1587 -12.6104 0
      vertex 79.7737 -12.4402 0
    endloop
  endfacet
  facet normal 0 0 -1
    outer loop
      vertex 85.7435 -18.0291 0
      vertex 78.5362 -12.7502 0
      vertex 79.1587 -12.6104 0
    endloop
  endfacet
  facet normal 0 0 -1
    outer loop
      vertex 85.7676 -18.2733 0
      vertex 78.5362 -12.7502 0
      vertex 85.7435 -18.0291 0
    endloop
  endfacet
  facet normal 0 -0 -1
    outer loop
      vertex 78.5362 -12.7502 0
      vertex 85.7676 -18.2733 0
      vertex 77.9075 -12.8593 0
    endloop
  endfacet
  facet normal 0 0 -1
    outer loop
      vertex 86.2638 -19.9093 0
      vertex 75.3621 -12.9843 0
      vertex 86.1589 -19.6875 0
    endloop
  endfacet
  facet normal -0 -0 -1
    outer loop
      vertex 76 -13 0
      vertex 86.1589 -19.6875 0
      vertex 75.3621 -12.9843 0
    endloop
  endfacet
  facet normal 0 0 -1
    outer loop
      vertex 85.8036 -18.516 0
      vertex 77.9075 -12.8593 0
      vertex 85.7676 -18.2733 0
    endloop
  endfacet
  facet normal 0 0 -1
    outer loop
      vertex 85.8515 -18.7567 0
      vertex 77.9075 -12.8593 0
      vertex 85.8036 -18.516 0
    endloop
  endfacet
  facet normal 0 -0 -1
    outer loop
      vertex 77.9075 -12.8593 0
      vertex 85.8515 -18.7567 0
      vertex 77.2742 -12.9374 0
    endloop
  endfacet
  facet normal 0 0 -1
    outer loop
      vertex 85.9111 -18.9948 0
      vertex 77.2742 -12.9374 0
      vertex 85.8515 -18.7567 0
    endloop
  endfacet
  facet normal 0 -0 -1
    outer loop
      vertex 77.2742 -12.9374 0
      vertex 85.9111 -18.9948 0
      vertex 76.6379 -12.9843 0
    endloop
  endfacet
  facet normal 0 0 -1
    outer loop
      vertex 86.1589 -19.6875 0
      vertex 76 -13 0
      vertex 86.065 -19.4607 0
    endloop
  endfacet
  facet normal 0 0 -1
    outer loop
      vertex 85.9823 -19.2296 0
      vertex 76.6379 -12.9843 0
      vertex 85.9111 -18.9948 0
    endloop
  endfacet
  facet normal 0 0 -1
    outer loop
      vertex 86.065 -19.4607 0
      vertex 76.6379 -12.9843 0
      vertex 85.9823 -19.2296 0
    endloop
  endfacet
  facet normal 0 -0 -1
    outer loop
      vertex 76.6379 -12.9843 0
      vertex 86.065 -19.4607 0
      vertex 76 -13 0
    endloop
  endfacet
  facet normal 0 0 -1
    outer loop
      vertex 86.3795 -20.1257 0
      vertex 75.3621 -12.9843 0
      vertex 86.2638 -19.9093 0
    endloop
  endfacet
  facet normal -0 -0 -1
    outer loop
      vertex 86.642 -20.5403 0
      vertex 88.818 -25.8548 0
      vertex 86.5057 -20.3362 0
    endloop
  endfacet
  facet normal 0 0 -1
    outer loop
      vertex 88.0327 -23.0827 0
      vertex 86.642 -20.5403 0
      vertex 87.9855 -22.9689 0
    endloop
  endfacet
  facet normal 0 0 -1
    outer loop
      vertex 88.4566 -24.2855 0
      vertex 86.642 -20.5403 0
      vertex 88.421 -24.1682 0
    endloop
  endfacet
  facet normal -0 -0 -1
    outer loop
      vertex 74.7258 -12.9374 0
      vertex 88.8405 -25.9754 0
      vertex 74.0925 -12.8593 0
    endloop
  endfacet
  facet normal 0 0 -1
    outer loop
      vertex 89.0367 -26.6844 0
      vertex 73.4638 -12.7502 0
      vertex 88.9597 -26.4514 0
    endloop
  endfacet
  facet normal 0 0 -1
    outer loop
      vertex 59.3763 -88.653 0
      vertex 71.0251 -12.0104 0
      vertex 59.4162 -88.6489 0
    endloop
  endfacet
  facet normal -0 0 -1
    outer loop
      vertex 71.0251 -12.0104 0
      vertex 59.3763 -88.653 0
      vertex 70.4418 -11.7518 0
    endloop
  endfacet
  facet normal 0 0 -1
    outer loop
      vertex 53.5697 -89.2076 0
      vertex 70.4418 -11.7518 0
      vertex 59.3763 -88.653 0
    endloop
  endfacet
  facet normal -0 0 -1
    outer loop
      vertex 70.4418 -11.7518 0
      vertex 53.5697 -89.2076 0
      vertex 69.8718 -11.465 0
    endloop
  endfacet
  facet normal 0 0 -1
    outer loop
      vertex 53.5251 -89.2115 0
      vertex 69.8718 -11.465 0
      vertex 53.5697 -89.2076 0
    endloop
  endfacet
  facet normal -0 0 -1
    outer loop
      vertex 69.8718 -11.465 0
      vertex 53.5251 -89.2115 0
      vertex 69.3167 -11.1505 0
    endloop
  endfacet
  facet normal 0 0 -1
    outer loop
      vertex 47.7707 -89.6591 0
      vertex 69.3167 -11.1505 0
      vertex 53.5251 -89.2115 0
    endloop
  endfacet
  facet normal -0 0 -1
    outer loop
      vertex 69.3167 -11.1505 0
      vertex 47.7707 -89.6591 0
      vertex 68.7776 -10.8091 0
    endloop
  endfacet
  facet normal 0 0 -1
    outer loop
      vertex 47.7232 -89.6624 0
      vertex 68.7776 -10.8091 0
      vertex 47.7707 -89.6591 0
    endloop
  endfacet
  facet normal -0 0 -1
    outer loop
      vertex 68.7776 -10.8091 0
      vertex 47.7232 -89.6624 0
      vertex 68.2559 -10.4417 0
    endloop
  endfacet
  facet normal 0 0 -1
    outer loop
      vertex 42.0327 -89.9981 0
      vertex 68.2559 -10.4417 0
      vertex 47.7232 -89.6624 0
    endloop
  endfacet
  facet normal 0 0 -1
    outer loop
      vertex 41.9384 -89.999 0
      vertex 68.2559 -10.4417 0
      vertex 42.0327 -89.9981 0
    endloop
  endfacet
  facet normal 0 0 -1
    outer loop
      vertex 39.2827 -89.9566 0
      vertex 68.2559 -10.4417 0
      vertex 41.9384 -89.999 0
    endloop
  endfacet
  facet normal -0 0 -1
    outer loop
      vertex 68.2559 -10.4417 0
      vertex 39.2827 -89.9566 0
      vertex 67.7529 -10.0491 0
    endloop
  endfacet
  facet normal 0 0 -1
    outer loop
      vertex 64.535 -6.12814 0
      vertex 64.4503 -5.99397 0
      vertex 64.4677 -5.9944 0
    endloop
  endfacet
  facet normal 0 0 -1
    outer loop
      vertex 64.535 -6.12814 0
      vertex 64.2055 -5.97592 0
      vertex 64.4503 -5.99397 0
    endloop
  endfacet
  facet normal 0 0 -1
    outer loop
      vertex 64.8495 -6.68333 0
      vertex 64.2055 -5.97592 0
      vertex 64.535 -6.12814 0
    endloop
  endfacet
  facet normal 0 0 -1
    outer loop
      vertex 39.1975 -89.9538 0
      vertex 67.7529 -10.0491 0
      vertex 39.2827 -89.9566 0
    endloop
  endfacet
  facet normal -0 -0 -1
    outer loop
      vertex 64.2055 -5.97592 0
      vertex 64.8495 -6.68333 0
      vertex 63.9619 -5.94588 0
    endloop
  endfacet
  facet normal -0 -0 -1
    outer loop
      vertex 63.7201 -5.90393 0
      vertex 64.8495 -6.68333 0
      vertex 63.4807 -5.85016 0
    endloop
  endfacet
  facet normal -0 -0 -1
    outer loop
      vertex 63.9619 -5.94588 0
      vertex 64.8495 -6.68333 0
      vertex 63.7201 -5.90393 0
    endloop
  endfacet
  facet normal 0 0 -1
    outer loop
      vertex 65.1909 -7.22241 0
      vertex 63.4807 -5.85016 0
      vertex 64.8495 -6.68333 0
    endloop
  endfacet
  facet normal 0 0 -1
    outer loop
      vertex 36.6303 -89.8258 0
      vertex 67.7529 -10.0491 0
      vertex 39.1975 -89.9538 0
    endloop
  endfacet
  facet normal -0 -0 -1
    outer loop
      vertex 63.4807 -5.85016 0
      vertex 65.1909 -7.22241 0
      vertex 63.2442 -5.7847 0
    endloop
  endfacet
  facet normal 0 0 -1
    outer loop
      vertex 36.5387 -89.8195 0
      vertex 67.7529 -10.0491 0
      vertex 36.6303 -89.8258 0
    endloop
  endfacet
  facet normal -0 -0 -1
    outer loop
      vertex 63.2442 -5.7847 0
      vertex 65.1909 -7.22241 0
      vertex 63.0111 -5.70772 0
    endloop
  endfacet
  facet normal 0 0 -1
    outer loop
      vertex 34.0816 -89.6063 0
      vertex 67.7529 -10.0491 0
      vertex 36.5387 -89.8195 0
    endloop
  endfacet
  facet normal 0 0 -1
    outer loop
      vertex 65.5583 -7.74408 0
      vertex 63.0111 -5.70772 0
      vertex 65.1909 -7.22241 0
    endloop
  endfacet
  facet normal -0 -0 -1
    outer loop
      vertex 63.0111 -5.70772 0
      vertex 65.5583 -7.74408 0
      vertex 62.7822 -5.6194 0
    endloop
  endfacet
  facet normal -0 -0 -1
    outer loop
      vertex 62.7822 -5.6194 0
      vertex 65.5583 -7.74408 0
      vertex 62.5578 -5.51994 0
    endloop
  endfacet
  facet normal 0 0 -1
    outer loop
      vertex 33.983 -89.5958 0
      vertex 67.7529 -10.0491 0
      vertex 34.0816 -89.6063 0
    endloop
  endfacet
  facet normal 0 0 -1
    outer loop
      vertex 31.6352 -89.2978 0
      vertex 67.7529 -10.0491 0
      vertex 33.983 -89.5958 0
    endloop
  endfacet
  facet normal -0 0 -1
    outer loop
      vertex 67.7529 -10.0491 0
      vertex 31.6352 -89.2978 0
      vertex 67.2697 -9.63235 0
    endloop
  endfacet
  facet normal 0 0 -1
    outer loop
      vertex 31.5292 -89.282 0
      vertex 67.2697 -9.63235 0
      vertex 31.6352 -89.2978 0
    endloop
  endfacet
  facet normal 0 0 -1
    outer loop
      vertex 65.9509 -8.2471 0
      vertex 62.5578 -5.51994 0
      vertex 65.5583 -7.74408 0
    endloop
  endfacet
  facet normal -0 -0 -1
    outer loop
      vertex 62.5578 -5.51994 0
      vertex 65.9509 -8.2471 0
      vertex 62.3386 -5.40961 0
    endloop
  endfacet
  facet normal 0 0 -1
    outer loop
      vertex 29.29 -88.8997 0
      vertex 67.2697 -9.63235 0
      vertex 31.5292 -89.282 0
    endloop
  endfacet
  facet normal 0 0 -1
    outer loop
      vertex 18 -84.9928 0
      vertex 67.2697 -9.63235 0
      vertex 29.29 -88.8997 0
    endloop
  endfacet
  facet normal -0 -0 -1
    outer loop
      vertex 61.9177 -5.15735 0
      vertex 66.8076 -9.19238 0
      vertex 18 -3 0
    endloop
  endfacet
  facet normal -0 -0 -1
    outer loop
      vertex 62.1251 -5.28865 0
      vertex 66.3676 -8.73026 0
      vertex 61.9177 -5.15735 0
    endloop
  endfacet
  facet normal 0 0 -1
    outer loop
      vertex 66.3676 -8.73026 0
      vertex 62.3386 -5.40961 0
      vertex 65.9509 -8.2471 0
    endloop
  endfacet
  facet normal -0 -0 -1
    outer loop
      vertex 62.3386 -5.40961 0
      vertex 66.3676 -8.73026 0
      vertex 62.1251 -5.28865 0
    endloop
  endfacet
  facet normal 0 0 -1
    outer loop
      vertex 61.9177 -5.15735 0
      vertex 18 -3 0
      vertex 61.7171 -5.01604 0
    endloop
  endfacet
  facet normal 0 0 -1
    outer loop
      vertex 61.7171 -5.01604 0
      vertex 18 -3 0
      vertex 61.5236 -4.86505 0
    endloop
  endfacet
  facet normal 0 0 -1
    outer loop
      vertex 61.3378 -4.70476 0
      vertex 18 -3 0
      vertex 61.16 -4.53554 0
    endloop
  endfacet
  facet normal 0 0 -1
    outer loop
      vertex 41.9384 -89.999 0
      vertex 42.0327 -89.9981 0
      vertex 42.029 -89.9982 0
    endloop
  endfacet
  facet normal 0 0 -1
    outer loop
      vertex 61.16 -4.53554 0
      vertex 18 -3 0
      vertex 60.9908 -4.35779 0
    endloop
  endfacet
  facet normal 0 0 -1
    outer loop
      vertex 60.9908 -4.35779 0
      vertex 18 -3 0
      vertex 60.8305 -4.17197 0
    endloop
  endfacet
  facet normal 0 0 -1
    outer loop
      vertex 60.8305 -4.17197 0
      vertex 18 -3 0
      vertex 60.6796 -3.9785 0
    endloop
  endfacet
  facet normal 0 0 -1
    outer loop
      vertex 60.6796 -3.9785 0
      vertex 18 -3 0
      vertex 60.5382 -3.77785 0
    endloop
  endfacet
  facet normal 0 0 -1
    outer loop
      vertex 60.5382 -3.77785 0
      vertex 18 -3 0
      vertex 60.4069 -3.57051 0
    endloop
  endfacet
  facet normal 0 0 -1
    outer loop
      vertex 60.4069 -3.57051 0
      vertex 18 -3 0
      vertex 60.286 -3.35698 0
    endloop
  endfacet
  facet normal 0 0 -1
    outer loop
      vertex 60.286 -3.35698 0
      vertex 18 -3 0
      vertex 60.1756 -3.13777 0
    endloop
  endfacet
  facet normal 0 0 -1
    outer loop
      vertex 61.5236 -4.86505 0
      vertex 18 -3 0
      vertex 61.3378 -4.70476 0
    endloop
  endfacet
  facet normal 0 0 -1
    outer loop
      vertex 66.8076 -9.19238 0
      vertex 61.9177 -5.15735 0
      vertex 66.3676 -8.73026 0
    endloop
  endfacet
  facet normal 0 0 -1
    outer loop
      vertex 18 -3 0
      vertex 67.2697 -9.63235 0
      vertex 18 -84.9928 0
    endloop
  endfacet
  facet normal 0 0 -1
    outer loop
      vertex 18 -84.9928 0
      vertex 29.29 -88.8997 0
      vertex 29.1763 -88.8775 0
    endloop
  endfacet
  facet normal 0 0 -1
    outer loop
      vertex 18 -84.9928 0
      vertex 29.1763 -88.8775 0
      vertex 27.044 -88.4113 0
    endloop
  endfacet
  facet normal 0 0 -1
    outer loop
      vertex 18 -84.9928 0
      vertex 27.044 -88.4113 0
      vertex 26.9245 -88.3821 0
    endloop
  endfacet
  facet normal 0 0 -1
    outer loop
      vertex 18 -84.9928 0
      vertex 26.9245 -88.3821 0
      vertex 24.8974 -87.8326 0
    endloop
  endfacet
  facet normal 0 0 -1
    outer loop
      vertex 18 -84.9928 0
      vertex 24.8974 -87.8326 0
      vertex 24.771 -87.7947 0
    endloop
  endfacet
  facet normal 0 0 -1
    outer loop
      vertex 18 -84.9928 0
      vertex 24.771 -87.7947 0
      vertex 22.8477 -87.1625 0
    endloop
  endfacet
  facet normal 0 0 -1
    outer loop
      vertex 18 -84.9928 0
      vertex 22.8477 -87.1625 0
      vertex 22.7162 -87.1151 0
    endloop
  endfacet
  facet normal 0 0 -1
    outer loop
      vertex 18 -84.9928 0
      vertex 22.7162 -87.1151 0
      vertex 20.8942 -86.4006 0
    endloop
  endfacet
  facet normal 0 0 -1
    outer loop
      vertex 18 -84.9928 0
      vertex 20.8942 -86.4006 0
      vertex 20.7584 -86.3427 0
    endloop
  endfacet
  facet normal 0 0 -1
    outer loop
      vertex 18 -84.9928 0
      vertex 20.7584 -86.3427 0
      vertex 19.0361 -85.5466 0
    endloop
  endfacet
  facet normal 0 0 -1
    outer loop
      vertex 18 -84.9928 0
      vertex 19.0361 -85.5466 0
      vertex 18.8967 -85.4769 0
    endloop
  endfacet
  facet normal 0 0 -1
    outer loop
      vertex 67.2697 -9.63235 0
      vertex 18 -3 0
      vertex 66.8076 -9.19238 0
    endloop
  endfacet
  facet normal 0 0 -1
    outer loop
      vertex 60.1756 -3.13777 0
      vertex 18 -3 0
      vertex 60.1146 -3 0
    endloop
  endfacet
  facet normal 0 0 -1
    outer loop
      vertex 92.9577 -6.03183 0
      vertex 92.9384 -6 0
      vertex 92.9669 -6.0014 0
    endloop
  endfacet
  facet normal 0 0 -1
    outer loop
      vertex 92.9256 -6.12146 0
      vertex 92.9384 -6 0
      vertex 92.9577 -6.03183 0
    endloop
  endfacet
  facet normal 0 0 -1
    outer loop
      vertex 92.6519 -6.83096 0
      vertex 92.9384 -6 0
      vertex 92.9256 -6.12146 0
    endloop
  endfacet
  facet normal 0 0 -1
    outer loop
      vertex 87.5295 -6 0
      vertex 92.6519 -6.83096 0
      vertex 92.6049 -6.9446 0
    endloop
  endfacet
  facet normal 0 0 -1
    outer loop
      vertex 87.5295 -6 0
      vertex 92.6049 -6.9446 0
      vertex 92.2968 -7.63957 0
    endloop
  endfacet
  facet normal 0 0 -1
    outer loop
      vertex 87.5295 -6 0
      vertex 92.2968 -7.63957 0
      vertex 92.2441 -7.75102 0
    endloop
  endfacet
  facet normal 0 0 -1
    outer loop
      vertex 87.5295 -6 0
      vertex 92.2441 -7.75102 0
      vertex 91.902 -8.43056 0
    endloop
  endfacet
  facet normal 0 0 -1
    outer loop
      vertex 87.465 -6.12814 0
      vertex 91.902 -8.43056 0
      vertex 91.8445 -8.53816 0
    endloop
  endfacet
  facet normal 0 0 -1
    outer loop
      vertex 87.465 -6.12814 0
      vertex 91.8445 -8.53816 0
      vertex 91.4691 -9.20093 0
    endloop
  endfacet
  facet normal 0 0 -1
    outer loop
      vertex 87.1505 -6.68333 0
      vertex 91.4691 -9.20093 0
      vertex 91.4066 -9.30519 0
    endloop
  endfacet
  facet normal 0 0 -1
    outer loop
      vertex 87.1505 -6.68333 0
      vertex 91.4066 -9.30519 0
      vertex 90.9993 -9.94844 0
    endloop
  endfacet
  facet normal 0 0 -1
    outer loop
      vertex 86.8091 -7.22241 0
      vertex 90.9993 -9.94844 0
      vertex 90.9311 -10.0505 0
    endloop
  endfacet
  facet normal 0 0 -1
    outer loop
      vertex 86.8091 -7.22241 0
      vertex 90.9311 -10.0505 0
      vertex 90.4929 -10.6727 0
    endloop
  endfacet
  facet normal 0 0 -1
    outer loop
      vertex 86.4417 -7.74408 0
      vertex 90.4929 -10.6727 0
      vertex 90.4202 -10.7707 0
    endloop
  endfacet
  facet normal 0 0 -1
    outer loop
      vertex 86.4417 -7.74408 0
      vertex 90.4202 -10.7707 0
      vertex 89.952 -11.3706 0
    endloop
  endfacet
  facet normal 0 0 -1
    outer loop
      vertex 86.0491 -8.2471 0
      vertex 89.952 -11.3706 0
      vertex 89.874 -11.4657 0
    endloop
  endfacet
  facet normal 0 0 -1
    outer loop
      vertex 86.0491 -8.2471 0
      vertex 89.874 -11.4657 0
      vertex 89.377 -12.0418 0
    endloop
  endfacet
  facet normal 0 0 -1
    outer loop
      vertex 85.6324 -8.73026 0
      vertex 89.377 -12.0418 0
      vertex 89.2949 -12.1324 0
    endloop
  endfacet
  facet normal 0 0 -1
    outer loop
      vertex 85.6324 -8.73026 0
      vertex 89.2949 -12.1324 0
      vertex 88.7704 -12.6833 0
    endloop
  endfacet
  facet normal 0 0 -1
    outer loop
      vertex 85.1924 -9.19238 0
      vertex 88.7704 -12.6833 0
      vertex 88.6833 -12.7704 0
    endloop
  endfacet
  facet normal 0 0 -1
    outer loop
      vertex 85.1924 -9.19238 0
      vertex 88.6833 -12.7704 0
      vertex 88.1324 -13.2949 0
    endloop
  endfacet
  facet normal 0 0 -1
    outer loop
      vertex 85.1924 -9.19238 0
      vertex 88.1324 -13.2949 0
      vertex 88.0414 -13.3774 0
    endloop
  endfacet
  facet normal 0 0 -1
    outer loop
      vertex 90.9993 -9.94844 0
      vertex 86.8091 -7.22241 0
      vertex 87.1505 -6.68333 0
    endloop
  endfacet
  facet normal 0 0 -1
    outer loop
      vertex 92.6519 -6.83096 0
      vertex 87.5295 -6 0
      vertex 92.9384 -6 0
    endloop
  endfacet
  facet normal 0 0 -1
    outer loop
      vertex 85.1924 -9.19238 0
      vertex 88.0414 -13.3774 0
      vertex 87.4641 -13.8753 0
    endloop
  endfacet
  facet normal 0 0 -1
    outer loop
      vertex 85.1924 -9.19238 0
      vertex 87.4641 -13.8753 0
      vertex 87.2824 -14.04 0
    endloop
  endfacet
  facet normal 0 0 -1
    outer loop
      vertex 91.902 -8.43056 0
      vertex 87.465 -6.12814 0
      vertex 87.5295 -6 0
    endloop
  endfacet
  facet normal 0 0 -1
    outer loop
      vertex 85.1924 -9.19238 0
      vertex 87.2824 -14.04 0
      vertex 87.1089 -14.2136 0
    endloop
  endfacet
  facet normal 0 0 -1
    outer loop
      vertex 85.1924 -9.19238 0
      vertex 87.1089 -14.2136 0
      vertex 86.944 -14.3954 0
    endloop
  endfacet
  facet normal 0 0 -1
    outer loop
      vertex 91.4691 -9.20093 0
      vertex 87.1505 -6.68333 0
      vertex 87.465 -6.12814 0
    endloop
  endfacet
  facet normal 0 0 -1
    outer loop
      vertex 85.1924 -9.19238 0
      vertex 86.944 -14.3954 0
      vertex 86.7883 -14.5851 0
    endloop
  endfacet
  facet normal 0 0 -1
    outer loop
      vertex 85.1924 -9.19238 0
      vertex 86.7883 -14.5851 0
      vertex 86.6422 -14.7822 0
    endloop
  endfacet
  facet normal 0 0 -1
    outer loop
      vertex 85.1924 -9.19238 0
      vertex 86.6422 -14.7822 0
      vertex 86.5058 -14.9863 0
    endloop
  endfacet
  facet normal 0 0 -1
    outer loop
      vertex 90.4929 -10.6727 0
      vertex 86.4417 -7.74408 0
      vertex 86.8091 -7.22241 0
    endloop
  endfacet
  facet normal 0 0 -1
    outer loop
      vertex 85.1924 -9.19238 0
      vertex 86.5058 -14.9863 0
      vertex 86.3796 -15.1968 0
    endloop
  endfacet
  facet normal 0 0 -1
    outer loop
      vertex 85.1924 -9.19238 0
      vertex 86.3796 -15.1968 0
      vertex 86.2639 -15.4132 0
    endloop
  endfacet
  facet normal 0 0 -1
    outer loop
      vertex 85.1924 -9.19238 0
      vertex 86.2639 -15.4132 0
      vertex 86.159 -15.635 0
    endloop
  endfacet
  facet normal 0 0 -1
    outer loop
      vertex 85.1924 -9.19238 0
      vertex 86.159 -15.635 0
      vertex 86.0651 -15.8618 0
    endloop
  endfacet
  facet normal 0 0 -1
    outer loop
      vertex 89.952 -11.3706 0
      vertex 86.0491 -8.2471 0
      vertex 86.4417 -7.74408 0
    endloop
  endfacet
  facet normal 0 0 -1
    outer loop
      vertex 85.1924 -9.19238 0
      vertex 86.0651 -15.8618 0
      vertex 85.9824 -16.0928 0
    endloop
  endfacet
  facet normal 0 0 -1
    outer loop
      vertex 85.1924 -9.19238 0
      vertex 85.9824 -16.0928 0
      vertex 85.9111 -16.3277 0
    endloop
  endfacet
  facet normal 0 0 -1
    outer loop
      vertex 85.1924 -9.19238 0
      vertex 85.9111 -16.3277 0
      vertex 85.8515 -16.5657 0
    endloop
  endfacet
  facet normal 0 0 -1
    outer loop
      vertex 85.1924 -9.19238 0
      vertex 85.8515 -16.5657 0
      vertex 85.8036 -16.8064 0
    endloop
  endfacet
  facet normal 0 0 -1
    outer loop
      vertex 85.1924 -9.19238 0
      vertex 85.8036 -16.8064 0
      vertex 85.7676 -17.0492 0
    endloop
  endfacet
  facet normal 0 0 -1
    outer loop
      vertex 85.1924 -9.19238 0
      vertex 85.7676 -17.0492 0
      vertex 85.7436 -17.2934 0
    endloop
  endfacet
  facet normal 0 0 -1
    outer loop
      vertex 85.1924 -9.19238 0
      vertex 85.7436 -17.2934 0
      vertex 85.7315 -17.5385 0
    endloop
  endfacet
  facet normal 0 0 -1
    outer loop
      vertex 89.377 -12.0418 0
      vertex 85.6324 -8.73026 0
      vertex 86.0491 -8.2471 0
    endloop
  endfacet
  facet normal 0 0 -1
    outer loop
      vertex 79.1587 -12.6104 0
      vertex 85.7315 -17.5385 0
      vertex 85.7315 -17.7839 0
    endloop
  endfacet
  facet normal 0 0 1
    outer loop
      vertex 92.9384 -6 24
      vertex 92.9577 -6.03183 24
      vertex 92.9669 -6.0014 24
    endloop
  endfacet
  facet normal 0 0 1
    outer loop
      vertex 92.9384 -6 24
      vertex 92.9256 -6.12146 24
      vertex 92.9577 -6.03183 24
    endloop
  endfacet
  facet normal 0 0 1
    outer loop
      vertex 92.9384 -6 24
      vertex 92.6519 -6.83096 24
      vertex 92.9256 -6.12146 24
    endloop
  endfacet
  facet normal -0 0 1
    outer loop
      vertex 87.5295 -6 24
      vertex 92.6519 -6.83096 24
      vertex 92.9384 -6 24
    endloop
  endfacet
  facet normal 0 0 1
    outer loop
      vertex 92.6519 -6.83096 24
      vertex 87.5295 -6 24
      vertex 92.6049 -6.9446 24
    endloop
  endfacet
  facet normal 0 0 1
    outer loop
      vertex 92.6049 -6.9446 24
      vertex 87.5295 -6 24
      vertex 92.2968 -7.63957 24
    endloop
  endfacet
  facet normal 0 0 1
    outer loop
      vertex 92.2968 -7.63957 24
      vertex 87.5295 -6 24
      vertex 92.2441 -7.75102 24
    endloop
  endfacet
  facet normal 0 0 1
    outer loop
      vertex 92.2441 -7.75102 24
      vertex 87.5295 -6 24
      vertex 91.902 -8.43056 24
    endloop
  endfacet
  facet normal -0 0 1
    outer loop
      vertex 87.465 -6.12814 24
      vertex 91.902 -8.43056 24
      vertex 87.5295 -6 24
    endloop
  endfacet
  facet normal 0 0 1
    outer loop
      vertex 91.902 -8.43056 24
      vertex 87.465 -6.12814 24
      vertex 91.8445 -8.53816 24
    endloop
  endfacet
  facet normal 0 0 1
    outer loop
      vertex 91.8445 -8.53816 24
      vertex 87.465 -6.12814 24
      vertex 91.4691 -9.20093 24
    endloop
  endfacet
  facet normal -0 0 1
    outer loop
      vertex 87.1505 -6.68333 24
      vertex 91.4691 -9.20093 24
      vertex 87.465 -6.12814 24
    endloop
  endfacet
  facet normal 0 0 1
    outer loop
      vertex 91.4691 -9.20093 24
      vertex 87.1505 -6.68333 24
      vertex 91.4066 -9.30519 24
    endloop
  endfacet
  facet normal -0 0 1
    outer loop
      vertex 86.8091 -7.22241 24
      vertex 90.9993 -9.94844 24
      vertex 87.1505 -6.68333 24
    endloop
  endfacet
  facet normal 0 0 1
    outer loop
      vertex 90.9993 -9.94844 24
      vertex 86.8091 -7.22241 24
      vertex 90.9311 -10.0505 24
    endloop
  endfacet
  facet normal 0 0 1
    outer loop
      vertex 90.9311 -10.0505 24
      vertex 86.8091 -7.22241 24
      vertex 90.4929 -10.6727 24
    endloop
  endfacet
  facet normal 0 0 1
    outer loop
      vertex 90.4929 -10.6727 24
      vertex 86.4417 -7.74408 24
      vertex 90.4202 -10.7707 24
    endloop
  endfacet
  facet normal 0 0 1
    outer loop
      vertex 90.4202 -10.7707 24
      vertex 86.4417 -7.74408 24
      vertex 89.952 -11.3706 24
    endloop
  endfacet
  facet normal -0 0 1
    outer loop
      vertex 86.0491 -8.2471 24
      vertex 89.952 -11.3706 24
      vertex 86.4417 -7.74408 24
    endloop
  endfacet
  facet normal 0 0 1
    outer loop
      vertex 89.952 -11.3706 24
      vertex 86.0491 -8.2471 24
      vertex 89.874 -11.4657 24
    endloop
  endfacet
  facet normal -0 0 1
    outer loop
      vertex 85.6324 -8.73026 24
      vertex 89.377 -12.0418 24
      vertex 86.0491 -8.2471 24
    endloop
  endfacet
  facet normal 0 0 1
    outer loop
      vertex 89.377 -12.0418 24
      vertex 85.6324 -8.73026 24
      vertex 89.2949 -12.1324 24
    endloop
  endfacet
  facet normal 0 0 1
    outer loop
      vertex 91.4066 -9.30519 24
      vertex 87.1505 -6.68333 24
      vertex 90.9993 -9.94844 24
    endloop
  endfacet
  facet normal -0 0 1
    outer loop
      vertex 86.4417 -7.74408 24
      vertex 90.4929 -10.6727 24
      vertex 86.8091 -7.22241 24
    endloop
  endfacet
  facet normal 0 0 1
    outer loop
      vertex 89.874 -11.4657 24
      vertex 86.0491 -8.2471 24
      vertex 89.377 -12.0418 24
    endloop
  endfacet
  facet normal 0 0 1
    outer loop
      vertex 89.2949 -12.1324 24
      vertex 85.6324 -8.73026 24
      vertex 88.7704 -12.6833 24
    endloop
  endfacet
  facet normal -0 0 1
    outer loop
      vertex 85.1924 -9.19238 24
      vertex 88.7704 -12.6833 24
      vertex 85.6324 -8.73026 24
    endloop
  endfacet
  facet normal 0 0 1
    outer loop
      vertex 88.7704 -12.6833 24
      vertex 85.1924 -9.19238 24
      vertex 88.6833 -12.7704 24
    endloop
  endfacet
  facet normal 0 0 1
    outer loop
      vertex 88.6833 -12.7704 24
      vertex 85.1924 -9.19238 24
      vertex 88.1324 -13.2949 24
    endloop
  endfacet
  facet normal -0 0 1
    outer loop
      vertex 84.7303 -9.63235 24
      vertex 88.1324 -13.2949 24
      vertex 85.1924 -9.19238 24
    endloop
  endfacet
  facet normal 0 0 1
    outer loop
      vertex 88.1324 -13.2949 24
      vertex 84.7303 -9.63235 24
      vertex 88.0414 -13.3774 24
    endloop
  endfacet
  facet normal 0 0 1
    outer loop
      vertex 88.0414 -13.3774 24
      vertex 84.7303 -9.63235 24
      vertex 87.4641 -13.8753 24
    endloop
  endfacet
  facet normal -0 0 1
    outer loop
      vertex 84.2471 -10.0491 24
      vertex 87.4641 -13.8753 24
      vertex 84.7303 -9.63235 24
    endloop
  endfacet
  facet normal 0 0 1
    outer loop
      vertex 87.4641 -13.8753 24
      vertex 84.2471 -10.0491 24
      vertex 87.2824 -14.04 24
    endloop
  endfacet
  facet normal -0 0 1
    outer loop
      vertex 83.7441 -10.4417 24
      vertex 87.2824 -14.04 24
      vertex 84.2471 -10.0491 24
    endloop
  endfacet
  facet normal 0 0 1
    outer loop
      vertex 87.2824 -14.04 24
      vertex 83.7441 -10.4417 24
      vertex 87.1089 -14.2136 24
    endloop
  endfacet
  facet normal 0 0 1
    outer loop
      vertex 87.1089 -14.2136 24
      vertex 83.7441 -10.4417 24
      vertex 86.944 -14.3954 24
    endloop
  endfacet
  facet normal -0 0 1
    outer loop
      vertex 83.2224 -10.8091 24
      vertex 86.944 -14.3954 24
      vertex 83.7441 -10.4417 24
    endloop
  endfacet
  facet normal 0 0 1
    outer loop
      vertex 86.944 -14.3954 24
      vertex 83.2224 -10.8091 24
      vertex 86.7883 -14.5851 24
    endloop
  endfacet
  facet normal 0 0 1
    outer loop
      vertex 86.7883 -14.5851 24
      vertex 83.2224 -10.8091 24
      vertex 86.6422 -14.7822 24
    endloop
  endfacet
  facet normal -0 0 1
    outer loop
      vertex 82.6833 -11.1505 24
      vertex 86.6422 -14.7822 24
      vertex 83.2224 -10.8091 24
    endloop
  endfacet
  facet normal 0 0 1
    outer loop
      vertex 86.6422 -14.7822 24
      vertex 82.6833 -11.1505 24
      vertex 86.5058 -14.9863 24
    endloop
  endfacet
  facet normal 0 0 1
    outer loop
      vertex 86.5058 -14.9863 24
      vertex 82.6833 -11.1505 24
      vertex 86.3796 -15.1968 24
    endloop
  endfacet
  facet normal -0 0 1
    outer loop
      vertex 82.1281 -11.465 24
      vertex 86.3796 -15.1968 24
      vertex 82.6833 -11.1505 24
    endloop
  endfacet
  facet normal 0 0 1
    outer loop
      vertex 86.3796 -15.1968 24
      vertex 82.1281 -11.465 24
      vertex 86.2639 -15.4132 24
    endloop
  endfacet
  facet normal 0 0 1
    outer loop
      vertex 86.2639 -15.4132 24
      vertex 82.1281 -11.465 24
      vertex 86.159 -15.635 24
    endloop
  endfacet
  facet normal 0 0 1
    outer loop
      vertex 86.159 -15.635 24
      vertex 81.5582 -11.7518 24
      vertex 86.0651 -15.8618 24
    endloop
  endfacet
  facet normal -0 0 1
    outer loop
      vertex 81.5582 -11.7518 24
      vertex 86.159 -15.635 24
      vertex 82.1281 -11.465 24
    endloop
  endfacet
  facet normal 0 0 1
    outer loop
      vertex 108 -30 24
      vertex 107.287 -80.9101 24
      vertex 108 -80.7565 24
    endloop
  endfacet
  facet normal 0 0 1
    outer loop
      vertex 108 -30 24
      vertex 107.26 -80.9159 24
      vertex 107.287 -80.9101 24
    endloop
  endfacet
  facet normal -0 0 1
    outer loop
      vertex 93.7444 -30 24
      vertex 107.26 -80.9159 24
      vertex 108 -30 24
    endloop
  endfacet
  facet normal 0 0 1
    outer loop
      vertex 107.26 -80.9159 24
      vertex 93.7444 -30 24
      vertex 101.246 -82.1492 24
    endloop
  endfacet
  facet normal 0 0 1
    outer loop
      vertex 101.246 -82.1492 24
      vertex 93.7444 -30 24
      vertex 101.218 -82.1548 24
    endloop
  endfacet
  facet normal 0 0 1
    outer loop
      vertex 101.218 -82.1548 24
      vertex 93.7444 -30 24
      vertex 95.2095 -83.3208 24
    endloop
  endfacet
  facet normal 0 0 1
    outer loop
      vertex 93.4991 -29.994 24
      vertex 95.2095 -83.3208 24
      vertex 93.7444 -30 24
    endloop
  endfacet
  facet normal 0 0 1
    outer loop
      vertex 93.2543 -29.9759 24
      vertex 95.2095 -83.3208 24
      vertex 93.4991 -29.994 24
    endloop
  endfacet
  facet normal 0 0 1
    outer loop
      vertex 95.2095 -83.3208 24
      vertex 93.2543 -29.9759 24
      vertex 95.1841 -83.3256 24
    endloop
  endfacet
  facet normal 0 0 1
    outer loop
      vertex 93.0108 -29.9459 24
      vertex 95.1841 -83.3256 24
      vertex 93.2543 -29.9759 24
    endloop
  endfacet
  facet normal 0 0 1
    outer loop
      vertex 92.769 -29.9039 24
      vertex 95.1841 -83.3256 24
      vertex 93.0108 -29.9459 24
    endloop
  endfacet
  facet normal 0 0 1
    outer loop
      vertex 89.1871 -84.4191 24
      vertex 92.769 -29.9039 24
      vertex 92.5295 -29.8502 24
    endloop
  endfacet
  facet normal 0 0 1
    outer loop
      vertex 89.1871 -84.4191 24
      vertex 92.5295 -29.8502 24
      vertex 92.293 -29.7847 24
    endloop
  endfacet
  facet normal 0 0 1
    outer loop
      vertex 89.156 -84.4246 24
      vertex 92.293 -29.7847 24
      vertex 92.06 -29.7077 24
    endloop
  endfacet
  facet normal 0 0 1
    outer loop
      vertex 89.156 -84.4246 24
      vertex 92.06 -29.7077 24
      vertex 91.831 -29.6194 24
    endloop
  endfacet
  facet normal 0 0 1
    outer loop
      vertex 83.1786 -85.4402 24
      vertex 91.831 -29.6194 24
      vertex 91.6067 -29.5199 24
    endloop
  endfacet
  facet normal 0 0 1
    outer loop
      vertex 83.1786 -85.4402 24
      vertex 91.6067 -29.5199 24
      vertex 91.3875 -29.4096 24
    endloop
  endfacet
  facet normal 0 0 1
    outer loop
      vertex 83.1485 -85.4451 24
      vertex 91.3875 -29.4096 24
      vertex 91.1739 -29.2887 24
    endloop
  endfacet
  facet normal 0 0 1
    outer loop
      vertex 77.1929 -86.3784 24
      vertex 91.1739 -29.2887 24
      vertex 90.9666 -29.1573 24
    endloop
  endfacet
  facet normal 0 0 1
    outer loop
      vertex 77.1929 -86.3784 24
      vertex 90.9666 -29.1573 24
      vertex 90.7659 -29.016 24
    endloop
  endfacet
  facet normal 0 0 1
    outer loop
      vertex 77.1588 -86.3835 24
      vertex 90.7659 -29.016 24
      vertex 90.5725 -28.8651 24
    endloop
  endfacet
  facet normal 0 0 1
    outer loop
      vertex 71.2342 -87.2292 24
      vertex 90.5725 -28.8651 24
      vertex 90.3866 -28.7048 24
    endloop
  endfacet
  facet normal 0 0 1
    outer loop
      vertex 71.2342 -87.2292 24
      vertex 90.3866 -28.7048 24
      vertex 90.2089 -28.5355 24
    endloop
  endfacet
  facet normal 0 0 1
    outer loop
      vertex 71.1971 -87.2343 24
      vertex 90.2089 -28.5355 24
      vertex 90.0397 -28.3578 24
    endloop
  endfacet
  facet normal 0 0 1
    outer loop
      vertex 65.3057 -87.9878 24
      vertex 90.0397 -28.3578 24
      vertex 89.8794 -28.172 24
    endloop
  endfacet
  facet normal 0 0 1
    outer loop
      vertex 65.2681 -87.9924 24
      vertex 89.8794 -28.172 24
      vertex 89.7284 -27.9785 24
    endloop
  endfacet
  facet normal 0 0 1
    outer loop
      vertex 65.2681 -87.9924 24
      vertex 89.7284 -27.9785 24
      vertex 89.5871 -27.7778 24
    endloop
  endfacet
  facet normal 0 0 1
    outer loop
      vertex 59.4162 -88.6489 24
      vertex 89.5871 -27.7778 24
      vertex 89.4558 -27.5705 24
    endloop
  endfacet
  facet normal 0 0 1
    outer loop
      vertex 71.6204 -12.2401 24
      vertex 89.4558 -27.5705 24
      vertex 89.3348 -27.357 24
    endloop
  endfacet
  facet normal 0 0 1
    outer loop
      vertex 71.6204 -12.2401 24
      vertex 89.3348 -27.357 24
      vertex 89.2245 -27.1378 24
    endloop
  endfacet
  facet normal 0 0 1
    outer loop
      vertex 92.769 -29.9039 24
      vertex 89.1871 -84.4191 24
      vertex 95.1841 -83.3256 24
    endloop
  endfacet
  facet normal 0 0 1
    outer loop
      vertex 92.293 -29.7847 24
      vertex 89.156 -84.4246 24
      vertex 89.1871 -84.4191 24
    endloop
  endfacet
  facet normal 0 0 1
    outer loop
      vertex 72.2263 -12.4402 24
      vertex 89.2245 -27.1378 24
      vertex 89.125 -26.9134 24
    endloop
  endfacet
  facet normal 0 0 1
    outer loop
      vertex 72.8412 -12.6104 24
      vertex 89.125 -26.9134 24
      vertex 89.0367 -26.6844 24
    endloop
  endfacet
  facet normal 0 0 1
    outer loop
      vertex 73.4638 -12.7502 24
      vertex 89.0367 -26.6844 24
      vertex 88.9597 -26.4514 24
    endloop
  endfacet
  facet normal 0 0 1
    outer loop
      vertex 74.0925 -12.8593 24
      vertex 88.9597 -26.4514 24
      vertex 88.8943 -26.2149 24
    endloop
  endfacet
  facet normal 0 0 1
    outer loop
      vertex 74.0925 -12.8593 24
      vertex 88.8943 -26.2149 24
      vertex 88.8405 -25.9754 24
    endloop
  endfacet
  facet normal 0 0 1
    outer loop
      vertex 86.5057 -20.3362 24
      vertex 88.8405 -25.9754 24
      vertex 88.818 -25.8548 24
    endloop
  endfacet
  facet normal 0 0 1
    outer loop
      vertex 86.642 -20.5403 24
      vertex 88.818 -25.8548 24
      vertex 88.7606 -25.524 24
    endloop
  endfacet
  facet normal 0 0 1
    outer loop
      vertex 86.642 -20.5403 24
      vertex 88.7606 -25.524 24
      vertex 88.7368 -25.404 24
    endloop
  endfacet
  facet normal 0 0 1
    outer loop
      vertex 86.642 -20.5403 24
      vertex 88.7368 -25.404 24
      vertex 88.6238 -24.9011 24
    endloop
  endfacet
  facet normal 0 0 1
    outer loop
      vertex 86.642 -20.5403 24
      vertex 88.6238 -24.9011 24
      vertex 88.594 -24.7821 24
    endloop
  endfacet
  facet normal 0 0 1
    outer loop
      vertex 86.642 -20.5403 24
      vertex 88.594 -24.7821 24
      vertex 88.4566 -24.2855 24
    endloop
  endfacet
  facet normal 0 0 1
    outer loop
      vertex 86.642 -20.5403 24
      vertex 88.4566 -24.2855 24
      vertex 88.421 -24.1682 24
    endloop
  endfacet
  facet normal 0 0 1
    outer loop
      vertex 86.642 -20.5403 24
      vertex 88.421 -24.1682 24
      vertex 88.2592 -23.6783 24
    endloop
  endfacet
  facet normal 0 0 1
    outer loop
      vertex 86.642 -20.5403 24
      vertex 88.2592 -23.6783 24
      vertex 88.218 -23.5633 24
    endloop
  endfacet
  facet normal 0 0 1
    outer loop
      vertex 86.642 -20.5403 24
      vertex 88.218 -23.5633 24
      vertex 88.0327 -23.0827 24
    endloop
  endfacet
  facet normal 0 0 1
    outer loop
      vertex 86.642 -20.5403 24
      vertex 88.0327 -23.0827 24
      vertex 87.9855 -22.9689 24
    endloop
  endfacet
  facet normal 0 0 1
    outer loop
      vertex 86.642 -20.5403 24
      vertex 87.9855 -22.9689 24
      vertex 87.7767 -22.4979 24
    endloop
  endfacet
  facet normal 0 0 1
    outer loop
      vertex 86.642 -20.5403 24
      vertex 87.7767 -22.4979 24
      vertex 87.7241 -22.3867 24
    endloop
  endfacet
  facet normal 0 0 1
    outer loop
      vertex 86.642 -20.5403 24
      vertex 87.7241 -22.3867 24
      vertex 87.4926 -21.9268 24
    endloop
  endfacet
  facet normal 0 0 1
    outer loop
      vertex 86.642 -20.5403 24
      vertex 87.4926 -21.9268 24
      vertex 87.4347 -21.8185 24
    endloop
  endfacet
  facet normal 0 0 1
    outer loop
      vertex 86.642 -20.5403 24
      vertex 87.4347 -21.8185 24
      vertex 87.1808 -21.3702 24
    endloop
  endfacet
  facet normal 0 0 1
    outer loop
      vertex 86.642 -20.5403 24
      vertex 87.1808 -21.3702 24
      vertex 87.1175 -21.2646 24
    endloop
  endfacet
  facet normal 0 0 1
    outer loop
      vertex 86.642 -20.5403 24
      vertex 87.1175 -21.2646 24
      vertex 86.842 -20.8295 24
    endloop
  endfacet
  facet normal 0 0 1
    outer loop
      vertex 86.642 -20.5403 24
      vertex 86.842 -20.8295 24
      vertex 86.7737 -20.7273 24
    endloop
  endfacet
  facet normal 0 0 1
    outer loop
      vertex 88.818 -25.8548 24
      vertex 86.642 -20.5403 24
      vertex 86.5057 -20.3362 24
    endloop
  endfacet
  facet normal 0 0 1
    outer loop
      vertex 88.8405 -25.9754 24
      vertex 86.5057 -20.3362 24
      vertex 74.7258 -12.9374 24
    endloop
  endfacet
  facet normal 0 0 1
    outer loop
      vertex 74.7258 -12.9374 24
      vertex 86.5057 -20.3362 24
      vertex 86.3795 -20.1257 24
    endloop
  endfacet
  facet normal 0 0 1
    outer loop
      vertex 75.3621 -12.9843 24
      vertex 86.3795 -20.1257 24
      vertex 86.2638 -19.9093 24
    endloop
  endfacet
  facet normal 0 0 1
    outer loop
      vertex 75.3621 -12.9843 24
      vertex 86.2638 -19.9093 24
      vertex 86.1589 -19.6875 24
    endloop
  endfacet
  facet normal 0 0 1
    outer loop
      vertex 76 -13 24
      vertex 86.1589 -19.6875 24
      vertex 86.065 -19.4607 24
    endloop
  endfacet
  facet normal 0 0 1
    outer loop
      vertex 76.6379 -12.9843 24
      vertex 86.065 -19.4607 24
      vertex 85.9823 -19.2296 24
    endloop
  endfacet
  facet normal 0 0 1
    outer loop
      vertex 76.6379 -12.9843 24
      vertex 85.9823 -19.2296 24
      vertex 85.9111 -18.9948 24
    endloop
  endfacet
  facet normal 0 0 1
    outer loop
      vertex 77.2742 -12.9374 24
      vertex 85.9111 -18.9948 24
      vertex 85.8515 -18.7567 24
    endloop
  endfacet
  facet normal 0 0 1
    outer loop
      vertex 77.9075 -12.8593 24
      vertex 85.8515 -18.7567 24
      vertex 85.8036 -18.516 24
    endloop
  endfacet
  facet normal 0 0 1
    outer loop
      vertex 77.9075 -12.8593 24
      vertex 85.8036 -18.516 24
      vertex 85.7676 -18.2733 24
    endloop
  endfacet
  facet normal 0 0 1
    outer loop
      vertex 78.5362 -12.7502 24
      vertex 85.7676 -18.2733 24
      vertex 85.7435 -18.0291 24
    endloop
  endfacet
  facet normal 0 0 1
    outer loop
      vertex 86.0651 -15.8618 24
      vertex 81.5582 -11.7518 24
      vertex 85.9824 -16.0928 24
    endloop
  endfacet
  facet normal -0 0 1
    outer loop
      vertex 80.9749 -12.0104 24
      vertex 85.9824 -16.0928 24
      vertex 81.5582 -11.7518 24
    endloop
  endfacet
  facet normal 0 0 1
    outer loop
      vertex 85.9824 -16.0928 24
      vertex 80.9749 -12.0104 24
      vertex 85.9111 -16.3277 24
    endloop
  endfacet
  facet normal 0 0 1
    outer loop
      vertex 85.9111 -16.3277 24
      vertex 80.9749 -12.0104 24
      vertex 85.8515 -16.5657 24
    endloop
  endfacet
  facet normal -0 0 1
    outer loop
      vertex 80.3796 -12.2401 24
      vertex 85.8515 -16.5657 24
      vertex 80.9749 -12.0104 24
    endloop
  endfacet
  facet normal 0 0 1
    outer loop
      vertex 85.8515 -16.5657 24
      vertex 80.3796 -12.2401 24
      vertex 85.8036 -16.8064 24
    endloop
  endfacet
  facet normal 0 0 1
    outer loop
      vertex 85.8036 -16.8064 24
      vertex 80.3796 -12.2401 24
      vertex 85.7676 -17.0492 24
    endloop
  endfacet
  facet normal -0 0 1
    outer loop
      vertex 79.7737 -12.4402 24
      vertex 85.7676 -17.0492 24
      vertex 80.3796 -12.2401 24
    endloop
  endfacet
  facet normal 0 0 1
    outer loop
      vertex 85.7676 -17.0492 24
      vertex 79.7737 -12.4402 24
      vertex 85.7436 -17.2934 24
    endloop
  endfacet
  facet normal 0 0 1
    outer loop
      vertex 85.7436 -17.2934 24
      vertex 79.7737 -12.4402 24
      vertex 85.7315 -17.5385 24
    endloop
  endfacet
  facet normal -0 0 1
    outer loop
      vertex 79.1587 -12.6104 24
      vertex 85.7315 -17.5385 24
      vertex 79.7737 -12.4402 24
    endloop
  endfacet
  facet normal 0 0 1
    outer loop
      vertex 85.7315 -17.5385 24
      vertex 79.1587 -12.6104 24
      vertex 85.7315 -17.7839 24
    endloop
  endfacet
  facet normal 0 0 1
    outer loop
      vertex 85.7315 -17.7839 24
      vertex 79.1587 -12.6104 24
      vertex 85.7435 -18.0291 24
    endloop
  endfacet
  facet normal -0 0 1
    outer loop
      vertex 78.5362 -12.7502 24
      vertex 85.7435 -18.0291 24
      vertex 79.1587 -12.6104 24
    endloop
  endfacet
  facet normal 0 0 1
    outer loop
      vertex 85.7676 -18.2733 24
      vertex 78.5362 -12.7502 24
      vertex 77.9075 -12.8593 24
    endloop
  endfacet
  facet normal 0 0 1
    outer loop
      vertex 85.8515 -18.7567 24
      vertex 77.9075 -12.8593 24
      vertex 77.2742 -12.9374 24
    endloop
  endfacet
  facet normal 0 0 1
    outer loop
      vertex 85.9111 -18.9948 24
      vertex 77.2742 -12.9374 24
      vertex 76.6379 -12.9843 24
    endloop
  endfacet
  facet normal 0 0 1
    outer loop
      vertex 91.831 -29.6194 24
      vertex 83.1786 -85.4402 24
      vertex 89.156 -84.4246 24
    endloop
  endfacet
  facet normal 0 0 1
    outer loop
      vertex 86.065 -19.4607 24
      vertex 76.6379 -12.9843 24
      vertex 76 -13 24
    endloop
  endfacet
  facet normal 0 0 1
    outer loop
      vertex 91.3875 -29.4096 24
      vertex 83.1485 -85.4451 24
      vertex 83.1786 -85.4402 24
    endloop
  endfacet
  facet normal 0 0 1
    outer loop
      vertex 86.1589 -19.6875 24
      vertex 76 -13 24
      vertex 75.3621 -12.9843 24
    endloop
  endfacet
  facet normal 0 0 1
    outer loop
      vertex 91.1739 -29.2887 24
      vertex 77.1929 -86.3784 24
      vertex 83.1485 -85.4451 24
    endloop
  endfacet
  facet normal 0 0 1
    outer loop
      vertex 86.3795 -20.1257 24
      vertex 75.3621 -12.9843 24
      vertex 74.7258 -12.9374 24
    endloop
  endfacet
  facet normal 0 0 1
    outer loop
      vertex 88.8405 -25.9754 24
      vertex 74.7258 -12.9374 24
      vertex 74.0925 -12.8593 24
    endloop
  endfacet
  facet normal 0 0 1
    outer loop
      vertex 90.7659 -29.016 24
      vertex 77.1588 -86.3835 24
      vertex 77.1929 -86.3784 24
    endloop
  endfacet
  facet normal 0 0 1
    outer loop
      vertex 88.9597 -26.4514 24
      vertex 74.0925 -12.8593 24
      vertex 73.4638 -12.7502 24
    endloop
  endfacet
  facet normal 0 0 1
    outer loop
      vertex 89.0367 -26.6844 24
      vertex 73.4638 -12.7502 24
      vertex 72.8412 -12.6104 24
    endloop
  endfacet
  facet normal 0 0 1
    outer loop
      vertex 89.125 -26.9134 24
      vertex 72.8412 -12.6104 24
      vertex 72.2263 -12.4402 24
    endloop
  endfacet
  facet normal 0 0 1
    outer loop
      vertex 89.2245 -27.1378 24
      vertex 72.2263 -12.4402 24
      vertex 71.6204 -12.2401 24
    endloop
  endfacet
  facet normal 0 0 1
    outer loop
      vertex 89.4558 -27.5705 24
      vertex 71.6204 -12.2401 24
      vertex 71.0251 -12.0104 24
    endloop
  endfacet
  facet normal 0 0 1
    outer loop
      vertex 90.5725 -28.8651 24
      vertex 71.2342 -87.2292 24
      vertex 77.1588 -86.3835 24
    endloop
  endfacet
  facet normal 0 0 1
    outer loop
      vertex 90.2089 -28.5355 24
      vertex 71.1971 -87.2343 24
      vertex 71.2342 -87.2292 24
    endloop
  endfacet
  facet normal 0 0 1
    outer loop
      vertex 89.4558 -27.5705 24
      vertex 71.0251 -12.0104 24
      vertex 59.4162 -88.6489 24
    endloop
  endfacet
  facet normal 0 0 1
    outer loop
      vertex 59.3763 -88.653 24
      vertex 71.0251 -12.0104 24
      vertex 70.4418 -11.7518 24
    endloop
  endfacet
  facet normal 0 0 1
    outer loop
      vertex 53.5697 -89.2076 24
      vertex 70.4418 -11.7518 24
      vertex 69.8718 -11.465 24
    endloop
  endfacet
  facet normal 0 0 1
    outer loop
      vertex 53.5251 -89.2115 24
      vertex 69.8718 -11.465 24
      vertex 69.3167 -11.1505 24
    endloop
  endfacet
  facet normal 0 0 1
    outer loop
      vertex 47.7707 -89.6591 24
      vertex 69.3167 -11.1505 24
      vertex 68.7776 -10.8091 24
    endloop
  endfacet
  facet normal 0 0 1
    outer loop
      vertex 47.7232 -89.6624 24
      vertex 68.7776 -10.8091 24
      vertex 68.2559 -10.4417 24
    endloop
  endfacet
  facet normal 0 0 1
    outer loop
      vertex 39.2827 -89.9566 24
      vertex 68.2559 -10.4417 24
      vertex 67.7529 -10.0491 24
    endloop
  endfacet
  facet normal 0 0 1
    outer loop
      vertex 31.6352 -89.2978 24
      vertex 67.7529 -10.0491 24
      vertex 67.2697 -9.63235 24
    endloop
  endfacet
  facet normal 0 0 1
    outer loop
      vertex 18 -3 24
      vertex 67.2697 -9.63235 24
      vertex 66.8076 -9.19238 24
    endloop
  endfacet
  facet normal 0 0 1
    outer loop
      vertex 61.9177 -5.15735 24
      vertex 66.8076 -9.19238 24
      vertex 66.3676 -8.73026 24
    endloop
  endfacet
  facet normal 0 0 1
    outer loop
      vertex 62.3386 -5.40961 24
      vertex 66.3676 -8.73026 24
      vertex 65.9509 -8.2471 24
    endloop
  endfacet
  facet normal 0 0 1
    outer loop
      vertex 62.5578 -5.51994 24
      vertex 65.9509 -8.2471 24
      vertex 65.5583 -7.74408 24
    endloop
  endfacet
  facet normal 0 0 1
    outer loop
      vertex 90.0397 -28.3578 24
      vertex 65.3057 -87.9878 24
      vertex 71.1971 -87.2343 24
    endloop
  endfacet
  facet normal 0 0 1
    outer loop
      vertex 89.8794 -28.172 24
      vertex 65.2681 -87.9924 24
      vertex 65.3057 -87.9878 24
    endloop
  endfacet
  facet normal 0 0 1
    outer loop
      vertex 63.0111 -5.70772 24
      vertex 65.5583 -7.74408 24
      vertex 65.1909 -7.22241 24
    endloop
  endfacet
  facet normal 0 0 1
    outer loop
      vertex 63.4807 -5.85016 24
      vertex 65.1909 -7.22241 24
      vertex 64.8495 -6.68333 24
    endloop
  endfacet
  facet normal 0 0 1
    outer loop
      vertex 64.2055 -5.97592 24
      vertex 64.8495 -6.68333 24
      vertex 64.535 -6.12814 24
    endloop
  endfacet
  facet normal 0 0 1
    outer loop
      vertex 64.4503 -5.99397 24
      vertex 64.535 -6.12814 24
      vertex 64.4677 -5.9944 24
    endloop
  endfacet
  facet normal 0 0 1
    outer loop
      vertex 64.2055 -5.97592 24
      vertex 64.535 -6.12814 24
      vertex 64.4503 -5.99397 24
    endloop
  endfacet
  facet normal 0 0 1
    outer loop
      vertex 64.8495 -6.68333 24
      vertex 64.2055 -5.97592 24
      vertex 63.9619 -5.94588 24
    endloop
  endfacet
  facet normal 0 0 1
    outer loop
      vertex 64.8495 -6.68333 24
      vertex 63.9619 -5.94588 24
      vertex 63.7201 -5.90393 24
    endloop
  endfacet
  facet normal 0 0 1
    outer loop
      vertex 64.8495 -6.68333 24
      vertex 63.7201 -5.90393 24
      vertex 63.4807 -5.85016 24
    endloop
  endfacet
  facet normal 0 0 1
    outer loop
      vertex 65.1909 -7.22241 24
      vertex 63.4807 -5.85016 24
      vertex 63.2442 -5.7847 24
    endloop
  endfacet
  facet normal 0 0 1
    outer loop
      vertex 65.1909 -7.22241 24
      vertex 63.2442 -5.7847 24
      vertex 63.0111 -5.70772 24
    endloop
  endfacet
  facet normal 0 0 1
    outer loop
      vertex 65.5583 -7.74408 24
      vertex 63.0111 -5.70772 24
      vertex 62.7822 -5.6194 24
    endloop
  endfacet
  facet normal 0 0 1
    outer loop
      vertex 65.5583 -7.74408 24
      vertex 62.7822 -5.6194 24
      vertex 62.5578 -5.51994 24
    endloop
  endfacet
  facet normal 0 0 1
    outer loop
      vertex 65.9509 -8.2471 24
      vertex 62.5578 -5.51994 24
      vertex 62.3386 -5.40961 24
    endloop
  endfacet
  facet normal 0 0 1
    outer loop
      vertex 66.3676 -8.73026 24
      vertex 62.3386 -5.40961 24
      vertex 62.1251 -5.28865 24
    endloop
  endfacet
  facet normal 0 0 1
    outer loop
      vertex 66.3676 -8.73026 24
      vertex 62.1251 -5.28865 24
      vertex 61.9177 -5.15735 24
    endloop
  endfacet
  facet normal 0 0 1
    outer loop
      vertex 66.8076 -9.19238 24
      vertex 61.9177 -5.15735 24
      vertex 18 -3 24
    endloop
  endfacet
  facet normal 0 0 1
    outer loop
      vertex 18 -3 24
      vertex 61.9177 -5.15735 24
      vertex 61.7171 -5.01604 24
    endloop
  endfacet
  facet normal 0 0 1
    outer loop
      vertex 18 -3 24
      vertex 61.7171 -5.01604 24
      vertex 61.5236 -4.86505 24
    endloop
  endfacet
  facet normal 0 0 1
    outer loop
      vertex 18 -3 24
      vertex 61.5236 -4.86505 24
      vertex 61.3378 -4.70476 24
    endloop
  endfacet
  facet normal 0 0 1
    outer loop
      vertex 18 -3 24
      vertex 61.3378 -4.70476 24
      vertex 61.16 -4.53554 24
    endloop
  endfacet
  facet normal 0 0 1
    outer loop
      vertex 18 -3 24
      vertex 61.16 -4.53554 24
      vertex 60.9908 -4.35779 24
    endloop
  endfacet
  facet normal 0 0 1
    outer loop
      vertex 18 -3 24
      vertex 60.9908 -4.35779 24
      vertex 60.8305 -4.17197 24
    endloop
  endfacet
  facet normal 0 0 1
    outer loop
      vertex 18 -3 24
      vertex 60.8305 -4.17197 24
      vertex 60.6796 -3.9785 24
    endloop
  endfacet
  facet normal 0 0 1
    outer loop
      vertex 18 -3 24
      vertex 60.6796 -3.9785 24
      vertex 60.5382 -3.77785 24
    endloop
  endfacet
  facet normal 0 0 1
    outer loop
      vertex 18 -3 24
      vertex 60.5382 -3.77785 24
      vertex 60.4069 -3.57051 24
    endloop
  endfacet
  facet normal 0 0 1
    outer loop
      vertex 18 -3 24
      vertex 60.4069 -3.57051 24
      vertex 60.286 -3.35698 24
    endloop
  endfacet
  facet normal 0 0 1
    outer loop
      vertex 18 -3 24
      vertex 60.286 -3.35698 24
      vertex 60.1756 -3.13777 24
    endloop
  endfacet
  facet normal -0 0 1
    outer loop
      vertex 18 -3 24
      vertex 60.1756 -3.13777 24
      vertex 60.1146 -3 24
    endloop
  endfacet
  facet normal 0 0 1
    outer loop
      vertex 89.5871 -27.7778 24
      vertex 59.4162 -88.6489 24
      vertex 65.2681 -87.9924 24
    endloop
  endfacet
  facet normal 0 0 1
    outer loop
      vertex 71.0251 -12.0104 24
      vertex 59.3763 -88.653 24
      vertex 59.4162 -88.6489 24
    endloop
  endfacet
  facet normal 0 0 1
    outer loop
      vertex 70.4418 -11.7518 24
      vertex 53.5697 -89.2076 24
      vertex 59.3763 -88.653 24
    endloop
  endfacet
  facet normal 0 0 1
    outer loop
      vertex 69.8718 -11.465 24
      vertex 53.5251 -89.2115 24
      vertex 53.5697 -89.2076 24
    endloop
  endfacet
  facet normal 0 0 1
    outer loop
      vertex 69.3167 -11.1505 24
      vertex 47.7707 -89.6591 24
      vertex 53.5251 -89.2115 24
    endloop
  endfacet
  facet normal 0 0 1
    outer loop
      vertex 68.7776 -10.8091 24
      vertex 47.7232 -89.6624 24
      vertex 47.7707 -89.6591 24
    endloop
  endfacet
  facet normal 0 0 1
    outer loop
      vertex 68.2559 -10.4417 24
      vertex 42.0327 -89.9981 24
      vertex 47.7232 -89.6624 24
    endloop
  endfacet
  facet normal 0 0 1
    outer loop
      vertex 68.2559 -10.4417 24
      vertex 41.9384 -89.999 24
      vertex 42.0327 -89.9981 24
    endloop
  endfacet
  facet normal 0 0 1
    outer loop
      vertex 42.0327 -89.9981 24
      vertex 41.9384 -89.999 24
      vertex 42.029 -89.9982 24
    endloop
  endfacet
  facet normal 0 0 1
    outer loop
      vertex 68.2559 -10.4417 24
      vertex 39.2827 -89.9566 24
      vertex 41.9384 -89.999 24
    endloop
  endfacet
  facet normal 0 0 1
    outer loop
      vertex 67.7529 -10.0491 24
      vertex 39.1975 -89.9538 24
      vertex 39.2827 -89.9566 24
    endloop
  endfacet
  facet normal 0 0 1
    outer loop
      vertex 67.7529 -10.0491 24
      vertex 36.6303 -89.8258 24
      vertex 39.1975 -89.9538 24
    endloop
  endfacet
  facet normal 0 0 1
    outer loop
      vertex 67.7529 -10.0491 24
      vertex 36.5387 -89.8195 24
      vertex 36.6303 -89.8258 24
    endloop
  endfacet
  facet normal 0 0 1
    outer loop
      vertex 67.7529 -10.0491 24
      vertex 34.0816 -89.6063 24
      vertex 36.5387 -89.8195 24
    endloop
  endfacet
  facet normal 0 0 1
    outer loop
      vertex 67.7529 -10.0491 24
      vertex 33.983 -89.5958 24
      vertex 34.0816 -89.6063 24
    endloop
  endfacet
  facet normal 0 0 1
    outer loop
      vertex 67.2697 -9.63235 24
      vertex 18 -3 24
      vertex 18 -84.9928 24
    endloop
  endfacet
  facet normal 0 0 1
    outer loop
      vertex 67.7529 -10.0491 24
      vertex 31.6352 -89.2978 24
      vertex 33.983 -89.5958 24
    endloop
  endfacet
  facet normal 0 0 1
    outer loop
      vertex 67.2697 -9.63235 24
      vertex 31.5292 -89.282 24
      vertex 31.6352 -89.2978 24
    endloop
  endfacet
  facet normal 0 0 1
    outer loop
      vertex 67.2697 -9.63235 24
      vertex 29.29 -88.8997 24
      vertex 31.5292 -89.282 24
    endloop
  endfacet
  facet normal 0 0 1
    outer loop
      vertex 67.2697 -9.63235 24
      vertex 18 -84.9928 24
      vertex 29.29 -88.8997 24
    endloop
  endfacet
  facet normal 0 0 1
    outer loop
      vertex 29.1763 -88.8775 24
      vertex 18 -84.9928 24
      vertex 27.044 -88.4113 24
    endloop
  endfacet
  facet normal 0 0 1
    outer loop
      vertex 27.044 -88.4113 24
      vertex 18 -84.9928 24
      vertex 26.9245 -88.3821 24
    endloop
  endfacet
  facet normal 0 0 1
    outer loop
      vertex 26.9245 -88.3821 24
      vertex 18 -84.9928 24
      vertex 24.8974 -87.8326 24
    endloop
  endfacet
  facet normal 0 0 1
    outer loop
      vertex 24.8974 -87.8326 24
      vertex 18 -84.9928 24
      vertex 24.771 -87.7947 24
    endloop
  endfacet
  facet normal 0 0 1
    outer loop
      vertex 24.771 -87.7947 24
      vertex 18 -84.9928 24
      vertex 22.8477 -87.1625 24
    endloop
  endfacet
  facet normal 0 0 1
    outer loop
      vertex 22.8477 -87.1625 24
      vertex 18 -84.9928 24
      vertex 22.7162 -87.1151 24
    endloop
  endfacet
  facet normal 0 0 1
    outer loop
      vertex 22.7162 -87.1151 24
      vertex 18 -84.9928 24
      vertex 20.8942 -86.4006 24
    endloop
  endfacet
  facet normal 0 0 1
    outer loop
      vertex 20.8942 -86.4006 24
      vertex 18 -84.9928 24
      vertex 20.7584 -86.3427 24
    endloop
  endfacet
  facet normal 0 0 1
    outer loop
      vertex 20.7584 -86.3427 24
      vertex 18 -84.9928 24
      vertex 19.0361 -85.5466 24
    endloop
  endfacet
  facet normal 0 0 1
    outer loop
      vertex 29.29 -88.8997 24
      vertex 18 -84.9928 24
      vertex 29.1763 -88.8775 24
    endloop
  endfacet
  facet normal 0 0 1
    outer loop
      vertex 19.0361 -85.5466 24
      vertex 18 -84.9928 24
      vertex 18.8967 -85.4769 24
    endloop
  endfacet
  facet normal 0.0270172 -0.999635 0
    outer loop
      vertex 42.029 -89.9982 0
      vertex 42.0327 -89.9981 24
      vertex 42.029 -89.9982 24
    endloop
  endfacet
  facet normal 0.0270172 -0.999635 0
    outer loop
      vertex 42.0327 -89.9981 24
      vertex 42.029 -89.9982 0
      vertex 42.0327 -89.9981 0
    endloop
  endfacet
  facet normal 0.0588907 -0.998264 0
    outer loop
      vertex 42.0327 -89.9981 0
      vertex 47.7232 -89.6624 24
      vertex 42.0327 -89.9981 24
    endloop
  endfacet
  facet normal 0.0588907 -0.998264 0
    outer loop
      vertex 47.7232 -89.6624 24
      vertex 42.0327 -89.9981 0
      vertex 47.7232 -89.6624 0
    endloop
  endfacet
  facet normal 0.0693066 -0.997595 0
    outer loop
      vertex 47.7232 -89.6624 0
      vertex 47.7707 -89.6591 24
      vertex 47.7232 -89.6624 24
    endloop
  endfacet
  facet normal 0.0693066 -0.997595 0
    outer loop
      vertex 47.7707 -89.6591 24
      vertex 47.7232 -89.6624 0
      vertex 47.7707 -89.6591 0
    endloop
  endfacet
  facet normal 0.0775497 -0.996988 0
    outer loop
      vertex 47.7707 -89.6591 0
      vertex 53.5251 -89.2115 24
      vertex 47.7707 -89.6591 24
    endloop
  endfacet
  facet normal 0.0775497 -0.996988 0
    outer loop
      vertex 53.5251 -89.2115 24
      vertex 47.7707 -89.6591 0
      vertex 53.5251 -89.2115 0
    endloop
  endfacet
  facet normal 0.0871115 -0.996199 0
    outer loop
      vertex 53.5251 -89.2115 0
      vertex 53.5697 -89.2076 24
      vertex 53.5251 -89.2115 24
    endloop
  endfacet
  facet normal 0.0871115 -0.996199 0
    outer loop
      vertex 53.5697 -89.2076 24
      vertex 53.5251 -89.2115 0
      vertex 53.5697 -89.2076 0
    endloop
  endfacet
  facet normal 0.0950793 -0.99547 0
    outer loop
      vertex 53.5697 -89.2076 0
      vertex 59.3763 -88.653 24
      vertex 53.5697 -89.2076 24
    endloop
  endfacet
  facet normal 0.0950793 -0.99547 0
    outer loop
      vertex 59.3763 -88.653 24
      vertex 53.5697 -89.2076 0
      vertex 59.3763 -88.653 0
    endloop
  endfacet
  facet normal 0.102219 -0.994762 0
    outer loop
      vertex 59.3763 -88.653 0
      vertex 59.4162 -88.6489 24
      vertex 59.3763 -88.653 24
    endloop
  endfacet
  facet normal 0.102219 -0.994762 0
    outer loop
      vertex 59.4162 -88.6489 24
      vertex 59.3763 -88.653 0
      vertex 59.4162 -88.6489 0
    endloop
  endfacet
  facet normal 0.111486 -0.993766 0
    outer loop
      vertex 59.4162 -88.6489 0
      vertex 65.2681 -87.9924 24
      vertex 59.4162 -88.6489 24
    endloop
  endfacet
  facet normal 0.111486 -0.993766 0
    outer loop
      vertex 65.2681 -87.9924 24
      vertex 59.4162 -88.6489 0
      vertex 65.2681 -87.9924 0
    endloop
  endfacet
  facet normal 0.121435 -0.992599 0
    outer loop
      vertex 65.2681 -87.9924 0
      vertex 65.3057 -87.9878 24
      vertex 65.2681 -87.9924 24
    endloop
  endfacet
  facet normal 0.121435 -0.992599 0
    outer loop
      vertex 65.3057 -87.9878 24
      vertex 65.2681 -87.9924 0
      vertex 65.3057 -87.9878 0
    endloop
  endfacet
  facet normal 0.126865 -0.99192 0
    outer loop
      vertex 65.3057 -87.9878 0
      vertex 71.1971 -87.2343 24
      vertex 65.3057 -87.9878 24
    endloop
  endfacet
  facet normal 0.126865 -0.99192 0
    outer loop
      vertex 71.1971 -87.2343 24
      vertex 65.3057 -87.9878 0
      vertex 71.1971 -87.2343 0
    endloop
  endfacet
  facet normal 0.136186 -0.990683 0
    outer loop
      vertex 71.1971 -87.2343 0
      vertex 71.2342 -87.2292 24
      vertex 71.1971 -87.2343 24
    endloop
  endfacet
  facet normal 0.136186 -0.990683 0
    outer loop
      vertex 71.2342 -87.2292 24
      vertex 71.1971 -87.2343 0
      vertex 71.2342 -87.2292 0
    endloop
  endfacet
  facet normal 0.141311 -0.989965 0
    outer loop
      vertex 71.2342 -87.2292 0
      vertex 77.1588 -86.3835 24
      vertex 71.2342 -87.2292 24
    endloop
  endfacet
  facet normal 0.141311 -0.989965 0
    outer loop
      vertex 77.1588 -86.3835 24
      vertex 71.2342 -87.2292 0
      vertex 77.1588 -86.3835 0
    endloop
  endfacet
  facet normal 0.147915 -0.989 0
    outer loop
      vertex 77.1588 -86.3835 0
      vertex 77.1929 -86.3784 24
      vertex 77.1588 -86.3835 24
    endloop
  endfacet
  facet normal 0.147915 -0.989 0
    outer loop
      vertex 77.1929 -86.3784 24
      vertex 77.1588 -86.3835 0
      vertex 77.1929 -86.3784 0
    endloop
  endfacet
  facet normal 0.15482 -0.987943 0
    outer loop
      vertex 77.1929 -86.3784 0
      vertex 83.1485 -85.4451 24
      vertex 77.1929 -86.3784 24
    endloop
  endfacet
  facet normal 0.15482 -0.987943 0
    outer loop
      vertex 83.1485 -85.4451 24
      vertex 77.1929 -86.3784 0
      vertex 83.1485 -85.4451 0
    endloop
  endfacet
  facet normal 0.160676 -0.987007 0
    outer loop
      vertex 83.1485 -85.4451 0
      vertex 83.1786 -85.4402 24
      vertex 83.1485 -85.4451 24
    endloop
  endfacet
  facet normal 0.160676 -0.987007 0
    outer loop
      vertex 83.1786 -85.4402 24
      vertex 83.1485 -85.4451 0
      vertex 83.1786 -85.4402 0
    endloop
  endfacet
  facet normal 0.167506 -0.985871 0
    outer loop
      vertex 83.1786 -85.4402 0
      vertex 89.156 -84.4246 24
      vertex 83.1786 -85.4402 24
    endloop
  endfacet
  facet normal 0.167506 -0.985871 0
    outer loop
      vertex 89.156 -84.4246 24
      vertex 83.1786 -85.4402 0
      vertex 89.156 -84.4246 0
    endloop
  endfacet
  facet normal 0.174147 -0.98472 0
    outer loop
      vertex 89.156 -84.4246 0
      vertex 89.1871 -84.4191 24
      vertex 89.156 -84.4246 24
    endloop
  endfacet
  facet normal 0.174147 -0.98472 0
    outer loop
      vertex 89.1871 -84.4191 24
      vertex 89.156 -84.4246 0
      vertex 89.1871 -84.4191 0
    endloop
  endfacet
  facet normal 0.179383 -0.983779 0
    outer loop
      vertex 89.1871 -84.4191 0
      vertex 95.1841 -83.3256 24
      vertex 89.1871 -84.4191 24
    endloop
  endfacet
  facet normal 0.179383 -0.983779 0
    outer loop
      vertex 95.1841 -83.3256 24
      vertex 89.1871 -84.4191 0
      vertex 95.1841 -83.3256 0
    endloop
  endfacet
  facet normal 0.18569 -0.982608 0
    outer loop
      vertex 95.1841 -83.3256 0
      vertex 95.2095 -83.3208 24
      vertex 95.1841 -83.3256 24
    endloop
  endfacet
  facet normal 0.18569 -0.982608 0
    outer loop
      vertex 95.2095 -83.3208 24
      vertex 95.1841 -83.3256 0
      vertex 95.2095 -83.3208 0
    endloop
  endfacet
  facet normal 0.190504 -0.981686 0
    outer loop
      vertex 95.2095 -83.3208 0
      vertex 101.218 -82.1548 24
      vertex 95.2095 -83.3208 24
    endloop
  endfacet
  facet normal 0.190504 -0.981686 0
    outer loop
      vertex 101.218 -82.1548 24
      vertex 95.2095 -83.3208 0
      vertex 101.218 -82.1548 0
    endloop
  endfacet
  facet normal 0.196116 -0.980581 0
    outer loop
      vertex 101.218 -82.1548 0
      vertex 101.246 -82.1492 24
      vertex 101.218 -82.1548 24
    endloop
  endfacet
  facet normal 0.196116 -0.980581 0
    outer loop
      vertex 101.246 -82.1492 24
      vertex 101.218 -82.1548 0
      vertex 101.246 -82.1492 0
    endloop
  endfacet
  facet normal 0.200891 -0.979614 0
    outer loop
      vertex 101.246 -82.1492 0
      vertex 107.26 -80.9159 24
      vertex 101.246 -82.1492 24
    endloop
  endfacet
  facet normal 0.200891 -0.979614 0
    outer loop
      vertex 107.26 -80.9159 24
      vertex 101.246 -82.1492 0
      vertex 107.26 -80.9159 0
    endloop
  endfacet
  facet normal 0.210024 -0.977696 0
    outer loop
      vertex 107.26 -80.9159 0
      vertex 107.287 -80.9101 24
      vertex 107.26 -80.9159 24
    endloop
  endfacet
  facet normal 0.210024 -0.977696 0
    outer loop
      vertex 107.287 -80.9101 24
      vertex 107.26 -80.9159 0
      vertex 107.287 -80.9101 0
    endloop
  endfacet
  facet normal 0.210596 -0.977573 0
    outer loop
      vertex 107.287 -80.9101 0
      vertex 108 -80.7565 24
      vertex 107.287 -80.9101 24
    endloop
  endfacet
  facet normal 0.210596 -0.977573 0
    outer loop
      vertex 108 -80.7565 24
      vertex 107.287 -80.9101 0
      vertex 108 -80.7565 0
    endloop
  endfacet
  facet normal 0 1 -0
    outer loop
      vertex 108 -30 0
      vertex 93.7444 -30 24
      vertex 108 -30 24
    endloop
  endfacet
  facet normal 0 1 0
    outer loop
      vertex 93.7444 -30 24
      vertex 108 -30 0
      vertex 93.7444 -30 0
    endloop
  endfacet
  facet normal 0.0244525 0.999701 -0
    outer loop
      vertex 93.7444 -30 0
      vertex 93.4991 -29.994 24
      vertex 93.7444 -30 24
    endloop
  endfacet
  facet normal 0.0244525 0.999701 0
    outer loop
      vertex 93.4991 -29.994 24
      vertex 93.7444 -30 0
      vertex 93.4991 -29.994 0
    endloop
  endfacet
  facet normal 0.0737366 0.997278 -0
    outer loop
      vertex 93.4991 -29.994 0
      vertex 93.2543 -29.9759 24
      vertex 93.4991 -29.994 24
    endloop
  endfacet
  facet normal 0.0737366 0.997278 0
    outer loop
      vertex 93.2543 -29.9759 24
      vertex 93.4991 -29.994 0
      vertex 93.2543 -29.9759 0
    endloop
  endfacet
  facet normal 0.122279 0.992496 -0
    outer loop
      vertex 93.2543 -29.9759 0
      vertex 93.0108 -29.9459 24
      vertex 93.2543 -29.9759 24
    endloop
  endfacet
  facet normal 0.122279 0.992496 0
    outer loop
      vertex 93.0108 -29.9459 24
      vertex 93.2543 -29.9759 0
      vertex 93.0108 -29.9459 0
    endloop
  endfacet
  facet normal 0.171135 0.985248 -0
    outer loop
      vertex 93.0108 -29.9459 0
      vertex 92.769 -29.9039 24
      vertex 93.0108 -29.9459 24
    endloop
  endfacet
  facet normal 0.171135 0.985248 0
    outer loop
      vertex 92.769 -29.9039 24
      vertex 93.0108 -29.9459 0
      vertex 92.769 -29.9039 0
    endloop
  endfacet
  facet normal 0.218785 0.975773 -0
    outer loop
      vertex 92.769 -29.9039 0
      vertex 92.5295 -29.8502 24
      vertex 92.769 -29.9039 24
    endloop
  endfacet
  facet normal 0.218785 0.975773 0
    outer loop
      vertex 92.5295 -29.8502 24
      vertex 92.769 -29.9039 0
      vertex 92.5295 -29.8502 0
    endloop
  endfacet
  facet normal 0.266908 0.963722 -0
    outer loop
      vertex 92.5295 -29.8502 0
      vertex 92.293 -29.7847 24
      vertex 92.5295 -29.8502 24
    endloop
  endfacet
  facet normal 0.266908 0.963722 0
    outer loop
      vertex 92.293 -29.7847 24
      vertex 92.5295 -29.8502 0
      vertex 92.293 -29.7847 0
    endloop
  endfacet
  facet normal 0.313782 0.949495 -0
    outer loop
      vertex 92.293 -29.7847 0
      vertex 92.06 -29.7077 24
      vertex 92.293 -29.7847 24
    endloop
  endfacet
  facet normal 0.313782 0.949495 0
    outer loop
      vertex 92.06 -29.7077 24
      vertex 92.293 -29.7847 0
      vertex 92.06 -29.7077 0
    endloop
  endfacet
  facet normal 0.359771 0.933041 -0
    outer loop
      vertex 92.06 -29.7077 0
      vertex 91.831 -29.6194 24
      vertex 92.06 -29.7077 24
    endloop
  endfacet
  facet normal 0.359771 0.933041 0
    outer loop
      vertex 91.831 -29.6194 24
      vertex 92.06 -29.7077 0
      vertex 91.831 -29.6194 0
    endloop
  endfacet
  facet normal 0.405496 0.914097 -0
    outer loop
      vertex 91.831 -29.6194 0
      vertex 91.6067 -29.5199 24
      vertex 91.831 -29.6194 24
    endloop
  endfacet
  facet normal 0.405496 0.914097 0
    outer loop
      vertex 91.6067 -29.5199 24
      vertex 91.831 -29.6194 0
      vertex 91.6067 -29.5199 0
    endloop
  endfacet
  facet normal 0.449494 0.893283 -0
    outer loop
      vertex 91.6067 -29.5199 0
      vertex 91.3875 -29.4096 24
      vertex 91.6067 -29.5199 24
    endloop
  endfacet
  facet normal 0.449494 0.893283 0
    outer loop
      vertex 91.3875 -29.4096 24
      vertex 91.6067 -29.5199 0
      vertex 91.3875 -29.4096 0
    endloop
  endfacet
  facet normal 0.492581 0.870267 -0
    outer loop
      vertex 91.3875 -29.4096 0
      vertex 91.1739 -29.2887 24
      vertex 91.3875 -29.4096 24
    endloop
  endfacet
  facet normal 0.492581 0.870267 0
    outer loop
      vertex 91.1739 -29.2887 24
      vertex 91.3875 -29.4096 0
      vertex 91.1739 -29.2887 0
    endloop
  endfacet
  facet normal 0.535372 0.844616 -0
    outer loop
      vertex 91.1739 -29.2887 0
      vertex 90.9666 -29.1573 24
      vertex 91.1739 -29.2887 24
    endloop
  endfacet
  facet normal 0.535372 0.844616 0
    outer loop
      vertex 90.9666 -29.1573 24
      vertex 91.1739 -29.2887 0
      vertex 90.9666 -29.1573 0
    endloop
  endfacet
  facet normal 0.575675 0.817679 -0
    outer loop
      vertex 90.9666 -29.1573 0
      vertex 90.7659 -29.016 24
      vertex 90.9666 -29.1573 24
    endloop
  endfacet
  facet normal 0.575675 0.817679 0
    outer loop
      vertex 90.7659 -29.016 24
      vertex 90.9666 -29.1573 0
      vertex 90.7659 -29.016 0
    endloop
  endfacet
  facet normal 0.615153 0.788407 -0
    outer loop
      vertex 90.7659 -29.016 0
      vertex 90.5725 -28.8651 24
      vertex 90.7659 -29.016 24
    endloop
  endfacet
  facet normal 0.615153 0.788407 0
    outer loop
      vertex 90.5725 -28.8651 24
      vertex 90.7659 -29.016 0
      vertex 90.5725 -28.8651 0
    endloop
  endfacet
  facet normal 0.653036 0.757327 -0
    outer loop
      vertex 90.5725 -28.8651 0
      vertex 90.3866 -28.7048 24
      vertex 90.5725 -28.8651 24
    endloop
  endfacet
  facet normal 0.653036 0.757327 0
    outer loop
      vertex 90.3866 -28.7048 24
      vertex 90.5725 -28.8651 0
      vertex 90.3866 -28.7048 0
    endloop
  endfacet
  facet normal 0.689787 0.724012 -0
    outer loop
      vertex 90.3866 -28.7048 0
      vertex 90.2089 -28.5355 24
      vertex 90.3866 -28.7048 24
    endloop
  endfacet
  facet normal 0.689787 0.724012 0
    outer loop
      vertex 90.2089 -28.5355 24
      vertex 90.3866 -28.7048 0
      vertex 90.2089 -28.5355 0
    endloop
  endfacet
  facet normal 0.724215 0.689574 0
    outer loop
      vertex 90.2089 -28.5355 24
      vertex 90.0397 -28.3578 0
      vertex 90.0397 -28.3578 24
    endloop
  endfacet
  facet normal 0.724215 0.689574 0
    outer loop
      vertex 90.0397 -28.3578 0
      vertex 90.2089 -28.5355 24
      vertex 90.2089 -28.5355 0
    endloop
  endfacet
  facet normal 0.757153 0.653238 0
    outer loop
      vertex 90.0397 -28.3578 24
      vertex 89.8794 -28.172 0
      vertex 89.8794 -28.172 24
    endloop
  endfacet
  facet normal 0.757153 0.653238 0
    outer loop
      vertex 89.8794 -28.172 0
      vertex 90.0397 -28.3578 24
      vertex 90.0397 -28.3578 0
    endloop
  endfacet
  facet normal 0.788364 0.615209 0
    outer loop
      vertex 89.8794 -28.172 24
      vertex 89.7284 -27.9785 0
      vertex 89.7284 -27.9785 24
    endloop
  endfacet
  facet normal 0.788364 0.615209 0
    outer loop
      vertex 89.7284 -27.9785 0
      vertex 89.8794 -28.172 24
      vertex 89.8794 -28.172 0
    endloop
  endfacet
  facet normal 0.817679 0.575675 0
    outer loop
      vertex 89.7284 -27.9785 24
      vertex 89.5871 -27.7778 0
      vertex 89.5871 -27.7778 24
    endloop
  endfacet
  facet normal 0.817679 0.575675 0
    outer loop
      vertex 89.5871 -27.7778 0
      vertex 89.7284 -27.9785 24
      vertex 89.7284 -27.9785 0
    endloop
  endfacet
  facet normal 0.844801 0.535081 0
    outer loop
      vertex 89.5871 -27.7778 24
      vertex 89.4558 -27.5705 0
      vertex 89.4558 -27.5705 24
    endloop
  endfacet
  facet normal 0.844801 0.535081 0
    outer loop
      vertex 89.4558 -27.5705 0
      vertex 89.5871 -27.7778 24
      vertex 89.5871 -27.7778 0
    endloop
  endfacet
  facet normal 0.869993 0.493064 0
    outer loop
      vertex 89.4558 -27.5705 24
      vertex 89.3348 -27.357 0
      vertex 89.3348 -27.357 24
    endloop
  endfacet
  facet normal 0.869993 0.493064 0
    outer loop
      vertex 89.3348 -27.357 0
      vertex 89.4558 -27.5705 24
      vertex 89.4558 -27.5705 0
    endloop
  endfacet
  facet normal 0.893283 0.449494 0
    outer loop
      vertex 89.3348 -27.357 24
      vertex 89.2245 -27.1378 0
      vertex 89.2245 -27.1378 24
    endloop
  endfacet
  facet normal 0.893283 0.449494 0
    outer loop
      vertex 89.2245 -27.1378 0
      vertex 89.3348 -27.357 24
      vertex 89.3348 -27.357 0
    endloop
  endfacet
  facet normal 0.914164 0.405345 0
    outer loop
      vertex 89.2245 -27.1378 24
      vertex 89.125 -26.9134 0
      vertex 89.125 -26.9134 24
    endloop
  endfacet
  facet normal 0.914164 0.405345 0
    outer loop
      vertex 89.125 -26.9134 0
      vertex 89.2245 -27.1378 24
      vertex 89.2245 -27.1378 0
    endloop
  endfacet
  facet normal 0.933041 0.359771 0
    outer loop
      vertex 89.125 -26.9134 24
      vertex 89.0367 -26.6844 0
      vertex 89.0367 -26.6844 24
    endloop
  endfacet
  facet normal 0.933041 0.359771 0
    outer loop
      vertex 89.0367 -26.6844 0
      vertex 89.125 -26.9134 24
      vertex 89.125 -26.9134 0
    endloop
  endfacet
  facet normal 0.949495 0.313782 0
    outer loop
      vertex 89.0367 -26.6844 24
      vertex 88.9597 -26.4514 0
      vertex 88.9597 -26.4514 24
    endloop
  endfacet
  facet normal 0.949495 0.313782 0
    outer loop
      vertex 88.9597 -26.4514 0
      vertex 89.0367 -26.6844 24
      vertex 89.0367 -26.6844 0
    endloop
  endfacet
  facet normal 0.963827 0.26653 0
    outer loop
      vertex 88.9597 -26.4514 24
      vertex 88.8943 -26.2149 0
      vertex 88.8943 -26.2149 24
    endloop
  endfacet
  facet normal 0.963827 0.26653 0
    outer loop
      vertex 88.8943 -26.2149 0
      vertex 88.9597 -26.4514 24
      vertex 88.9597 -26.4514 0
    endloop
  endfacet
  facet normal 0.975686 0.219173 0
    outer loop
      vertex 88.8943 -26.2149 24
      vertex 88.8405 -25.9754 0
      vertex 88.8405 -25.9754 24
    endloop
  endfacet
  facet normal 0.975686 0.219173 0
    outer loop
      vertex 88.8405 -25.9754 0
      vertex 88.8943 -26.2149 24
      vertex 88.8943 -26.2149 0
    endloop
  endfacet
  facet normal 0.983038 0.183403 0
    outer loop
      vertex 88.8405 -25.9754 24
      vertex 88.818 -25.8548 0
      vertex 88.818 -25.8548 24
    endloop
  endfacet
  facet normal 0.983038 0.183403 0
    outer loop
      vertex 88.818 -25.8548 0
      vertex 88.8405 -25.9754 24
      vertex 88.8405 -25.9754 0
    endloop
  endfacet
  facet normal 0.985277 0.170964 0
    outer loop
      vertex 88.818 -25.8548 24
      vertex 88.7606 -25.524 0
      vertex 88.7606 -25.524 24
    endloop
  endfacet
  facet normal 0.985277 0.170964 0
    outer loop
      vertex 88.7606 -25.524 0
      vertex 88.818 -25.8548 24
      vertex 88.818 -25.8548 0
    endloop
  endfacet
  facet normal 0.980894 0.194544 0
    outer loop
      vertex 88.7606 -25.524 24
      vertex 88.7368 -25.404 0
      vertex 88.7368 -25.404 24
    endloop
  endfacet
  facet normal 0.980894 0.194544 0
    outer loop
      vertex 88.7368 -25.404 0
      vertex 88.7606 -25.524 24
      vertex 88.7606 -25.524 0
    endloop
  endfacet
  facet normal 0.975673 0.219231 0
    outer loop
      vertex 88.7368 -25.404 24
      vertex 88.6238 -24.9011 0
      vertex 88.6238 -24.9011 24
    endloop
  endfacet
  facet normal 0.975673 0.219231 0
    outer loop
      vertex 88.6238 -24.9011 0
      vertex 88.7368 -25.404 24
      vertex 88.7368 -25.404 0
    endloop
  endfacet
  facet normal 0.970047 0.242919 0
    outer loop
      vertex 88.6238 -24.9011 24
      vertex 88.594 -24.7821 0
      vertex 88.594 -24.7821 24
    endloop
  endfacet
  facet normal 0.970047 0.242919 0
    outer loop
      vertex 88.594 -24.7821 0
      vertex 88.6238 -24.9011 24
      vertex 88.6238 -24.9011 0
    endloop
  endfacet
  facet normal 0.96379 0.266663 0
    outer loop
      vertex 88.594 -24.7821 24
      vertex 88.4566 -24.2855 0
      vertex 88.4566 -24.2855 24
    endloop
  endfacet
  facet normal 0.96379 0.266663 0
    outer loop
      vertex 88.4566 -24.2855 0
      vertex 88.594 -24.7821 24
      vertex 88.594 -24.7821 0
    endloop
  endfacet
  facet normal 0.956901 0.290415 0
    outer loop
      vertex 88.4566 -24.2855 24
      vertex 88.421 -24.1682 0
      vertex 88.421 -24.1682 24
    endloop
  endfacet
  facet normal 0.956901 0.290415 0
    outer loop
      vertex 88.421 -24.1682 0
      vertex 88.4566 -24.2855 24
      vertex 88.4566 -24.2855 0
    endloop
  endfacet
  facet normal 0.949552 0.31361 0
    outer loop
      vertex 88.421 -24.1682 24
      vertex 88.2592 -23.6783 0
      vertex 88.2592 -23.6783 24
    endloop
  endfacet
  facet normal 0.949552 0.31361 0
    outer loop
      vertex 88.2592 -23.6783 0
      vertex 88.421 -24.1682 24
      vertex 88.421 -24.1682 0
    endloop
  endfacet
  facet normal 0.941408 0.33727 0
    outer loop
      vertex 88.2592 -23.6783 24
      vertex 88.218 -23.5633 0
      vertex 88.218 -23.5633 24
    endloop
  endfacet
  facet normal 0.941408 0.33727 0
    outer loop
      vertex 88.218 -23.5633 0
      vertex 88.2592 -23.6783 24
      vertex 88.2592 -23.6783 0
    endloop
  endfacet
  facet normal 0.93305 0.359747 0
    outer loop
      vertex 88.218 -23.5633 24
      vertex 88.0327 -23.0827 0
      vertex 88.0327 -23.0827 24
    endloop
  endfacet
  facet normal 0.93305 0.359747 0
    outer loop
      vertex 88.0327 -23.0827 0
      vertex 88.218 -23.5633 24
      vertex 88.218 -23.5633 0
    endloop
  endfacet
  facet normal 0.9237 0.383116 0
    outer loop
      vertex 88.0327 -23.0827 24
      vertex 87.9855 -22.9689 0
      vertex 87.9855 -22.9689 24
    endloop
  endfacet
  facet normal 0.9237 0.383116 0
    outer loop
      vertex 87.9855 -22.9689 0
      vertex 88.0327 -23.0827 24
      vertex 88.0327 -23.0827 0
    endloop
  endfacet
  facet normal 0.914195 0.405274 0
    outer loop
      vertex 87.9855 -22.9689 24
      vertex 87.7767 -22.4979 0
      vertex 87.7767 -22.4979 24
    endloop
  endfacet
  facet normal 0.914195 0.405274 0
    outer loop
      vertex 87.7767 -22.4979 0
      vertex 87.9855 -22.9689 24
      vertex 87.9855 -22.9689 0
    endloop
  endfacet
  facet normal 0.903969 0.427597 0
    outer loop
      vertex 87.7767 -22.4979 24
      vertex 87.7241 -22.3867 0
      vertex 87.7241 -22.3867 24
    endloop
  endfacet
  facet normal 0.903969 0.427597 0
    outer loop
      vertex 87.7241 -22.3867 0
      vertex 87.7767 -22.4979 24
      vertex 87.7767 -22.4979 0
    endloop
  endfacet
  facet normal 0.89322 0.44962 0
    outer loop
      vertex 87.7241 -22.3867 24
      vertex 87.4926 -21.9268 0
      vertex 87.4926 -21.9268 24
    endloop
  endfacet
  facet normal 0.89322 0.44962 0
    outer loop
      vertex 87.4926 -21.9268 0
      vertex 87.7241 -22.3867 24
      vertex 87.7241 -22.3867 0
    endloop
  endfacet
  facet normal 0.881879 0.471476 0
    outer loop
      vertex 87.4926 -21.9268 24
      vertex 87.4347 -21.8185 0
      vertex 87.4347 -21.8185 24
    endloop
  endfacet
  facet normal 0.881879 0.471476 0
    outer loop
      vertex 87.4347 -21.8185 0
      vertex 87.4926 -21.9268 24
      vertex 87.4926 -21.9268 0
    endloop
  endfacet
  facet normal 0.870136 0.492812 0
    outer loop
      vertex 87.4347 -21.8185 24
      vertex 87.1808 -21.3702 0
      vertex 87.1808 -21.3702 24
    endloop
  endfacet
  facet normal 0.870136 0.492812 0
    outer loop
      vertex 87.1808 -21.3702 0
      vertex 87.4347 -21.8185 24
      vertex 87.4347 -21.8185 0
    endloop
  endfacet
  facet normal 0.857708 0.514137 0
    outer loop
      vertex 87.1808 -21.3702 24
      vertex 87.1175 -21.2646 0
      vertex 87.1175 -21.2646 24
    endloop
  endfacet
  facet normal 0.857708 0.514137 0
    outer loop
      vertex 87.1175 -21.2646 0
      vertex 87.1808 -21.3702 24
      vertex 87.1808 -21.3702 0
    endloop
  endfacet
  facet normal 0.844875 0.534964 0
    outer loop
      vertex 87.1175 -21.2646 24
      vertex 86.842 -20.8295 0
      vertex 86.842 -20.8295 24
    endloop
  endfacet
  facet normal 0.844875 0.534964 0
    outer loop
      vertex 86.842 -20.8295 0
      vertex 87.1175 -21.2646 24
      vertex 87.1175 -21.2646 0
    endloop
  endfacet
  facet normal 0.831424 0.555639 0
    outer loop
      vertex 86.842 -20.8295 24
      vertex 86.7737 -20.7273 0
      vertex 86.7737 -20.7273 24
    endloop
  endfacet
  facet normal 0.831424 0.555639 0
    outer loop
      vertex 86.7737 -20.7273 0
      vertex 86.842 -20.8295 24
      vertex 86.842 -20.8295 0
    endloop
  endfacet
  facet normal 0.817585 0.575807 0
    outer loop
      vertex 86.7737 -20.7273 24
      vertex 86.642 -20.5403 0
      vertex 86.642 -20.5403 24
    endloop
  endfacet
  facet normal 0.817585 0.575807 0
    outer loop
      vertex 86.642 -20.5403 0
      vertex 86.7737 -20.7273 24
      vertex 86.7737 -20.7273 0
    endloop
  endfacet
  facet normal 0.831611 0.555358 0
    outer loop
      vertex 86.642 -20.5403 24
      vertex 86.5057 -20.3362 0
      vertex 86.5057 -20.3362 24
    endloop
  endfacet
  facet normal 0.831611 0.555358 0
    outer loop
      vertex 86.5057 -20.3362 0
      vertex 86.642 -20.5403 24
      vertex 86.642 -20.5403 0
    endloop
  endfacet
  facet normal 0.857673 0.514196 0
    outer loop
      vertex 86.5057 -20.3362 24
      vertex 86.3795 -20.1257 0
      vertex 86.3795 -20.1257 24
    endloop
  endfacet
  facet normal 0.857673 0.514196 0
    outer loop
      vertex 86.3795 -20.1257 0
      vertex 86.5057 -20.3362 24
      vertex 86.5057 -20.3362 0
    endloop
  endfacet
  facet normal 0.881867 0.471497 0
    outer loop
      vertex 86.3795 -20.1257 24
      vertex 86.2638 -19.9093 0
      vertex 86.2638 -19.9093 24
    endloop
  endfacet
  facet normal 0.881867 0.471497 0
    outer loop
      vertex 86.2638 -19.9093 0
      vertex 86.3795 -20.1257 24
      vertex 86.3795 -20.1257 0
    endloop
  endfacet
  facet normal 0.903995 0.427543 0
    outer loop
      vertex 86.2638 -19.9093 24
      vertex 86.1589 -19.6875 0
      vertex 86.1589 -19.6875 24
    endloop
  endfacet
  facet normal 0.903995 0.427543 0
    outer loop
      vertex 86.1589 -19.6875 0
      vertex 86.2638 -19.9093 24
      vertex 86.2638 -19.9093 0
    endloop
  endfacet
  facet normal 0.923942 0.382532 0
    outer loop
      vertex 86.1589 -19.6875 24
      vertex 86.065 -19.4607 0
      vertex 86.065 -19.4607 24
    endloop
  endfacet
  facet normal 0.923942 0.382532 0
    outer loop
      vertex 86.065 -19.4607 0
      vertex 86.1589 -19.6875 24
      vertex 86.1589 -19.6875 0
    endloop
  endfacet
  facet normal 0.94153 0.33693 0
    outer loop
      vertex 86.065 -19.4607 24
      vertex 85.9823 -19.2296 0
      vertex 85.9823 -19.2296 24
    endloop
  endfacet
  facet normal 0.94153 0.33693 0
    outer loop
      vertex 85.9823 -19.2296 0
      vertex 86.065 -19.4607 24
      vertex 86.065 -19.4607 0
    endloop
  endfacet
  facet normal 0.95697 0.290188 0
    outer loop
      vertex 85.9823 -19.2296 24
      vertex 85.9111 -18.9948 0
      vertex 85.9111 -18.9948 24
    endloop
  endfacet
  facet normal 0.95697 0.290188 0
    outer loop
      vertex 85.9111 -18.9948 0
      vertex 85.9823 -19.2296 24
      vertex 85.9823 -19.2296 0
    endloop
  endfacet
  facet normal 0.970071 0.242823 0
    outer loop
      vertex 85.9111 -18.9948 24
      vertex 85.8515 -18.7567 0
      vertex 85.8515 -18.7567 24
    endloop
  endfacet
  facet normal 0.970071 0.242823 0
    outer loop
      vertex 85.8515 -18.7567 0
      vertex 85.9111 -18.9948 24
      vertex 85.9111 -18.9948 0
    endloop
  endfacet
  facet normal 0.980768 0.195176 0
    outer loop
      vertex 85.8515 -18.7567 24
      vertex 85.8036 -18.516 0
      vertex 85.8036 -18.516 24
    endloop
  endfacet
  facet normal 0.980768 0.195176 0
    outer loop
      vertex 85.8036 -18.516 0
      vertex 85.8515 -18.7567 24
      vertex 85.8515 -18.7567 0
    endloop
  endfacet
  facet normal 0.989177 0.146726 0
    outer loop
      vertex 85.8036 -18.516 24
      vertex 85.7676 -18.2733 0
      vertex 85.7676 -18.2733 24
    endloop
  endfacet
  facet normal 0.989177 0.146726 0
    outer loop
      vertex 85.7676 -18.2733 0
      vertex 85.8036 -18.516 24
      vertex 85.8036 -18.516 0
    endloop
  endfacet
  facet normal 0.995165 0.0982125 0
    outer loop
      vertex 85.7676 -18.2733 24
      vertex 85.7435 -18.0291 0
      vertex 85.7435 -18.0291 24
    endloop
  endfacet
  facet normal 0.995165 0.0982125 0
    outer loop
      vertex 85.7435 -18.0291 0
      vertex 85.7676 -18.2733 24
      vertex 85.7676 -18.2733 0
    endloop
  endfacet
  facet normal 0.998805 0.0488811 0
    outer loop
      vertex 85.7435 -18.0291 24
      vertex 85.7315 -17.7839 0
      vertex 85.7315 -17.7839 24
    endloop
  endfacet
  facet normal 0.998805 0.0488811 0
    outer loop
      vertex 85.7315 -17.7839 0
      vertex 85.7435 -18.0291 24
      vertex 85.7435 -18.0291 0
    endloop
  endfacet
  facet normal 1 -0 0
    outer loop
      vertex 85.7315 -17.7839 24
      vertex 85.7315 -17.5385 0
      vertex 85.7315 -17.5385 24
    endloop
  endfacet
  facet normal 1 0 0
    outer loop
      vertex 85.7315 -17.5385 0
      vertex 85.7315 -17.7839 24
      vertex 85.7315 -17.7839 0
    endloop
  endfacet
  facet normal 0.998784 -0.0493076 0
    outer loop
      vertex 85.7315 -17.5385 24
      vertex 85.7436 -17.2934 0
      vertex 85.7436 -17.2934 24
    endloop
  endfacet
  facet normal 0.998784 -0.0493076 0
    outer loop
      vertex 85.7436 -17.2934 0
      vertex 85.7315 -17.5385 24
      vertex 85.7315 -17.5385 0
    endloop
  endfacet
  facet normal 0.995205 -0.0978089 0
    outer loop
      vertex 85.7436 -17.2934 24
      vertex 85.7676 -17.0492 0
      vertex 85.7676 -17.0492 24
    endloop
  endfacet
  facet normal 0.995205 -0.0978089 0
    outer loop
      vertex 85.7676 -17.0492 0
      vertex 85.7436 -17.2934 24
      vertex 85.7436 -17.2934 0
    endloop
  endfacet
  facet normal 0.989186 -0.146667 0
    outer loop
      vertex 85.7676 -17.0492 24
      vertex 85.8036 -16.8064 0
      vertex 85.8036 -16.8064 24
    endloop
  endfacet
  facet normal 0.989186 -0.146667 0
    outer loop
      vertex 85.8036 -16.8064 0
      vertex 85.7676 -17.0492 24
      vertex 85.7676 -17.0492 0
    endloop
  endfacet
  facet normal 0.980768 -0.195176 0
    outer loop
      vertex 85.8036 -16.8064 24
      vertex 85.8515 -16.5657 0
      vertex 85.8515 -16.5657 24
    endloop
  endfacet
  facet normal 0.980768 -0.195176 0
    outer loop
      vertex 85.8515 -16.5657 0
      vertex 85.8036 -16.8064 24
      vertex 85.8036 -16.8064 0
    endloop
  endfacet
  facet normal 0.970047 -0.242919 0
    outer loop
      vertex 85.8515 -16.5657 24
      vertex 85.9111 -16.3277 0
      vertex 85.9111 -16.3277 24
    endloop
  endfacet
  facet normal 0.970047 -0.242919 0
    outer loop
      vertex 85.9111 -16.3277 0
      vertex 85.8515 -16.5657 24
      vertex 85.8515 -16.5657 0
    endloop
  endfacet
  facet normal 0.956891 -0.290448 0
    outer loop
      vertex 85.9111 -16.3277 24
      vertex 85.9824 -16.0928 0
      vertex 85.9824 -16.0928 24
    endloop
  endfacet
  facet normal 0.956891 -0.290448 0
    outer loop
      vertex 85.9824 -16.0928 0
      vertex 85.9111 -16.3277 24
      vertex 85.9111 -16.3277 0
    endloop
  endfacet
  facet normal 0.941483 -0.337059 0
    outer loop
      vertex 85.9824 -16.0928 24
      vertex 86.0651 -15.8618 0
      vertex 86.0651 -15.8618 24
    endloop
  endfacet
  facet normal 0.941483 -0.337059 0
    outer loop
      vertex 86.0651 -15.8618 0
      vertex 85.9824 -16.0928 24
      vertex 85.9824 -16.0928 0
    endloop
  endfacet
  facet normal 0.923942 -0.382532 0
    outer loop
      vertex 86.0651 -15.8618 24
      vertex 86.159 -15.635 0
      vertex 86.159 -15.635 24
    endloop
  endfacet
  facet normal 0.923942 -0.382532 0
    outer loop
      vertex 86.159 -15.635 0
      vertex 86.0651 -15.8618 24
      vertex 86.0651 -15.8618 0
    endloop
  endfacet
  facet normal 0.903995 -0.427543 0
    outer loop
      vertex 86.159 -15.635 24
      vertex 86.2639 -15.4132 0
      vertex 86.2639 -15.4132 24
    endloop
  endfacet
  facet normal 0.903995 -0.427543 0
    outer loop
      vertex 86.2639 -15.4132 0
      vertex 86.159 -15.635 24
      vertex 86.159 -15.635 0
    endloop
  endfacet
  facet normal 0.881867 -0.471497 0
    outer loop
      vertex 86.2639 -15.4132 24
      vertex 86.3796 -15.1968 0
      vertex 86.3796 -15.1968 24
    endloop
  endfacet
  facet normal 0.881867 -0.471497 0
    outer loop
      vertex 86.3796 -15.1968 0
      vertex 86.2639 -15.4132 24
      vertex 86.2639 -15.4132 0
    endloop
  endfacet
  facet normal 0.857673 -0.514196 0
    outer loop
      vertex 86.3796 -15.1968 24
      vertex 86.5058 -14.9863 0
      vertex 86.5058 -14.9863 24
    endloop
  endfacet
  facet normal 0.857673 -0.514196 0
    outer loop
      vertex 86.5058 -14.9863 0
      vertex 86.3796 -15.1968 24
      vertex 86.3796 -15.1968 0
    endloop
  endfacet
  facet normal 0.831423 -0.55564 0
    outer loop
      vertex 86.5058 -14.9863 24
      vertex 86.6422 -14.7822 0
      vertex 86.6422 -14.7822 24
    endloop
  endfacet
  facet normal 0.831423 -0.55564 0
    outer loop
      vertex 86.6422 -14.7822 0
      vertex 86.5058 -14.9863 24
      vertex 86.5058 -14.9863 0
    endloop
  endfacet
  facet normal 0.803362 -0.595491 0
    outer loop
      vertex 86.6422 -14.7822 24
      vertex 86.7883 -14.5851 0
      vertex 86.7883 -14.5851 24
    endloop
  endfacet
  facet normal 0.803362 -0.595491 0
    outer loop
      vertex 86.7883 -14.5851 0
      vertex 86.6422 -14.7822 24
      vertex 86.6422 -14.7822 0
    endloop
  endfacet
  facet normal 0.772976 -0.634435 0
    outer loop
      vertex 86.7883 -14.5851 24
      vertex 86.944 -14.3954 0
      vertex 86.944 -14.3954 24
    endloop
  endfacet
  facet normal 0.772976 -0.634435 0
    outer loop
      vertex 86.944 -14.3954 0
      vertex 86.7883 -14.5851 24
      vertex 86.7883 -14.5851 0
    endloop
  endfacet
  facet normal 0.740695 -0.671841 0
    outer loop
      vertex 86.944 -14.3954 24
      vertex 87.1089 -14.2136 0
      vertex 87.1089 -14.2136 24
    endloop
  endfacet
  facet normal 0.740695 -0.671841 0
    outer loop
      vertex 87.1089 -14.2136 0
      vertex 86.944 -14.3954 24
      vertex 86.944 -14.3954 0
    endloop
  endfacet
  facet normal 0.70731 -0.706903 0
    outer loop
      vertex 87.1089 -14.2136 0
      vertex 87.2824 -14.04 24
      vertex 87.1089 -14.2136 24
    endloop
  endfacet
  facet normal 0.70731 -0.706903 0
    outer loop
      vertex 87.2824 -14.04 24
      vertex 87.1089 -14.2136 0
      vertex 87.2824 -14.04 0
    endloop
  endfacet
  facet normal 0.671596 -0.740917 0
    outer loop
      vertex 87.2824 -14.04 0
      vertex 87.4641 -13.8753 24
      vertex 87.2824 -14.04 24
    endloop
  endfacet
  facet normal 0.671596 -0.740917 0
    outer loop
      vertex 87.4641 -13.8753 24
      vertex 87.2824 -14.04 0
      vertex 87.4641 -13.8753 0
    endloop
  endfacet
  facet normal 0.653111 -0.757262 0
    outer loop
      vertex 87.4641 -13.8753 0
      vertex 88.0414 -13.3774 24
      vertex 87.4641 -13.8753 24
    endloop
  endfacet
  facet normal 0.653111 -0.757262 0
    outer loop
      vertex 88.0414 -13.3774 24
      vertex 87.4641 -13.8753 0
      vertex 88.0414 -13.3774 0
    endloop
  endfacet
  facet normal 0.671659 -0.74086 0
    outer loop
      vertex 88.0414 -13.3774 0
      vertex 88.1324 -13.2949 24
      vertex 88.0414 -13.3774 24
    endloop
  endfacet
  facet normal 0.671659 -0.74086 0
    outer loop
      vertex 88.1324 -13.2949 24
      vertex 88.0414 -13.3774 0
      vertex 88.1324 -13.2949 0
    endloop
  endfacet
  facet normal 0.68954 -0.724247 0
    outer loop
      vertex 88.1324 -13.2949 0
      vertex 88.6833 -12.7704 24
      vertex 88.1324 -13.2949 24
    endloop
  endfacet
  facet normal 0.68954 -0.724247 0
    outer loop
      vertex 88.6833 -12.7704 24
      vertex 88.1324 -13.2949 0
      vertex 88.6833 -12.7704 0
    endloop
  endfacet
  facet normal 0.707107 -0.707107 0
    outer loop
      vertex 88.6833 -12.7704 24
      vertex 88.7704 -12.6833 0
      vertex 88.7704 -12.6833 24
    endloop
  endfacet
  facet normal 0.707107 -0.707107 0
    outer loop
      vertex 88.7704 -12.6833 0
      vertex 88.6833 -12.7704 24
      vertex 88.6833 -12.7704 0
    endloop
  endfacet
  facet normal 0.724247 -0.68954 0
    outer loop
      vertex 88.7704 -12.6833 24
      vertex 89.2949 -12.1324 0
      vertex 89.2949 -12.1324 24
    endloop
  endfacet
  facet normal 0.724247 -0.68954 0
    outer loop
      vertex 89.2949 -12.1324 0
      vertex 88.7704 -12.6833 24
      vertex 88.7704 -12.6833 0
    endloop
  endfacet
  facet normal 0.741012 -0.671491 0
    outer loop
      vertex 89.2949 -12.1324 24
      vertex 89.377 -12.0418 0
      vertex 89.377 -12.0418 24
    endloop
  endfacet
  facet normal 0.741012 -0.671491 0
    outer loop
      vertex 89.377 -12.0418 0
      vertex 89.2949 -12.1324 24
      vertex 89.2949 -12.1324 0
    endloop
  endfacet
  facet normal 0.757175 -0.653213 0
    outer loop
      vertex 89.377 -12.0418 24
      vertex 89.874 -11.4657 0
      vertex 89.874 -11.4657 24
    endloop
  endfacet
  facet normal 0.757175 -0.653213 0
    outer loop
      vertex 89.874 -11.4657 0
      vertex 89.377 -12.0418 24
      vertex 89.377 -12.0418 0
    endloop
  endfacet
  facet normal 0.773196 -0.634167 0
    outer loop
      vertex 89.874 -11.4657 24
      vertex 89.952 -11.3706 0
      vertex 89.952 -11.3706 24
    endloop
  endfacet
  facet normal 0.773196 -0.634167 0
    outer loop
      vertex 89.952 -11.3706 0
      vertex 89.874 -11.4657 24
      vertex 89.874 -11.4657 0
    endloop
  endfacet
  facet normal 0.788325 -0.615259 0
    outer loop
      vertex 89.952 -11.3706 24
      vertex 90.4202 -10.7707 0
      vertex 90.4202 -10.7707 24
    endloop
  endfacet
  facet normal 0.788325 -0.615259 0
    outer loop
      vertex 90.4202 -10.7707 0
      vertex 89.952 -11.3706 24
      vertex 89.952 -11.3706 0
    endloop
  endfacet
  facet normal 0.803136 -0.595796 0
    outer loop
      vertex 90.4202 -10.7707 24
      vertex 90.4929 -10.6727 0
      vertex 90.4929 -10.6727 24
    endloop
  endfacet
  facet normal 0.803136 -0.595796 0
    outer loop
      vertex 90.4929 -10.6727 0
      vertex 90.4202 -10.7707 24
      vertex 90.4202 -10.7707 0
    endloop
  endfacet
  facet normal 0.817586 -0.575806 0
    outer loop
      vertex 90.4929 -10.6727 24
      vertex 90.9311 -10.0505 0
      vertex 90.9311 -10.0505 24
    endloop
  endfacet
  facet normal 0.817586 -0.575806 0
    outer loop
      vertex 90.9311 -10.0505 0
      vertex 90.4929 -10.6727 24
      vertex 90.4929 -10.6727 0
    endloop
  endfacet
  facet normal 0.831448 -0.555602 0
    outer loop
      vertex 90.9311 -10.0505 24
      vertex 90.9993 -9.94844 0
      vertex 90.9993 -9.94844 24
    endloop
  endfacet
  facet normal 0.831448 -0.555602 0
    outer loop
      vertex 90.9993 -9.94844 0
      vertex 90.9311 -10.0505 24
      vertex 90.9311 -10.0505 0
    endloop
  endfacet
  facet normal 0.844873 -0.534966 0
    outer loop
      vertex 90.9993 -9.94844 24
      vertex 91.4066 -9.30519 0
      vertex 91.4066 -9.30519 24
    endloop
  endfacet
  facet normal 0.844873 -0.534966 0
    outer loop
      vertex 91.4066 -9.30519 0
      vertex 90.9993 -9.94844 24
      vertex 90.9993 -9.94844 0
    endloop
  endfacet
  facet normal 0.857696 -0.514157 0
    outer loop
      vertex 91.4066 -9.30519 24
      vertex 91.4691 -9.20093 0
      vertex 91.4691 -9.20093 24
    endloop
  endfacet
  facet normal 0.857696 -0.514157 0
    outer loop
      vertex 91.4691 -9.20093 0
      vertex 91.4066 -9.30519 24
      vertex 91.4066 -9.30519 0
    endloop
  endfacet
  facet normal 0.870118 -0.492844 0
    outer loop
      vertex 91.4691 -9.20093 24
      vertex 91.8445 -8.53816 0
      vertex 91.8445 -8.53816 24
    endloop
  endfacet
  facet normal 0.870118 -0.492844 0
    outer loop
      vertex 91.8445 -8.53816 0
      vertex 91.4691 -9.20093 24
      vertex 91.4691 -9.20093 0
    endloop
  endfacet
  facet normal 0.881967 -0.471311 0
    outer loop
      vertex 91.8445 -8.53816 24
      vertex 91.902 -8.43056 0
      vertex 91.902 -8.43056 24
    endloop
  endfacet
  facet normal 0.881967 -0.471311 0
    outer loop
      vertex 91.902 -8.43056 0
      vertex 91.8445 -8.53816 24
      vertex 91.8445 -8.53816 0
    endloop
  endfacet
  facet normal 0.893199 -0.449662 0
    outer loop
      vertex 91.902 -8.43056 24
      vertex 92.2441 -7.75102 0
      vertex 92.2441 -7.75102 24
    endloop
  endfacet
  facet normal 0.893199 -0.449662 0
    outer loop
      vertex 92.2441 -7.75102 0
      vertex 91.902 -8.43056 24
      vertex 91.902 -8.43056 0
    endloop
  endfacet
  facet normal 0.904027 -0.427476 0
    outer loop
      vertex 92.2441 -7.75102 24
      vertex 92.2968 -7.63957 0
      vertex 92.2968 -7.63957 24
    endloop
  endfacet
  facet normal 0.904027 -0.427476 0
    outer loop
      vertex 92.2968 -7.63957 0
      vertex 92.2441 -7.75102 24
      vertex 92.2441 -7.75102 0
    endloop
  endfacet
  facet normal 0.91419 -0.405286 0
    outer loop
      vertex 92.2968 -7.63957 24
      vertex 92.6049 -6.9446 0
      vertex 92.6049 -6.9446 24
    endloop
  endfacet
  facet normal 0.91419 -0.405286 0
    outer loop
      vertex 92.6049 -6.9446 0
      vertex 92.2968 -7.63957 24
      vertex 92.2968 -7.63957 0
    endloop
  endfacet
  facet normal 0.924084 -0.382189 0
    outer loop
      vertex 92.6049 -6.9446 24
      vertex 92.6519 -6.83096 0
      vertex 92.6519 -6.83096 24
    endloop
  endfacet
  facet normal 0.924084 -0.382189 0
    outer loop
      vertex 92.6519 -6.83096 0
      vertex 92.6049 -6.9446 24
      vertex 92.6049 -6.9446 0
    endloop
  endfacet
  facet normal 0.932986 -0.359913 0
    outer loop
      vertex 92.6519 -6.83096 24
      vertex 92.9256 -6.12146 0
      vertex 92.9256 -6.12146 24
    endloop
  endfacet
  facet normal 0.932986 -0.359913 0
    outer loop
      vertex 92.9256 -6.12146 0
      vertex 92.6519 -6.83096 24
      vertex 92.6519 -6.83096 0
    endloop
  endfacet
  facet normal 0.941444 -0.337168 0
    outer loop
      vertex 92.9256 -6.12146 24
      vertex 92.9577 -6.03183 0
      vertex 92.9577 -6.03183 24
    endloop
  endfacet
  facet normal 0.941444 -0.337168 0
    outer loop
      vertex 92.9577 -6.03183 0
      vertex 92.9256 -6.12146 24
      vertex 92.9256 -6.12146 0
    endloop
  endfacet
  facet normal 0.957209 -0.289396 0
    outer loop
      vertex 92.9577 -6.03183 24
      vertex 92.9669 -6.0014 0
      vertex 92.9669 -6.0014 24
    endloop
  endfacet
  facet normal 0.957209 -0.289396 0
    outer loop
      vertex 92.9669 -6.0014 0
      vertex 92.9577 -6.03183 24
      vertex 92.9577 -6.03183 0
    endloop
  endfacet
  facet normal 0.0490636 0.998796 -0
    outer loop
      vertex 92.9669 -6.0014 0
      vertex 92.9384 -6 24
      vertex 92.9669 -6.0014 24
    endloop
  endfacet
  facet normal 0.0490636 0.998796 0
    outer loop
      vertex 92.9384 -6 24
      vertex 92.9669 -6.0014 0
      vertex 92.9384 -6 0
    endloop
  endfacet
  facet normal 0 1 -0
    outer loop
      vertex 92.9384 -6 0
      vertex 87.5295 -6 24
      vertex 92.9384 -6 24
    endloop
  endfacet
  facet normal 0 1 0
    outer loop
      vertex 87.5295 -6 24
      vertex 92.9384 -6 0
      vertex 87.5295 -6 0
    endloop
  endfacet
  facet normal -0.893225 0.44961 0
    outer loop
      vertex 87.465 -6.12814 0
      vertex 87.5295 -6 24
      vertex 87.5295 -6 0
    endloop
  endfacet
  facet normal -0.893225 0.44961 0
    outer loop
      vertex 87.5295 -6 24
      vertex 87.465 -6.12814 0
      vertex 87.465 -6.12814 24
    endloop
  endfacet
  facet normal -0.870095 0.492885 0
    outer loop
      vertex 87.1505 -6.68333 0
      vertex 87.465 -6.12814 24
      vertex 87.465 -6.12814 0
    endloop
  endfacet
  facet normal -0.870095 0.492885 0
    outer loop
      vertex 87.465 -6.12814 24
      vertex 87.1505 -6.68333 0
      vertex 87.1505 -6.68333 24
    endloop
  endfacet
  facet normal -0.844831 0.535033 0
    outer loop
      vertex 86.8091 -7.22241 0
      vertex 87.1505 -6.68333 24
      vertex 87.1505 -6.68333 0
    endloop
  endfacet
  facet normal -0.844831 0.535033 0
    outer loop
      vertex 87.1505 -6.68333 24
      vertex 86.8091 -7.22241 0
      vertex 86.8091 -7.22241 24
    endloop
  endfacet
  facet normal -0.817586 0.575807 0
    outer loop
      vertex 86.4417 -7.74408 0
      vertex 86.8091 -7.22241 24
      vertex 86.8091 -7.22241 0
    endloop
  endfacet
  facet normal -0.817586 0.575807 0
    outer loop
      vertex 86.8091 -7.22241 24
      vertex 86.4417 -7.74408 0
      vertex 86.4417 -7.74408 24
    endloop
  endfacet
  facet normal -0.788317 0.61527 0
    outer loop
      vertex 86.0491 -8.2471 0
      vertex 86.4417 -7.74408 24
      vertex 86.4417 -7.74408 0
    endloop
  endfacet
  facet normal -0.788317 0.61527 0
    outer loop
      vertex 86.4417 -7.74408 24
      vertex 86.0491 -8.2471 0
      vertex 86.0491 -8.2471 24
    endloop
  endfacet
  facet normal -0.757268 0.653104 0
    outer loop
      vertex 85.6324 -8.73026 0
      vertex 86.0491 -8.2471 24
      vertex 86.0491 -8.2471 0
    endloop
  endfacet
  facet normal -0.757268 0.653104 0
    outer loop
      vertex 86.0491 -8.2471 24
      vertex 85.6324 -8.73026 0
      vertex 85.6324 -8.73026 24
    endloop
  endfacet
  facet normal -0.724227 0.689561 0
    outer loop
      vertex 85.1924 -9.19238 0
      vertex 85.6324 -8.73026 24
      vertex 85.6324 -8.73026 0
    endloop
  endfacet
  facet normal -0.724227 0.689561 0
    outer loop
      vertex 85.6324 -8.73026 24
      vertex 85.1924 -9.19238 0
      vertex 85.1924 -9.19238 24
    endloop
  endfacet
  facet normal -0.689552 0.724236 0
    outer loop
      vertex 85.1924 -9.19238 0
      vertex 84.7303 -9.63235 24
      vertex 85.1924 -9.19238 24
    endloop
  endfacet
  facet normal -0.689552 0.724236 0
    outer loop
      vertex 84.7303 -9.63235 24
      vertex 85.1924 -9.19238 0
      vertex 84.7303 -9.63235 0
    endloop
  endfacet
  facet normal -0.653118 0.757256 0
    outer loop
      vertex 84.7303 -9.63235 0
      vertex 84.2471 -10.0491 24
      vertex 84.7303 -9.63235 24
    endloop
  endfacet
  facet normal -0.653118 0.757256 0
    outer loop
      vertex 84.2471 -10.0491 24
      vertex 84.7303 -9.63235 0
      vertex 84.2471 -10.0491 0
    endloop
  endfacet
  facet normal -0.615285 0.788305 0
    outer loop
      vertex 84.2471 -10.0491 0
      vertex 83.7441 -10.4417 24
      vertex 84.2471 -10.0491 24
    endloop
  endfacet
  facet normal -0.615285 0.788305 0
    outer loop
      vertex 83.7441 -10.4417 24
      vertex 84.2471 -10.0491 0
      vertex 83.7441 -10.4417 0
    endloop
  endfacet
  facet normal -0.575785 0.817601 0
    outer loop
      vertex 83.7441 -10.4417 0
      vertex 83.2224 -10.8091 24
      vertex 83.7441 -10.4417 24
    endloop
  endfacet
  facet normal -0.575785 0.817601 0
    outer loop
      vertex 83.2224 -10.8091 24
      vertex 83.7441 -10.4417 0
      vertex 83.2224 -10.8091 0
    endloop
  endfacet
  facet normal -0.535019 0.84484 0
    outer loop
      vertex 83.2224 -10.8091 0
      vertex 82.6833 -11.1505 24
      vertex 83.2224 -10.8091 24
    endloop
  endfacet
  facet normal -0.535019 0.84484 0
    outer loop
      vertex 82.6833 -11.1505 24
      vertex 83.2224 -10.8091 0
      vertex 82.6833 -11.1505 0
    endloop
  endfacet
  facet normal -0.492878 0.870098 0
    outer loop
      vertex 82.6833 -11.1505 0
      vertex 82.1281 -11.465 24
      vertex 82.6833 -11.1505 24
    endloop
  endfacet
  facet normal -0.492878 0.870098 0
    outer loop
      vertex 82.1281 -11.465 24
      vertex 82.6833 -11.1505 0
      vertex 82.1281 -11.465 0
    endloop
  endfacet
  facet normal -0.449532 0.893264 0
    outer loop
      vertex 82.1281 -11.465 0
      vertex 81.5582 -11.7518 24
      vertex 82.1281 -11.465 24
    endloop
  endfacet
  facet normal -0.449532 0.893264 0
    outer loop
      vertex 81.5582 -11.7518 24
      vertex 82.1281 -11.465 0
      vertex 81.5582 -11.7518 0
    endloop
  endfacet
  facet normal -0.405295 0.914186 0
    outer loop
      vertex 81.5582 -11.7518 0
      vertex 80.9749 -12.0104 24
      vertex 81.5582 -11.7518 24
    endloop
  endfacet
  facet normal -0.405295 0.914186 0
    outer loop
      vertex 80.9749 -12.0104 24
      vertex 81.5582 -11.7518 0
      vertex 80.9749 -12.0104 0
    endloop
  endfacet
  facet normal -0.359987 0.932957 0
    outer loop
      vertex 80.9749 -12.0104 0
      vertex 80.3796 -12.2401 24
      vertex 80.9749 -12.0104 24
    endloop
  endfacet
  facet normal -0.359987 0.932957 0
    outer loop
      vertex 80.3796 -12.2401 24
      vertex 80.9749 -12.0104 0
      vertex 80.3796 -12.2401 0
    endloop
  endfacet
  facet normal -0.313594 0.949557 0
    outer loop
      vertex 80.3796 -12.2401 0
      vertex 79.7737 -12.4402 24
      vertex 80.3796 -12.2401 24
    endloop
  endfacet
  facet normal -0.313594 0.949557 0
    outer loop
      vertex 79.7737 -12.4402 24
      vertex 80.3796 -12.2401 0
      vertex 79.7737 -12.4402 0
    endloop
  endfacet
  facet normal -0.266722 0.963773 0
    outer loop
      vertex 79.7737 -12.4402 0
      vertex 79.1587 -12.6104 24
      vertex 79.7737 -12.4402 24
    endloop
  endfacet
  facet normal -0.266722 0.963773 0
    outer loop
      vertex 79.1587 -12.6104 24
      vertex 79.7737 -12.4402 0
      vertex 79.1587 -12.6104 0
    endloop
  endfacet
  facet normal -0.219121 0.975698 0
    outer loop
      vertex 79.1587 -12.6104 0
      vertex 78.5362 -12.7502 24
      vertex 79.1587 -12.6104 24
    endloop
  endfacet
  facet normal -0.219121 0.975698 0
    outer loop
      vertex 78.5362 -12.7502 24
      vertex 79.1587 -12.6104 0
      vertex 78.5362 -12.7502 0
    endloop
  endfacet
  facet normal -0.170977 0.985275 0
    outer loop
      vertex 78.5362 -12.7502 0
      vertex 77.9075 -12.8593 24
      vertex 78.5362 -12.7502 24
    endloop
  endfacet
  facet normal -0.170977 0.985275 0
    outer loop
      vertex 77.9075 -12.8593 24
      vertex 78.5362 -12.7502 0
      vertex 77.9075 -12.8593 0
    endloop
  endfacet
  facet normal -0.122395 0.992481 0
    outer loop
      vertex 77.9075 -12.8593 0
      vertex 77.2742 -12.9374 24
      vertex 77.9075 -12.8593 24
    endloop
  endfacet
  facet normal -0.122395 0.992481 0
    outer loop
      vertex 77.2742 -12.9374 24
      vertex 77.9075 -12.8593 0
      vertex 77.2742 -12.9374 0
    endloop
  endfacet
  facet normal -0.073508 0.997295 0
    outer loop
      vertex 77.2742 -12.9374 0
      vertex 76.6379 -12.9843 24
      vertex 77.2742 -12.9374 24
    endloop
  endfacet
  facet normal -0.073508 0.997295 0
    outer loop
      vertex 76.6379 -12.9843 24
      vertex 77.2742 -12.9374 0
      vertex 76.6379 -12.9843 0
    endloop
  endfacet
  facet normal -0.0246046 0.999697 0
    outer loop
      vertex 76.6379 -12.9843 0
      vertex 76 -13 24
      vertex 76.6379 -12.9843 24
    endloop
  endfacet
  facet normal -0.0246046 0.999697 0
    outer loop
      vertex 76 -13 24
      vertex 76.6379 -12.9843 0
      vertex 76 -13 0
    endloop
  endfacet
  facet normal 0.0246046 0.999697 -0
    outer loop
      vertex 76 -13 0
      vertex 75.3621 -12.9843 24
      vertex 76 -13 24
    endloop
  endfacet
  facet normal 0.0246046 0.999697 0
    outer loop
      vertex 75.3621 -12.9843 24
      vertex 76 -13 0
      vertex 75.3621 -12.9843 0
    endloop
  endfacet
  facet normal 0.073508 0.997295 -0
    outer loop
      vertex 75.3621 -12.9843 0
      vertex 74.7258 -12.9374 24
      vertex 75.3621 -12.9843 24
    endloop
  endfacet
  facet normal 0.073508 0.997295 0
    outer loop
      vertex 74.7258 -12.9374 24
      vertex 75.3621 -12.9843 0
      vertex 74.7258 -12.9374 0
    endloop
  endfacet
  facet normal 0.122395 0.992481 -0
    outer loop
      vertex 74.7258 -12.9374 0
      vertex 74.0925 -12.8593 24
      vertex 74.7258 -12.9374 24
    endloop
  endfacet
  facet normal 0.122395 0.992481 0
    outer loop
      vertex 74.0925 -12.8593 24
      vertex 74.7258 -12.9374 0
      vertex 74.0925 -12.8593 0
    endloop
  endfacet
  facet normal 0.170977 0.985275 -0
    outer loop
      vertex 74.0925 -12.8593 0
      vertex 73.4638 -12.7502 24
      vertex 74.0925 -12.8593 24
    endloop
  endfacet
  facet normal 0.170977 0.985275 0
    outer loop
      vertex 73.4638 -12.7502 24
      vertex 74.0925 -12.8593 0
      vertex 73.4638 -12.7502 0
    endloop
  endfacet
  facet normal 0.219087 0.975705 -0
    outer loop
      vertex 73.4638 -12.7502 0
      vertex 72.8412 -12.6104 24
      vertex 73.4638 -12.7502 24
    endloop
  endfacet
  facet normal 0.219087 0.975705 0
    outer loop
      vertex 72.8412 -12.6104 24
      vertex 73.4638 -12.7502 0
      vertex 72.8412 -12.6104 0
    endloop
  endfacet
  facet normal 0.266763 0.963762 -0
    outer loop
      vertex 72.8412 -12.6104 0
      vertex 72.2263 -12.4402 24
      vertex 72.8412 -12.6104 24
    endloop
  endfacet
  facet normal 0.266763 0.963762 0
    outer loop
      vertex 72.2263 -12.4402 24
      vertex 72.8412 -12.6104 0
      vertex 72.2263 -12.4402 0
    endloop
  endfacet
  facet normal 0.313594 0.949557 -0
    outer loop
      vertex 72.2263 -12.4402 0
      vertex 71.6204 -12.2401 24
      vertex 72.2263 -12.4402 24
    endloop
  endfacet
  facet normal 0.313594 0.949557 0
    outer loop
      vertex 71.6204 -12.2401 24
      vertex 72.2263 -12.4402 0
      vertex 71.6204 -12.2401 0
    endloop
  endfacet
  facet normal 0.359987 0.932957 -0
    outer loop
      vertex 71.6204 -12.2401 0
      vertex 71.0251 -12.0104 24
      vertex 71.6204 -12.2401 24
    endloop
  endfacet
  facet normal 0.359987 0.932957 0
    outer loop
      vertex 71.0251 -12.0104 24
      vertex 71.6204 -12.2401 0
      vertex 71.0251 -12.0104 0
    endloop
  endfacet
  facet normal 0.405295 0.914186 -0
    outer loop
      vertex 71.0251 -12.0104 0
      vertex 70.4418 -11.7518 24
      vertex 71.0251 -12.0104 24
    endloop
  endfacet
  facet normal 0.405295 0.914186 0
    outer loop
      vertex 70.4418 -11.7518 24
      vertex 71.0251 -12.0104 0
      vertex 70.4418 -11.7518 0
    endloop
  endfacet
  facet normal 0.449469 0.893296 -0
    outer loop
      vertex 70.4418 -11.7518 0
      vertex 69.8718 -11.465 24
      vertex 70.4418 -11.7518 24
    endloop
  endfacet
  facet normal 0.449469 0.893296 0
    outer loop
      vertex 69.8718 -11.465 24
      vertex 70.4418 -11.7518 0
      vertex 69.8718 -11.465 0
    endloop
  endfacet
  facet normal 0.492945 0.87006 -0
    outer loop
      vertex 69.8718 -11.465 0
      vertex 69.3167 -11.1505 24
      vertex 69.8718 -11.465 24
    endloop
  endfacet
  facet normal 0.492945 0.87006 0
    outer loop
      vertex 69.3167 -11.1505 24
      vertex 69.8718 -11.465 0
      vertex 69.3167 -11.1505 0
    endloop
  endfacet
  facet normal 0.535019 0.84484 -0
    outer loop
      vertex 69.3167 -11.1505 0
      vertex 68.7776 -10.8091 24
      vertex 69.3167 -11.1505 24
    endloop
  endfacet
  facet normal 0.535019 0.84484 0
    outer loop
      vertex 68.7776 -10.8091 24
      vertex 69.3167 -11.1505 0
      vertex 68.7776 -10.8091 0
    endloop
  endfacet
  facet normal 0.575785 0.817601 -0
    outer loop
      vertex 68.7776 -10.8091 0
      vertex 68.2559 -10.4417 24
      vertex 68.7776 -10.8091 24
    endloop
  endfacet
  facet normal 0.575785 0.817601 0
    outer loop
      vertex 68.2559 -10.4417 24
      vertex 68.7776 -10.8091 0
      vertex 68.2559 -10.4417 0
    endloop
  endfacet
  facet normal 0.615285 0.788305 -0
    outer loop
      vertex 68.2559 -10.4417 0
      vertex 67.7529 -10.0491 24
      vertex 68.2559 -10.4417 24
    endloop
  endfacet
  facet normal 0.615285 0.788305 0
    outer loop
      vertex 67.7529 -10.0491 24
      vertex 68.2559 -10.4417 0
      vertex 67.7529 -10.0491 0
    endloop
  endfacet
  facet normal 0.653118 0.757256 -0
    outer loop
      vertex 67.7529 -10.0491 0
      vertex 67.2697 -9.63235 24
      vertex 67.7529 -10.0491 24
    endloop
  endfacet
  facet normal 0.653118 0.757256 0
    outer loop
      vertex 67.2697 -9.63235 24
      vertex 67.7529 -10.0491 0
      vertex 67.2697 -9.63235 0
    endloop
  endfacet
  facet normal 0.689552 0.724236 -0
    outer loop
      vertex 67.2697 -9.63235 0
      vertex 66.8076 -9.19238 24
      vertex 67.2697 -9.63235 24
    endloop
  endfacet
  facet normal 0.689552 0.724236 0
    outer loop
      vertex 66.8076 -9.19238 24
      vertex 67.2697 -9.63235 0
      vertex 66.8076 -9.19238 0
    endloop
  endfacet
  facet normal 0.724227 0.689561 0
    outer loop
      vertex 66.8076 -9.19238 24
      vertex 66.3676 -8.73026 0
      vertex 66.3676 -8.73026 24
    endloop
  endfacet
  facet normal 0.724227 0.689561 0
    outer loop
      vertex 66.3676 -8.73026 0
      vertex 66.8076 -9.19238 24
      vertex 66.8076 -9.19238 0
    endloop
  endfacet
  facet normal 0.757268 0.653104 0
    outer loop
      vertex 66.3676 -8.73026 24
      vertex 65.9509 -8.2471 0
      vertex 65.9509 -8.2471 24
    endloop
  endfacet
  facet normal 0.757268 0.653104 0
    outer loop
      vertex 65.9509 -8.2471 0
      vertex 66.3676 -8.73026 24
      vertex 66.3676 -8.73026 0
    endloop
  endfacet
  facet normal 0.788317 0.61527 0
    outer loop
      vertex 65.9509 -8.2471 24
      vertex 65.5583 -7.74408 0
      vertex 65.5583 -7.74408 24
    endloop
  endfacet
  facet normal 0.788317 0.61527 0
    outer loop
      vertex 65.5583 -7.74408 0
      vertex 65.9509 -8.2471 24
      vertex 65.9509 -8.2471 0
    endloop
  endfacet
  facet normal 0.817586 0.575807 0
    outer loop
      vertex 65.5583 -7.74408 24
      vertex 65.1909 -7.22241 0
      vertex 65.1909 -7.22241 24
    endloop
  endfacet
  facet normal 0.817586 0.575807 0
    outer loop
      vertex 65.1909 -7.22241 0
      vertex 65.5583 -7.74408 24
      vertex 65.5583 -7.74408 0
    endloop
  endfacet
  facet normal 0.844831 0.535033 0
    outer loop
      vertex 65.1909 -7.22241 24
      vertex 64.8495 -6.68333 0
      vertex 64.8495 -6.68333 24
    endloop
  endfacet
  facet normal 0.844831 0.535033 0
    outer loop
      vertex 64.8495 -6.68333 0
      vertex 65.1909 -7.22241 24
      vertex 65.1909 -7.22241 0
    endloop
  endfacet
  facet normal 0.870095 0.492885 0
    outer loop
      vertex 64.8495 -6.68333 24
      vertex 64.535 -6.12814 0
      vertex 64.535 -6.12814 24
    endloop
  endfacet
  facet normal 0.870095 0.492885 0
    outer loop
      vertex 64.535 -6.12814 0
      vertex 64.8495 -6.68333 24
      vertex 64.8495 -6.68333 0
    endloop
  endfacet
  facet normal 0.893275 0.44951 0
    outer loop
      vertex 64.535 -6.12814 24
      vertex 64.4677 -5.9944 0
      vertex 64.4677 -5.9944 24
    endloop
  endfacet
  facet normal 0.893275 0.44951 0
    outer loop
      vertex 64.4677 -5.9944 0
      vertex 64.535 -6.12814 24
      vertex 64.535 -6.12814 0
    endloop
  endfacet
  facet normal 0.0247051 0.999695 -0
    outer loop
      vertex 64.4677 -5.9944 0
      vertex 64.4503 -5.99397 24
      vertex 64.4677 -5.9944 24
    endloop
  endfacet
  facet normal 0.0247051 0.999695 0
    outer loop
      vertex 64.4503 -5.99397 24
      vertex 64.4677 -5.9944 0
      vertex 64.4503 -5.99397 0
    endloop
  endfacet
  facet normal 0.073534 0.997293 -0
    outer loop
      vertex 64.4503 -5.99397 0
      vertex 64.2055 -5.97592 24
      vertex 64.4503 -5.99397 24
    endloop
  endfacet
  facet normal 0.073534 0.997293 0
    outer loop
      vertex 64.2055 -5.97592 24
      vertex 64.4503 -5.99397 0
      vertex 64.2055 -5.97592 0
    endloop
  endfacet
  facet normal 0.12239 0.992482 -0
    outer loop
      vertex 64.2055 -5.97592 0
      vertex 63.9619 -5.94588 24
      vertex 64.2055 -5.97592 24
    endloop
  endfacet
  facet normal 0.12239 0.992482 0
    outer loop
      vertex 63.9619 -5.94588 24
      vertex 64.2055 -5.97592 0
      vertex 63.9619 -5.94588 0
    endloop
  endfacet
  facet normal 0.170937 0.985282 -0
    outer loop
      vertex 63.9619 -5.94588 0
      vertex 63.7201 -5.90393 24
      vertex 63.9619 -5.94588 24
    endloop
  endfacet
  facet normal 0.170937 0.985282 0
    outer loop
      vertex 63.7201 -5.90393 24
      vertex 63.9619 -5.94588 0
      vertex 63.7201 -5.90393 0
    endloop
  endfacet
  facet normal 0.219144 0.975693 -0
    outer loop
      vertex 63.7201 -5.90393 0
      vertex 63.4807 -5.85016 24
      vertex 63.7201 -5.90393 24
    endloop
  endfacet
  facet normal 0.219144 0.975693 0
    outer loop
      vertex 63.4807 -5.85016 24
      vertex 63.7201 -5.90393 0
      vertex 63.4807 -5.85016 0
    endloop
  endfacet
  facet normal 0.266757 0.963764 -0
    outer loop
      vertex 63.4807 -5.85016 0
      vertex 63.2442 -5.7847 24
      vertex 63.4807 -5.85016 24
    endloop
  endfacet
  facet normal 0.266757 0.963764 0
    outer loop
      vertex 63.2442 -5.7847 24
      vertex 63.4807 -5.85016 0
      vertex 63.2442 -5.7847 0
    endloop
  endfacet
  facet normal 0.313587 0.94956 -0
    outer loop
      vertex 63.2442 -5.7847 0
      vertex 63.0111 -5.70772 24
      vertex 63.2442 -5.7847 24
    endloop
  endfacet
  facet normal 0.313587 0.94956 0
    outer loop
      vertex 63.0111 -5.70772 24
      vertex 63.2442 -5.7847 0
      vertex 63.0111 -5.70772 0
    endloop
  endfacet
  facet normal 0.359979 0.932961 -0
    outer loop
      vertex 63.0111 -5.70772 0
      vertex 62.7822 -5.6194 24
      vertex 63.0111 -5.70772 24
    endloop
  endfacet
  facet normal 0.359979 0.932961 0
    outer loop
      vertex 62.7822 -5.6194 24
      vertex 63.0111 -5.70772 0
      vertex 62.7822 -5.6194 0
    endloop
  endfacet
  facet normal 0.405208 0.914224 -0
    outer loop
      vertex 62.7822 -5.6194 0
      vertex 62.5578 -5.51994 24
      vertex 62.7822 -5.6194 24
    endloop
  endfacet
  facet normal 0.405208 0.914224 0
    outer loop
      vertex 62.5578 -5.51994 24
      vertex 62.7822 -5.6194 0
      vertex 62.5578 -5.51994 0
    endloop
  endfacet
  facet normal 0.449592 0.893234 -0
    outer loop
      vertex 62.5578 -5.51994 0
      vertex 62.3386 -5.40961 24
      vertex 62.5578 -5.51994 24
    endloop
  endfacet
  facet normal 0.449592 0.893234 0
    outer loop
      vertex 62.3386 -5.40961 24
      vertex 62.5578 -5.51994 0
      vertex 62.3386 -5.40961 0
    endloop
  endfacet
  facet normal 0.492941 0.870063 -0
    outer loop
      vertex 62.3386 -5.40961 0
      vertex 62.1251 -5.28865 24
      vertex 62.3386 -5.40961 24
    endloop
  endfacet
  facet normal 0.492941 0.870063 0
    outer loop
      vertex 62.1251 -5.28865 24
      vertex 62.3386 -5.40961 0
      vertex 62.1251 -5.28865 0
    endloop
  endfacet
  facet normal 0.534897 0.844917 -0
    outer loop
      vertex 62.1251 -5.28865 0
      vertex 61.9177 -5.15735 24
      vertex 62.1251 -5.28865 24
    endloop
  endfacet
  facet normal 0.534897 0.844917 0
    outer loop
      vertex 61.9177 -5.15735 24
      vertex 62.1251 -5.28865 0
      vertex 61.9177 -5.15735 0
    endloop
  endfacet
  facet normal 0.575894 0.817524 -0
    outer loop
      vertex 61.9177 -5.15735 0
      vertex 61.7171 -5.01604 24
      vertex 61.9177 -5.15735 24
    endloop
  endfacet
  facet normal 0.575894 0.817524 0
    outer loop
      vertex 61.7171 -5.01604 24
      vertex 61.9177 -5.15735 0
      vertex 61.7171 -5.01604 0
    endloop
  endfacet
  facet normal 0.615184 0.788384 -0
    outer loop
      vertex 61.7171 -5.01604 0
      vertex 61.5236 -4.86505 24
      vertex 61.7171 -5.01604 24
    endloop
  endfacet
  facet normal 0.615184 0.788384 0
    outer loop
      vertex 61.5236 -4.86505 24
      vertex 61.7171 -5.01604 0
      vertex 61.5236 -4.86505 0
    endloop
  endfacet
  facet normal 0.653214 0.757173 -0
    outer loop
      vertex 61.5236 -4.86505 0
      vertex 61.3378 -4.70476 24
      vertex 61.5236 -4.86505 24
    endloop
  endfacet
  facet normal 0.653214 0.757173 0
    outer loop
      vertex 61.3378 -4.70476 24
      vertex 61.5236 -4.86505 0
      vertex 61.3378 -4.70476 0
    endloop
  endfacet
  facet normal 0.689413 0.724368 -0
    outer loop
      vertex 61.3378 -4.70476 0
      vertex 61.16 -4.53554 24
      vertex 61.3378 -4.70476 24
    endloop
  endfacet
  facet normal 0.689413 0.724368 0
    outer loop
      vertex 61.16 -4.53554 24
      vertex 61.3378 -4.70476 0
      vertex 61.16 -4.53554 0
    endloop
  endfacet
  facet normal 0.724312 0.689472 0
    outer loop
      vertex 61.16 -4.53554 24
      vertex 60.9908 -4.35779 0
      vertex 60.9908 -4.35779 24
    endloop
  endfacet
  facet normal 0.724312 0.689472 0
    outer loop
      vertex 60.9908 -4.35779 0
      vertex 61.16 -4.53554 24
      vertex 61.16 -4.53554 0
    endloop
  endfacet
  facet normal 0.757188 0.653198 0
    outer loop
      vertex 60.9908 -4.35779 24
      vertex 60.8305 -4.17197 0
      vertex 60.8305 -4.17197 24
    endloop
  endfacet
  facet normal 0.757188 0.653198 0
    outer loop
      vertex 60.8305 -4.17197 0
      vertex 60.9908 -4.35779 24
      vertex 60.9908 -4.35779 0
    endloop
  endfacet
  facet normal 0.788515 0.615015 0
    outer loop
      vertex 60.8305 -4.17197 24
      vertex 60.6796 -3.9785 0
      vertex 60.6796 -3.9785 24
    endloop
  endfacet
  facet normal 0.788515 0.615015 0
    outer loop
      vertex 60.6796 -3.9785 0
      vertex 60.8305 -4.17197 24
      vertex 60.8305 -4.17197 0
    endloop
  endfacet
  facet normal 0.817419 0.576043 0
    outer loop
      vertex 60.6796 -3.9785 24
      vertex 60.5382 -3.77785 0
      vertex 60.5382 -3.77785 24
    endloop
  endfacet
  facet normal 0.817419 0.576043 0
    outer loop
      vertex 60.5382 -3.77785 0
      vertex 60.6796 -3.9785 24
      vertex 60.6796 -3.9785 0
    endloop
  endfacet
  facet normal 0.844847 0.535007 0
    outer loop
      vertex 60.5382 -3.77785 24
      vertex 60.4069 -3.57051 0
      vertex 60.4069 -3.57051 24
    endloop
  endfacet
  facet normal 0.844847 0.535007 0
    outer loop
      vertex 60.4069 -3.57051 0
      vertex 60.5382 -3.77785 24
      vertex 60.5382 -3.77785 0
    endloop
  endfacet
  facet normal 0.870198 0.492703 0
    outer loop
      vertex 60.4069 -3.57051 24
      vertex 60.286 -3.35698 0
      vertex 60.286 -3.35698 24
    endloop
  endfacet
  facet normal 0.870198 0.492703 0
    outer loop
      vertex 60.286 -3.35698 0
      vertex 60.4069 -3.57051 24
      vertex 60.4069 -3.57051 0
    endloop
  endfacet
  facet normal 0.893128 0.449803 0
    outer loop
      vertex 60.286 -3.35698 24
      vertex 60.1756 -3.13777 0
      vertex 60.1756 -3.13777 24
    endloop
  endfacet
  facet normal 0.893128 0.449803 0
    outer loop
      vertex 60.1756 -3.13777 0
      vertex 60.286 -3.35698 24
      vertex 60.286 -3.35698 0
    endloop
  endfacet
  facet normal 0.91438 0.404857 0
    outer loop
      vertex 60.1756 -3.13777 24
      vertex 60.1146 -3 0
      vertex 60.1146 -3 24
    endloop
  endfacet
  facet normal 0.91438 0.404857 0
    outer loop
      vertex 60.1146 -3 0
      vertex 60.1756 -3.13777 24
      vertex 60.1756 -3.13777 0
    endloop
  endfacet
  facet normal -0.475059 -0.879954 0
    outer loop
      vertex 18 -84.9928 0
      vertex 18.8967 -85.4769 24
      vertex 18 -84.9928 24
    endloop
  endfacet
  facet normal -0.475059 -0.879954 -0
    outer loop
      vertex 18.8967 -85.4769 24
      vertex 18 -84.9928 0
      vertex 18.8967 -85.4769 0
    endloop
  endfacet
  facet normal -0.447214 -0.894427 0
    outer loop
      vertex 18.8967 -85.4769 0
      vertex 19.0361 -85.5466 24
      vertex 18.8967 -85.4769 24
    endloop
  endfacet
  facet normal -0.447214 -0.894427 -0
    outer loop
      vertex 19.0361 -85.5466 24
      vertex 18.8967 -85.4769 0
      vertex 19.0361 -85.5466 0
    endloop
  endfacet
  facet normal -0.419576 -0.90772 0
    outer loop
      vertex 19.0361 -85.5466 0
      vertex 20.7584 -86.3427 24
      vertex 19.0361 -85.5466 24
    endloop
  endfacet
  facet normal -0.419576 -0.90772 -0
    outer loop
      vertex 20.7584 -86.3427 24
      vertex 19.0361 -85.5466 0
      vertex 20.7584 -86.3427 0
    endloop
  endfacet
  facet normal -0.392202 -0.919879 0
    outer loop
      vertex 20.7584 -86.3427 0
      vertex 20.8942 -86.4006 24
      vertex 20.7584 -86.3427 24
    endloop
  endfacet
  facet normal -0.392202 -0.919879 -0
    outer loop
      vertex 20.8942 -86.4006 24
      vertex 20.7584 -86.3427 0
      vertex 20.8942 -86.4006 0
    endloop
  endfacet
  facet normal -0.365083 -0.930975 0
    outer loop
      vertex 20.8942 -86.4006 0
      vertex 22.7162 -87.1151 24
      vertex 20.8942 -86.4006 24
    endloop
  endfacet
  facet normal -0.365083 -0.930975 -0
    outer loop
      vertex 22.7162 -87.1151 24
      vertex 20.8942 -86.4006 0
      vertex 22.7162 -87.1151 0
    endloop
  endfacet
  facet normal -0.339099 -0.940751 0
    outer loop
      vertex 22.7162 -87.1151 0
      vertex 22.8477 -87.1625 24
      vertex 22.7162 -87.1151 24
    endloop
  endfacet
  facet normal -0.339099 -0.940751 -0
    outer loop
      vertex 22.8477 -87.1625 24
      vertex 22.7162 -87.1151 0
      vertex 22.8477 -87.1625 0
    endloop
  endfacet
  facet normal -0.312269 -0.949994 0
    outer loop
      vertex 22.8477 -87.1625 0
      vertex 24.771 -87.7947 24
      vertex 22.8477 -87.1625 24
    endloop
  endfacet
  facet normal -0.312269 -0.949994 -0
    outer loop
      vertex 24.771 -87.7947 24
      vertex 22.8477 -87.1625 0
      vertex 24.771 -87.7947 0
    endloop
  endfacet
  facet normal -0.287209 -0.957868 0
    outer loop
      vertex 24.771 -87.7947 0
      vertex 24.8974 -87.8326 24
      vertex 24.771 -87.7947 24
    endloop
  endfacet
  facet normal -0.287209 -0.957868 -0
    outer loop
      vertex 24.8974 -87.8326 24
      vertex 24.771 -87.7947 0
      vertex 24.8974 -87.8326 0
    endloop
  endfacet
  facet normal -0.261634 -0.965167 0
    outer loop
      vertex 24.8974 -87.8326 0
      vertex 26.9245 -88.3821 24
      vertex 24.8974 -87.8326 24
    endloop
  endfacet
  facet normal -0.261634 -0.965167 -0
    outer loop
      vertex 26.9245 -88.3821 24
      vertex 24.8974 -87.8326 0
      vertex 26.9245 -88.3821 0
    endloop
  endfacet
  facet normal -0.237368 -0.97142 0
    outer loop
      vertex 26.9245 -88.3821 0
      vertex 27.044 -88.4113 24
      vertex 26.9245 -88.3821 24
    endloop
  endfacet
  facet normal -0.237368 -0.97142 -0
    outer loop
      vertex 27.044 -88.4113 24
      vertex 26.9245 -88.3821 0
      vertex 27.044 -88.4113 0
    endloop
  endfacet
  facet normal -0.213592 -0.976923 0
    outer loop
      vertex 27.044 -88.4113 0
      vertex 29.1763 -88.8775 24
      vertex 27.044 -88.4113 24
    endloop
  endfacet
  facet normal -0.213592 -0.976923 -0
    outer loop
      vertex 29.1763 -88.8775 24
      vertex 27.044 -88.4113 0
      vertex 29.1763 -88.8775 0
    endloop
  endfacet
  facet normal -0.191632 -0.981467 0
    outer loop
      vertex 29.1763 -88.8775 0
      vertex 29.29 -88.8997 24
      vertex 29.1763 -88.8775 24
    endloop
  endfacet
  facet normal -0.191632 -0.981467 -0
    outer loop
      vertex 29.29 -88.8997 24
      vertex 29.1763 -88.8775 0
      vertex 29.29 -88.8997 0
    endloop
  endfacet
  facet normal -0.168295 -0.985737 0
    outer loop
      vertex 29.29 -88.8997 0
      vertex 31.5292 -89.282 24
      vertex 29.29 -88.8997 24
    endloop
  endfacet
  facet normal -0.168295 -0.985737 -0
    outer loop
      vertex 31.5292 -89.282 24
      vertex 29.29 -88.8997 0
      vertex 31.5292 -89.282 0
    endloop
  endfacet
  facet normal -0.147428 -0.989073 0
    outer loop
      vertex 31.5292 -89.282 0
      vertex 31.6352 -89.2978 24
      vertex 31.5292 -89.282 24
    endloop
  endfacet
  facet normal -0.147428 -0.989073 -0
    outer loop
      vertex 31.6352 -89.2978 24
      vertex 31.5292 -89.282 0
      vertex 31.6352 -89.2978 0
    endloop
  endfacet
  facet normal -0.125917 -0.992041 0
    outer loop
      vertex 31.6352 -89.2978 0
      vertex 33.983 -89.5958 24
      vertex 31.6352 -89.2978 24
    endloop
  endfacet
  facet normal -0.125917 -0.992041 -0
    outer loop
      vertex 33.983 -89.5958 24
      vertex 31.6352 -89.2978 0
      vertex 33.983 -89.5958 0
    endloop
  endfacet
  facet normal -0.105892 -0.994378 0
    outer loop
      vertex 33.983 -89.5958 0
      vertex 34.0816 -89.6063 24
      vertex 33.983 -89.5958 24
    endloop
  endfacet
  facet normal -0.105892 -0.994378 -0
    outer loop
      vertex 34.0816 -89.6063 24
      vertex 33.983 -89.5958 0
      vertex 34.0816 -89.6063 0
    endloop
  endfacet
  facet normal -0.0864442 -0.996257 0
    outer loop
      vertex 34.0816 -89.6063 0
      vertex 36.5387 -89.8195 24
      vertex 34.0816 -89.6063 24
    endloop
  endfacet
  facet normal -0.0864442 -0.996257 -0
    outer loop
      vertex 36.5387 -89.8195 24
      vertex 34.0816 -89.6063 0
      vertex 36.5387 -89.8195 0
    endloop
  endfacet
  facet normal -0.0686152 -0.997643 0
    outer loop
      vertex 36.5387 -89.8195 0
      vertex 36.6303 -89.8258 24
      vertex 36.5387 -89.8195 24
    endloop
  endfacet
  facet normal -0.0686152 -0.997643 -0
    outer loop
      vertex 36.6303 -89.8258 24
      vertex 36.5387 -89.8195 0
      vertex 36.6303 -89.8258 0
    endloop
  endfacet
  facet normal -0.0497979 -0.998759 0
    outer loop
      vertex 36.6303 -89.8258 0
      vertex 39.1975 -89.9538 24
      vertex 36.6303 -89.8258 24
    endloop
  endfacet
  facet normal -0.0497979 -0.998759 -0
    outer loop
      vertex 39.1975 -89.9538 24
      vertex 36.6303 -89.8258 0
      vertex 39.1975 -89.9538 0
    endloop
  endfacet
  facet normal -0.0328461 -0.99946 0
    outer loop
      vertex 39.1975 -89.9538 0
      vertex 39.2827 -89.9566 24
      vertex 39.1975 -89.9538 24
    endloop
  endfacet
  facet normal -0.0328461 -0.99946 -0
    outer loop
      vertex 39.2827 -89.9566 24
      vertex 39.1975 -89.9538 0
      vertex 39.2827 -89.9566 0
    endloop
  endfacet
  facet normal -0.0159636 -0.999873 0
    outer loop
      vertex 39.2827 -89.9566 0
      vertex 41.9384 -89.999 24
      vertex 39.2827 -89.9566 24
    endloop
  endfacet
  facet normal -0.0159636 -0.999873 -0
    outer loop
      vertex 41.9384 -89.999 24
      vertex 39.2827 -89.9566 0
      vertex 41.9384 -89.999 0
    endloop
  endfacet
  facet normal 0.00882968 -0.999961 0
    outer loop
      vertex 41.9384 -89.999 0
      vertex 42.029 -89.9982 24
      vertex 41.9384 -89.999 24
    endloop
  endfacet
  facet normal 0.00882968 -0.999961 0
    outer loop
      vertex 42.029 -89.9982 24
      vertex 41.9384 -89.999 0
      vertex 42.029 -89.9982 0
    endloop
  endfacet
  facet normal 1 -0 0
    outer loop
      vertex 108 -79.3755 8.8
      vertex 108 -31.35 7.6
      vertex 108 -31.35 8.8
    endloop
  endfacet
  facet normal 1 0 0
    outer loop
      vertex 108 -31.35 7.6
      vertex 108 -79.3755 8.8
      vertex 108 -79.3755 7.6
    endloop
  endfacet
  facet normal 1 -0 0
    outer loop
      vertex 108 -79.3755 16.4
      vertex 108 -31.35 15.2
      vertex 108 -31.35 16.4
    endloop
  endfacet
  facet normal 1 0 0
    outer loop
      vertex 108 -31.35 15.2
      vertex 108 -79.3755 16.4
      vertex 108 -79.3755 15.2
    endloop
  endfacet
  facet normal 1 0 0
    outer loop
      vertex 108 -31.35 16.4
      vertex 108 -30 24
      vertex 108 -31.35 22.8
    endloop
  endfacet
  facet normal 1 0 0
    outer loop
      vertex 108 -30 24
      vertex 108 -79.3755 22.8
      vertex 108 -31.35 22.8
    endloop
  endfacet
  facet normal 1 0 0
    outer loop
      vertex 108 -80.7565 24
      vertex 108 -79.3755 16.4
      vertex 108 -79.3755 22.8
    endloop
  endfacet
  facet normal 1 0 0
    outer loop
      vertex 108 -79.3755 16.4
      vertex 108 -80.7565 24
      vertex 108 -79.3755 15.2
    endloop
  endfacet
  facet normal 1 0 0
    outer loop
      vertex 108 -79.3755 15.2
      vertex 108 -80.7565 24
      vertex 108 -79.3755 8.8
    endloop
  endfacet
  facet normal 1 0 0
    outer loop
      vertex 108 -80.7565 0
      vertex 108 -79.3755 8.8
      vertex 108 -80.7565 24
    endloop
  endfacet
  facet normal 1 0 0
    outer loop
      vertex 108 -79.3755 8.8
      vertex 108 -80.7565 0
      vertex 108 -79.3755 7.6
    endloop
  endfacet
  facet normal 1 -0 0
    outer loop
      vertex 108 -80.7565 24
      vertex 108 -79.3755 22.8
      vertex 108 -30 24
    endloop
  endfacet
  facet normal 1 0 0
    outer loop
      vertex 108 -31.35 15.2
      vertex 108 -30 24
      vertex 108 -31.35 16.4
    endloop
  endfacet
  facet normal 1 0 0
    outer loop
      vertex 108 -30 24
      vertex 108 -31.35 15.2
      vertex 108 -30 0
    endloop
  endfacet
  facet normal 1 -0 0
    outer loop
      vertex 108 -31.35 8.8
      vertex 108 -30 0
      vertex 108 -31.35 15.2
    endloop
  endfacet
  facet normal 1 -0 0
    outer loop
      vertex 108 -31.35 7.6
      vertex 108 -30 0
      vertex 108 -31.35 8.8
    endloop
  endfacet
  facet normal 1 -0 0
    outer loop
      vertex 108 -31.35 1.2
      vertex 108 -30 0
      vertex 108 -31.35 7.6
    endloop
  endfacet
  facet normal 1 -0 0
    outer loop
      vertex 108 -79.3755 1.2
      vertex 108 -30 0
      vertex 108 -31.35 1.2
    endloop
  endfacet
  facet normal 1 0 0
    outer loop
      vertex 108 -79.3755 1.2
      vertex 108 -80.7565 0
      vertex 108 -30 0
    endloop
  endfacet
  facet normal 1 0 0
    outer loop
      vertex 108 -79.3755 7.6
      vertex 108 -80.7565 0
      vertex 108 -79.3755 1.2
    endloop
  endfacet
  facet normal -1 0 0
    outer loop
      vertex 18 -3 0
      vertex 18 -83.4587 1.2
      vertex 18 -3 1.2
    endloop
  endfacet
  facet normal -1 0 0
    outer loop
      vertex 18 -84.9928 0
      vertex 18 -83.4587 7.6
      vertex 18 -83.4587 1.2
    endloop
  endfacet
  facet normal -1 -0 0
    outer loop
      vertex 18 -83.4587 7.6
      vertex 18 -84.9928 0
      vertex 18 -83.4587 8.8
    endloop
  endfacet
  facet normal -1 -0 0
    outer loop
      vertex 18 -83.4587 8.8
      vertex 18 -84.9928 0
      vertex 18 -83.4587 15.2
    endloop
  endfacet
  facet normal -1 0 0
    outer loop
      vertex 18 -84.9928 24
      vertex 18 -83.4587 15.2
      vertex 18 -84.9928 0
    endloop
  endfacet
  facet normal -1 0 0
    outer loop
      vertex 18 -83.4587 15.2
      vertex 18 -84.9928 24
      vertex 18 -83.4587 16.4
    endloop
  endfacet
  facet normal -1 0 0
    outer loop
      vertex 18 -84.9928 0
      vertex 18 -83.4587 1.2
      vertex 18 -3 0
    endloop
  endfacet
  facet normal -1 0 0
    outer loop
      vertex 18 -83.4587 7.6
      vertex 18 -3 8.8
      vertex 18 -3 7.6
    endloop
  endfacet
  facet normal -1 -0 0
    outer loop
      vertex 18 -3 8.8
      vertex 18 -83.4587 7.6
      vertex 18 -83.4587 8.8
    endloop
  endfacet
  facet normal -1 0 0
    outer loop
      vertex 18 -83.4587 15.2
      vertex 18 -3 16.4
      vertex 18 -3 15.2
    endloop
  endfacet
  facet normal -1 -0 0
    outer loop
      vertex 18 -3 16.4
      vertex 18 -83.4587 15.2
      vertex 18 -83.4587 16.4
    endloop
  endfacet
  facet normal -1 0 0
    outer loop
      vertex 18 -83.4587 22.8
      vertex 18 -3 24
      vertex 18 -3 22.8
    endloop
  endfacet
  facet normal -1 0 0
    outer loop
      vertex 18 -83.4587 22.8
      vertex 18 -84.9928 24
      vertex 18 -3 24
    endloop
  endfacet
  facet normal -1 0 0
    outer loop
      vertex 18 -83.4587 16.4
      vertex 18 -84.9928 24
      vertex 18 -83.4587 22.8
    endloop
  endfacet
  facet normal 0 1 0
    outer loop
      vertex 60.1146 -3 24
      vertex 58.6704 -3 22.8
      vertex 18 -3 24
    endloop
  endfacet
  facet normal 0 1 0
    outer loop
      vertex 60.1146 -3 24
      vertex 58.6704 -3 16.4
      vertex 58.6704 -3 22.8
    endloop
  endfacet
  facet normal 0 1 0
    outer loop
      vertex 58.6704 -3 16.4
      vertex 58.6704 -3 15.2
      vertex 18 -3 16.4
    endloop
  endfacet
  facet normal 0 1 0
    outer loop
      vertex 60.1146 -3 24
      vertex 58.6704 -3 15.2
      vertex 58.6704 -3 16.4
    endloop
  endfacet
  facet normal 0 1 0
    outer loop
      vertex 60.1146 -3 24
      vertex 58.6704 -3 8.8
      vertex 58.6704 -3 15.2
    endloop
  endfacet
  facet normal 0 1 0
    outer loop
      vertex 58.6704 -3 8.8
      vertex 58.6704 -3 7.6
      vertex 18 -3 8.8
    endloop
  endfacet
  facet normal 0 1 -0
    outer loop
      vertex 60.1146 -3 0
      vertex 58.6704 -3 8.8
      vertex 60.1146 -3 24
    endloop
  endfacet
  facet normal 0 1 0
    outer loop
      vertex 58.6704 -3 8.8
      vertex 60.1146 -3 0
      vertex 58.6704 -3 7.6
    endloop
  endfacet
  facet normal 0 1 0
    outer loop
      vertex 58.6704 -3 7.6
      vertex 60.1146 -3 0
      vertex 58.6704 -3 1.2
    endloop
  endfacet
  facet normal 0 1 0
    outer loop
      vertex 18 -3 0
      vertex 58.6704 -3 1.2
      vertex 60.1146 -3 0
    endloop
  endfacet
  facet normal 0 1 0
    outer loop
      vertex 58.6704 -3 1.2
      vertex 18 -3 0
      vertex 18 -3 1.2
    endloop
  endfacet
  facet normal 0 1 0
    outer loop
      vertex 18 -3 24
      vertex 58.6704 -3 22.8
      vertex 18 -3 22.8
    endloop
  endfacet
  facet normal 0 1 0
    outer loop
      vertex 18 -3 16.4
      vertex 58.6704 -3 15.2
      vertex 18 -3 15.2
    endloop
  endfacet
  facet normal 0 1 0
    outer loop
      vertex 18 -3 8.8
      vertex 58.6704 -3 7.6
      vertex 18 -3 7.6
    endloop
  endfacet
endsolid OpenSCAD_Model
