{"type":"FeatureCollection","features":[{"type":"Feature","properties":{"name":"allowed_XY_domain"},"geometry":{"type":"Polygon","coordinates":[[[215.0,-1.8796],[207.51,-1.8796],[207.509,-1.914500000000496],[207.508,-1.9642],[207.507,-1.9990050000000004],[207.506,-2.0365399999999996],[207.505,-2.0486700000000004],[207.503,-2.0949566666671053],[207.502,-2.13028],[207.501,-2.13302],[207.498,-2.2022500000000003],[207.497,-2.21722],[207.493,-2.2724520000000004],[207.492,-2.28902],[207.491,-2.3012699999999997],[207.486,-2.358645000000272],[207.485,-2.3728800000000003],[207.484,-2.3851500000000003],[207.478,-2.45381],[207.477,-2.4565799999999998],[207.476,-2.4688600000000003],[207.471,-2.517767142857063],[207.469,-2.54009],[207.467,-2.5523800000000003],[207.461,-2.6035899999999392],[207.459,-2.6234200000000003],[207.458,-2.6329399999999996],[207.457,-2.6357],[207.451,-2.681093333333405],[207.448,-2.70655],[207.447,-2.7160599999999997],[207.446,-2.71882],[207.437,-2.7867100000000002],[207.436,-2.7894699999999997],[207.435,-2.7989699999999997],[207.434,-2.8017200000000004],[207.424,-2.86942],[207.423,-2.8721699999999997],[207.422,-2.88164],[207.421,-2.88439],[207.41,-2.9519],[207.409,-2.95465],[207.408,-2.9640899999999997],[207.407,-2.96683],[207.401,-3.00049],[207.395,-3.03688],[207.393,-3.0462800000000003],[207.392,-3.04901],[207.386,-3.079997692307681],[207.379,-3.1188700000000003],[207.377,-3.1282300000000003],[207.376,-3.13094],[207.37,-3.1596371428571235],[207.362,-3.20061],[207.36,-3.20991],[207.359,-3.2126099999999997],[207.345,-3.2793900000000002],[207.344,-3.2820799999999997],[207.342,-3.29132],[207.341,-3.2939999999999996],[207.326,-3.3606100000000003],[207.325,-3.3632799999999996],[207.323,-3.3724499999999997],[207.322,-3.3751100000000003],[207.306,-3.4415500000000003],[207.305,-3.4442000000000004],[207.303,-3.4532999999999996],[207.302,-3.45594],[207.299,-3.4676347058823005],[207.285,-3.5248299999999997],[207.282,-3.53646],[207.264,-3.6025799999999997],[207.263,-3.60517],[207.261,-3.6111233333333335],[207.26,-3.61669],[207.241,-3.6826499999999998],[207.24,-3.6852099999999997],[207.238,-3.69404],[207.237,-3.6966],[207.218,-3.759119500000075],[207.217,-3.76495],[207.214,-3.77367],[207.213,-3.7762000000000002],[207.193,-3.84187],[207.192,-3.8443699999999996],[207.189,-3.85548],[207.168,-3.9180313636363477],[207.167,-3.9234799999999996],[207.164,-3.9319699999999997],[207.163,-3.93443],[207.141,-3.99983],[207.14,-4.00226],[207.137,-4.01305],[207.114,-4.078329999999999],[207.113,-4.0807199999999995],[207.11,-4.08896],[207.109,-4.091340000000001],[207.086,-4.156499999999999],[207.085,-4.15885],[207.082,-4.16694],[207.081,-4.16929],[207.057,-4.23435],[207.056,-4.2366600000000005],[207.053,-4.2446],[207.052,-4.2469],[207.027,-4.311859999999999],[207.026,-4.31412],[207.023,-4.32191],[207.022,-4.32416],[206.996,-4.38903],[206.995,-4.391249999999999],[206.992,-4.3988700000000005],[206.991,-4.40109],[206.965,-4.46587],[206.964,-4.46804],[206.961,-4.4755],[206.96,-4.47766],[206.932,-4.54237],[206.931,-4.54449],[206.928,-4.55178],[206.927,-4.55389],[206.899,-4.618539999999999],[206.898,-4.62061],[206.895,-4.62771],[206.894,-4.629770000000001],[206.866,-4.692142413793093],[206.865,-4.6963799999999996],[206.863,-4.69984],[206.861,-4.70531],[206.831,-4.76987],[206.83,-4.77182],[206.827,-4.77855],[206.826,-4.7805],[206.796,-4.8450299999999995],[206.795,-4.84693],[206.792,-4.85346],[206.791,-4.85535],[206.76,-4.9198699999999995],[206.759,-4.9216999999999995],[206.756,-4.92803],[206.755,-4.92986],[206.723,-4.99437],[206.722,-4.99615],[206.719,-5.00226],[206.718,-5.00404],[206.686,-5.06856],[206.685,-5.07028],[206.682,-5.076169999999999],[206.681,-5.07788],[206.648,-5.14243],[206.647,-5.144080000000001],[206.644,-5.149760000000001],[206.643,-5.151400000000001],[206.609,-5.21599],[206.608,-5.21757],[206.605,-5.22302],[206.604,-5.224600000000001],[206.57,-5.2892399999999995],[206.569,-5.290760000000001],[206.566,-5.29598],[206.565,-5.29749],[206.53,-5.3622],[206.529,-5.36365],[206.526,-5.37008],[206.49,-5.43487],[206.489,-5.436249999999999],[206.486,-5.44099],[206.485,-5.44236],[206.449,-5.50727],[206.448,-5.508570000000001],[206.446,-5.513059999999999],[206.445,-5.51436],[206.408,-5.57939],[206.407,-5.58062],[206.404,-5.58609],[206.366,-5.651260000000001],[206.365,-5.65242],[206.363,-5.65639],[206.362,-5.6575500000000005],[206.324,-5.72289],[206.323,-5.72397],[206.321,-5.727679999999999],[206.32,-5.72875],[206.283,-5.79036],[206.282,-5.79186],[206.269,-5.8154900000000005],[206.266,-5.8202],[206.237,-5.87185],[206.234,-5.87834],[206.207,-5.93003],[206.204,-5.936640000000001],[206.179,-5.98916],[206.176,-5.99587],[206.153,-6.04918],[206.15,-6.0559899999999995],[206.128,-6.11173],[206.127,-6.11517],[195.619,-34.1036],[195.618,-34.107299999999995],[195.613,-34.1197],[195.612,-34.1233],[195.551,-34.2775],[195.548,-34.2843],[195.538,-34.3077],[195.535,-34.314499999999995],[195.473,-34.457899999999995],[195.47,-34.464600000000004],[195.46,-34.487700000000004],[195.457,-34.4944],[195.39,-34.6356],[195.387,-34.6422],[195.375,-34.665],[195.372,-34.6716],[195.301,-34.8106],[195.297,-34.817099999999996],[195.285,-34.8394],[195.282,-34.8459],[195.206,-34.9825],[195.202,-34.9889],[195.19,-35.0108],[195.186,-35.0172],[195.106,-35.1512],[195.102,-35.1575],[195.088,-35.179],[195.084,-35.1853],[195.0,-35.3166],[194.996,-35.3227],[194.982,-35.3438],[194.977,-35.349900000000005],[194.888,-35.4784],[194.884,-35.4844],[194.869,-35.504999999999995],[194.865,-35.510999999999996],[194.772,-35.6365],[194.768,-35.6423],[194.752,-35.6625],[194.748,-35.6683],[194.651,-35.7907],[194.646,-35.7964],[194.63,-35.816],[194.625,-35.821600000000004],[194.524,-35.940799999999996],[194.519,-35.9464],[194.502,-35.9654],[194.498,-35.9709],[194.393,-36.0867],[194.388,-36.0921],[194.37,-36.110600000000005],[194.365,-36.116],[194.257,-36.2282],[194.251,-36.2335],[194.233,-36.251400000000004],[194.228,-36.2566],[194.116,-36.3652],[194.111,-36.3703],[194.092,-36.387699999999995],[194.087,-36.3926],[193.971,-36.4976],[193.965,-36.5025],[193.946,-36.5192],[193.941,-36.524],[193.822,-36.6251],[193.816,-36.6298],[193.796,-36.6459],[193.791,-36.6505],[193.668,-36.747699999999995],[193.662,-36.7522],[193.642,-36.7676],[193.636,-36.772099999999995],[193.511,-36.8651],[193.505,-36.8695],[193.484,-36.8842],[193.478,-36.8885],[193.35,-36.9774],[193.344,-36.9816],[193.323,-36.995599999999996],[193.317,-36.999700000000004],[193.185,-37.0844],[193.179,-37.088300000000004],[193.157,-37.1017],[193.151,-37.1055],[193.017,-37.1858],[193.011,-37.1896],[192.989,-37.2023],[192.982,-37.2059],[192.846,-37.281800000000004],[192.839,-37.2853],[192.817,-37.2973],[192.811,-37.3007],[192.672,-37.3721],[192.665,-37.3754],[192.642,-37.3866],[192.636,-37.3898],[192.494,-37.4566],[192.488,-37.4597],[192.465,-37.4702],[192.458,-37.4732],[192.314,-37.5353],[192.308,-37.5382],[192.284,-37.5479],[192.277,-37.5506],[192.132,-37.6081],[192.125,-37.6107],[192.102,-37.6197],[192.095,-37.6222],[191.948,-37.674800000000005],[191.941,-37.6773],[191.917,-37.6854],[191.91,-37.6877],[191.761,-37.7355],[191.754,-37.737700000000004],[191.729,-37.7451],[191.722,-37.7471],[191.572,-37.790099999999995],[191.565,-37.792],[191.541,-37.7986],[191.533,-37.800399999999996],[191.382,-37.8384],[191.375,-37.8401],[191.35,-37.8459],[191.343,-37.8475],[191.19,-37.8805],[191.183,-37.882000000000005],[191.156,-37.8874],[191.127,-37.893299999999996],[191.122,-37.8945],[191.065,-37.9079],[191.057,-37.9096],[191.001,-37.9247],[190.994,-37.9267],[190.939,-37.9436],[190.932,-37.9458],[190.877,-37.9645],[190.87,-37.967],[190.815,-37.9874],[190.808,-37.9901],[190.755,-38.0124],[190.748,-38.015299999999996],[190.695,-38.0393],[190.688,-38.0424],[190.636,-38.0681],[190.63,-38.0715],[190.579,-38.0988],[190.572,-38.1024],[190.522,-38.1315],[190.516,-38.1352],[190.466,-38.1659],[190.46,-38.1699],[190.412,-38.202200000000005],[190.406,-38.2064],[190.358,-38.2402],[190.353,-38.2446],[190.307,-38.2799],[190.301,-38.2845],[190.256,-38.3214],[190.25,-38.3261],[190.207,-38.3644],[190.201,-38.3694],[190.159,-38.409099999999995],[190.153,-38.4142],[190.112,-38.4553],[190.107,-38.4606],[190.068,-38.503],[190.063,-38.5084],[190.024,-38.552099999999996],[190.02,-38.5577],[189.983,-38.602599999999995],[189.978,-38.6084],[189.943,-38.654399999999995],[189.938,-38.660399999999996],[189.905,-38.7076],[189.9,-38.7136],[189.868,-38.7619],[189.864,-38.768100000000004],[189.833,-38.8174],[189.83,-38.8237],[189.801,-38.873999999999995],[189.797,-38.8805],[189.783,-38.9072],[189.779,-38.9137],[189.777,-38.917100000000005],[189.758,-38.9538],[189.754,-38.960300000000004],[189.742,-38.9825],[189.738,-38.9889],[189.725,-39.0108],[189.722,-39.0172],[189.709,-39.0389],[189.705,-39.0452],[189.691,-39.0668],[189.688,-39.073],[189.674,-39.094300000000004],[189.67,-39.1004],[189.656,-39.1215],[189.652,-39.1276],[189.637,-39.1485],[189.633,-39.1545],[189.618,-39.1751],[189.614,-39.1811],[189.599,-39.2014],[189.594,-39.207300000000004],[189.579,-39.2274],[189.574,-39.2332],[189.558,-39.2531],[189.554,-39.2588],[189.538,-39.278400000000005],[189.533,-39.284099999999995],[189.517,-39.303399999999996],[189.512,-39.309],[189.495,-39.328],[189.49,-39.3335],[189.473,-39.3523],[189.468,-39.3577],[189.451,-39.3763],[189.446,-39.3816],[189.428,-39.3998],[189.423,-39.405100000000004],[189.405,-39.423],[189.4,-39.428200000000004],[189.382,-39.4458],[189.376,-39.450900000000004],[189.358,-39.468199999999996],[189.352,-39.4732],[189.334,-39.4902],[189.328,-39.4951],[189.309,-39.5118],[189.303,-39.5166],[189.284,-39.533100000000005],[189.278,-39.537800000000004],[189.259,-39.5539],[189.253,-39.558499999999995],[189.233,-39.574200000000005],[189.227,-39.5788],[189.207,-39.5942],[189.201,-39.598600000000005],[189.181,-39.6138],[189.175,-39.6181],[189.154,-39.6329],[189.148,-39.637100000000004],[189.128,-39.6515],[189.122,-39.655699999999996],[189.1,-39.669799999999995],[189.094,-39.6738],[189.073,-39.6875],[189.067,-39.691500000000005],[189.045,-39.704899999999995],[189.039,-39.7087],[189.017,-39.7217],[189.011,-39.7255],[188.989,-39.7382],[188.982,-39.7418],[188.96,-39.7541],[188.954,-39.7576],[188.931,-39.7696],[188.925,-39.772999999999996],[188.902,-39.7846],[188.896,-39.7879],[188.873,-39.799099999999996],[188.866,-39.8023],[188.844,-39.813199999999995],[188.837,-39.8163],[188.814,-39.8267],[188.807,-39.8297],[188.784,-39.8398],[188.777,-39.8427],[188.754,-39.8524],[188.747,-39.8551],[188.723,-39.8644],[188.716,-39.8671],[188.693,-39.876000000000005],[188.686,-39.8786],[188.662,-39.887100000000004],[188.655,-39.8895],[188.631,-39.8977],[188.624,-39.9],[188.6,-39.9077],[188.593,-39.9099],[188.568,-39.9173],[188.561,-39.919399999999996],[188.537,-39.9263],[188.53,-39.9283],[188.505,-39.9349],[188.498,-39.9367],[188.474,-39.9429],[188.466,-39.9446],[188.442,-39.9504],[188.435,-39.952],[188.41,-39.957300000000004],[188.403,-39.9588],[188.378,-39.9638],[188.37,-39.965199999999996],[188.346,-39.9697],[188.338,-39.971000000000004],[188.313,-39.9751],[188.306,-39.9762],[188.281,-39.9799],[188.274,-39.981],[188.248,-39.984300000000005],[188.241,-39.9852],[188.216,-39.9881],[188.209,-39.9889],[188.183,-39.991299999999995],[188.176,-39.992000000000004],[188.151,-39.9941],[188.143,-39.9946],[188.118,-39.996300000000005],[188.111,-39.996700000000004],[188.085,-39.9979],[188.078,-39.9982],[188.053,-39.9991],[188.045,-39.999300000000005],[188.01,-39.9998],[188.006,-39.9999],[187.994,-40.0],[145.279,-40.0],[145.247,-40.0003],[145.245,-40.0003],[145.232,-40.0005],[145.228,-40.0006],[145.169,-40.0026],[145.161,-40.0029],[145.103,-40.0068],[145.096,-40.0074],[145.038,-40.0131],[145.031,-40.0139],[144.973,-40.0215],[144.966,-40.0226],[144.909,-40.0321],[144.901,-40.0334],[144.844,-40.0448],[144.837,-40.0463],[144.779,-40.0599],[144.775,-40.0608],[144.762,-40.0641],[144.76,-40.0646],[144.73,-40.0723],[144.729,-40.0728],[104.264,-50.9293],[104.26,-50.9302],[104.248,-50.9334],[104.244,-50.9343],[104.21,-50.9429],[104.203,-50.9446],[104.178,-50.9504],[104.171,-50.952],[104.146,-50.9573],[104.139,-50.9588],[104.107,-50.9652],[104.082,-50.9697],[104.075,-50.971],[104.05,-50.9751],[104.042,-50.9762],[104.017,-50.9799],[104.01,-50.981],[103.985,-50.9843],[103.978,-50.9852],[103.952,-50.9881],[103.945,-50.9889],[103.92,-50.9913],[103.912,-50.992],[103.887,-50.9941],[103.88,-50.9946],[103.855,-50.9963],[103.847,-50.9967],[103.822,-50.9979],[103.814,-50.9982],[103.789,-50.9991],[103.782,-50.9993],[103.746,-50.9998],[103.743,-50.9999],[103.73,-51.0],[76.2692,-51.0],[76.2566,-50.9999],[76.2529,-50.9998],[76.2176,-50.9992],[76.2102,-50.9991],[76.1849,-50.9982],[76.1775,-50.9979],[76.1522,-50.9967],[76.1449,-50.9962],[76.1196,-50.9946],[76.1122,-50.994],[76.0869,-50.992],[76.0796,-50.9913],[76.0544,-50.9888],[76.047,-50.988],[76.0219,-50.9851],[76.0145,-50.9842],[75.9894,-50.9809],[75.9821,-50.9799],[75.957,-50.9761],[75.9498,-50.975],[75.9247,-50.9708],[75.9175,-50.9696],[75.8925,-50.965],[75.8853,-50.9637],[75.8604,-50.9587],[75.8532,-50.9572],[75.8284,-50.9518],[75.8213,-50.9502],[75.7966,-50.9445],[75.7894,-50.9427],[75.7551,-50.9341],[75.7515,-50.9332],[75.7393,-50.93],[75.7357,-50.9291],[35.271,-40.0727],[35.2692,-40.0722],[35.2387,-40.0643],[35.2369,-40.0639],[35.2205,-40.0598],[35.1621,-40.0462],[35.1549,-40.0446],[35.098,-40.0333],[35.0907,-40.032],[35.0334,-40.0225],[35.0261,-40.0214],[34.9686,-40.0139],[34.9612,-40.013],[34.9034,-40.0073],[34.8961,-40.0067],[34.8381,-40.0029],[34.8308,-40.0026],[34.7709,-40.0006],[34.7672,-40.0005],[34.7537,-40.0003],[34.7518,-40.0003],[34.7209,-40.0],[0.0,-40.0],[0.0,180.0],[32.02896588320367,180.0],[31.615610118385916,179.37754117640102],[30.85843572405109,178.20640133516963],[30.11569003095522,177.02605798404534],[29.387484893867622,175.8366888783952],[28.673929977803425,174.63847313283168],[27.975132741508304,173.43159119423862],[27.291198421275666,172.21622481459679],[26.622230015098467,170.99255702361245],[25.968328267157972,169.76077210115392],[25.32959165265217,168.52105554949964],[24.706116362965844,167.27359406540234],[24.097996291184174,166.01857551197287],[23.505323017953202,164.75618889038918],[22.928185797687846,163.48662431143302],[22.366671545130586,162.21007296686014],[21.82086482226245,160.92672710060748],[21.290847825568278,159.63677997984203],[20.7767003736582,158.34042586585537],[20.278499895247293,157.03785998480868],[19.796321417495093,155.72927849833243],[19.330237554706727,154.41487847398514],[18.88031849739758,153.09485785557575],[18.446632001722733,151.76941543335403],[18.02924337927321,150.4387508140733],[17.628215487240283,149.10306439093074],[17.243608718949375,147.76255731338858],[16.875480994765127,146.41743145688193],[16.523887753368683,145.06788939241704],[16.18888194340896,143.71413435606482],[15.870514015528684,142.35637021835421],[15.568831914766761,140.99480145357015],[15.283881073337852,139.62963310896026],[15.01570440379058,138.2610707738559],[14.764342292544953,136.88932054871069],[14.529832593810312,135.51458901406286],[14.31221062388471,134.13708319942486],[14.11150915583633,132.75701055210553],[13.927758414568032,131.3745789059692],[13.760986072265567,129.98999645013686],[13.611217244230232,128.60347169763344],[13.47847448509664,127.21521345398659],[13.36277778543608,125.82543078578144],[13.264144568745905,124.43433298917573],[13.1825896888258,123.04212955838085],[13.118125427540647,121.64903015411254],[13.070761492971101,120.25524457201682],[13.040505017951503,118.86098271107564],[13.027360558995696,117.46645454199674],[13.031330095610826,116.07187007559291],[13.0524130299993,114.67743933115511],[13.090606187148751,113.28337230482433],[13.145903815310163,111.88987893796696],[13.218297586864196,110.4971690855583],[13.307776599575078,109.10545248457947],[13.414327378232656,107.71493872243137],[13.537933876681606,106.32583720537188],[13.678577480237877,104.93835712697995],[13.836237008492148,103.55270743665183],[13.87544372250062,103.2259848199145],[14.050095432507803,101.84237419139674],[14.241713022362816,100.4610109913606],[14.450267635161467,99.08210324802312],[14.675727863346182,97.70585861981823],[14.918059753435884,96.3324843641249],[15.17722681113932,94.96218730605418],[15.453190006850889,93.59517380730277],[15.745907781528373,92.2316497350754],[16.055336052951603,90.87182043108172],[16.381428222361095,89.51589068061324],[16.724135181475575,88.16406468170273],[17.08340531988756,86.81654601437337],[17.459184532835778,85.47353760997973],[17.851416229352893,84.13524172064771],[18.260041340788206,82.80185988881544],[18.684998329702978,81.4735929168823],[19.12622319913774,80.15064083696862],[19.583649502250182,78.83320288079125],[20.05720835232151,77.52147744966065],[20.546828433130912,76.21566208460166],[21.052436009695057,74.91595343660529],[21.57395493937277,73.62254723701301],[22.111306683331478,72.33563826804117],[22.664410318375147,71.05542033344666],[23.233182549130746,69.78208622934164],[23.817537720592497,68.51582771515828],[24.417387831020974,67.25683548477127],[25.032642545195912,66.00529913777963],[25.663209208020547,64.76140715095354],[26.308992858474767,63.52534684985102],[26.969896243916267,62.297304380606626],[27.645819834726126,61.07746468189931],[28.33666183929789,59.8660114571006],[29.042318219366706,58.66312714661025],[29.76268270567742,57.4689929003807],[30.497646813988013,56.28378855063722],[31.247099861407293,55.107692584795196],[32.01092898306295,53.94088211858114],[32.789019149098834,52.78353286935949],[33.58125318199805,51.63581912966994],[34.38751177422921,50.49791374098024],[35.20767350621409,49.36998806765621],[36.04161486461254,48.25221197115556],[36.889210260923576,47.14475378444679],[37.75033205039807,46.0477802866594],[38.62485055126214,44.96145667796705],[39.51263406424614,43.88594655470952],[40.41354889241869,42.82141188475519],[41.32745936132039,41.768012983109756],[42.25422783939622,40.7259084877732],[43.19371475872241,39.69525533584918],[44.1457786360245,38.676208739911516],[45.110276093984666,37.66892216462902],[46.0870618828333,36.67354730365503],[47.07598890222363,35.69023405678216],[48.07690822338397,34.71913050736862],[49.08966911154636,33.76038290003682],[50.11411904864612,32.81413561865],[51.15010375629112,31.88053116456804],[52.197467218994916,30.959710135187734],[53.25605170767251,30.051811202769116],[54.325697803393794,29.15697109355176],[55.40624442139108,28.27532456716476],[56.49752883531845,27.407004396331928],[57.59938670175701,26.552141346877164],[58.71165208496522,25.710864158031185],[59.83415748186745,24.883299523044272],[60.96673384727997,24.069572070106318],[62.10921061936793,23.269804343578713],[63.26141574533199,22.4841167855392],[64.42317570731822,21.712627717644082],[65.59431554854956,20.9554533233093],[66.77465889967388,20.212707630213387],[67.964028005324,19.484502493125817],[69.1622437508876,18.77094757706159],[70.36912568948058,18.072150340766484],[71.58449206912246,17.388216020533847],[72.80815986010677,16.71924761435666],[74.03994478256533,16.065345866416138],[75.27966133421964,15.426609251910335],[76.52712281831691,14.80313396222401],[77.78214137174638,14.19501389044234],[79.04452799333001,13.602340617211382],[80.31409257228621,13.025203396946026],[81.59064391685911,12.463689144388766],[82.87398978311174,11.91788242152063],[84.16393690387719,11.387865424826458],[84.2829686143282,11.340656217122646],[84.15104826596688,11.27323539458672],[84.01314874152678,11.200610905559099],[83.87615081486484,11.12629964572819],[83.74007511736488,11.050312806096377],[83.60494214152645,10.972661830002211],[83.47077223787863,10.893358411397074],[83.33758561191539,10.812414493084095],[83.20540232105272,10.729842264919652],[83.074242271608,10.645654161977566],[82.94412521580225,10.559862862676486],[82.81507074878543,10.472481286870508],[82.68709830568561,10.38352259390355],[82.56022715868197,10.293000180627539],[82.43447641410262,10.200927679384963],[82.30986500954711,10.107318955955826],[82.18641171103462,10.012188107469562],[82.06413511017783,9.915549460282042],[81.94305362138303,9.817417567818056],[81.82318547907707,9.717807208379662],[81.70454873496126,9.616733382920584],[81.58716125529293,9.514211312787166],[81.47104071819467,9.410256437426064],[81.3562046109923,9.304884412059128],[81.24267022758112,9.19811110532579],[81.13045466582167,9.0899525968933],[81.0195748249648,8.980425175035194],[80.9100474031067,8.869545334178326],[80.8018888946742,8.757329772418883],[80.69511558794088,8.643795389007705],[80.58974356257393,8.52895928180532],[80.48578868721283,8.412838744707074],[80.38326661707941,8.295451265038722],[80.28219279162033,8.176814520922928],[80.18258243218193,8.05694637861697],[80.08445053971795,7.935864889822172],[79.98781189253043,7.81358828896537],[79.89268104404417,7.690134990452887],[79.79907232061504,7.565523585897381],[79.70699981937246,7.439772841318023],[79.61647740609645,7.312901694314397],[79.5275187131295,7.184929251214573],[79.44013713732352,7.055874784197759],[79.35434583802243,6.9257577283919955],[79.27015773508035,6.794597678947277],[79.1875855069159,6.662414388084603],[79.10664158860293,6.529227762121368],[79.02733816999779,6.395057858473547],[78.94968719390363,6.25992488263511],[78.8737003542718,6.123849185135161],[78.7993890944409,5.986851258473219],[78.72676460541328,5.848951734033122],[78.65583782416986,5.710171378976013],[78.58661943202303,5.570531093112886],[78.51911985300801,5.430051905757166],[78.45334925231313,5.288754972557739],[78.38931753474894,5.146661572313016],[78.32703434325657,5.00379310376641],[78.26650905745556,4.860171082383775],[78.20775079223132,4.7158171371132465],[78.15076839636248,4.570753007128008],[78.09557045118825,4.425000538552447],[78.04216526931613,4.278581681172211],[77.99056089337007,4.131518485128651],[77.9407650947793,3.9838330975981444],[77.89278537260789,3.835547759456835],[77.84662895242553,3.6866848019312037],[77.80230278521933,3.537266643235095],[77.75981354634702,3.387315785193605],[77.71916763453167,3.2368548098543903],[77.68037117089813,3.0859063760868994],[77.64342999805108,2.934493216170026],[77.6083496791953,2.7826381323687115],[77.57513549729775,2.63036399350001],[77.54379245429206,2.4776937314891265],[77.51432527032523,2.3246503379159487],[77.48673838304677,2.1712568605526226],[77.46103594694043,2.0175363998926072],[77.43722183269854,1.8635121056718507],[77.41529962663911,1.709207173382516],[77.39527263016575,1.5546448407798277],[77.37714385927046,1.3998483843825513],[77.36091604407945,1.244841115967634],[77.34659162844198,1.0896463790595374],[77.3341727695624,0.9342875454147889],[77.32366133767513,0.7787880115022748],[77.31505891576317,0.6231711949798417],[77.30836679931963,0.46746053116764835],[77.3035859961526,0.3116794695189161],[77.30071722623347,0.1558514700885216],[77.29976092158844,0.0],[77.30071722623347,-0.1558514700885247],[77.3035859961526,-0.3116794695189193],[77.30836679931963,-0.4674605311676515],[77.31505891576317,-0.6231711949798447],[77.32366133767513,-0.7787880115022779],[77.3341727695624,-0.9342875454147919],[77.34659162844198,-1.0896463790595405],[77.36091604407945,-1.2448411159676371],[77.37714385927046,-1.3998483843825544],[77.39527263016575,-1.554644840779831],[77.41529962663911,-1.7092071733825187],[77.43722183269854,-1.8635121056718535],[77.46103594694043,-2.017536399892611],[77.48673838304677,-2.1712568605526257],[77.51432527032523,-2.3246503379159518],[77.54379245429206,-2.4776937314891296],[77.57513549729775,-2.630363993500013],[77.6083496791953,-2.7826381323687146],[77.64342999805108,-2.9344932161700292],[77.68037117089813,-3.085906376086903],[77.71916763453167,-3.236854809854393],[77.75981354634702,-3.3873157851936075],[77.80230278521933,-3.5372666432350988],[77.84662895242553,-3.6866848019312073],[77.89278537260789,-3.8355477594568375],[77.9407650947793,-3.9838330975981475],[77.99056089337009,-4.131518485128654],[78.04216526931613,-4.278581681172215],[78.09557045118825,-4.42500053855245],[78.15076839636248,-4.570753007128011],[78.20775079223134,-4.71581713711325],[78.26650905745556,-4.860171082383777],[78.32703434325657,-5.003793103766412],[78.38931753474894,-5.146661572313018],[78.45334925231313,-5.288754972557742],[78.51911985300801,-5.430051905757169],[78.58661943202303,-5.570531093112889],[78.65583782416986,-5.710171378976016],[78.72676460541328,-5.848951734033124],[78.7993890944409,-5.986851258473222],[78.87370035427182,-6.123849185135164],[78.94968719390363,-6.259924882635112],[79.02733816999779,-6.395057858473549],[79.10664158860293,-6.529227762121371],[79.1875855069159,-6.662414388084605],[79.27015773508035,-6.794597678947279],[79.35434583802243,-6.925757728391998],[79.44013713732352,-7.055874784197762],[79.5275187131295,-7.184929251214576],[79.61647740609645,-7.312901694314398],[79.70699981937246,-7.439772841318025],[79.79907232061504,-7.565523585897384],[79.89268104404417,-7.69013499045289],[79.98781189253043,-7.813588288965373],[80.08445053971795,-7.935864889822173],[80.18258243218195,-8.056946378616972],[80.28219279162033,-8.17681452092293],[80.38326661707941,-8.295451265038723],[80.48578868721283,-8.412838744707075],[80.58974356257394,-8.528959281805323],[80.69511558794088,-8.643795389007709],[80.8018888946742,-8.757329772418887],[80.9100474031067,-8.869545334178328],[81.0195748249648,-8.980425175035196],[81.13045466582167,-9.089952596893303],[81.24267022758112,-9.19811110532579],[81.3562046109923,-9.30488441205913],[81.47104071819467,-9.410256437426064],[81.58716125529293,-9.514211312787168],[81.70454873496128,-9.61673338292059],[81.82318547907707,-9.717807208379664],[81.94305362138303,-9.817417567818062],[82.06413511017783,-9.915549460282046],[82.18641171103462,-10.012188107469568],[82.30986500954711,-10.107318955955828],[82.43447641410262,-10.20092767938496],[82.56022715868198,-10.29300018062754],[82.68709830568561,-10.383522593903548],[82.81507074878543,-10.47248128687051],[82.94412521580225,-10.559862862676486],[83.074242271608,-10.64565416197757],[83.20540232105272,-10.729842264919654],[83.3375856119154,-10.8124144930841],[83.47077223787863,-10.893358411397076],[83.60494214152645,-10.972661830002215],[83.7400751173649,-11.050312806096379],[83.87615081486484,-11.12629964572819],[84.01314874152678,-11.2006109055591],[84.15104826596688,-11.273235394586719],[84.28982862102399,-11.34416217583013],[84.42946890688711,-11.413380567976972],[84.56994809424283,-11.48088014699199],[84.71124502744226,-11.546650747686865],[84.85333842768698,-11.610682465251056],[84.99620689623359,-11.672965656743429],[85.13982891761623,-11.733490942544437],[85.28418286288675,-11.792249207768672],[85.429246992872,-11.849231603637515],[85.57499946144756,-11.904429548811754],[85.72141831882779,-11.95783473068387],[85.86848151487135,-12.009439106629923],[86.01616690240185,-12.059234905220704],[86.16445224054316,-12.10721462739211],[86.31331519806879,-12.153371047574467],[86.4627333567649,-12.197697214780671],[86.6126842148064,-12.240186453652985],[86.76314519014561,-12.280832365468324],[86.9140936239131,-12.319628829101875],[87.06550678382997,-12.35657000194892],[87.2173618676313,-12.391650320804708],[87.36963600649999,-12.424864502702254],[87.52230626851087,-12.456207545707937],[87.67534966208405,-12.485674729674766],[87.82874313944737,-12.51326161695323],[87.9824636001074,-12.538964053059576],[88.13648789432816,-12.562778167301463],[88.29079282661748,-12.584700373360883],[88.44535515922017,-12.604727369834244],[88.60015161561745,-12.622856140729537],[88.75515888403237,-12.639083955920551],[88.91035362094047,-12.653408371558008],[89.06571245458521,-12.665827230437602],[89.22121198849773,-12.676338662324865],[89.37682880502015,-12.684941084236822],[89.53253946883235,-12.691633200680371],[89.68832053048108,-12.696414003847396],[89.84414852991148,-12.69928277376652],[90.0,-12.700239078411549],[90.15585147008852,-12.69928277376652],[90.31167946951892,-12.696414003847396],[90.46746053116766,-12.691633200680371],[90.62317119497985,-12.684941084236822],[90.77878801150229,-12.676338662324865],[90.93428754541479,-12.665827230437602],[91.08964637905953,-12.653408371558008],[91.24484111596763,-12.639083955920551],[91.39984838438255,-12.622856140729537],[91.55464484077983,-12.604727369834244],[91.70920717338252,-12.584700373360883],[91.86351210567186,-12.562778167301463],[92.0175363998926,-12.538964053059576],[92.17125686055263,-12.51326161695323],[92.32465033791595,-12.485674729674766],[92.47769373148913,-12.456207545707937],[92.63036399350001,-12.424864502702254],[92.78263813236872,-12.391650320804708],[92.93449321617003,-12.356570001948919],[93.0859063760869,-12.319628829101875],[93.23685480985439,-12.280832365468324],[93.3873157851936,-12.240186453652985],[93.5372666432351,-12.197697214780671],[93.68668480193121,-12.153371047574467],[93.83554775945684,-12.107214627392109],[93.98383309759815,-12.059234905220704],[94.13151848512865,-12.009439106629921],[94.27858168117221,-11.95783473068387],[94.42500053855244,-11.904429548811754],[94.570753007128,-11.849231603637515],[94.71581713711325,-11.792249207768672],[94.86017108238377,-11.733490942544437],[95.00379310376641,-11.672965656743429],[95.14666157231302,-11.610682465251056],[95.28875497255774,-11.546650747686861],[95.43005190575717,-11.480880146991987],[95.57053109311289,-11.41338056797697],[95.71017137897601,-11.344162175830132],[95.84895173403312,-11.273235394586719],[95.98685125847322,-11.200610905559099],[96.12384918513516,-11.12629964572819],[96.25992488263512,-11.050312806096377],[96.39505785847355,-10.972661830002215],[96.52922776212137,-10.893358411397076],[96.6624143880846,-10.8124144930841],[96.79459767894728,-10.72984226491965],[96.925757728392,-10.645654161977568],[97.05587478419777,-10.559862862676486],[97.18492925121457,-10.472481286870511],[97.31290169431439,-10.383522593903548],[97.43977284131802,-10.29300018062754],[97.56552358589738,-10.20092767938496],[97.69013499045289,-10.107318955955826],[97.81358828896538,-10.012188107469566],[97.93586488982217,-9.915549460282044],[98.05694637861697,-9.81741756781806],[98.17681452092293,-9.717807208379662],[98.29545126503872,-9.616733382920588],[98.41283874470707,-9.514211312787168],[98.52895928180531,-9.410256437426066],[98.6437953890077,-9.30488441205913],[98.75732977241888,-9.19811110532579],[98.86954533417833,-9.089952596893301],[98.9804251750352,-8.980425175035196],[99.0899525968933,-8.869545334178326],[99.1981111053258,-8.757329772418883],[99.30488441205912,-8.643795389007705],[99.41025643742607,-8.528959281805319],[99.51421131278717,-8.412838744707074],[99.61673338292059,-8.295451265038725],[99.71780720837967,-8.17681452092293],[99.81741756781805,-8.056946378616972],[99.91554946028205,-7.935864889822173],[100.01218810746957,-7.813588288965372],[100.10731895595583,-7.690134990452889],[100.20092767938496,-7.565523585897383],[100.29300018062754,-7.439772841318023],[100.38352259390355,-7.312901694314397],[100.4724812868705,-7.184929251214571],[100.55986286267648,-7.055874784197762],[100.64565416197757,-6.925757728392],[100.72984226491965,-6.794597678947279],[100.8124144930841,-6.662414388084605],[100.89335841139707,-6.52922776212137],[100.97266183000221,-6.395057858473549],[101.05031280609637,-6.259924882635111],[101.1262996457282,-6.123849185135162],[101.2006109055591,-5.986851258473219],[101.27323539458672,-5.848951734033121],[101.34416217583014,-5.710171378976011],[101.41338056797697,-5.570531093112891],[101.48088014699199,-5.4300519057571695],[101.54665074768687,-5.288754972557742],[101.61068246525106,-5.146661572313017],[101.67296565674343,-5.003793103766411],[101.73349094254444,-4.8601710823837765],[101.79224920776868,-4.715817137113247],[101.84923160363752,-4.570753007128008],[101.90442954881175,-4.425000538552447],[101.95783473068387,-4.278581681172211],[102.00943910662993,-4.13151848512865],[102.0592349052207,-3.983833097598149],[102.10721462739211,-3.8355477594568383],[102.15337104757447,-3.686684801931207],[102.19769721478067,-3.537266643235097],[102.24018645365298,-3.387315785193606],[102.28083236546833,-3.2368548098543917],[102.31962882910187,-3.0859063760869003],[102.35657000194892,-2.9344932161700266],[102.3916503208047,-2.7826381323687115],[102.42486450270225,-2.6303639935000094],[102.45620754570794,-2.4776937314891248],[102.48567472967477,-2.3246503379159527],[102.51326161695323,-2.1712568605526257],[102.53896405305957,-2.0175363998926104],[102.56277816730146,-1.8635121056718529],[102.58470037336089,-1.7092071733825174],[102.60472736983425,-1.554644840779829],[102.62285614072954,-1.3998483843825522],[102.63908395592055,-1.2448411159676342],[102.65340837155802,-1.0896463790595372],[102.6658272304376,-0.934287545414788],[102.67633866232487,-0.778788011502279],[102.68494108423683,-0.6231711949798454],[102.69163320068037,-0.4674605311676515],[102.6964140038474,-0.3116794695189188],[102.69928277376653,-0.15585147008852365],[102.70023907841156,0.0],[102.69928277376653,0.1558514700885319],[102.6964140038474,0.3116794695189208],[102.69163320068037,0.4674605311676587],[102.68494108423683,0.6231711949798464],[102.67633866232487,0.7787880115022852],[102.6658272304376,0.9342875454147879],[102.65340837155802,1.089646379059542],[102.63908395592055,1.244841115967633],[102.62285614072954,1.399848384382556],[102.60472736983425,1.5546448407798268],[102.58470037336089,1.7092071733825205],[102.56277816730146,1.8635121056718609],[102.53896405305957,2.017536399892612],[102.51326161695323,2.171256860552633],[102.48567472967477,2.324650337915953],[102.45620754570794,2.477693731489131],[102.42486450270225,2.630363993500009],[102.3916503208047,2.782638132368716],[102.35657000194892,2.934493216170025],[102.31962882910187,3.0859063760869043],[102.28083236546833,3.2368548098543894],[102.24018645365298,3.387315785193609],[102.19769721478067,3.537266643235105],[102.15337104757447,3.6866848019312086],[102.10721462739211,3.8355477594568446],[102.0592349052207,3.983833097598149],[102.00943910662991,4.131518485128655],[101.95783473068387,4.27858168117221],[101.90442954881175,4.425000538552451],[101.84923160363752,4.5707530071280065],[101.79224920776866,4.715817137113251],[101.73349094254444,4.860171082383784],[101.67296565674343,5.003793103766414],[101.63565296850035,5.089382915381916],[101.89944684138958,5.00663887934121],[103.00005997640429,4.676189637789278],[104.1046453577933,4.359271494681579],[105.21303663906117,4.0559321767247525],[106.32506690055794,3.766217365704321],[107.4405686746166,3.4901706916051864],[108.55937397077307,3.2278337260410552],[109.68131430106504,2.9792459759940186],[110.80622070540565,2.7444448778648365],[111.93392377702807,2.5234657918352212],[113.0642536879978,2.316341996542718],[114.19704021478788,2.1231046840690198],[115.33211276391408,1.9437829552426251],[116.46930039762566,1.7784038152562829],[117.60843185964787,1.6269921696001575],[118.74933560097259,1.4895708203111582],[119.89183980569297,1.3661604625389998],[121.03577241687819,1.2567796814296486],[122.18096116248476,1.1614449493263805],[123.32723358129992,1.0801706232892059],[124.47441704891372,1.012968942932659],[125.62233880371562,0.9598500285825935],[126.7708259729117,0.9208218797521823],[127.91970559855876,0.8958903739370214],[129.0688046636111,0.8850592657302201],[130.21795011797624,0.8883301862568231],[131.36696890457566,0.9057026429282189],[132.5156879854065,0.9371740195163483],[133.66393436760046,0.9827395765476581],[134.81153512947606,1.0423924520168555],[135.95831744657968,1.116123662420307],[137.10410861771263,1.2039221041089547],[138.24873609093908,1.3057745549604078],[139.39202748957177,1.4216656763702247],[140.5338106381315,1.5515780155617875],[141.67391358827587,1.6954920082146856],[142.81216464469418,1.8533859814109803],[143.94839239096424,2.0252361568990693],[145.08242571536675,2.2110166546746512],[146.21409383665437,2.4106994968781095],[147.3432263297707,2.624254612007931],[148.46965315151547,2.8516498394492515],[149.59320466615273,3.092850934317255],[150.71371167095705,3.3478215726142793],[151.8310054216951,3.6165233567000286],[152.94491765803772,3.898915821074212],[154.05528062889945,4.194956438470385],[155.16192711770105,4.504600626260512],[156.26469046755196,4.82780175316887],[157.3634046063479,5.164511146294558],[158.45790407178094,5.514678098441507],[159.54802403625757,5.878249875754733],[160.6336003317208,6.255171725661867],[161.71446947437371,6.645386885118796],[162.79046868929908,7.048836589157787],[163.861435934973,7.4654600797374115],[164.9272099276676,7.895194614892475],[165.98763016573986,8.33797547818267],[167.04253695380237,8.793735988438641],[168.09177142677316,9.262407509803978],[169.13517557379993,9.743919462071474],[170.17259226205613,10.238199331312245],[171.20386526040443,10.745172680796102],[172.2288392629246,11.26476316220139],[173.247359912302,11.796892527112846],[174.2592738230732,12.341480638805393],[175.2644286047254,12.898445484312603],[176.26267288464572,13.467703186777399],[177.25385633091744,14.04916801808369],[177.49044977726598,14.191893609432814],[177.48673838304677,14.171256860552623],[177.46103594694043,14.017536399892608],[177.43722183269853,13.86351210567185],[177.41529962663913,13.709207173382516],[177.39527263016575,13.554644840779828],[177.37714385927046,13.399848384382551],[177.36091604407946,13.244841115967635],[177.34659162844198,13.089646379059538],[177.3341727695624,12.934287545414788],[177.32366133767513,12.778788011502275],[177.3150589157632,12.623171194979841],[177.30836679931963,12.467460531167648],[177.3035859961526,12.311679469518916],[177.30071722623347,12.155851470088521],[177.29976092158844,12.0],[177.30071722623347,11.844148529911475],[177.3035859961526,11.68832053048108],[177.30836679931963,11.532539468832349],[177.3150589157632,11.376828805020155],[177.32366133767513,11.221211988497721],[177.3341727695624,11.065712454585208],[177.34659162844198,10.910353620940459],[177.36091604407946,10.755158884032364],[177.37714385927046,10.600151615617445],[177.39527263016575,10.445355159220169],[177.41529962663913,10.290792826617482],[177.43722183269853,10.136487894328146],[177.46103594694043,9.982463600107389],[177.48673838304677,9.828743139447374],[177.51432527032523,9.675349662084049],[177.54379245429206,9.52230626851087],[177.57513549729774,9.369636006499988],[177.6083496791953,9.217361867631286],[177.6434299980511,9.06550678382997],[177.68037117089813,8.914093623913097],[177.7191676345317,8.763145190145607],[177.759813546347,8.612684214806393],[177.80230278521933,8.4627333567649],[177.84662895242553,8.313315198068793],[177.89278537260788,8.164452240543163],[177.9407650947793,8.016166902401853],[177.9905608933701,7.868481514871346],[178.04216526931611,7.721418318827785],[178.09557045118825,7.57499946144755],[178.15076839636248,7.429246992871989],[178.20775079223134,7.28418286288675],[178.26650905745555,7.139828917616223],[178.32703434325657,6.996206896233588],[178.38931753474895,6.853338427686982],[178.45334925231313,6.711245027442258],[178.51911985300802,6.569948094242831],[178.58661943202304,6.429468906887111],[178.65583782416988,6.289828621023984],[178.72676460541328,6.151048265966876],[178.7993890944409,6.013148741526778],[178.87370035427182,5.876150814864836],[178.94968719390363,5.740075117364888],[179.0273381699978,5.604942141526451],[179.10664158860294,5.470772237878629],[179.1875855069159,5.337585611915395],[179.27015773508035,5.205402321052721],[179.35434583802243,5.074242271608002],[179.44013713732352,4.944125215802238],[179.5275187131295,4.815070748785424],[179.61647740609646,4.687098305685602],[179.70699981937247,4.560227158681975],[179.79907232061504,4.434476414102616],[179.89268104404417,4.30986500954711],[179.98781189253043,4.186411711034627],[180.08445053971795,4.064135110177827],[180.18258243218193,3.9430536213830276],[180.28219279162033,3.82318547907707],[180.3832666170794,3.7045487349612767],[180.48578868721285,3.5871612552929246],[180.58974356257394,3.4710407181946774],[180.69511558794088,3.3562046109922914],[180.80188889467422,3.2426702275811135],[180.9100474031067,3.130454665821672],[181.01957482496482,3.0195748249648044],[181.13045466582167,2.910047403106697],[181.24267022758113,2.80188889467421],[181.3562046109923,2.6951155879408706],[181.47104071819467,2.5897435625739362],[181.58716125529293,2.485788687212832],[181.7045487349613,2.3832666170794106],[181.82318547907707,2.2821927916203357],[181.94305362138303,2.1825824321819383],[182.06413511017783,2.0844505397179542],[182.18641171103462,1.9878118925304324],[182.3098650095471,1.8926810440441724],[182.43447641410262,1.7990723206150392],[182.56022715868198,1.7069998193724594],[182.6870983056856,1.6164774060964522],[182.81507074878542,1.5275187131294903],[182.94412521580225,1.4401371373235143],[183.074242271608,1.3543458380224305],[183.20540232105273,1.2701577350803461],[183.3375856119154,1.1875855069158998],[183.47077223787863,1.1066415886029244],[183.60494214152646,1.027338169997785],[183.74007511736488,0.9496871939036211],[183.87615081486484,0.8737003542718096],[184.01314874152678,0.7993890944408992],[184.1510482659669,0.7267646054132815],[184.289828621024,0.6558378241698701],[184.4294689068871,0.5866194320230278],[184.56994809424285,0.5191198530080108],[184.71124502744226,0.45334925231313505],[184.853338427687,0.3893175347489439],[184.9962068962336,0.327034343256571],[185.13982891761623,0.2665090574555631],[185.28418286288675,0.20775079223132842],[185.42924699287198,0.1507683963624853],[185.57499946144756,0.09557045118824625],[185.7214183188278,0.042165269316129184],[185.86848151487135,-0.009439106629923089],[186.01616690240186,-0.05923490522070374],[186.16445224054317,-0.10721462739211063],[186.3133151980688,-0.15337104757446696],[186.46273335676491,-0.19769721478067126],[186.6126842148064,-0.24018645365298497],[186.76314519014562,-0.28083236546832424],[186.9140936239131,-0.31962882910187496],[187.06550678382996,-0.35657000194892063],[187.2173618676313,-0.3916503208047075],[187.3696360065,-0.4248645027022544],[187.52230626851087,-0.45620754570793665],[187.67534966208405,-0.4856747296747663],[187.82874313944737,-0.5132616169532298],[187.9824636001074,-0.5389640530595763],[188.13648789432816,-0.5627781673014631],[188.2907928266175,-0.5847003733608833],[188.44535515922018,-0.6047273698342437],[188.60015161561745,-0.622856140729537],[188.75515888403237,-0.639083955920551],[188.91035362094047,-0.6534083715580081],[189.06571245458522,-0.6658272304376016],[189.2212119884977,-0.6763386623248646],[189.37682880502015,-0.6849410842368222],[189.53253946883234,-0.6916332006803714],[189.6883205304811,-0.696414003847396],[189.84414852991148,-0.6992827737665195],[190.0,-0.7002390784115491],[190.15585147008852,-0.6992827737665195],[190.3116794695189,-0.696414003847396],[190.46746053116766,-0.6916332006803714],[190.62317119497985,-0.6849410842368222],[190.7787880115023,-0.6763386623248646],[190.93428754541478,-0.6658272304376016],[191.08964637905953,-0.6534083715580081],[191.24484111596763,-0.639083955920551],[191.39984838438255,-0.622856140729537],[191.55464484077984,-0.6047273698342437],[191.7092071733825,-0.5847003733608833],[191.86351210567184,-0.5627781673014631],[192.0175363998926,-0.5389640530595763],[192.17125686055263,-0.5132616169532298],[192.32465033791595,-0.4856747296747663],[192.47769373148913,-0.45620754570793665],[192.6303639935,-0.4248645027022544],[192.7826381323687,-0.3916503208047075],[192.93449321617004,-0.35657000194891886],[193.0859063760869,-0.31962882910187496],[193.23685480985438,-0.28083236546832424],[193.3873157851936,-0.24018645365298497],[193.53726664323509,-0.19769721478067126],[193.6866848019312,-0.15337104757446696],[193.83554775945683,-0.10721462739210885],[193.98383309759814,-0.05923490522070374],[194.13151848512865,-0.009439106629921312],[194.2785816811722,0.042165269316129184],[194.42500053855244,0.09557045118824625],[194.57075300712802,0.1507683963624853],[194.71581713711325,0.20775079223132842],[194.86017108238377,0.2665090574555631],[195.0037931037664,0.327034343256571],[195.146661572313,0.3893175347489439],[195.28875497255774,0.4533492523131386],[195.43005190575718,0.5191198530080126],[195.5705310931129,0.5866194320230296],[195.710171378976,0.6558378241698684],[195.8489517340331,0.7267646054132815],[195.98685125847322,0.799389094440901],[196.12384918513516,0.8737003542718096],[196.25992488263512,0.9496871939036229],[196.39505785847354,1.027338169997785],[196.52922776212137,1.1066415886029244],[196.6624143880846,1.1875855069158998],[196.79459767894727,1.2701577350803497],[196.925757728392,1.3543458380224322],[197.05587478419775,1.4401371373235143],[197.18492925121458,1.5275187131294885],[197.3129016943144,1.6164774060964522],[197.43977284131802,1.7069998193724594],[197.56552358589738,1.7990723206150392],[197.6901349904529,1.8926810440441741],[197.81358828896538,1.9878118925304342],[197.93586488982217,2.084450539717956],[198.05694637861697,2.18258243218194],[198.17681452092293,2.2821927916203375],[198.29545126503874,2.3832666170794123],[198.41283874470707,2.485788687212832],[198.52895928180533,2.5897435625739345],[198.6437953890077,2.6951155879408706],[198.75732977241887,2.80188889467421],[198.86954533417833,2.9100474031066987],[198.9804251750352,3.0195748249648044],[199.0899525968933,3.1304546658216736],[199.19811110532578,3.242670227581117],[199.30488441205912,3.356204610992295],[199.41025643742606,3.471040718194681],[199.51421131278718,3.5871612552929264],[199.6167333829206,3.704548734961275],[199.71780720837967,3.82318547907707],[199.81741756781807,3.9430536213830276],[199.91554946028205,4.064135110177827],[200.01218810746957,4.186411711034628],[200.10731895595583,4.309865009547111],[200.20092767938496,4.434476414102617],[200.29300018062753,4.560227158681977],[200.38352259390354,4.687098305685603],[200.4724812868705,4.815070748785429],[200.55986286267648,4.944125215802238],[200.64565416197757,5.074242271608],[200.72984226491965,5.205402321052721],[200.8124144930841,5.337585611915395],[200.8933584113971,5.47077223787863],[200.9726618300022,5.604942141526451],[201.05031280609637,5.740075117364889],[201.12629964572818,5.876150814864838],[201.2006109055591,6.013148741526781],[201.27323539458672,6.151048265966879],[201.34416217583012,6.289828621023989],[201.41338056797696,6.429468906887109],[201.48088014699198,6.5699480942428305],[201.54665074768687,6.711245027442258],[201.61068246525105,6.853338427686983],[201.67296565674343,6.996206896233589],[201.73349094254445,7.1398289176162235],[201.79224920776866,7.284182862886753],[201.84923160363752,7.429246992871992],[201.90442954881175,7.574999461447553],[201.95783473068389,7.721418318827789],[202.0094391066299,7.86848151487135],[202.0592349052207,8.016166902401851],[202.10721462739212,8.164452240543161],[202.15337104757447,8.313315198068793],[202.19769721478067,8.462733356764904],[202.240186453653,8.612684214806393],[202.2808323654683,8.763145190145607],[202.31962882910187,8.9140936239131],[202.3565700019489,9.065506783829974],[202.3916503208047,9.217361867631288],[202.42486450270226,9.369636006499992],[202.45620754570794,9.522306268510874],[202.48567472967477,9.675349662084047],[202.51326161695323,9.828743139447374],[202.53896405305957,9.98246360010739],[202.56277816730147,10.136487894328146],[202.58470037336087,10.290792826617484],[202.60472736983425,10.44535515922017],[202.62285614072954,10.600151615617447],[202.63908395592054,10.755158884032365],[202.65340837155802,10.910353620940462],[202.6658272304376,11.065712454585212],[202.67633866232487,11.221211988497721],[202.6849410842368,11.376828805020155],[202.69163320068037,11.532539468832349],[202.6964140038474,11.68832053048108],[202.69928277376653,11.844148529911477],[202.70023907841156,12.0],[202.69928277376653,12.155851470088532],[202.6964140038474,12.311679469518921],[202.69163320068037,12.467460531167658],[202.6849410842368,12.623171194979847],[202.67633866232487,12.778788011502286],[202.6658272304376,12.934287545414788],[202.65340837155802,13.089646379059541],[202.63908395592054,13.244841115967633],[202.62285614072954,13.399848384382556],[202.60472736983425,13.554644840779826],[202.58470037336087,13.70920717338252],[202.56277816730147,13.86351210567186],[202.53896405305957,14.017536399892613],[202.51326161695323,14.171256860552633],[202.48567472967477,14.324650337915953],[202.45620754570794,14.477693731489131],[202.42486450270226,14.630363993500008],[202.3916503208047,14.782638132368715],[202.3565700019489,14.934493216170026],[202.31962882910187,15.085906376086903],[202.2808323654683,15.236854809854389],[202.240186453653,15.387315785193609],[202.19769721478067,15.537266643235105],[202.15337104757447,15.686684801931209],[202.1072146273921,15.835547759456844],[202.0592349052207,15.983833097598149],[202.0094391066299,16.131518485128655],[201.95783473068389,16.27858168117221],[201.90442954881175,16.425000538552453],[201.84923160363752,16.570753007128005],[201.79224920776866,16.715817137113252],[201.73349094254445,16.860171082383783],[201.67296565674343,17.003793103766412],[201.61068246525105,17.146661572313025],[201.54665074768687,17.288754972557744],[201.48088014699198,17.430051905757175],[201.41338056797696,17.57053109311289],[201.34416217583012,17.710171378976018],[201.27323539458672,17.848951734033122],[201.2006109055591,17.986851258473223],[201.12629964572818,18.12384918513516],[201.05031280609637,18.259924882635115],[200.9726618300022,18.395057858473557],[200.89335841139706,18.529227762121373],[200.8124144930841,18.66241438808461],[200.72984226491965,18.79459767894728],[200.64565416197757,18.925757728392004],[200.55986286267648,19.055874784197762],[200.4724812868705,19.184929251214577],[200.38352259390354,19.312901694314395],[200.29300018062753,19.439772841318025],[200.20092767938496,19.56552358589738],[200.10731895595583,19.69013499045289],[200.01218810746957,19.813588288965377],[199.91554946028205,19.935864889822174],[199.81741756781804,20.056946378616978],[199.71780720837967,20.17681452092293],[199.6167333829206,20.29545126503873],[199.51421131278718,20.412838744707074],[199.41025643742606,20.52895928180532],[199.30488441205912,20.643795389007707],[199.19811110532578,20.757329772418885],[199.0899525968933,20.869545334178326],[198.98042517503518,20.980425175035197],[198.86954533417833,21.089952596893305],[198.75732977241887,21.198111105325793],[198.6437953890077,21.30488441205913],[198.52895928180533,21.410256437426064],[198.41283874470707,21.514211312787175],[198.29545126503874,21.616733382920586],[198.17681452092293,21.717807208379668],[198.05694637861697,21.81741756781806],[197.93586488982217,21.915549460282048],[197.81358828896538,22.012188107469566],[197.6901349904529,22.10731895595583],[197.56552358589738,22.200927679384968],[197.43977284131802,22.293000180627544],[197.3129016943144,22.38352259390355],[197.18492925121458,22.47248128687051],[197.05587478419775,22.55986286267649],[196.925757728392,22.645654161977568],[196.79459767894727,22.729842264919654],[196.6624143880846,22.8124144930841],[196.52922776212137,22.893358411397074],[196.39505785847356,22.972661830002213],[196.25992488263512,23.05031280609638],[196.12384918513516,23.126299645728196],[195.98685125847322,23.200610905559103],[195.8489517340331,23.27323539458672],[195.710171378976,23.34416217583013],[195.5705310931129,23.413380567976972],[195.43005190575718,23.480880146991986],[195.28875497255774,23.546650747686865],[195.146661572313,23.610682465251053],[195.0037931037664,23.67296565674343],[194.86017108238377,23.733490942544435],[194.71581713711325,23.79224920776867],[194.570753007128,23.84923160363752],[194.42500053855244,23.904429548811756],[194.2785816811722,23.95783473068387],[194.13151848512865,24.00943910662992],[193.98383309759814,24.059234905220706],[193.83554775945683,24.10721462739211],[193.6866848019312,24.153371047574467],[193.5372666432351,24.19769721478067],[193.3873157851936,24.24018645365299],[193.23685480985438,24.280832365468328],[193.0859063760869,24.319628829101873],[192.93449321617,24.356570001948924],[192.87139320402562,24.37114685041799],[192.97608052600168,24.445322659478933],[194.10400619932568,25.2654843914638],[195.22178229582636,26.099425749862263],[196.32924048253508,26.94702114617327],[197.42621398032253,27.808142935647794],[198.51253758901487,28.68266143651185],[199.5880477122724,29.57044494949588],[200.6525823822267,30.471359777668383],[201.70598128387212,31.38527024657006],[202.7480857792087,32.31203872464593],[203.7787389311327,33.2515256439721],[204.7977855270704,34.203589521274225],[205.80507210235285,35.168086979234346],[206.8004469633269,36.14487276808302],[207.78376021019972,37.13379978747332],[208.75486375961333,38.1347191086337],[209.7136113669451,39.14747999679605],[210.65985864833192,40.17192993389587],[211.59346310241386,41.20791464154081],[212.51428413179414,42.25527810424458],[213.4221830642128,43.31386259292222],[214.31702317343013,44.383508688643474],[215.0,45.22056557939637],[215.0,-1.8796]]]}},{"type":"Feature","properties":{"name":"spool_exclusion"},"geometry":{"type":"Polygon","coordinates":[[[92.68535131214693,8.33604698186788],[92.65887670998302,8.34470950635356],[92.6308279147773,8.35350755194871],[92.60645257806453,8.361483194030646],[92.57630805961745,8.370938603640795],[92.55402414211703,8.378229930618591],[92.52179173342529,8.388340247273248],[92.50159142961948,8.39494981312253],[92.46727892302721,8.405712592602669],[92.44915446787586,8.411642938054738],[92.41276961532705,8.42305574881361],[92.39671328395447,8.42830940145791],[92.35826379728508,8.440369824529427],[92.34426790474397,8.444949298890762],[92.30376145593019,8.457654927811632],[92.29181835692003,8.46156272544235],[92.24926257837083,8.474911166160283],[92.23936466697572,8.478149775726024],[92.19476715176987,8.492138646525419],[92.18690686119514,8.494710543891298],[92.14027516336627,8.50933747530381],[92.13444496567189,8.511245123621663],[92.08578660044273,8.526507758352736],[92.08197900629692,8.52775360814173],[92.03130145036522,8.543649600980913],[90.70585902814346,8.977336096655762],[89.3858384097341,9.427255153964907],[88.07143838538678,9.893339016753274],[86.76285689891054,10.375517494505473],[85.46029101786387,10.873717972916381],[84.16393690387719,11.387865424826458],[82.87398978311174,11.91788242152063],[81.59064391685911,12.463689144388766],[80.31409257228621,13.025203396946026],[79.04452799333001,13.602340617211382],[77.78214137174638,14.19501389044234],[76.52712281831691,14.80313396222401],[75.27966133421964,15.426609251910335],[74.03994478256533,16.065345866416138],[72.80815986010677,16.71924761435666],[71.58449206912246,17.388216020533847],[70.36912568948058,18.072150340766484],[69.1622437508876,18.77094757706159],[67.964028005324,19.484502493125817],[66.77465889967388,20.212707630213387],[65.59431554854956,20.9554533233093],[64.42317570731822,21.712627717644082],[63.26141574533199,22.4841167855392],[62.10921061936793,23.269804343578713],[60.96673384727997,24.069572070106318],[59.83415748186745,24.883299523044272],[58.71165208496522,25.710864158031185],[57.59938670175701,26.552141346877164],[56.49752883531845,27.407004396331928],[55.40624442139108,28.27532456716476],[54.325697803393794,29.15697109355176],[53.25605170767251,30.051811202769116],[52.197467218994916,30.959710135187734],[51.15010375629112,31.88053116456804],[50.11411904864612,32.81413561865],[49.08966911154636,33.76038290003682],[48.07690822338397,34.71913050736862],[47.07598890222363,35.69023405678216],[46.0870618828333,36.67354730365503],[45.110276093984666,37.66892216462902],[44.1457786360245,38.676208739911516],[43.19371475872241,39.69525533584918],[42.25422783939622,40.7259084877732],[41.32745936132039,41.768012983109756],[40.41354889241869,42.82141188475519],[39.51263406424614,43.88594655470952],[38.62485055126214,44.96145667796705],[37.75033205039807,46.0477802866594],[36.889210260923576,47.14475378444679],[36.04161486461254,48.25221197115556],[35.20767350621409,49.36998806765621],[34.38751177422921,50.49791374098024],[33.58125318199805,51.63581912966994],[32.789019149098834,52.78353286935949],[32.01092898306295,53.94088211858114],[31.247099861407293,55.107692584795196],[30.497646813988013,56.28378855063722],[29.76268270567742,57.4689929003807],[29.042318219366706,58.66312714661025],[28.33666183929789,59.8660114571006],[27.645819834726126,61.07746468189931],[26.969896243916267,62.297304380606626],[26.308992858474767,63.52534684985102],[25.663209208020547,64.76140715095354],[25.032642545195912,66.00529913777963],[24.417387831020974,67.25683548477127],[23.817537720592497,68.51582771515828],[23.233182549130746,69.78208622934164],[22.664410318375147,71.05542033344666],[22.111306683331478,72.33563826804117],[21.57395493937277,73.62254723701301],[21.052436009695057,74.91595343660529],[20.546828433130912,76.21566208460166],[20.05720835232151,77.52147744966065],[19.583649502250182,78.83320288079125],[19.12622319913774,80.15064083696862],[18.684998329702978,81.4735929168823],[18.260041340788206,82.80185988881544],[17.851416229352893,84.13524172064771],[17.459184532835778,85.47353760997973],[17.08340531988756,86.81654601437337],[16.724135181475575,88.16406468170273],[16.381428222361095,89.51589068061324],[16.055336052951603,90.87182043108172],[15.745907781528373,92.2316497350754],[15.453190006850889,93.59517380730277],[15.17722681113932,94.96218730605418],[14.918059753435884,96.3324843641249],[14.675727863346182,97.70585861981823],[14.450267635161467,99.08210324802312],[14.241713022362816,100.4610109913606],[14.050095432507803,101.84237419139674],[13.87544372250062,103.2259848199145],[13.836237008492148,103.55270743665183],[13.678577480237877,104.93835712697995],[13.537933876681606,106.32583720537188],[13.414327378232656,107.71493872243137],[13.307776599575078,109.10545248457947],[13.218297586864196,110.4971690855583],[13.145903815310163,111.88987893796696],[13.090606187148751,113.28337230482433],[13.0524130299993,114.67743933115511],[13.031330095610826,116.07187007559291],[13.027360558995696,117.46645454199674],[13.040505017951503,118.86098271107564],[13.070761492971101,120.25524457201682],[13.118125427540647,121.64903015411254],[13.1825896888258,123.04212955838085],[13.264144568745905,124.43433298917573],[13.36277778543608,125.82543078578144],[13.47847448509664,127.21521345398659],[13.611217244230232,128.60347169763344],[13.760986072265567,129.98999645013686],[13.927758414568032,131.3745789059692],[14.11150915583633,132.75701055210553],[14.31221062388471,134.13708319942486],[14.529832593810312,135.51458901406286],[14.764342292544953,136.88932054871069],[15.01570440379058,138.2610707738559],[15.283881073337852,139.62963310896026],[15.568831914766761,140.99480145357015],[15.870514015528684,142.35637021835421],[16.18888194340896,143.71413435606482],[16.523887753368683,145.06788939241704],[16.875480994765127,146.41743145688193],[17.243608718949375,147.76255731338858],[17.628215487240283,149.10306439093074],[18.02924337927321,150.4387508140733],[18.446632001722733,151.76941543335403],[18.88031849739758,153.09485785557575],[19.330237554706727,154.41487847398514],[19.796321417495093,155.72927849833243],[20.278499895247293,157.03785998480868],[20.7767003736582,158.34042586585537],[21.290847825568278,159.63677997984203],[21.82086482226245,160.92672710060748],[22.366671545130586,162.21007296686014],[22.928185797687846,163.48662431143302],[23.505323017953202,164.75618889038918],[24.097996291184174,166.01857551197287],[24.706116362965844,167.27359406540234],[25.32959165265217,168.52105554949964],[25.968328267157972,169.76077210115392],[26.622230015098467,170.99255702361245],[27.291198421275666,172.21622481459679],[27.975132741508304,173.43159119423862],[28.673929977803425,174.63847313283168],[29.387484893867622,175.8366888783952],[30.11569003095522,177.02605798404534],[30.85843572405109,178.20640133516963],[31.615610118385916,179.37754117640102],[32.387099186281034,180.53930113838726],[33.17278674432049,181.69150626435123],[33.97255447084815,182.8339830364393],[34.78628192378606,183.96655940185175],[35.61384655877302,185.089064798754],[36.45512374761897,186.2013301819622],[37.309986797073776,187.3031880484008],[38.178306967906565,188.3944724623281],[39.059953494293595,189.47501908032547],[39.95479360351091,190.54466517604672],[40.86269253592957,191.60324966472433],[41.783513565309875,192.65061312742813],[42.71711801939176,193.68659783507303],[43.663365300778636,194.7110477721729],[44.62211290811041,195.72380866033524],[45.593216457523994,196.72472798149562],[46.57652970439682,197.71365500088592],[47.57190456537087,198.69044078973457],[48.57919114065331,199.6549382476947],[49.59823773659102,200.60700212499682],[50.62889088851499,201.54648904432298],[51.67099538385159,202.47325752239885],[52.72439428549703,203.38716799130057],[53.78892895545127,204.28808281947303],[54.864439078708884,205.17586633245708],[55.95076268740121,206.05038483332112],[57.047736185188626,206.91150662279568],[58.15519437189735,207.75910201910665],[59.27297046839803,208.59304337750513],[60.40089614172203,209.41320510948998],[61.538801530411774,210.2194637017212],[62.68651527010133,211.0116977346204],[63.84386451932298,211.78978790065628],[65.01067498553704,212.55361702231195],[66.18677095137897,213.30307006973118],[67.37197530112253,214.0380341780418],[68.56610954735204,214.7583986643525],[69.76899385784245,215.46405504442134],[70.98044708264109,216.1548970489931],[72.20028678134847,216.83082063980297],[73.42832925059281,217.49172402524445],[74.6643895516954,218.1375076756987],[75.90828153852146,218.76807433852332],[77.15981788551309,219.3833290526983],[78.41881011590013,219.98317916312675],[79.6850686300834,220.56753433458846],[80.9584027341885,221.13630656534409],[82.23862066878296,221.68941020038773],[83.52552963775484,222.2267619443465],[84.81893583734708,222.74828087402418],[86.11864448534351,223.25388845058833],[87.42445985040246,223.7435085313977],[88.73618528153312,224.21706738146906],[90.05362323771044,224.67449368458148],[91.37657531762417,225.11571855401627],[92.70484228955726,225.540675542931],[94.03822412138948,225.9493006543663],[95.37652001072158,226.34153235088345],[96.71952841511516,226.71731156383166],[98.06704708244456,227.07658170224366],[99.41887308135503,227.41928866135814],[100.77480283182355,227.74538083076763],[102.13463213581718,228.05480910219086],[103.49815620804463,228.34752687686836],[104.865169706796,228.6234900725799],[106.23546676486667,228.88265713028335],[107.60884102056005,229.12498902037305],[108.98508564876488,229.35044924855777],[110.36399339210244,229.55900386135642],[111.74535659213853,229.75062145121143],[113.1289672206563,229.92527316121863],[114.51461691098443,230.0829326894729],[115.90209698937636,230.22357629302917],[117.29119850643589,230.3471827914781],[118.68171226858398,230.45373357013568],[120.07342886956282,230.5432125828466],[121.4661387219714,230.6156063544006],[122.85963208882879,230.670903982562],[124.25369911515959,230.70909713971145],[125.64812985959739,230.73018007409993],[127.04271432600122,230.73414961071506],[128.4372424950801,230.72100515175924],[129.8315043560213,230.69074867673964],[131.22528993811702,230.6433847421701],[132.61838934238537,230.57892048088496],[134.01059277318024,230.49736560096486],[135.4016905697859,230.3987323842747],[136.79147323799106,230.2830356846141],[138.1797314816379,230.15029292548053],[139.56625623414135,230.00052409744518],[140.9508386899737,229.8337517551427],[142.33327033611,229.65000101387443],[143.71334298342936,229.44929954582605],[145.09084879806733,229.23167757590045],[146.46558033271518,228.9971678771658],[147.8373305578604,228.74580576592018],[149.20589289296478,228.4776290963729],[150.5710612375746,228.19267825494398],[151.93263000235868,227.89099615418206],[153.29039414006928,227.5726282263018],[154.64414917642154,227.2376224163421],[155.99369124088642,226.88602917494563],[157.33881709739305,226.51790145076137],[158.67932417493523,226.13329468247048],[160.0150105980778,225.73226679043756],[161.34567521735852,225.314878167988],[162.67111763958025,224.8811916723132],[163.99113825798963,224.43127261500405],[165.30553828233693,223.96518875221568],[166.61411976881317,223.48301027446348],[167.91668564985986,222.98480979605256],[169.21303976384652,222.47066234414248],[170.50298688461197,221.9406453474483],[171.7863327508646,221.3948386245802],[173.06288409543748,220.8333243720229],[174.33244867439367,220.25618715175756],[175.59483529597736,219.6635138785266],[176.84985384940677,219.05539380674495],[178.0973153335041,218.4319185170586],[179.3370318851584,217.79318190255282],[180.56881680761694,217.13928015461232],[181.79248459860128,216.4703117484351],[183.0078509782431,215.78637742820246],[184.21473291683614,215.08758019190734],[185.41294866239969,214.37402527584314],[186.60231776804983,213.64582013875554],[187.78266111917412,212.90307444565968],[188.95380096040552,212.14590005132484],[190.11556092239172,211.37441098342975],[191.26776604835575,210.58872342539024],[192.41024282044378,209.78895569886262],[193.54281918585622,208.9752282459247],[194.6653245827585,208.14766361093774],[195.77758996596668,207.3063864220918],[196.87944783240528,206.45152337263698],[197.9707322463326,205.5832032018042],[199.05127886432996,204.70155667541718],[200.12092496005118,203.80671656619984],[201.17950944872882,202.8988176337812],[202.22687291143257,201.97799660440091],[203.26285761907758,201.04439215031897],[204.28730755617738,200.09814486893214],[205.30006844433973,199.13939726160035],[206.3009877655001,198.16829371218677],[207.2899147848904,197.18498046531394],[208.26670057373906,196.1896056043399],[209.2311980316992,195.18231902905745],[210.18326190900132,194.16327243311974],[211.12274882832747,193.1326192811958],[212.04951730640335,192.09051478585917],[212.96342777530504,191.03711588421373],[213.86434260347755,189.97258121425944],[214.75212611646157,188.89707109100186],[215.6266446173256,187.81074748230955],[216.48776640680018,186.71377398452213],[217.33536180311114,185.6063157978134],[218.16930316150962,184.48853970131273],[218.98946489349447,183.36061402798873],[219.79572348572566,182.222708639299],[220.58795751862488,181.07499489960946],[221.36604768466077,179.91764565038778],[222.12987680631642,178.75083518417372],[222.87932985373567,177.57473921833176],[223.6142939620463,176.3895348685882],[224.334658448357,175.1954006223587],[225.04031482842584,173.99251631186834],[225.73115683299756,172.78106308706967],[226.40708042380746,171.5612233883623],[227.06798380924894,170.33318091911795],[227.71376745970318,169.09712061801537],[228.3443341225278,167.85322863118932],[228.95958883670278,166.60169228419767],[229.55943894713124,165.34270005381063],[230.14379411859295,164.07644153962733],[230.71256634934858,162.80310743552226],[231.26566998439222,161.52288950092782],[231.80302172835096,160.23598053195593],[232.32454065802864,158.94257433236368],[232.83014823459283,157.64286568436725],[233.3197683154022,156.33705031930833],[233.79332716547356,155.02532488817766],[234.25075346858597,153.70788693200035],[234.69197833802076,152.38493485208662],[235.1169353269355,151.0566678801535],[235.52556043837083,149.72328604832126],[235.91779213488795,148.38499015898918],[236.29357134783615,147.0419817545956],[236.65284148624815,145.6944630872662],[236.99554844536263,144.34263708835573],[237.32164061477212,142.98670733788722],[237.63106888619535,141.62687803389358],[237.92378666087285,140.26335396166616],[238.1997498565844,138.8963404629148],[238.45891691428784,137.52604340484407],[238.70124880437754,136.1526691491507],[238.92670903256226,134.77642452094585],[239.1352636453609,133.39751677760833],[239.32688123521592,132.01615357757223],[239.50153294522312,130.63254294905445],[239.54073965923158,130.30582033231713],[239.69839918748585,128.920170641989],[239.83904279104212,127.53269056359704],[239.96264928949108,126.14358904653754],[240.06920006814863,124.75307528438944],[240.15867908085954,123.3613586834106],[240.23107285241355,121.968648831002],[240.286370480575,120.57515546414461],[240.32456363772442,119.18108843781383],[240.3456465721129,117.78665769337603],[240.34961610872801,116.3920732269722],[240.33647164977222,114.99754505789329],[240.3062151747526,113.6032831969521],[240.25885124018308,112.20949761485639],[240.1943869788979,110.81639821058806],[240.11283209897783,109.42419477979318],[240.01419888228764,108.03309698318752],[239.89850218262708,106.64331431498235],[239.76575942349348,105.25505607133552],[239.61599059545816,103.86853131883208],[239.4492182531557,102.48394886299972],[239.26546751188738,101.10151721686341],[239.06476604383903,99.72144456954408],[238.8471440739134,98.34393875490608],[238.61263437517877,96.96920722025823],[238.36127226393313,95.59745699511302],[238.09309559438586,94.22889466000865],[237.80814475295696,92.86372631539881],[237.50646265219504,91.50215755061473],[237.18809472431477,90.14439341290412],[236.85308891435506,88.79063837655188],[236.50149567295858,87.441096312087],[236.13336794877435,86.09597045558036],[235.74876118048343,84.7554633780382],[235.3477332884505,83.41977695489561],[234.930344666001,82.0891123356149],[234.49665817032616,80.76366991339313],[234.046739113017,79.44364929498377],[233.58065525022863,78.1292492706365],[233.09847677247643,76.82066778416026],[232.6002762940655,75.51810190311357],[232.08612884215546,74.22174778912691],[231.55611184546126,72.93180066836145],[231.01030512259314,71.6484548021088],[230.44879087003588,70.37190345753592],[229.8716536497705,69.10233887857973],[229.27898037653955,67.83995225699604],[228.6708603047579,66.5849337035666],[228.04738501507154,65.33747221946929],[227.40864840056577,64.09775566781504],[226.75474665262527,62.865970745356506],[226.08577824644806,61.64230295437216],[225.4018439262154,60.426936574730306],[224.7030466899203,59.22005463613726],[223.98949177385612,58.021838890573726],[223.2612866367685,56.83246978492356],[222.51854094367263,55.65212643379928],[221.7613665493378,54.48098659256789],[220.9898774814427,53.31922663058168],[220.2041899234032,52.16702150461768],[219.4044221968756,51.02454473252968],[218.59069474393766,49.89196836711719],[217.7631301089507,48.76946297021492],[216.92185292010475,47.657197587006735],[216.06698987064993,46.55533972056813],[215.19866969981717,45.464055306640816],[214.31702317343013,44.383508688643474],[213.4221830642128,43.31386259292222],[212.51428413179414,42.25527810424458],[211.59346310241386,41.20791464154081],[210.65985864833192,40.17192993389587],[209.7136113669451,39.14747999679605],[208.75486375961333,38.1347191086337],[207.78376021019972,37.13379978747332],[206.8004469633269,36.14487276808302],[205.80507210235285,35.168086979234346],[204.7977855270704,34.203589521274225],[203.7787389311327,33.2515256439721],[202.7480857792087,32.31203872464593],[201.70598128387212,31.38527024657006],[200.6525823822267,30.471359777668383],[199.5880477122724,29.57044494949588],[198.51253758901487,28.68266143651185],[197.42621398032253,27.808142935647794],[196.32924048253508,26.94702114617327],[195.22178229582636,26.099425749862263],[194.10400619932568,25.2654843914638],[192.97608052600168,24.445322659478933],[191.83817513731194,23.639064067247745],[190.6904613976224,22.846830034348542],[189.5331121484007,22.068739868312633],[188.3663016821867,21.304910746657],[187.19020571634474,20.55545769923775],[186.00500136660122,19.820493590927114],[185.95952348722327,19.793058945852632],[185.9561187545387,19.790947616846708],[185.91245289054683,19.76460607460961],[185.90723955532272,19.761373202341517],[185.86539241627557,19.736128810499935],[185.8583637815876,19.73177024210014],[185.81834211164053,19.707627069082744],[185.8094914460491,19.70213863027827],[185.77130202415918,19.679100765507958],[185.76062256146892,19.672478260473213],[185.7242722016459,19.6505498145185],[185.71175714068394,19.64278902573777],[185.67725269221518,19.621974130448468],[185.66289519658656,19.61307081856428],[185.63024354428768,19.59337362722273],[185.61403674214748,19.583323530894518],[185.58324480659786,19.564748218357632],[185.56518179040594,19.553547054109657],[185.53625652817252,19.536097816943915],[185.51633035445872,19.52374127901966],[185.48927875836787,19.507422335665176],[185.46748244747914,19.49390609587053],[185.44231154683894,19.478721686775064],[185.418638082709,19.464041394335496],[185.39535494356826,19.449995782110765],[185.3880401011896,19.44545973176009],[185.38574342539036,19.44399620265476],[185.35956526283744,19.427762706800582],[185.3356884464888,19.41254749197553],[185.3115599407304,19.397585020969217],[185.28836526054192,19.382804489230267],[185.28401165420692,19.37995448796684],[185.25768409183897,19.36317756463673],[185.23276129708165,19.34686235580041],[185.20865761689495,19.3315025747157],[185.19026337811323,19.31946115440024],[185.1666580773126,19.303591223667027],[185.140993307969,19.286790296016093],[185.11422784529367,19.268795776806712],[185.10622497574468,19.2635568584088],[185.0915967665745,19.253459423182377],[185.06473226925138,19.23539832261428],[185.0379971996017,19.21694386719045],[185.02318510160725,19.20698563911402],[185.0117859712762,19.198908828102546],[184.98393905964394,19.179686899895803],[184.9570319449254,19.160621964753034],[184.9390975756193,19.148242381559452],[184.93137079117855,19.1426239147939],[184.90257804062216,19.122222919455627],[184.87547712646239,19.102516716093703],[184.84969198411568,19.084246750263876],[184.81958963445538,19.062358078148236],[184.8035593554758,19.050999884144066],[183.98203816216693,18.453637610457264],[183.0443977134085,17.789275989755666],[182.09867512818738,17.136470684927417],[181.14501282884632,16.495320006050235],[180.18355443341972,15.865920508058025],[179.2144447340054,15.248366976200046],[178.23782967495944,14.64275241176668],[177.25385633091744,14.04916801808369],[176.26267288464572,13.467703186777399],[175.2644286047254,12.898445484312603],[174.2592738230732,12.341480638805393],[173.247359912302,11.796892527112846],[172.2288392629246,11.26476316220139],[171.20386526040443,10.745172680796102],[170.17259226205613,10.238199331312245],[169.13517557379993,9.743919462071474],[168.09177142677316,9.262407509803978],[167.04253695380237,8.793735988438641],[165.98763016573986,8.33797547818267],[164.9272099276676,7.895194614892475],[163.861435934973,7.4654600797374115],[162.79046868929908,7.048836589157787],[161.71446947437371,6.645386885118796],[160.6336003317208,6.255171725661867],[159.54802403625757,5.878249875754733],[158.45790407178094,5.514678098441507],[157.3634046063479,5.164511146294558],[156.26469046755196,4.82780175316887],[155.16192711770105,4.504600626260512],[154.05528062889945,4.194956438470385],[152.94491765803772,3.898915821074212],[151.8310054216951,3.6165233567000286],[150.71371167095705,3.3478215726142793],[149.59320466615273,3.092850934317255],[148.46965315151547,2.8516498394492515],[147.3432263297707,2.624254612007931],[146.21409383665437,2.4106994968781095],[145.08242571536675,2.2110166546746512],[143.94839239096424,2.0252361568990693],[142.81216464469418,1.8533859814109803],[141.67391358827587,1.6954920082146856],[140.5338106381315,1.5515780155617875],[139.39202748957177,1.4216656763702247],[138.24873609093908,1.3057745549604078],[137.10410861771263,1.2039221041089547],[135.95831744657968,1.116123662420307],[134.81153512947606,1.0423924520168555],[133.66393436760046,0.9827395765476581],[132.5156879854065,0.9371740195163483],[131.36696890457566,0.9057026429282189],[130.21795011797624,0.8883301862568231],[129.0688046636111,0.8850592657302201],[127.91970559855876,0.8958903739370214],[126.7708259729117,0.9208218797521823],[125.62233880371562,0.9598500285825935],[124.47441704891372,1.012968942932659],[123.32723358129992,1.0801706232892059],[122.18096116248476,1.1614449493263805],[121.03577241687819,1.2567796814296486],[119.89183980569297,1.3661604625389998],[118.74933560097259,1.4895708203111582],[117.60843185964787,1.6269921696001575],[116.46930039762566,1.7784038152562829],[115.33211276391408,1.9437829552426251],[114.19704021478788,2.1231046840690198],[113.0642536879978,2.316341996542718],[111.93392377702807,2.5234657918352212],[110.80622070540565,2.7444448778648365],[109.68131430106504,2.9792459759940186],[108.55937397077307,3.2278337260410552],[107.4405686746166,3.4901706916051864],[106.32506690055794,3.766217365704321],[105.21303663906117,4.0559321767247525],[104.1046453577933,4.359271494681579],[103.00005997640429,4.676189637789278],[101.89944684138958,5.00663887934121],[100.80297170103894,5.350569454897112],[99.71079968047536,5.707929569777363],[98.6230952567878,6.078665406863124],[97.54002223426156,6.462721134701042],[96.46174371971003,6.860038915911133],[95.38842209791127,7.270558915897013],[94.3202190071535,7.694219311856699],[93.38068999117407,8.08025556042862],[93.36242756065036,8.087498629292398],[93.32800114391806,8.101643849441087],[93.29862552473787,8.113294523887845],[93.26763168620897,8.126029356927642],[93.23482966153455,8.139038979238308],[93.22599295928266,8.142669827598544],[93.2056388441894,8.15045479266223],[93.17498502251684,8.16261241543999],[93.14338094238988,8.174700224638812],[93.1303945292465,8.179850770431111],[93.11364691635673,8.18602183319841],[93.083304690458,8.197627013158021],[93.05292977651506,8.208819384376952],[93.03632789618023,8.215169208862362],[93.02731274570513,8.2183659648569],[92.99704980739467,8.229517075947536],[92.96813870792121,8.239768899342579],[92.94144887369335,8.249603413870295],[92.92072795233852,8.256951014970944],[92.89367458616076,8.266171950491184],[92.8655993134561,8.276127391231167],[92.83604991768729,8.286199079584321],[92.83114562480105,8.287938132939708],[92.80511249741743,8.296811327773108],[92.77812901130557,8.30564035975273],[92.75133027141108,8.314774507827574],[92.72205460499057,8.324353544204854],[92.71947687366458,8.325232144457015],[92.7112965101693,8.3279087701015],[92.68535131214693,8.33604698186788]]]}},{"type":"Feature","properties":{"name":"nominal_rod_exclusion"},"geometry":{"type":"MultiPolygon","coordinates":[[[[102.69928277376653,-0.15585147008852365],[102.6964140038474,-0.3116794695189188],[102.69163320068037,-0.4674605311676515],[102.68494108423683,-0.6231711949798454],[102.67633866232487,-0.778788011502279],[102.6658272304376,-0.934287545414788],[102.65340837155802,-1.0896463790595372],[102.63908395592055,-1.2448411159676342],[102.62285614072954,-1.3998483843825522],[102.60472736983425,-1.554644840779829],[102.58470037336089,-1.7092071733825174],[102.56277816730146,-1.8635121056718529],[102.53896405305957,-2.0175363998926104],[102.51326161695323,-2.1712568605526257],[102.48567472967477,-2.3246503379159527],[102.45620754570794,-2.4776937314891248],[102.42486450270225,-2.6303639935000094],[102.3916503208047,-2.7826381323687115],[102.35657000194892,-2.9344932161700266],[102.31962882910187,-3.0859063760869003],[102.28083236546833,-3.2368548098543917],[102.24018645365298,-3.387315785193606],[102.19769721478067,-3.537266643235097],[102.15337104757447,-3.686684801931207],[102.10721462739211,-3.8355477594568383],[102.0592349052207,-3.983833097598149],[102.00943910662993,-4.13151848512865],[101.95783473068387,-4.278581681172211],[101.90442954881175,-4.425000538552447],[101.84923160363752,-4.570753007128008],[101.79224920776868,-4.715817137113247],[101.73349094254444,-4.8601710823837765],[101.67296565674343,-5.003793103766411],[101.61068246525106,-5.146661572313017],[101.54665074768687,-5.288754972557742],[101.48088014699199,-5.4300519057571695],[101.41338056797697,-5.570531093112891],[101.34416217583014,-5.710171378976011],[101.27323539458672,-5.848951734033121],[101.2006109055591,-5.986851258473219],[101.1262996457282,-6.123849185135162],[101.05031280609637,-6.259924882635111],[100.97266183000221,-6.395057858473549],[100.89335841139707,-6.52922776212137],[100.8124144930841,-6.662414388084605],[100.72984226491965,-6.794597678947279],[100.64565416197757,-6.925757728392],[100.55986286267648,-7.055874784197762],[100.4724812868705,-7.184929251214571],[100.38352259390355,-7.312901694314397],[100.29300018062754,-7.439772841318023],[100.20092767938496,-7.565523585897383],[100.10731895595583,-7.690134990452889],[100.01218810746957,-7.813588288965372],[99.91554946028205,-7.935864889822173],[99.81741756781805,-8.056946378616972],[99.71780720837967,-8.17681452092293],[99.61673338292059,-8.295451265038725],[99.51421131278717,-8.412838744707074],[99.41025643742607,-8.528959281805319],[99.30488441205912,-8.643795389007705],[99.1981111053258,-8.757329772418883],[99.0899525968933,-8.869545334178326],[98.9804251750352,-8.980425175035196],[98.86954533417833,-9.089952596893301],[98.75732977241888,-9.19811110532579],[98.6437953890077,-9.30488441205913],[98.52895928180531,-9.410256437426066],[98.41283874470707,-9.514211312787168],[98.29545126503872,-9.616733382920588],[98.17681452092293,-9.717807208379662],[98.05694637861697,-9.81741756781806],[97.93586488982217,-9.915549460282044],[97.81358828896538,-10.012188107469566],[97.69013499045289,-10.107318955955826],[97.56552358589738,-10.20092767938496],[97.43977284131802,-10.29300018062754],[97.31290169431439,-10.383522593903548],[97.18492925121457,-10.472481286870511],[97.05587478419777,-10.559862862676486],[96.925757728392,-10.645654161977568],[96.79459767894728,-10.72984226491965],[96.6624143880846,-10.8124144930841],[96.52922776212137,-10.893358411397076],[96.39505785847355,-10.972661830002215],[96.25992488263512,-11.050312806096377],[96.12384918513516,-11.12629964572819],[95.98685125847322,-11.200610905559099],[95.84895173403312,-11.273235394586719],[95.71017137897601,-11.344162175830132],[95.57053109311289,-11.41338056797697],[95.43005190575717,-11.480880146991987],[95.28875497255774,-11.546650747686861],[95.14666157231302,-11.610682465251056],[95.00379310376641,-11.672965656743429],[94.86017108238377,-11.733490942544437],[94.71581713711325,-11.792249207768672],[94.570753007128,-11.849231603637515],[94.42500053855244,-11.904429548811754],[94.27858168117221,-11.95783473068387],[94.13151848512865,-12.009439106629921],[93.98383309759815,-12.059234905220704],[93.83554775945684,-12.107214627392109],[93.68668480193121,-12.153371047574467],[93.5372666432351,-12.197697214780671],[93.3873157851936,-12.240186453652985],[93.23685480985439,-12.280832365468324],[93.0859063760869,-12.319628829101875],[92.93449321617003,-12.356570001948919],[92.78263813236872,-12.391650320804708],[92.63036399350001,-12.424864502702254],[92.47769373148913,-12.456207545707937],[92.32465033791595,-12.485674729674766],[92.17125686055263,-12.51326161695323],[92.0175363998926,-12.538964053059576],[91.86351210567186,-12.562778167301463],[91.70920717338252,-12.584700373360883],[91.55464484077983,-12.604727369834244],[91.39984838438255,-12.622856140729537],[91.24484111596763,-12.639083955920551],[91.08964637905953,-12.653408371558008],[90.93428754541479,-12.665827230437602],[90.77878801150229,-12.676338662324865],[90.62317119497985,-12.684941084236822],[90.46746053116766,-12.691633200680371],[90.31167946951892,-12.696414003847396],[90.15585147008852,-12.69928277376652],[90.0,-12.700239078411549],[89.84414852991148,-12.69928277376652],[89.68832053048108,-12.696414003847396],[89.53253946883235,-12.691633200680371],[89.37682880502015,-12.684941084236822],[89.22121198849773,-12.676338662324865],[89.06571245458521,-12.665827230437602],[88.91035362094047,-12.653408371558008],[88.75515888403237,-12.639083955920551],[88.60015161561745,-12.622856140729537],[88.44535515922017,-12.604727369834244],[88.29079282661748,-12.584700373360883],[88.13648789432816,-12.562778167301463],[87.9824636001074,-12.538964053059576],[87.82874313944737,-12.51326161695323],[87.67534966208405,-12.485674729674766],[87.52230626851087,-12.456207545707937],[87.36963600649999,-12.424864502702254],[87.2173618676313,-12.391650320804708],[87.06550678382997,-12.35657000194892],[86.9140936239131,-12.319628829101875],[86.76314519014561,-12.280832365468324],[86.6126842148064,-12.240186453652985],[86.4627333567649,-12.197697214780671],[86.31331519806879,-12.153371047574467],[86.16445224054316,-12.10721462739211],[86.01616690240185,-12.059234905220704],[85.86848151487135,-12.009439106629923],[85.72141831882779,-11.95783473068387],[85.57499946144756,-11.904429548811754],[85.429246992872,-11.849231603637515],[85.28418286288675,-11.792249207768672],[85.13982891761623,-11.733490942544437],[84.99620689623359,-11.672965656743429],[84.85333842768698,-11.610682465251056],[84.71124502744226,-11.546650747686865],[84.56994809424283,-11.48088014699199],[84.42946890688711,-11.413380567976972],[84.28982862102399,-11.34416217583013],[84.15104826596688,-11.273235394586719],[84.01314874152678,-11.2006109055591],[83.87615081486484,-11.12629964572819],[83.7400751173649,-11.050312806096379],[83.60494214152645,-10.972661830002215],[83.47077223787863,-10.893358411397076],[83.3375856119154,-10.8124144930841],[83.20540232105272,-10.729842264919654],[83.074242271608,-10.64565416197757],[82.94412521580225,-10.559862862676486],[82.81507074878543,-10.47248128687051],[82.68709830568561,-10.383522593903548],[82.56022715868198,-10.29300018062754],[82.43447641410262,-10.20092767938496],[82.30986500954711,-10.107318955955828],[82.18641171103462,-10.012188107469568],[82.06413511017783,-9.915549460282046],[81.94305362138303,-9.817417567818062],[81.82318547907707,-9.717807208379664],[81.70454873496128,-9.61673338292059],[81.58716125529293,-9.514211312787168],[81.47104071819467,-9.410256437426064],[81.3562046109923,-9.30488441205913],[81.24267022758112,-9.19811110532579],[81.13045466582167,-9.089952596893303],[81.0195748249648,-8.980425175035196],[80.9100474031067,-8.869545334178328],[80.8018888946742,-8.757329772418887],[80.69511558794088,-8.643795389007709],[80.58974356257394,-8.528959281805323],[80.48578868721283,-8.412838744707075],[80.38326661707941,-8.295451265038723],[80.28219279162033,-8.17681452092293],[80.18258243218195,-8.056946378616972],[80.08445053971795,-7.935864889822173],[79.98781189253043,-7.813588288965373],[79.89268104404417,-7.69013499045289],[79.79907232061504,-7.565523585897384],[79.70699981937246,-7.439772841318025],[79.61647740609645,-7.312901694314398],[79.5275187131295,-7.184929251214576],[79.44013713732352,-7.055874784197762],[79.35434583802243,-6.925757728391998],[79.27015773508035,-6.794597678947279],[79.1875855069159,-6.662414388084605],[79.10664158860293,-6.529227762121371],[79.02733816999779,-6.395057858473549],[78.94968719390363,-6.259924882635112],[78.87370035427182,-6.123849185135164],[78.7993890944409,-5.986851258473222],[78.72676460541328,-5.848951734033124],[78.65583782416986,-5.710171378976016],[78.58661943202303,-5.570531093112889],[78.51911985300801,-5.430051905757169],[78.45334925231313,-5.288754972557742],[78.38931753474894,-5.146661572313018],[78.32703434325657,-5.003793103766412],[78.26650905745556,-4.860171082383777],[78.20775079223134,-4.71581713711325],[78.15076839636248,-4.570753007128011],[78.09557045118825,-4.42500053855245],[78.04216526931613,-4.278581681172215],[77.99056089337009,-4.131518485128654],[77.9407650947793,-3.9838330975981475],[77.89278537260789,-3.8355477594568375],[77.84662895242553,-3.6866848019312073],[77.80230278521933,-3.5372666432350988],[77.75981354634702,-3.3873157851936075],[77.71916763453167,-3.236854809854393],[77.68037117089813,-3.085906376086903],[77.64342999805108,-2.9344932161700292],[77.6083496791953,-2.7826381323687146],[77.57513549729775,-2.630363993500013],[77.54379245429206,-2.4776937314891296],[77.51432527032523,-2.3246503379159518],[77.48673838304677,-2.1712568605526257],[77.46103594694043,-2.017536399892611],[77.43722183269854,-1.8635121056718535],[77.41529962663911,-1.7092071733825187],[77.39527263016575,-1.554644840779831],[77.37714385927046,-1.3998483843825544],[77.36091604407945,-1.2448411159676371],[77.34659162844198,-1.0896463790595405],[77.3341727695624,-0.9342875454147919],[77.32366133767513,-0.7787880115022779],[77.31505891576317,-0.6231711949798447],[77.30836679931963,-0.4674605311676515],[77.3035859961526,-0.3116794695189193],[77.30071722623347,-0.1558514700885247],[77.29976092158844,0.0],[77.30071722623347,0.1558514700885216],[77.3035859961526,0.3116794695189161],[77.30836679931963,0.46746053116764835],[77.31505891576317,0.6231711949798417],[77.32366133767513,0.7787880115022748],[77.3341727695624,0.9342875454147889],[77.34659162844198,1.0896463790595374],[77.36091604407945,1.244841115967634],[77.37714385927046,1.3998483843825513],[77.39527263016575,1.5546448407798277],[77.41529962663911,1.709207173382516],[77.43722183269854,1.8635121056718507],[77.46103594694043,2.0175363998926072],[77.48673838304677,2.1712568605526226],[77.51432527032523,2.3246503379159487],[77.54379245429206,2.4776937314891265],[77.57513549729775,2.63036399350001],[77.6083496791953,2.7826381323687115],[77.64342999805108,2.934493216170026],[77.68037117089813,3.0859063760868994],[77.71916763453167,3.2368548098543903],[77.75981354634702,3.387315785193605],[77.80230278521933,3.537266643235095],[77.84662895242553,3.6866848019312037],[77.89278537260789,3.835547759456835],[77.9407650947793,3.9838330975981444],[77.99056089337007,4.131518485128651],[78.04216526931613,4.278581681172211],[78.09557045118825,4.425000538552447],[78.15076839636248,4.570753007128008],[78.20775079223132,4.7158171371132465],[78.26650905745556,4.860171082383775],[78.32703434325657,5.00379310376641],[78.38931753474894,5.146661572313016],[78.45334925231313,5.288754972557739],[78.51911985300801,5.430051905757166],[78.58661943202303,5.570531093112886],[78.65583782416986,5.710171378976013],[78.72676460541328,5.848951734033122],[78.7993890944409,5.986851258473219],[78.8737003542718,6.123849185135161],[78.94968719390363,6.25992488263511],[79.02733816999779,6.395057858473547],[79.10664158860293,6.529227762121368],[79.1875855069159,6.662414388084603],[79.27015773508035,6.794597678947277],[79.35434583802243,6.9257577283919955],[79.44013713732352,7.055874784197759],[79.5275187131295,7.184929251214573],[79.61647740609645,7.312901694314397],[79.70699981937246,7.439772841318023],[79.79907232061504,7.565523585897381],[79.89268104404417,7.690134990452887],[79.98781189253043,7.81358828896537],[80.08445053971795,7.935864889822172],[80.18258243218193,8.05694637861697],[80.28219279162033,8.176814520922928],[80.38326661707941,8.295451265038722],[80.48578868721283,8.412838744707074],[80.58974356257393,8.52895928180532],[80.69511558794088,8.643795389007705],[80.8018888946742,8.757329772418883],[80.9100474031067,8.869545334178326],[81.0195748249648,8.980425175035194],[81.13045466582167,9.0899525968933],[81.24267022758112,9.19811110532579],[81.3562046109923,9.304884412059128],[81.47104071819467,9.410256437426064],[81.58716125529293,9.514211312787166],[81.70454873496126,9.616733382920584],[81.82318547907707,9.717807208379662],[81.94305362138303,9.817417567818056],[82.06413511017783,9.915549460282042],[82.18641171103462,10.012188107469562],[82.30986500954711,10.107318955955826],[82.43447641410262,10.200927679384963],[82.56022715868197,10.293000180627539],[82.68709830568561,10.38352259390355],[82.81507074878543,10.472481286870508],[82.94412521580225,10.559862862676486],[83.074242271608,10.645654161977566],[83.20540232105272,10.729842264919652],[83.33758561191539,10.812414493084095],[83.47077223787863,10.893358411397074],[83.60494214152645,10.972661830002211],[83.74007511736488,11.050312806096377],[83.87615081486484,11.12629964572819],[84.01314874152678,11.200610905559099],[84.15104826596688,11.27323539458672],[84.28982862102399,11.34416217583013],[84.42946890688711,11.41338056797697],[84.56994809424282,11.480880146991986],[84.71124502744226,11.546650747686863],[84.85333842768698,11.610682465251053],[84.99620689623359,11.672965656743427],[85.13982891761621,11.733490942544435],[85.28418286288675,11.79224920776867],[85.429246992872,11.849231603637516],[85.57499946144755,11.904429548811752],[85.72141831882779,11.95783473068387],[85.86848151487135,12.00943910662992],[86.01616690240185,12.059234905220704],[86.16445224054316,12.107214627392107],[86.31331519806879,12.153371047574467],[86.4627333567649,12.19769721478067],[86.6126842148064,12.240186453652985],[86.76314519014561,12.280832365468326],[86.91409362391309,12.319628829101875],[87.06550678382997,12.35657000194892],[87.21736186763128,12.391650320804706],[87.36963600649999,12.424864502702254],[87.52230626851087,12.456207545707935],[87.67534966208405,12.485674729674766],[87.82874313944737,12.51326161695323],[87.9824636001074,12.538964053059575],[88.13648789432814,12.562778167301461],[88.29079282661748,12.584700373360883],[88.44535515922017,12.604727369834245],[88.60015161561745,12.622856140729537],[88.75515888403237,12.639083955920551],[88.91035362094046,12.653408371558008],[89.06571245458521,12.665827230437602],[89.22121198849771,12.676338662324865],[89.37682880502015,12.684941084236822],[89.53253946883234,12.691633200680371],[89.68832053048108,12.696414003847396],[89.84414852991146,12.69928277376652],[90.0,12.700239078411549],[90.15585147008852,12.69928277376652],[90.31167946951892,12.696414003847396],[90.46746053116766,12.691633200680371],[90.62317119497985,12.684941084236822],[90.77878801150229,12.676338662324865],[90.93428754541478,12.665827230437602],[91.08964637905953,12.653408371558008],[91.24484111596763,12.639083955920551],[91.39984838438255,12.622856140729537],[91.55464484077982,12.604727369834245],[91.70920717338251,12.584700373360883],[91.86351210567186,12.562778167301461],[92.0175363998926,12.538964053059576],[92.17125686055263,12.51326161695323],[92.32465033791595,12.485674729674768],[92.47769373148913,12.456207545707937],[92.6303639935,12.424864502702254],[92.78263813236872,12.391650320804708],[92.93449321617003,12.356570001948922],[93.0859063760869,12.319628829101875],[93.23685480985438,12.280832365468326],[93.3873157851936,12.240186453652987],[93.5372666432351,12.197697214780671],[93.68668480193121,12.153371047574467],[93.83554775945684,12.10721462739211],[93.98383309759815,12.059234905220704],[94.13151848512865,12.009439106629921],[94.2785816811722,11.957834730683873],[94.42500053855244,11.904429548811754],[94.570753007128,11.849231603637518],[94.71581713711325,11.792249207768672],[94.86017108238377,11.733490942544435],[95.00379310376641,11.67296565674343],[95.14666157231302,11.610682465251054],[95.28875497255774,11.546650747686865],[95.43005190575717,11.480880146991987],[95.57053109311289,11.413380567976974],[95.71017137897601,11.344162175830132],[95.84895173403311,11.273235394586722],[95.98685125847322,11.2006109055591],[96.12384918513516,11.126299645728194],[96.2599248826351,11.050312806096379],[96.39505785847355,10.972661830002213],[96.52922776212137,10.893358411397076],[96.66241438808461,10.812414493084098],[96.79459767894727,10.729842264919654],[96.925757728392,10.645654161977568],[97.05587478419775,10.559862862676487],[97.18492925121457,10.472481286870511],[97.31290169431439,10.383522593903551],[97.43977284131802,10.293000180627542],[97.56552358589738,10.200927679384966],[97.69013499045289,10.10731895595583],[97.81358828896538,10.012188107469566],[97.93586488982217,9.915549460282048],[98.05694637861697,9.81741756781806],[98.17681452092293,9.717807208379666],[98.29545126503872,9.616733382920588],[98.41283874470707,9.514211312787173],[98.52895928180531,9.410256437426066],[98.6437953890077,9.304884412059133],[98.75732977241888,9.198111105325792],[98.86954533417833,9.089952596893307],[98.9804251750352,8.980425175035197],[99.08995259689331,8.869545334178326],[99.1981111053258,8.757329772418887],[99.30488441205912,8.643795389007705],[99.41025643742606,8.528959281805323],[99.51421131278717,8.412838744707074],[99.61673338292059,8.295451265038729],[99.71780720837967,8.176814520922932],[99.81741756781805,8.056946378616978],[99.91554946028204,7.935864889822175],[100.01218810746957,7.813588288965378],[100.10731895595582,7.69013499045289],[100.20092767938496,7.565523585897381],[100.29300018062753,7.4397728413180255],[100.38352259390355,7.312901694314395],[100.4724812868705,7.1849292512145775],[100.55986286267648,7.055874784197762],[100.64565416197756,6.925757728392004],[100.72984226491965,6.79459767894728],[100.81241449308409,6.662414388084611],[100.89335841139707,6.529227762121373],[100.97266183000221,6.395057858473556],[101.05031280609637,6.259924882635114],[101.1262996457282,6.12384918513516],[101.2006109055591,5.986851258473223],[101.27323539458672,5.84895173403312],[101.34416217583012,5.710171378976017],[101.41338056797697,5.570531093112891],[101.48088014699198,5.430051905757175],[101.54665074768687,5.288754972557744],[101.61068246525105,5.1466615723130245],[101.67296565674343,5.003793103766414],[101.73349094254444,4.860171082383784],[101.79224920776866,4.715817137113251],[101.84923160363752,4.5707530071280065],[101.90442954881175,4.425000538552451],[101.95783473068387,4.27858168117221],[102.00943910662991,4.131518485128655],[102.0592349052207,3.983833097598149],[102.10721462739211,3.8355477594568446],[102.15337104757447,3.6866848019312086],[102.19769721478067,3.537266643235105],[102.24018645365298,3.387315785193609],[102.28083236546833,3.2368548098543894],[102.31962882910187,3.0859063760869043],[102.35657000194892,2.934493216170025],[102.3916503208047,2.782638132368716],[102.42486450270225,2.630363993500009],[102.45620754570794,2.477693731489131],[102.48567472967477,2.324650337915953],[102.51326161695323,2.171256860552633],[102.53896405305957,2.017536399892612],[102.56277816730146,1.8635121056718609],[102.58470037336089,1.7092071733825205],[102.60472736983425,1.5546448407798268],[102.62285614072954,1.399848384382556],[102.63908395592055,1.244841115967633],[102.65340837155802,1.089646379059542],[102.6658272304376,0.9342875454147879],[102.67633866232487,0.7787880115022852],[102.68494108423683,0.6231711949798464],[102.69163320068037,0.4674605311676587],[102.6964140038474,0.3116794695189208],[102.69928277376653,0.1558514700885319],[102.70023907841156,0.0],[102.69928277376653,-0.15585147008852365]]],[[[202.69928277376653,11.844148529911477],[202.6964140038474,11.68832053048108],[202.69163320068037,11.532539468832349],[202.6849410842368,11.376828805020155],[202.67633866232487,11.221211988497721],[202.6658272304376,11.065712454585212],[202.65340837155802,10.910353620940462],[202.63908395592054,10.755158884032365],[202.62285614072954,10.600151615617447],[202.60472736983425,10.44535515922017],[202.58470037336087,10.290792826617484],[202.56277816730147,10.136487894328146],[202.53896405305957,9.98246360010739],[202.51326161695323,9.828743139447374],[202.48567472967477,9.675349662084047],[202.45620754570794,9.522306268510874],[202.42486450270226,9.369636006499992],[202.3916503208047,9.217361867631288],[202.3565700019489,9.065506783829974],[202.31962882910187,8.9140936239131],[202.2808323654683,8.763145190145607],[202.240186453653,8.612684214806393],[202.19769721478067,8.462733356764904],[202.15337104757447,8.313315198068793],[202.10721462739212,8.164452240543161],[202.0592349052207,8.016166902401851],[202.0094391066299,7.86848151487135],[201.95783473068389,7.721418318827789],[201.90442954881175,7.574999461447553],[201.84923160363752,7.429246992871992],[201.79224920776866,7.284182862886753],[201.73349094254445,7.1398289176162235],[201.67296565674343,6.996206896233589],[201.61068246525105,6.853338427686983],[201.54665074768687,6.711245027442258],[201.48088014699198,6.5699480942428305],[201.41338056797696,6.429468906887109],[201.34416217583012,6.289828621023989],[201.27323539458672,6.151048265966879],[201.2006109055591,6.013148741526781],[201.12629964572818,5.876150814864838],[201.05031280609637,5.740075117364889],[200.9726618300022,5.604942141526451],[200.8933584113971,5.47077223787863],[200.8124144930841,5.337585611915395],[200.72984226491965,5.205402321052721],[200.64565416197757,5.074242271608],[200.55986286267648,4.944125215802238],[200.4724812868705,4.815070748785429],[200.38352259390354,4.687098305685603],[200.29300018062753,4.560227158681977],[200.20092767938496,4.434476414102617],[200.10731895595583,4.309865009547111],[200.01218810746957,4.186411711034628],[199.91554946028205,4.064135110177827],[199.81741756781807,3.9430536213830276],[199.71780720837967,3.82318547907707],[199.6167333829206,3.704548734961275],[199.51421131278718,3.5871612552929264],[199.41025643742606,3.471040718194681],[199.30488441205912,3.356204610992295],[199.19811110532578,3.242670227581117],[199.0899525968933,3.1304546658216736],[198.9804251750352,3.0195748249648044],[198.86954533417833,2.9100474031066987],[198.75732977241887,2.80188889467421],[198.6437953890077,2.6951155879408706],[198.52895928180533,2.5897435625739345],[198.41283874470707,2.485788687212832],[198.29545126503874,2.3832666170794123],[198.17681452092293,2.2821927916203375],[198.05694637861697,2.18258243218194],[197.93586488982217,2.084450539717956],[197.81358828896538,1.9878118925304342],[197.6901349904529,1.8926810440441741],[197.56552358589738,1.7990723206150392],[197.43977284131802,1.7069998193724594],[197.3129016943144,1.6164774060964522],[197.18492925121458,1.5275187131294885],[197.05587478419775,1.4401371373235143],[196.925757728392,1.3543458380224322],[196.79459767894727,1.2701577350803497],[196.6624143880846,1.1875855069158998],[196.52922776212137,1.1066415886029244],[196.39505785847354,1.027338169997785],[196.25992488263512,0.9496871939036229],[196.12384918513516,0.8737003542718096],[195.98685125847322,0.799389094440901],[195.8489517340331,0.7267646054132815],[195.710171378976,0.6558378241698684],[195.5705310931129,0.5866194320230296],[195.43005190575718,0.5191198530080126],[195.28875497255774,0.4533492523131386],[195.146661572313,0.3893175347489439],[195.0037931037664,0.327034343256571],[194.86017108238377,0.2665090574555631],[194.71581713711325,0.20775079223132842],[194.57075300712802,0.1507683963624853],[194.42500053855244,0.09557045118824625],[194.2785816811722,0.042165269316129184],[194.13151848512865,-0.009439106629921312],[193.98383309759814,-0.05923490522070374],[193.83554775945683,-0.10721462739210885],[193.6866848019312,-0.15337104757446696],[193.53726664323509,-0.19769721478067126],[193.3873157851936,-0.24018645365298497],[193.23685480985438,-0.28083236546832424],[193.0859063760869,-0.31962882910187496],[192.93449321617004,-0.35657000194891886],[192.7826381323687,-0.3916503208047075],[192.6303639935,-0.4248645027022544],[192.47769373148913,-0.45620754570793665],[192.32465033791595,-0.4856747296747663],[192.17125686055263,-0.5132616169532298],[192.0175363998926,-0.5389640530595763],[191.86351210567184,-0.5627781673014631],[191.7092071733825,-0.5847003733608833],[191.55464484077984,-0.6047273698342437],[191.39984838438255,-0.622856140729537],[191.24484111596763,-0.639083955920551],[191.08964637905953,-0.6534083715580081],[190.93428754541478,-0.6658272304376016],[190.7787880115023,-0.6763386623248646],[190.62317119497985,-0.6849410842368222],[190.46746053116766,-0.6916332006803714],[190.3116794695189,-0.696414003847396],[190.15585147008852,-0.6992827737665195],[190.0,-0.7002390784115491],[189.84414852991148,-0.6992827737665195],[189.6883205304811,-0.696414003847396],[189.53253946883234,-0.6916332006803714],[189.37682880502015,-0.6849410842368222],[189.2212119884977,-0.6763386623248646],[189.06571245458522,-0.6658272304376016],[188.91035362094047,-0.6534083715580081],[188.75515888403237,-0.639083955920551],[188.60015161561745,-0.622856140729537],[188.44535515922018,-0.6047273698342437],[188.2907928266175,-0.5847003733608833],[188.13648789432816,-0.5627781673014631],[187.9824636001074,-0.5389640530595763],[187.82874313944737,-0.5132616169532298],[187.67534966208405,-0.4856747296747663],[187.52230626851087,-0.45620754570793665],[187.3696360065,-0.4248645027022544],[187.2173618676313,-0.3916503208047075],[187.06550678382996,-0.35657000194892063],[186.9140936239131,-0.31962882910187496],[186.76314519014562,-0.28083236546832424],[186.6126842148064,-0.24018645365298497],[186.46273335676491,-0.19769721478067126],[186.3133151980688,-0.15337104757446696],[186.16445224054317,-0.10721462739211063],[186.01616690240186,-0.05923490522070374],[185.86848151487135,-0.009439106629923089],[185.7214183188278,0.042165269316129184],[185.57499946144756,0.09557045118824625],[185.42924699287198,0.1507683963624853],[185.28418286288675,0.20775079223132842],[185.13982891761623,0.2665090574555631],[184.9962068962336,0.327034343256571],[184.853338427687,0.3893175347489439],[184.71124502744226,0.45334925231313505],[184.56994809424285,0.5191198530080108],[184.4294689068871,0.5866194320230278],[184.289828621024,0.6558378241698701],[184.1510482659669,0.7267646054132815],[184.01314874152678,0.7993890944408992],[183.87615081486484,0.8737003542718096],[183.74007511736488,0.9496871939036211],[183.60494214152646,1.027338169997785],[183.47077223787863,1.1066415886029244],[183.3375856119154,1.1875855069158998],[183.20540232105273,1.2701577350803461],[183.074242271608,1.3543458380224305],[182.94412521580225,1.4401371373235143],[182.81507074878542,1.5275187131294903],[182.6870983056856,1.6164774060964522],[182.56022715868198,1.7069998193724594],[182.43447641410262,1.7990723206150392],[182.3098650095471,1.8926810440441724],[182.18641171103462,1.9878118925304324],[182.06413511017783,2.0844505397179542],[181.94305362138303,2.1825824321819383],[181.82318547907707,2.2821927916203357],[181.7045487349613,2.3832666170794106],[181.58716125529293,2.485788687212832],[181.47104071819467,2.5897435625739362],[181.3562046109923,2.6951155879408706],[181.24267022758113,2.80188889467421],[181.13045466582167,2.910047403106697],[181.01957482496482,3.0195748249648044],[180.9100474031067,3.130454665821672],[180.80188889467422,3.2426702275811135],[180.69511558794088,3.3562046109922914],[180.58974356257394,3.4710407181946774],[180.48578868721285,3.5871612552929246],[180.3832666170794,3.7045487349612767],[180.28219279162033,3.82318547907707],[180.18258243218193,3.9430536213830276],[180.08445053971795,4.064135110177827],[179.98781189253043,4.186411711034627],[179.89268104404417,4.30986500954711],[179.79907232061504,4.434476414102616],[179.70699981937247,4.560227158681975],[179.61647740609646,4.687098305685602],[179.5275187131295,4.815070748785424],[179.44013713732352,4.944125215802238],[179.35434583802243,5.074242271608002],[179.27015773508035,5.205402321052721],[179.1875855069159,5.337585611915395],[179.10664158860294,5.470772237878629],[179.0273381699978,5.604942141526451],[178.94968719390363,5.740075117364888],[178.87370035427182,5.876150814864836],[178.7993890944409,6.013148741526778],[178.72676460541328,6.151048265966876],[178.65583782416988,6.289828621023984],[178.58661943202304,6.429468906887111],[178.51911985300802,6.569948094242831],[178.45334925231313,6.711245027442258],[178.38931753474895,6.853338427686982],[178.32703434325657,6.996206896233588],[178.26650905745555,7.139828917616223],[178.20775079223134,7.28418286288675],[178.15076839636248,7.429246992871989],[178.09557045118825,7.57499946144755],[178.04216526931611,7.721418318827785],[177.9905608933701,7.868481514871346],[177.9407650947793,8.016166902401853],[177.89278537260788,8.164452240543163],[177.84662895242553,8.313315198068793],[177.80230278521933,8.4627333567649],[177.759813546347,8.612684214806393],[177.7191676345317,8.763145190145607],[177.68037117089813,8.914093623913097],[177.6434299980511,9.06550678382997],[177.6083496791953,9.217361867631286],[177.57513549729774,9.369636006499988],[177.54379245429206,9.52230626851087],[177.51432527032523,9.675349662084049],[177.48673838304677,9.828743139447374],[177.46103594694043,9.982463600107389],[177.43722183269853,10.136487894328146],[177.41529962663913,10.290792826617482],[177.39527263016575,10.445355159220169],[177.37714385927046,10.600151615617445],[177.36091604407946,10.755158884032364],[177.34659162844198,10.910353620940459],[177.3341727695624,11.065712454585208],[177.32366133767513,11.221211988497721],[177.3150589157632,11.376828805020155],[177.30836679931963,11.532539468832349],[177.3035859961526,11.68832053048108],[177.30071722623347,11.844148529911475],[177.29976092158844,12.0],[177.30071722623347,12.155851470088521],[177.3035859961526,12.311679469518916],[177.30836679931963,12.467460531167648],[177.3150589157632,12.623171194979841],[177.32366133767513,12.778788011502275],[177.3341727695624,12.934287545414788],[177.34659162844198,13.089646379059538],[177.36091604407946,13.244841115967635],[177.37714385927046,13.399848384382551],[177.39527263016575,13.554644840779828],[177.41529962663913,13.709207173382516],[177.43722183269853,13.86351210567185],[177.46103594694043,14.017536399892608],[177.48673838304677,14.171256860552623],[177.51432527032523,14.324650337915948],[177.54379245429206,14.477693731489126],[177.57513549729774,14.63036399350001],[177.6083496791953,14.782638132368712],[177.6434299980511,14.934493216170026],[177.68037117089813,15.0859063760869],[177.7191676345317,15.23685480985439],[177.759813546347,15.387315785193605],[177.80230278521933,15.537266643235096],[177.84662895242553,15.686684801931204],[177.89278537260788,15.835547759456835],[177.9407650947793,15.983833097598144],[177.9905608933701,16.13151848512865],[178.04216526931611,16.278581681172213],[178.09557045118825,16.425000538552446],[178.15076839636248,16.57075300712801],[178.20775079223134,16.71581713711325],[178.26650905745555,16.860171082383776],[178.32703434325657,17.00379310376641],[178.38931753474895,17.146661572313015],[178.45334925231313,17.28875497255774],[178.51911985300802,17.430051905757168],[178.586619432023,17.570531093112887],[178.65583782416988,17.710171378976014],[178.72676460541328,17.848951734033122],[178.7993890944409,17.98685125847322],[178.87370035427182,18.12384918513516],[178.94968719390363,18.25992488263511],[179.0273381699978,18.395057858473546],[179.1066415886029,18.52922776212137],[179.1875855069159,18.662414388084603],[179.27015773508035,18.794597678947277],[179.35434583802243,18.925757728391996],[179.44013713732352,19.05587478419776],[179.5275187131295,19.184929251214573],[179.61647740609646,19.312901694314398],[179.70699981937247,19.439772841318025],[179.79907232061504,19.56552358589738],[179.89268104404417,19.690134990452886],[179.98781189253043,19.81358828896537],[180.08445053971795,19.93586488982217],[180.18258243218193,20.05694637861697],[180.28219279162033,20.176814520922928],[180.3832666170794,20.29545126503872],[180.48578868721285,20.412838744707074],[180.58974356257394,20.52895928180532],[180.69511558794088,20.643795389007707],[180.80188889467422,20.757329772418885],[180.9100474031067,20.869545334178326],[181.0195748249648,20.980425175035194],[181.13045466582167,21.089952596893298],[181.2426702275811,21.19811110532579],[181.35620461099228,21.304884412059128],[181.47104071819467,21.410256437426064],[181.58716125529293,21.514211312787168],[181.70454873496126,21.616733382920586],[181.82318547907707,21.71780720837966],[181.94305362138303,21.817417567818055],[182.06413511017783,21.915549460282044],[182.18641171103462,22.012188107469562],[182.3098650095471,22.107318955955826],[182.43447641410262,22.20092767938496],[182.56022715868198,22.293000180627537],[182.6870983056856,22.38352259390355],[182.81507074878542,22.472481286870508],[182.94412521580225,22.559862862676486],[183.074242271608,22.645654161977568],[183.20540232105273,22.729842264919654],[183.3375856119154,22.812414493084095],[183.47077223787863,22.893358411397074],[183.60494214152644,22.97266183000221],[183.74007511736488,23.05031280609638],[183.87615081486484,23.12629964572819],[184.01314874152678,23.2006109055591],[184.1510482659669,23.27323539458672],[184.289828621024,23.344162175830128],[184.4294689068871,23.413380567976972],[184.56994809424282,23.480880146991986],[184.71124502744226,23.54665074768686],[184.85333842768696,23.610682465251053],[184.9962068962336,23.67296565674343],[185.13982891761623,23.733490942544435],[185.28418286288675,23.79224920776867],[185.42924699287198,23.849231603637516],[185.57499946144756,23.904429548811752],[185.7214183188278,23.95783473068387],[185.86848151487135,24.00943910662992],[186.01616690240186,24.059234905220706],[186.16445224054314,24.107214627392107],[186.31331519806878,24.153371047574467],[186.4627333567649,24.197697214780668],[186.6126842148064,24.240186453652985],[186.76314519014562,24.280832365468328],[186.9140936239131,24.319628829101873],[187.06550678383,24.35657000194892],[187.2173618676313,24.391650320804708],[187.3696360065,24.424864502702256],[187.52230626851087,24.456207545707933],[187.67534966208405,24.485674729674766],[187.82874313944737,24.51326161695323],[187.9824636001074,24.538964053059573],[188.13648789432813,24.56277816730146],[188.2907928266175,24.58470037336088],[188.44535515922018,24.604727369834244],[188.60015161561745,24.62285614072954],[188.75515888403237,24.63908395592055],[188.91035362094047,24.653408371558008],[189.06571245458522,24.6658272304376],[189.2212119884977,24.676338662324866],[189.37682880502015,24.684941084236822],[189.53253946883234,24.69163320068037],[189.6883205304811,24.696414003847394],[189.84414852991148,24.69928277376652],[190.0,24.70023907841155],[190.15585147008852,24.69928277376652],[190.3116794695189,24.696414003847394],[190.46746053116766,24.69163320068037],[190.62317119497985,24.684941084236822],[190.7787880115023,24.676338662324866],[190.93428754541478,24.6658272304376],[191.08964637905953,24.653408371558008],[191.24484111596763,24.63908395592055],[191.39984838438255,24.62285614072954],[191.55464484077982,24.604727369834244],[191.7092071733825,24.58470037336088],[191.86351210567184,24.56277816730146],[192.0175363998926,24.538964053059576],[192.17125686055263,24.51326161695323],[192.32465033791595,24.48567472967477],[192.47769373148913,24.456207545707937],[192.6303639935,24.424864502702256],[192.7826381323687,24.391650320804708],[192.93449321617,24.356570001948924],[193.0859063760869,24.319628829101873],[193.23685480985438,24.280832365468328],[193.3873157851936,24.24018645365299],[193.5372666432351,24.19769721478067],[193.6866848019312,24.153371047574467],[193.83554775945683,24.10721462739211],[193.98383309759814,24.059234905220706],[194.13151848512865,24.00943910662992],[194.2785816811722,23.95783473068387],[194.42500053855244,23.904429548811756],[194.570753007128,23.84923160363752],[194.71581713711325,23.79224920776867],[194.86017108238377,23.733490942544435],[195.0037931037664,23.67296565674343],[195.146661572313,23.610682465251053],[195.28875497255774,23.546650747686865],[195.43005190575718,23.480880146991986],[195.5705310931129,23.413380567976972],[195.710171378976,23.34416217583013],[195.8489517340331,23.27323539458672],[195.98685125847322,23.200610905559103],[196.12384918513516,23.126299645728196],[196.25992488263512,23.05031280609638],[196.39505785847356,22.972661830002213],[196.52922776212137,22.893358411397074],[196.6624143880846,22.8124144930841],[196.79459767894727,22.729842264919654],[196.925757728392,22.645654161977568],[197.05587478419775,22.55986286267649],[197.18492925121458,22.47248128687051],[197.3129016943144,22.38352259390355],[197.43977284131802,22.293000180627544],[197.56552358589738,22.200927679384968],[197.6901349904529,22.10731895595583],[197.81358828896538,22.012188107469566],[197.93586488982217,21.915549460282048],[198.05694637861697,21.81741756781806],[198.17681452092293,21.717807208379668],[198.29545126503874,21.616733382920586],[198.41283874470707,21.514211312787175],[198.52895928180533,21.410256437426064],[198.6437953890077,21.30488441205913],[198.75732977241887,21.198111105325793],[198.86954533417833,21.089952596893305],[198.98042517503518,20.980425175035197],[199.0899525968933,20.869545334178326],[199.19811110532578,20.757329772418885],[199.30488441205912,20.643795389007707],[199.41025643742606,20.52895928180532],[199.51421131278718,20.412838744707074],[199.6167333829206,20.29545126503873],[199.71780720837967,20.17681452092293],[199.81741756781804,20.056946378616978],[199.91554946028205,19.935864889822174],[200.01218810746957,19.813588288965377],[200.10731895595583,19.69013499045289],[200.20092767938496,19.56552358589738],[200.29300018062753,19.439772841318025],[200.38352259390354,19.312901694314395],[200.4724812868705,19.184929251214577],[200.55986286267648,19.055874784197762],[200.64565416197757,18.925757728392004],[200.72984226491965,18.79459767894728],[200.8124144930841,18.66241438808461],[200.89335841139706,18.529227762121373],[200.9726618300022,18.395057858473557],[201.05031280609637,18.259924882635115],[201.12629964572818,18.12384918513516],[201.2006109055591,17.986851258473223],[201.27323539458672,17.848951734033122],[201.34416217583012,17.710171378976018],[201.41338056797696,17.57053109311289],[201.48088014699198,17.430051905757175],[201.54665074768687,17.288754972557744],[201.61068246525105,17.146661572313025],[201.67296565674343,17.003793103766412],[201.73349094254445,16.860171082383783],[201.79224920776866,16.715817137113252],[201.84923160363752,16.570753007128005],[201.90442954881175,16.425000538552453],[201.95783473068389,16.27858168117221],[202.0094391066299,16.131518485128655],[202.0592349052207,15.983833097598149],[202.1072146273921,15.835547759456844],[202.15337104757447,15.686684801931209],[202.19769721478067,15.537266643235105],[202.240186453653,15.387315785193609],[202.2808323654683,15.236854809854389],[202.31962882910187,15.085906376086903],[202.3565700019489,14.934493216170026],[202.3916503208047,14.782638132368715],[202.42486450270226,14.630363993500008],[202.45620754570794,14.477693731489131],[202.48567472967477,14.324650337915953],[202.51326161695323,14.171256860552633],[202.53896405305957,14.017536399892613],[202.56277816730147,13.86351210567186],[202.58470037336087,13.70920717338252],[202.60472736983425,13.554644840779826],[202.62285614072954,13.399848384382556],[202.63908395592054,13.244841115967633],[202.65340837155802,13.089646379059541],[202.6658272304376,12.934287545414788],[202.67633866232487,12.778788011502286],[202.6849410842368,12.623171194979847],[202.69163320068037,12.467460531167658],[202.6964140038474,12.311679469518921],[202.69928277376653,12.155851470088532],[202.70023907841156,12.0],[202.69928277376653,11.844148529911477]]]]}},{"type":"Feature","properties":{"name":"reference_body_not_required"},"geometry":{"type":"Polygon","coordinates":[[[103.73,-43.0],[103.743,-42.9999],[103.746,-42.9998],[103.782,-42.9993],[103.789,-42.9991],[103.814,-42.9982],[103.822,-42.9979],[103.847,-42.9967],[103.855,-42.9963],[103.88,-42.9946],[103.887,-42.9941],[103.912,-42.992],[103.92,-42.9913],[103.945,-42.9889],[103.952,-42.9881],[103.978,-42.9852],[103.985,-42.9843],[104.01,-42.981],[104.017,-42.9799],[104.042,-42.9762],[104.05,-42.9751],[104.075,-42.971],[104.082,-42.9697],[104.107,-42.9652],[104.114,-42.9638],[104.139,-42.9588],[104.146,-42.9573],[104.171,-42.952],[104.178,-42.9504],[104.203,-42.9446],[104.21,-42.9429],[104.244,-42.9343],[104.248,-42.9334],[104.26,-42.9302],[104.264,-42.9293],[144.729,-32.0728],[144.73,-32.0723],[144.76,-32.0646],[144.762,-32.0641],[144.775,-32.0608],[144.779,-32.0599],[144.837,-32.0463],[144.844,-32.0448],[144.901,-32.0334],[144.909,-32.0321],[144.966,-32.0226],[144.973,-32.0215],[145.031,-32.0139],[145.038,-32.0131],[145.096,-32.0074],[145.103,-32.0068],[145.161,-32.0029],[145.169,-32.0026],[145.228,-32.0006],[145.232,-32.0005],[145.245,-32.0003],[145.247,-32.0003],[145.279,-32.0],[145.281,-32.0],[187.99,-32.0],[187.994,-32.0],[188.006,-31.9999],[188.01,-31.9998],[188.045,-31.9993],[188.053,-31.9991],[188.078,-31.9982],[188.085,-31.9979],[188.111,-31.9967],[188.118,-31.9963],[188.143,-31.9946],[188.151,-31.9941],[188.176,-31.992],[188.183,-31.9913],[188.209,-31.9889],[188.216,-31.9881],[188.241,-31.9852],[188.248,-31.9843],[188.274,-31.981],[188.281,-31.9799],[188.306,-31.9762],[188.313,-31.9751],[188.338,-31.971],[188.346,-31.9697],[188.37,-31.9652],[188.378,-31.9638],[188.403,-31.9588],[188.41,-31.9573],[188.435,-31.952],[188.442,-31.9504],[188.466,-31.9446],[188.474,-31.9429],[188.498,-31.9367],[188.505,-31.9349],[188.53,-31.9283],[188.537,-31.9263],[188.561,-31.9194],[188.568,-31.9173],[188.593,-31.9099],[188.6,-31.9077],[188.624,-31.9],[188.631,-31.8977],[188.655,-31.8895],[188.662,-31.8871],[188.686,-31.8786],[188.693,-31.876],[188.716,-31.8671],[188.723,-31.8644],[188.747,-31.8551],[188.754,-31.8524],[188.777,-31.8427],[188.784,-31.8398],[188.807,-31.8297],[188.814,-31.8267],[188.837,-31.8163],[188.844,-31.8132],[188.866,-31.8023],[188.873,-31.7991],[188.896,-31.7879],[188.902,-31.7846],[188.925,-31.773],[188.931,-31.7696],[188.954,-31.7576],[188.96,-31.7541],[188.982,-31.7418],[188.989,-31.7382],[189.011,-31.7255],[189.017,-31.7217],[189.039,-31.7087],[189.045,-31.7049],[189.067,-31.6915],[189.073,-31.6875],[189.094,-31.6738],[189.1,-31.6698],[189.122,-31.6557],[189.128,-31.6515],[189.148,-31.6371],[189.154,-31.6329],[189.175,-31.6181],[189.181,-31.6138],[189.201,-31.5986],[189.207,-31.5942],[189.227,-31.5788],[189.233,-31.5742],[189.253,-31.5585],[189.259,-31.5539],[189.278,-31.5378],[189.284,-31.5331],[189.303,-31.5166],[189.309,-31.5118],[189.328,-31.4951],[189.334,-31.4902],[189.352,-31.4732],[189.358,-31.4682],[189.376,-31.4509],[189.382,-31.4458],[189.4,-31.4282],[189.405,-31.423],[189.423,-31.4051],[189.428,-31.3998],[189.446,-31.3816],[189.451,-31.3763],[189.468,-31.3577],[189.473,-31.3523],[189.49,-31.3335],[189.495,-31.328],[189.512,-31.309],[189.517,-31.3034],[189.533,-31.2841],[189.538,-31.2784],[189.554,-31.2588],[189.558,-31.2531],[189.574,-31.2332],[189.579,-31.2274],[189.594,-31.2073],[189.599,-31.2014],[189.614,-31.1811],[189.618,-31.1751],[189.633,-31.1545],[189.637,-31.1485],[189.652,-31.1276],[189.656,-31.1215],[189.67,-31.1004],[189.674,-31.0943],[189.688,-31.073],[189.691,-31.0668],[189.705,-31.0452],[189.709,-31.0389],[189.722,-31.0172],[189.725,-31.0108],[189.738,-30.9889],[189.742,-30.9825],[189.754,-30.9603],[189.758,-30.9538],[189.777,-30.9171],[189.779,-30.9137],[189.783,-30.9072],[189.797,-30.8805],[189.801,-30.874],[189.83,-30.8237],[189.833,-30.8174],[189.864,-30.7681],[189.868,-30.7619],[189.9,-30.7136],[189.905,-30.7076],[189.938,-30.6604],[189.943,-30.6544],[189.978,-30.6084],[189.983,-30.6026],[190.02,-30.5577],[190.024,-30.5521],[190.063,-30.5084],[190.068,-30.503],[190.107,-30.4606],[190.112,-30.4553],[190.153,-30.4142],[190.159,-30.4091],[190.201,-30.3694],[190.207,-30.3644],[190.25,-30.3261],[190.256,-30.3214],[190.301,-30.2845],[190.307,-30.2799],[190.353,-30.2446],[190.358,-30.2402],[190.406,-30.2064],[190.412,-30.2022],[190.46,-30.1699],[190.466,-30.1659],[190.516,-30.1352],[190.522,-30.1315],[190.572,-30.1024],[190.579,-30.0988],[190.63,-30.0715],[190.636,-30.0681],[190.688,-30.0424],[190.695,-30.0393],[190.748,-30.0153],[190.755,-30.0124],[190.808,-29.9901],[190.815,-29.9874],[190.87,-29.967],[190.877,-29.9645],[190.932,-29.9458],[190.939,-29.9436],[190.994,-29.9267],[191.001,-29.9247],[191.057,-29.9096],[191.065,-29.9079],[191.122,-29.8945],[191.127,-29.8933],[191.156,-29.8874],[191.158,-29.887],[191.183,-29.882],[191.19,-29.8805],[191.343,-29.8475],[191.35,-29.8459],[191.375,-29.8401],[191.382,-29.8384],[191.533,-29.8004],[191.541,-29.7986],[191.565,-29.792],[191.572,-29.7901],[191.722,-29.7471],[191.729,-29.7451],[191.754,-29.7377],[191.761,-29.7355],[191.91,-29.6877],[191.917,-29.6854],[191.941,-29.6773],[191.948,-29.6748],[192.095,-29.6222],[192.102,-29.6197],[192.125,-29.6107],[192.132,-29.6081],[192.277,-29.5506],[192.284,-29.5479],[192.308,-29.5382],[192.314,-29.5353],[192.458,-29.4732],[192.465,-29.4702],[192.488,-29.4597],[192.494,-29.4566],[192.636,-29.3898],[192.642,-29.3866],[192.665,-29.3754],[192.672,-29.3721],[192.811,-29.3007],[192.817,-29.2973],[192.839,-29.2853],[192.846,-29.2818],[192.982,-29.2059],[192.989,-29.2023],[193.011,-29.1896],[193.017,-29.1858],[193.151,-29.1055],[193.157,-29.1017],[193.179,-29.0883],[193.185,-29.0844],[193.317,-28.9997],[193.323,-28.9956],[193.344,-28.9816],[193.35,-28.9774],[193.478,-28.8885],[193.484,-28.8842],[193.505,-28.8695],[193.511,-28.8651],[193.636,-28.7721],[193.642,-28.7676],[193.662,-28.7522],[193.668,-28.7477],[193.791,-28.6505],[193.796,-28.6459],[193.816,-28.6298],[193.822,-28.6251],[193.941,-28.524],[193.946,-28.5192],[193.965,-28.5025],[193.971,-28.4976],[194.087,-28.3926],[194.092,-28.3877],[194.111,-28.3703],[194.116,-28.3652],[194.228,-28.2566],[194.233,-28.2514],[194.251,-28.2335],[194.257,-28.2282],[194.365,-28.116],[194.37,-28.1106],[194.388,-28.0921],[194.393,-28.0867],[194.498,-27.9709],[194.502,-27.9654],[194.519,-27.9464],[194.524,-27.9408],[194.625,-27.8216],[194.63,-27.816],[194.646,-27.7964],[194.651,-27.7907],[194.748,-27.6683],[194.752,-27.6625],[194.768,-27.6423],[194.772,-27.6365],[194.865,-27.511],[194.869,-27.505],[194.884,-27.4844],[194.888,-27.4784],[194.977,-27.3499],[194.982,-27.3438],[194.996,-27.3227],[195.0,-27.3166],[195.084,-27.1853],[195.088,-27.179],[195.102,-27.1575],[195.106,-27.1512],[195.186,-27.0172],[195.19,-27.0108],[195.202,-26.9889],[195.206,-26.9825],[195.282,-26.8459],[195.285,-26.8394],[195.297,-26.8171],[195.301,-26.8106],[195.372,-26.6716],[195.375,-26.665],[195.387,-26.6422],[195.39,-26.6356],[195.457,-26.4944],[195.46,-26.4877],[195.47,-26.4646],[195.473,-26.4579],[195.535,-26.3145],[195.538,-26.3077],[195.548,-26.2843],[195.551,-26.2775],[195.612,-26.1233],[195.613,-26.1197],[195.618,-26.1073],[195.619,-26.1036],[206.127,1.88483],[206.128,1.88827],[206.15,1.94401],[206.153,1.95082],[206.176,2.00413],[206.179,2.01084],[206.204,2.06336],[206.207,2.06997],[206.234,2.12166],[206.237,2.12815],[206.266,2.1798],[206.269,2.18451],[206.282,2.20814],[206.283,2.20964],[206.32,2.27125],[206.321,2.27232],[206.323,2.27603],[206.324,2.27711],[206.362,2.34245],[206.363,2.34361],[206.365,2.34758],[206.366,2.34874],[206.404,2.41391],[206.404,2.41514],[206.407,2.41938],[206.408,2.42061],[206.445,2.48564],[206.446,2.48694],[206.448,2.49143],[206.449,2.49273],[206.485,2.55764],[206.486,2.55901],[206.489,2.56375],[206.49,2.56513],[206.526,2.62992],[206.526,2.63137],[206.529,2.63635],[206.53,2.6378],[206.565,2.70251],[206.566,2.70402],[206.569,2.70924],[206.57,2.71076],[206.604,2.7754],[206.605,2.77698],[206.608,2.78243],[206.609,2.78401],[206.643,2.8486],[206.644,2.85024],[206.647,2.85592],[206.648,2.85757],[206.681,2.92212],[206.682,2.92383],[206.685,2.92972],[206.686,2.93144],[206.718,2.99596],[206.719,2.99774],[206.722,3.00385],[206.723,3.00563],[206.755,3.07014],[206.756,3.07197],[206.759,3.0783],[206.76,3.08013],[206.791,3.14465],[206.792,3.14654],[206.795,3.15307],[206.796,3.15497],[206.826,3.2195],[206.827,3.22145],[206.83,3.22818],[206.831,3.23013],[206.861,3.29469],[206.861,3.2967],[206.865,3.30362],[206.865,3.30563],[206.894,3.37023],[206.895,3.37229],[206.898,3.37939],[206.899,3.38146],[206.927,3.44611],[206.928,3.44822],[206.931,3.45551],[206.932,3.45763],[206.96,3.52234],[206.961,3.5245],[206.964,3.53196],[206.965,3.53413],[206.991,3.59891],[206.992,3.60113],[206.995,3.60875],[206.996,3.61097],[207.022,3.67584],[207.023,3.67809],[207.026,3.68588],[207.027,3.68814],[207.052,3.7531],[207.053,3.7554],[207.056,3.76334],[207.057,3.76565],[207.081,3.83071],[207.082,3.83306],[207.085,3.84115],[207.086,3.8435],[207.109,3.90866],[207.11,3.91104],[207.113,3.91928],[207.114,3.92167],[207.137,3.98695],[207.137,3.98937],[207.14,3.99774],[207.141,4.00017],[207.163,4.06557],[207.164,4.06803],[207.167,4.07652],[207.167,4.07899],[207.189,4.14452],[207.189,4.14702],[207.192,4.15563],[207.193,4.15813],[207.213,4.2238],[207.214,4.22633],[207.217,4.23505],[207.217,4.23759],[207.237,4.3034],[207.238,4.30596],[207.24,4.31479],[207.241,4.31735],[207.26,4.38331],[207.26,4.3859],[207.263,4.39483],[207.264,4.39742],[207.282,4.46354],[207.282,4.46615],[207.285,4.47517],[207.285,4.47779],[207.302,4.54406],[207.303,4.5467],[207.305,4.5558],[207.306,4.55845],[207.322,4.62489],[207.323,4.62755],[207.325,4.63672],[207.326,4.63939],[207.341,4.706],[207.342,4.70868],[207.344,4.71792],[207.345,4.72061],[207.359,4.78739],[207.36,4.79009],[207.362,4.79939],[207.362,4.8021],[207.376,4.86906],[207.377,4.87177],[207.379,4.88113],[207.379,4.88385],[207.392,4.95099],[207.393,4.95372],[207.395,4.96312],[207.395,4.96585],[207.407,5.03317],[207.408,5.03591],[207.409,5.04535],[207.41,5.0481],[207.421,5.11561],[207.422,5.11836],[207.423,5.12783],[207.424,5.13058],[207.434,5.19828],[207.435,5.20103],[207.436,5.21053],[207.437,5.21329],[207.446,5.28118],[207.447,5.28394],[207.448,5.29345],[207.448,5.29621],[207.457,5.3643],[207.458,5.36706],[207.459,5.37658],[207.459,5.37934],[207.467,5.44762],[207.467,5.45038],[207.469,5.45991],[207.469,5.46267],[207.476,5.53114],[207.476,5.5339],[207.477,5.54342],[207.478,5.54619],[207.484,5.61485],[207.484,5.61761],[207.485,5.62712],[207.485,5.62988],[207.491,5.69873],[207.491,5.70149],[207.492,5.71098],[207.492,5.71374],[207.497,5.78278],[207.497,5.78553],[207.497,5.795],[207.498,5.79775],[207.501,5.86698],[207.502,5.86972],[207.502,5.87916],[207.502,5.8819],[207.505,5.95133],[207.505,5.95406],[207.506,5.96346],[207.506,5.96619],[207.508,6.0358],[207.508,6.03852],[207.508,6.04788],[207.508,6.0506],[207.51,6.1204],[207.51,6.1231],[207.51,6.13242],[207.51,6.13512],[207.51,6.2051],[207.51,6.20779],[207.51,6.21705],[207.51,6.21974],[207.51,6.2899],[207.51,6.29257],[207.51,6.30177],[207.51,6.30445],[207.509,6.37478],[207.509,6.37743],[207.509,6.38657],[207.509,6.38923],[207.507,6.45973],[207.506,6.46237],[207.506,6.47144],[207.506,6.47407],[207.503,6.54474],[207.503,6.54736],[207.503,6.55636],[207.503,6.55897],[207.499,6.6298],[207.499,6.6324],[207.498,6.64132],[207.498,6.6439],[207.494,6.7149],[207.493,6.71747],[207.493,6.72631],[207.493,6.72887],[207.487,6.80002],[207.487,6.80256],[207.486,6.81132],[207.486,6.81386],[207.48,6.88515],[207.48,6.88766],[207.479,6.89633],[207.479,6.89885],[207.472,6.97027],[207.472,6.97276],[207.471,6.98134],[207.471,6.98383],[207.463,7.05539],[207.463,7.05785],[207.462,7.06633],[207.461,7.06879],[207.453,7.14048],[207.452,7.14292],[207.451,7.1513],[207.451,7.15373],[207.442,7.22554],[207.441,7.22794],[207.44,7.23622],[207.44,7.23862],[207.43,7.31055],[207.429,7.31292],[207.428,7.32109],[207.428,7.32346],[207.417,7.39549],[207.416,7.39783],[207.415,7.4059],[207.415,7.40824],[207.403,7.48037],[207.403,7.48268],[207.401,7.49063],[207.401,7.49294],[207.388,7.56516],[207.388,7.56744],[207.386,7.57528],[207.386,7.57756],[207.373,7.64986],[207.372,7.6521],[207.371,7.65983],[207.37,7.66207],[207.356,7.73445],[207.356,7.73666],[207.354,7.74427],[207.354,7.74648],[207.339,7.81892],[207.338,7.8211],[207.337,7.82859],[207.336,7.83077],[207.321,7.90327],[207.32,7.90541],[207.319,7.91279],[207.318,7.91493],[207.302,7.98748],[207.301,7.98958],[207.3,7.99684],[207.299,7.99894],[207.282,8.07154],[207.281,8.07361],[207.28,8.08074],[207.279,8.08281],[207.261,8.15543],[207.261,8.15747],[207.259,8.16448],[207.259,8.16651],[207.24,8.23916],[207.239,8.24116],[207.238,8.24805],[207.237,8.25004],[207.218,8.32271],[207.217,8.32467],[207.215,8.33143],[207.215,8.33339],[207.195,8.40607],[207.194,8.40799],[207.192,8.41463],[207.192,8.41655],[207.171,8.48923],[207.171,8.49111],[207.169,8.49762],[207.168,8.49951],[207.147,8.57218],[207.146,8.57403],[207.144,8.5804],[207.144,8.58225],[207.122,8.6549],[207.121,8.65672],[207.119,8.66297],[207.119,8.66478],[207.096,8.73741],[207.095,8.73918],[207.093,8.74531],[207.093,8.74708],[207.069,8.81967],[207.069,8.82141],[207.067,8.8274],[207.066,8.82914],[207.042,8.9017],[207.042,8.9034],[207.04,8.90926],[207.039,8.91096],[207.014,8.98347],[207.014,8.98513],[207.012,8.99086],[207.011,8.99252],[206.986,9.06497],[206.985,9.0666],[206.983,9.0722],[206.983,9.07382],[206.957,9.14622],[206.956,9.14781],[206.954,9.15327],[206.954,9.15485],[206.927,9.22718],[206.927,9.22873],[206.925,9.23407],[206.924,9.23561],[206.897,9.30786],[206.897,9.30937],[206.895,9.31458],[206.894,9.31609],[206.866,9.38825],[206.866,9.38973],[206.864,9.3948],[206.863,9.39627],[206.835,9.46835],[206.835,9.46978],[206.833,9.47473],[206.832,9.47616],[206.803,9.54814],[206.803,9.54954],[206.801,9.55435],[206.8,9.55575],[206.771,9.62762],[206.77,9.62898],[206.769,9.63367],[206.768,9.63502],[206.738,9.70679],[206.738,9.70811],[206.736,9.71267],[206.735,9.71399],[206.705,9.78564],[206.704,9.78693],[206.703,9.79135],[206.702,9.79263],[206.671,9.86417],[206.671,9.86541],[206.669,9.8697],[206.668,9.87095],[206.637,9.94237],[206.637,9.94357],[206.635,9.94772],[206.634,9.94893],[206.603,10.0202],[206.602,10.0214],[206.6,10.0254],[206.6,10.0266],[206.568,10.0978],[206.567,10.0989],[206.566,10.1028],[206.565,10.1039],[206.533,10.1749],[206.532,10.176],[206.53,10.1798],[206.53,10.1809],[206.497,10.2518],[206.497,10.2528],[206.495,10.2565],[206.494,10.2575],[206.461,10.3283],[206.461,10.3293],[206.459,10.3328],[206.459,10.3338],[206.425,10.4044],[206.425,10.4054],[206.423,10.4087],[206.422,10.4097],[206.389,10.4802],[206.388,10.4811],[206.387,10.4844],[206.386,10.4853],[206.352,10.5556],[206.351,10.5565],[206.35,10.5596],[206.349,10.5605],[206.315,10.6307],[206.314,10.6315],[206.313,10.6345],[206.312,10.6354],[206.278,10.7054],[206.277,10.7062],[206.276,10.7091],[206.275,10.7099],[206.24,10.7797],[206.24,10.7805],[206.238,10.7832],[206.238,10.784],[206.203,10.8537],[206.202,10.8545],[206.201,10.8571],[206.201,10.8578],[206.165,10.9274],[206.165,10.9281],[206.163,10.9305],[206.163,10.9312],[206.127,11.0006],[206.127,11.0013],[206.125,11.0036],[206.125,11.0043],[206.089,11.0735],[206.089,11.0742],[206.088,11.0763],[206.087,11.077],[206.051,11.1461],[206.051,11.1467],[206.049,11.1487],[206.049,11.1493],[206.013,11.2182],[206.012,11.2188],[206.011,11.2207],[206.011,11.2213],[205.974,11.29],[205.974,11.2906],[205.973,11.2924],[205.973,11.2929],[205.936,11.3615],[205.936,11.362],[205.935,11.3636],[205.935,11.3641],[205.898,11.4326],[205.897,11.4331],[205.897,11.4346],[205.896,11.435],[205.859,11.5034],[205.859,11.5038],[205.858,11.5051],[205.858,11.5055],[205.821,11.5737],[205.821,11.5741],[205.82,11.5754],[205.82,11.5757],[205.783,11.6438],[205.782,11.6441],[205.782,11.6452],[205.782,11.6456],[205.744,11.7135],[205.744,11.7138],[205.744,11.7148],[205.743,11.715],[205.706,11.7828],[205.706,11.7831],[205.705,11.7839],[205.705,11.7842],[205.668,11.8518],[205.668,11.852],[205.667,11.8527],[205.667,11.8529],[205.63,11.9205],[205.63,11.9207],[205.629,11.9212],[205.629,11.9214],[205.592,11.9888],[205.592,11.989],[205.591,11.9894],[205.591,11.9895],[205.554,12.0568],[205.554,12.0569],[205.554,12.0572],[205.516,12.1245],[205.516,12.1248],[205.479,12.1919],[205.441,12.2587],[205.441,12.2589],[205.404,12.3251],[205.404,12.3257],[205.368,12.3913],[205.367,12.3922],[205.331,12.457],[205.331,12.4571],[205.33,12.4584],[205.295,12.5226],[205.295,12.5227],[205.294,12.5242],[205.294,12.5243],[205.258,12.5878],[205.258,12.5879],[205.257,12.5898],[205.257,12.5899],[205.223,12.6527],[205.223,12.6529],[205.221,12.6551],[205.221,12.6553],[205.187,12.7174],[205.187,12.7176],[205.185,12.7202],[205.185,12.7203],[205.152,12.7818],[205.152,12.782],[205.15,12.7849],[205.15,12.7851],[205.117,12.846],[205.117,12.8462],[205.115,12.8494],[205.115,12.8496],[205.082,12.9099],[205.082,12.9101],[205.08,12.9137],[205.08,12.9139],[205.047,12.9735],[205.047,12.9737],[205.045,12.9776],[205.045,12.9779],[205.013,13.0369],[205.013,13.0372],[205.011,13.0414],[205.011,13.0416],[204.98,13.1001],[204.979,13.1003],[204.977,13.1049],[204.977,13.1052],[204.946,13.163],[204.946,13.1633],[204.943,13.1682],[204.943,13.1684],[204.913,13.2257],[204.913,13.226],[204.91,13.2312],[204.91,13.2315],[204.88,13.2883],[204.88,13.2886],[204.877,13.294],[204.877,13.2944],[204.848,13.3506],[204.848,13.3509],[204.845,13.3567],[204.845,13.357],[204.816,13.4127],[204.816,13.413],[204.813,13.4191],[204.812,13.4195],[204.784,13.4746],[204.784,13.475],[204.781,13.4813],[204.781,13.4817],[204.753,13.5364],[204.753,13.5368],[204.75,13.5434],[204.749,13.5438],[204.722,13.5979],[204.722,13.5983],[204.719,13.6052],[204.718,13.6056],[204.692,13.6594],[204.692,13.6598],[204.688,13.6669],[204.688,13.6674],[204.662,13.7206],[204.661,13.7211],[204.658,13.7285],[204.658,13.7289],[204.632,13.7818],[204.632,13.7822],[204.628,13.7898],[204.628,13.7903],[204.603,13.8428],[204.602,13.8432],[204.599,13.8511],[204.599,13.8515],[204.574,13.9036],[204.574,13.9041],[204.57,13.9121],[204.57,13.9126],[204.545,13.9644],[204.545,13.9649],[204.541,13.9731],[204.541,13.9736],[204.517,14.025],[204.517,14.0255],[204.513,14.0339],[204.513,14.0344],[204.49,14.0855],[204.489,14.086],[204.486,14.0946],[204.485,14.0951],[204.462,14.146],[204.462,14.1465],[204.458,14.1552],[204.458,14.1557],[204.436,14.2063],[204.435,14.2068],[204.431,14.2157],[204.431,14.2162],[204.409,14.2666],[204.409,14.2671],[204.405,14.2761],[204.405,14.2766],[204.383,14.3268],[204.383,14.3273],[204.379,14.3363],[204.379,14.3369],[204.357,14.3869],[204.357,14.3875],[204.353,14.3965],[204.353,14.3971],[204.332,14.447],[204.332,14.4476],[204.328,14.4567],[204.328,14.4572],[204.307,14.5071],[204.307,14.5076],[204.303,14.5167],[204.303,14.5173],[204.283,14.5671],[204.283,14.5676],[204.279,14.5767],[204.279,14.5772],[204.259,14.627],[204.259,14.6276],[204.255,14.6366],[204.255,14.6372],[204.235,14.687],[204.235,14.6875],[204.231,14.6965],[204.231,14.697],[204.212,14.7469],[204.211,14.7474],[204.208,14.7563],[204.208,14.7568],[204.189,14.8068],[204.188,14.8073],[204.185,14.8161],[204.185,14.8166],[204.166,14.8667],[204.166,14.8672],[204.163,14.8758],[204.162,14.8763],[204.144,14.9266],[204.143,14.9271],[204.14,14.9355],[204.14,14.936],[204.122,14.9864],[204.121,14.9869],[204.118,14.9952],[204.118,14.9957],[204.1,15.0463],[204.1,15.0468],[204.097,15.0548],[204.097,15.0553],[204.079,15.1062],[204.078,15.1067],[204.076,15.1144],[204.075,15.1149],[204.057,15.1661],[204.057,15.1666],[204.055,15.174],[204.055,15.1744],[204.037,15.2261],[204.036,15.2265],[204.034,15.2336],[204.034,15.234],[204.016,15.286],[204.016,15.2864],[204.014,15.2931],[204.013,15.2935],[203.996,15.346],[203.996,15.3464],[203.993,15.3527],[203.993,15.3531],[203.976,15.406],[203.976,15.4063],[203.974,15.4122],[203.973,15.4126],[203.956,15.466],[203.956,15.4663],[203.954,15.4718],[203.954,15.4721],[203.936,15.526],[203.936,15.5263],[203.934,15.5313],[203.934,15.5316],[203.917,15.5861],[203.917,15.5863],[203.915,15.5908],[203.915,15.591],[203.897,15.6462],[203.897,15.6464],[203.896,15.6503],[203.896,15.6505],[203.878,15.7063],[203.878,15.7065],[203.877,15.7098],[203.877,15.71],[203.859,15.7664],[203.859,15.7666],[203.858,15.7693],[203.858,15.7694],[203.84,15.8266],[203.84,15.8267],[203.839,15.8287],[203.839,15.8289],[203.821,15.8868],[203.821,15.8882],[203.821,15.8883],[203.802,15.947],[203.802,15.9477],[203.783,16.0071],[203.765,16.0666],[203.765,16.0667],[203.765,16.067],[203.746,16.1261],[203.746,16.1263],[203.746,16.1269],[203.746,16.1271],[203.727,16.1856],[203.727,16.1859],[203.727,16.1868],[203.727,16.1871],[203.708,16.245],[203.708,16.2454],[203.708,16.2467],[203.708,16.2471],[203.69,16.3044],[203.689,16.3049],[203.689,16.3066],[203.689,16.3071],[203.671,16.3637],[203.67,16.3643],[203.67,16.3664],[203.67,16.367],[203.651,16.423],[203.651,16.4237],[203.65,16.4261],[203.65,16.4268],[203.632,16.4822],[203.632,16.483],[203.631,16.4858],[203.631,16.4867],[203.612,16.5414],[203.612,16.5423],[203.611,16.5454],[203.611,16.5464],[203.592,16.6007],[203.592,16.6016],[203.591,16.6048],[203.591,16.6057],[203.572,16.66],[203.572,16.6609],[203.571,16.6641],[203.571,16.665],[203.552,16.7191],[203.552,16.7201],[203.55,16.7232],[203.55,16.7242],[203.531,16.7782],[203.531,16.7791],[203.53,16.7823],[203.529,16.7833],[203.51,16.8372],[203.51,16.8381],[203.509,16.8413],[203.508,16.8422],[203.489,16.8961],[203.489,16.897],[203.487,16.9002],[203.487,16.9011],[203.467,16.9549],[203.467,16.9558],[203.466,16.959],[203.466,16.9599],[203.446,17.0136],[203.445,17.0146],[203.444,17.0177],[203.444,17.0186],[203.424,17.0723],[203.423,17.0732],[203.422,17.0763],[203.422,17.0773],[203.401,17.1308],[203.401,17.1317],[203.4,17.1349],[203.399,17.1358],[203.379,17.1892],[203.379,17.1901],[203.377,17.1933],[203.377,17.1942],[203.356,17.2475],[203.356,17.2484],[203.355,17.2516],[203.354,17.2525],[203.333,17.3058],[203.333,17.3067],[203.331,17.3098],[203.331,17.3107],[203.31,17.3639],[203.309,17.3648],[203.308,17.3679],[203.308,17.3688],[203.286,17.4219],[203.286,17.4228],[203.285,17.4259],[203.284,17.4269],[203.262,17.4798],[203.262,17.4807],[203.261,17.4839],[203.26,17.4848],[203.238,17.5376],[203.238,17.5385],[203.237,17.5417],[203.236,17.5426],[203.214,17.5954],[203.214,17.5963],[203.212,17.5994],[203.212,17.6003],[203.19,17.653],[203.189,17.6539],[203.188,17.657],[203.188,17.6579],[203.165,17.7105],[203.164,17.7114],[203.163,17.7145],[203.163,17.7154],[203.14,17.7678],[203.139,17.7687],[203.138,17.7718],[203.138,17.7727],[203.115,17.8251],[203.114,17.826],[203.113,17.8291],[203.112,17.83],[203.089,17.8823],[203.089,17.8832],[203.087,17.8863],[203.087,17.8872],[203.063,17.9393],[203.063,17.9402],[203.061,17.9433],[203.061,17.9442],[203.037,17.9963],[203.037,17.9972],[203.035,18.0002],[203.035,18.0011],[203.011,18.0531],[203.01,18.054],[203.009,18.0571],[203.009,18.058],[202.984,18.1098],[202.984,18.1107],[202.982,18.1138],[202.982,18.1147],[202.958,18.1664],[202.957,18.1673],[202.956,18.1704],[202.955,18.1712],[202.93,18.2229],[202.93,18.2238],[202.929,18.2268],[202.928,18.2277],[202.903,18.2793],[202.903,18.2801],[202.901,18.2832],[202.901,18.2841],[202.876,18.3355],[202.875,18.3364],[202.874,18.3394],[202.873,18.3403],[202.848,18.3916],[202.847,18.3925],[202.846,18.3955],[202.846,18.3964],[202.82,18.4476],[202.819,18.4485],[202.818,18.4515],[202.818,18.4524],[202.792,18.5035],[202.791,18.5044],[202.79,18.5074],[202.789,18.5083],[202.763,18.5593],[202.763,18.5601],[202.761,18.5631],[202.761,18.564],[202.734,18.6149],[202.734,18.6158],[202.732,18.6188],[202.732,18.6196],[202.705,18.6704],[202.705,18.6712],[202.703,18.6742],[202.703,18.6751],[202.676,18.7258],[202.676,18.7266],[202.674,18.7296],[202.674,18.7305],[202.647,18.781],[202.646,18.7819],[202.645,18.7848],[202.644,18.7857],[202.617,18.8361],[202.617,18.837],[202.615,18.84],[202.614,18.8408],[202.587,18.8911],[202.587,18.892],[202.585,18.8949],[202.585,18.8958],[202.557,18.946],[202.556,18.9468],[202.555,18.9498],[202.554,18.9506],[202.526,19.0007],[202.526,19.0015],[202.524,19.0045],[202.524,19.0053],[202.496,19.0553],[202.495,19.0561],[202.494,19.0591],[202.493,19.0599],[202.465,19.1097],[202.464,19.1106],[202.463,19.1135],[202.462,19.1144],[202.434,19.1641],[202.433,19.1649],[202.432,19.1678],[202.431,19.1687],[202.402,19.2182],[202.402,19.2191],[202.4,19.222],[202.4,19.2229],[202.371,19.2723],[202.37,19.2731],[202.369,19.276],[202.368,19.2769],[202.339,19.3262],[202.338,19.327],[202.337,19.3299],[202.336,19.3308],[202.307,19.38],[202.306,19.3808],[202.305,19.3837],[202.304,19.3845],[202.275,19.4336],[202.274,19.4344],[202.272,19.4373],[202.272,19.4382],[202.242,19.4871],[202.241,19.4879],[202.24,19.4908],[202.239,19.4916],[202.209,19.5404],[202.209,19.5413],[202.207,19.5441],[202.206,19.545],[202.176,19.5936],[202.176,19.5944],[202.174,19.5973],[202.173,19.5982],[202.143,19.6467],[202.142,19.6475],[202.141,19.6504],[202.14,19.6512],[202.109,19.6996],[202.109,19.7004],[202.107,19.7033],[202.107,19.7041],[202.076,19.7523],[202.075,19.7532],[202.073,19.756],[202.073,19.7568],[202.042,19.805],[202.041,19.8058],[202.039,19.8086],[202.039,19.8095],[202.008,19.8574],[202.007,19.8583],[202.005,19.8611],[202.005,19.8619],[201.973,19.9097],[201.973,19.9106],[201.971,19.9134],[201.97,19.9142],[201.939,19.9619],[201.938,19.9627],[201.936,19.9655],[201.936,19.9664],[201.904,20.0139],[201.903,20.0148],[201.901,20.0176],[201.901,20.0184],[201.869,20.0658],[201.868,20.0666],[201.866,20.0694],[201.866,20.0702],[201.833,20.1175],[201.833,20.1183],[201.831,20.1211],[201.83,20.1219],[201.798,20.1691],[201.797,20.1699],[201.795,20.1727],[201.795,20.1735],[201.762,20.2205],[201.762,20.2213],[201.76,20.224],[201.759,20.2248],[201.726,20.2717],[201.726,20.2725],[201.724,20.2753],[201.723,20.2761],[201.69,20.3228],[201.689,20.3236],[201.687,20.3263],[201.687,20.3271],[201.653,20.3737],[201.653,20.3745],[201.651,20.3773],[201.65,20.3781],[201.617,20.4245],[201.616,20.4253],[201.614,20.428],[201.614,20.4288],[201.58,20.4751],[201.579,20.4759],[201.577,20.4786],[201.577,20.4794],[201.543,20.5255],[201.542,20.5263],[201.54,20.5291],[201.54,20.5298],[201.506,20.5758],[201.505,20.5766],[201.503,20.5793],[201.502,20.5801],[201.468,20.6259],[201.467,20.6267],[201.465,20.6294],[201.465,20.6302],[201.43,20.6759],[201.43,20.6767],[201.428,20.6794],[201.427,20.6802],[201.392,20.7257],[201.392,20.7265],[201.39,20.7292],[201.389,20.7299],[201.354,20.7753],[201.354,20.7761],[201.351,20.7788],[201.351,20.7795],[201.316,20.8248],[201.315,20.8256],[201.313,20.8282],[201.312,20.829],[201.277,20.8741],[201.277,20.8748],[201.274,20.8775],[201.274,20.8783],[201.238,20.9232],[201.238,20.924],[201.236,20.9266],[201.235,20.9274],[201.199,20.9721],[201.199,20.9729],[201.197,20.9755],[201.196,20.9763],[201.16,21.0209],[201.159,21.0217],[201.157,21.0243],[201.157,21.0251],[201.121,21.0695],[201.12,21.0703],[201.118,21.0729],[201.117,21.0737],[201.081,21.118],[201.08,21.1187],[201.078,21.1213],[201.077,21.1221],[201.041,21.1662],[201.04,21.167],[201.038,21.1696],[201.038,21.1703],[201.001,21.2143],[201.0,21.2151],[200.998,21.2177],[200.997,21.2184],[200.961,21.2622],[200.96,21.263],[200.958,21.2656],[200.957,21.2663],[200.92,21.31],[200.919,21.3107],[200.917,21.3133],[200.917,21.314],[200.879,21.3575],[200.879,21.3583],[200.876,21.3608],[200.876,21.3616],[200.838,21.4049],[200.838,21.4056],[200.836,21.4082],[200.835,21.4089],[200.797,21.4521],[200.797,21.4528],[200.794,21.4554],[200.794,21.4561],[200.756,21.4991],[200.755,21.4999],[200.753,21.5024],[200.752,21.5031],[200.714,21.546],[200.714,21.5467],[200.711,21.5492],[200.711,21.55],[200.673,21.5926],[200.672,21.5934],[200.67,21.5959],[200.669,21.5966],[200.631,21.6391],[200.63,21.6398],[200.628,21.6423],[200.627,21.6431],[200.588,21.6854],[200.588,21.6861],[200.586,21.6886],[200.585,21.6893],[200.546,21.7315],[200.545,21.7322],[200.543,21.7347],[200.542,21.7354],[200.504,21.7774],[200.503,21.7781],[200.501,21.7806],[200.5,21.7813],[200.461,21.8232],[200.46,21.8239],[200.458,21.8263],[200.457,21.8271],[200.418,21.8687],[200.417,21.8694],[200.415,21.8719],[200.414,21.8726],[200.375,21.9141],[200.374,21.9148],[200.372,21.9172],[200.371,21.9179],[200.331,21.9593],[200.331,21.96],[200.328,21.9624],[200.328,21.9631],[200.288,22.0042],[200.287,22.0049],[200.285,22.0074],[200.284,22.0081],[200.244,22.049],[200.243,22.0497],[200.241,22.0521],[200.24,22.0528],[200.2,22.0936],[200.199,22.0943],[200.197,22.0967],[200.196,22.0974],[200.156,22.138],[200.155,22.1387],[200.153,22.1411],[200.152,22.1418],[200.112,22.1823],[200.111,22.1829],[200.108,22.1853],[200.108,22.186],[200.067,22.2263],[200.066,22.227],[200.064,22.2293],[200.063,22.23],[200.022,22.2701],[200.022,22.2708],[200.019,22.2732],[200.019,22.2738],[199.977,22.3137],[199.977,22.3144],[199.974,22.3168],[199.974,22.3175],[199.932,22.3572],[199.932,22.3579],[199.929,22.3602],[199.928,22.3609],[199.887,22.4004],[199.886,22.4011],[199.884,22.4034],[199.883,22.4041],[199.842,22.4435],[199.841,22.4441],[199.838,22.4465],[199.838,22.4471],[199.796,22.4863],[199.795,22.487],[199.793,22.4893],[199.792,22.4899],[199.75,22.5289],[199.749,22.5296],[199.747,22.5319],[199.746,22.5326],[199.704,22.5714],[199.703,22.572],[199.701,22.5743],[199.7,22.575],[199.658,22.6136],[199.657,22.6143],[199.655,22.6166],[199.654,22.6172],[199.611,22.6557],[199.611,22.6563],[199.608,22.6586],[199.607,22.6592],[199.565,22.6975],[199.564,22.6982],[199.562,22.7004],[199.561,22.7011],[199.518,22.7391],[199.517,22.7398],[199.515,22.742],[199.514,22.7427],[199.471,22.7806],[199.47,22.7812],[199.468,22.7834],[199.467,22.7841],[199.424,22.8218],[199.423,22.8224],[199.421,22.8246],[199.42,22.8253],[199.377,22.8628],[199.376,22.8634],[199.373,22.8657],[199.373,22.8663],[199.329,22.9036],[199.328,22.9043],[199.326,22.9064],[199.325,22.9071],[199.282,22.9442],[199.281,22.9448],[199.278,22.947],[199.277,22.9477],[199.234,22.9846],[199.233,22.9852],[199.23,22.9874],[199.23,22.988],[199.186,23.0248],[199.185,23.0254],[199.182,23.0276],[199.182,23.0282],[199.137,23.0648],[199.137,23.0654],[199.134,23.0675],[199.133,23.0682],[199.089,23.1045],[199.088,23.1052],[199.086,23.1073],[199.085,23.1079],[199.041,23.1441],[199.04,23.1447],[199.037,23.1468],[199.036,23.1475],[198.992,23.1834],[198.991,23.184],[198.988,23.1862],[198.988,23.1868],[198.943,23.2226],[198.942,23.2232],[198.94,23.2253],[198.939,23.2259],[198.894,23.2615],[198.893,23.2621],[198.89,23.2642],[198.89,23.2648],[198.845,23.3002],[198.844,23.3008],[198.841,23.3029],[198.84,23.3035],[198.795,23.3386],[198.795,23.3393],[198.792,23.3413],[198.791,23.3419],[198.759,23.3663],[198.754,23.3708],[198.748,23.3746],[198.746,23.3769],[198.744,23.3782],[198.733,23.3864],[198.725,23.3919],[198.713,23.4004],[198.707,23.4045],[198.695,23.4125],[198.688,23.4165],[198.676,23.4241],[198.669,23.4278],[198.657,23.435],[198.65,23.4385],[198.637,23.4453],[198.631,23.4486],[198.617,23.455],[198.611,23.458],[198.597,23.464],[198.59,23.4668],[198.577,23.4723],[198.57,23.4749],[198.556,23.4799],[198.549,23.4823],[198.535,23.4869],[198.528,23.4891],[198.514,23.4932],[198.507,23.4951],[198.492,23.4988],[198.485,23.5005],[198.471,23.5037],[198.464,23.5052],[198.449,23.5079],[198.442,23.5091],[198.427,23.5113],[198.42,23.5123],[198.406,23.5141],[198.398,23.5148],[198.384,23.5161],[198.376,23.5166],[198.362,23.5174],[198.354,23.5177],[198.339,23.518],[198.332,23.5181],[198.317,23.5179],[198.31,23.5177],[198.295,23.517],[198.288,23.5166],[198.273,23.5155],[198.266,23.5148],[198.251,23.5132],[198.244,23.5123],[198.229,23.5102],[198.222,23.509],[198.208,23.5064],[198.2,23.505],[198.186,23.502],[198.179,23.5004],[198.165,23.4969],[198.157,23.495],[198.143,23.491],[198.136,23.4889],[198.122,23.4845],[198.115,23.4822],[198.101,23.4773],[198.094,23.4747],[198.081,23.4694],[198.074,23.4666],[198.06,23.4608],[198.054,23.4578],[198.04,23.4516],[198.034,23.4484],[198.021,23.4417],[198.014,23.4383],[198.001,23.4312],[197.995,23.4275],[197.982,23.42],[197.976,23.4162],[197.963,23.4083],[197.957,23.4042],[197.945,23.3959],[197.939,23.3916],[197.927,23.3829],[197.921,23.3785],[197.91,23.3694],[197.904,23.3647],[197.893,23.3553],[197.887,23.3504],[197.876,23.3406],[197.871,23.3356],[197.86,23.3254],[197.855,23.3203],[197.845,23.3097],[197.84,23.3044],[197.83,23.2935],[197.825,23.288],[197.815,23.2768],[197.811,23.2712],[197.801,23.2597],[197.797,23.2539],[197.788,23.2421],[197.784,23.2361],[197.775,23.2241],[197.771,23.218],[197.763,23.2056],[197.759,23.1994],[197.752,23.1868],[197.748,23.1805],[197.741,23.1676],[197.737,23.1612],[197.73,23.1481],[197.727,23.1415],[197.721,23.1282],[197.718,23.1216],[197.712,23.1081],[197.709,23.1013],[197.703,23.0876],[197.701,23.0808],[197.696,23.0669],[197.693,23.06],[197.689,23.046],[197.687,23.0389],[197.682,23.0248],[197.681,23.0177],[197.677,23.0034],[197.675,22.9963],[197.672,22.9819],[197.671,22.9747],[197.668,22.9602],[197.667,22.953],[197.664,22.9384],[197.663,22.9311],[197.662,22.9165],[197.661,22.9092],[197.66,22.8945],[197.659,22.8872],[197.658,22.8725],[197.658,22.8651],[197.658,22.8504],[197.658,22.8431],[197.658,22.8283],[197.658,22.821],[197.659,22.8063],[197.659,22.7989],[197.66,22.7842],[197.661,22.7769],[197.662,22.7623],[197.663,22.755],[197.665,22.7404],[197.667,22.7331],[197.669,22.7186],[197.671,22.7114],[197.674,22.697],[197.675,22.6898],[197.679,22.6755],[197.681,22.6684],[197.685,22.6543],[197.687,22.6472],[197.691,22.6332],[197.693,22.6262],[197.698,22.6123],[197.701,22.6054],[197.706,22.5917],[197.709,22.5849],[197.715,22.5713],[197.718,22.5646],[197.724,22.5513],[197.727,22.5447],[197.734,22.5315],[197.737,22.525],[197.744,22.5121],[197.748,22.5057],[197.756,22.4931],[197.759,22.4868],[197.767,22.4744],[197.771,22.4682],[197.78,22.4561],[197.784,22.4501],[197.793,22.4382],[197.797,22.4324],[197.806,22.4208],[197.811,22.4151],[197.82,22.4038],[197.825,22.3982],[197.835,22.3873],[197.84,22.3819],[197.85,22.3712],[197.855,22.366],[197.866,22.3557],[197.871,22.3507],[197.882,22.3407],[197.888,22.3359],[197.899,22.3263],[197.906,22.3204],[197.915,22.313],[197.929,22.302],[197.93,22.3011],[197.93,22.3009],[197.931,22.3008],[197.931,22.3007],[197.931,22.3007],[197.936,22.2967],[197.962,22.2763],[197.963,22.276],[197.969,22.2709],[197.97,22.2706],[198.007,22.2414],[198.007,22.2411],[198.014,22.236],[198.014,22.2357],[198.052,22.2064],[198.052,22.2061],[198.059,22.201],[198.059,22.2007],[198.096,22.1711],[198.097,22.1708],[198.103,22.1657],[198.103,22.1654],[198.14,22.1357],[198.141,22.1354],[198.147,22.1303],[198.148,22.1299],[198.185,22.1001],[198.185,22.0998],[198.191,22.0946],[198.192,22.0943],[198.229,22.0643],[198.229,22.064],[198.235,22.0588],[198.236,22.0585],[198.272,22.0283],[198.273,22.028],[198.279,22.0227],[198.28,22.0224],[198.316,21.9921],[198.316,21.9918],[198.323,21.9865],[198.323,21.9862],[198.36,21.9557],[198.36,21.9554],[198.366,21.9501],[198.367,21.9498],[198.403,21.9192],[198.403,21.9188],[198.41,21.9135],[198.41,21.9132],[198.446,21.8824],[198.447,21.8821],[198.453,21.8767],[198.453,21.8764],[198.489,21.8455],[198.49,21.8451],[198.496,21.8398],[198.496,21.8394],[198.532,21.8083],[198.532,21.808],[198.539,21.8026],[198.539,21.8023],[198.575,21.771],[198.575,21.7707],[198.581,21.7652],[198.582,21.7649],[198.617,21.7335],[198.618,21.7332],[198.624,21.7277],[198.624,21.7274],[198.66,21.6958],[198.66,21.6955],[198.666,21.69],[198.667,21.6897],[198.702,21.6579],[198.702,21.6576],[198.708,21.6521],[198.709,21.6517],[198.744,21.6199],[198.744,21.6195],[198.75,21.614],[198.751,21.6137],[198.786,21.5816],[198.786,21.5813],[198.792,21.5757],[198.793,21.5754],[198.828,21.5432],[198.828,21.5429],[198.834,21.5373],[198.834,21.5369],[198.869,21.5046],[198.87,21.5042],[198.876,21.4986],[198.876,21.4983],[198.911,21.4658],[198.911,21.4655],[198.917,21.4598],[198.917,21.4595],[198.952,21.4268],[198.952,21.4265],[198.958,21.4208],[198.958,21.4205],[198.993,21.3877],[198.993,21.3873],[198.999,21.3816],[199.0,21.3813],[199.034,21.3483],[199.034,21.348],[199.04,21.3423],[199.04,21.3419],[199.074,21.3088],[199.075,21.3085],[199.081,21.3027],[199.081,21.3024],[199.115,21.2692],[199.115,21.2688],[199.121,21.263],[199.122,21.2627],[199.155,21.2293],[199.156,21.2289],[199.162,21.2231],[199.162,21.2228],[199.196,21.1893],[199.196,21.1889],[199.202,21.1831],[199.202,21.1827],[199.236,21.149],[199.236,21.1487],[199.242,21.1428],[199.242,21.1425],[199.275,21.1087],[199.276,21.1083],[199.281,21.1024],[199.282,21.1021],[199.315,21.0681],[199.315,21.0678],[199.321,21.0618],[199.321,21.0615],[199.354,21.0274],[199.355,21.027],[199.361,21.0211],[199.361,21.0207],[199.394,20.9865],[199.394,20.9861],[199.4,20.9802],[199.4,20.9798],[199.433,20.9454],[199.433,20.945],[199.439,20.9391],[199.439,20.9387],[199.472,20.9042],[199.472,20.9038],[199.478,20.8978],[199.478,20.8974],[199.511,20.8627],[199.511,20.8624],[199.517,20.8564],[199.517,20.856],[199.549,20.8212],[199.55,20.8208],[199.555,20.8147],[199.555,20.8144],[199.588,20.7794],[199.588,20.779],[199.593,20.773],[199.594,20.7726],[199.626,20.7375],[199.626,20.7371],[199.632,20.731],[199.632,20.7307],[199.664,20.6954],[199.664,20.695],[199.67,20.6889],[199.67,20.6886],[199.702,20.6532],[199.702,20.6528],[199.707,20.6466],[199.708,20.6463],[199.739,20.6107],[199.74,20.6104],[199.745,20.6042],[199.745,20.6038],[199.777,20.5682],[199.777,20.5678],[199.783,20.5616],[199.783,20.5612],[199.814,20.5254],[199.814,20.5251],[199.82,20.5188],[199.82,20.5185],[199.851,20.4825],[199.852,20.4822],[199.857,20.4759],[199.857,20.4755],[199.888,20.4395],[199.888,20.4391],[199.894,20.4328],[199.894,20.4324],[199.925,20.3962],[199.925,20.3959],[199.931,20.3896],[199.931,20.3892],[199.961,20.3529],[199.962,20.3525],[199.967,20.3462],[199.967,20.3458],[199.998,20.3093],[199.998,20.3089],[200.003,20.3026],[200.004,20.3022],[200.034,20.2656],[200.034,20.2652],[200.039,20.2589],[200.04,20.2585],[200.07,20.2217],[200.07,20.2214],[200.075,20.215],[200.076,20.2146],[200.106,20.1777],[200.106,20.1773],[200.111,20.1709],[200.111,20.1706],[200.141,20.1336],[200.142,20.1332],[200.147,20.1267],[200.147,20.1264],[200.177,20.0892],[200.177,20.0888],[200.182,20.0824],[200.182,20.082],[200.212,20.0447],[200.212,20.0444],[200.217,20.0379],[200.218,20.0375],[200.247,20.0001],[200.247,19.9997],[200.252,19.9932],[200.253,19.9928],[200.282,19.9553],[200.282,19.9549],[200.287,19.9484],[200.287,19.948],[200.316,19.9104],[200.317,19.91],[200.322,19.9035],[200.322,19.9031],[200.351,19.8653],[200.351,19.8649],[200.356,19.8584],[200.356,19.858],[200.385,19.8201],[200.385,19.8197],[200.39,19.8131],[200.39,19.8127],[200.419,19.7747],[200.419,19.7743],[200.424,19.7677],[200.424,19.7673],[200.453,19.7291],[200.453,19.7287],[200.458,19.7221],[200.458,19.7217],[200.486,19.6835],[200.487,19.6831],[200.492,19.6764],[200.492,19.676],[200.52,19.6376],[200.52,19.6372],[200.525,19.6306],[200.525,19.6302],[200.553,19.5917],[200.553,19.5913],[200.558,19.5846],[200.558,19.5842],[200.586,19.5455],[200.586,19.5451],[200.591,19.5384],[200.591,19.538],[200.619,19.4993],[200.619,19.4989],[200.624,19.4921],[200.624,19.4917],[200.652,19.4529],[200.652,19.4525],[200.657,19.4457],[200.657,19.4453],[200.684,19.4063],[200.684,19.4059],[200.689,19.3991],[200.689,19.3987],[200.716,19.3596],[200.716,19.3592],[200.721,19.3524],[200.721,19.352],[200.748,19.3128],[200.748,19.3124],[200.753,19.3056],[200.753,19.3052],[200.78,19.2658],[200.78,19.2654],[200.785,19.2586],[200.785,19.2582],[200.812,19.2187],[200.812,19.2183],[200.816,19.2115],[200.817,19.2111],[200.843,19.1715],[200.843,19.1711],[200.848,19.1642],[200.848,19.1638],[200.874,19.1241],[200.874,19.1237],[200.879,19.1168],[200.879,19.1164],[200.905,19.0766],[200.905,19.0762],[200.91,19.0693],[200.91,19.0689],[200.936,19.0289],[200.936,19.0285],[200.941,19.0216],[200.941,19.0212],[200.966,18.9812],[200.967,18.9807],[200.971,18.9738],[200.971,18.9734],[200.997,18.9332],[200.997,18.9328],[201.001,18.9259],[201.002,18.9255],[201.027,18.8852],[201.027,18.8848],[201.032,18.8778],[201.032,18.8774],[201.057,18.837],[201.057,18.8366],[201.061,18.8296],[201.062,18.8292],[201.087,18.7887],[201.087,18.7883],[201.091,18.7813],[201.091,18.7808],[201.116,18.7403],[201.116,18.7399],[201.121,18.7328],[201.121,18.7324],[201.145,18.6917],[201.146,18.6913],[201.15,18.6842],[201.15,18.6838],[201.175,18.643],[201.175,18.6426],[201.179,18.6355],[201.179,18.6351],[201.203,18.5942],[201.204,18.5938],[201.208,18.5867],[201.208,18.5862],[201.232,18.5452],[201.232,18.5448],[201.236,18.5377],[201.237,18.5373],[201.261,18.4962],[201.261,18.4957],[201.265,18.4886],[201.265,18.4882],[201.289,18.447],[201.289,18.4465],[201.293,18.4394],[201.293,18.439],[201.317,18.3977],[201.317,18.3972],[201.321,18.3901],[201.321,18.3896],[201.345,18.3482],[201.345,18.3478],[201.349,18.3406],[201.349,18.3402],[201.372,18.2987],[201.372,18.2982],[201.376,18.291],[201.377,18.2906],[201.4,18.249],[201.4,18.2485],[201.404,18.2413],[201.404,18.2409],[201.427,18.1992],[201.427,18.1987],[201.431,18.1915],[201.431,18.1911],[201.454,18.1493],[201.454,18.1488],[201.458,18.1416],[201.458,18.1411],[201.48,18.0992],[201.481,18.0988],[201.484,18.0915],[201.485,18.0911],[201.507,18.0491],[201.507,18.0486],[201.511,18.0413],[201.511,18.0409],[201.533,17.9988],[201.533,17.9984],[201.537,17.9911],[201.537,17.9906],[201.559,17.9484],[201.559,17.948],[201.563,17.9407],[201.563,17.9402],[201.585,17.8979],[201.585,17.8975],[201.589,17.8902],[201.589,17.8897],[201.611,17.8473],[201.611,17.8469],[201.615,17.8395],[201.615,17.8391],[201.636,17.7966],[201.636,17.7962],[201.64,17.7888],[201.64,17.7884],[201.661,17.7458],[201.662,17.7453],[201.665,17.738],[201.665,17.7375],[201.686,17.6948],[201.686,17.6944],[201.69,17.687],[201.69,17.6866],[201.711,17.6438],[201.711,17.6434],[201.715,17.6359],[201.715,17.6355],[201.735,17.5927],[201.736,17.5922],[201.739,17.5848],[201.739,17.5843],[201.76,17.5414],[201.76,17.541],[201.764,17.5335],[201.764,17.5331],[201.784,17.49],[201.784,17.4896],[201.788,17.4821],[201.788,17.4817],[201.808,17.4386],[201.808,17.4381],[201.811,17.4306],[201.812,17.4302],[201.831,17.387],[201.832,17.3865],[201.835,17.379],[201.835,17.3786],[201.855,17.3353],[201.855,17.3349],[201.858,17.3274],[201.858,17.3269],[201.878,17.2835],[201.878,17.2831],[201.881,17.2756],[201.882,17.2751],[201.901,17.2317],[201.901,17.2312],[201.904,17.2237],[201.905,17.2232],[201.924,17.1797],[201.924,17.1792],[201.927,17.1717],[201.927,17.1712],[201.946,17.1276],[201.946,17.1272],[201.949,17.1196],[201.95,17.1191],[201.968,17.0754],[201.968,17.075],[201.972,17.0674],[201.972,17.0669],[201.99,17.0232],[201.991,17.0227],[201.994,17.0151],[201.994,17.0147],[202.012,16.9708],[202.012,16.9703],[202.015,16.9627],[202.016,16.9623],[202.034,16.9183],[202.034,16.9179],[202.037,16.9103],[202.037,16.9098],[202.055,16.8658],[202.055,16.8653],[202.058,16.8577],[202.058,16.8572],[202.076,16.8131],[202.076,16.8127],[202.079,16.805],[202.08,16.8046],[202.097,16.7604],[202.097,16.7599],[202.1,16.7523],[202.1,16.7518],[202.118,16.7076],[202.118,16.7071],[202.121,16.6994],[202.121,16.699],[202.138,16.6547],[202.138,16.6542],[202.141,16.6465],[202.141,16.646],[202.158,16.6016],[202.158,16.6012],[202.161,16.5935],[202.162,16.593],[202.178,16.5486],[202.178,16.5481],[202.181,16.5404],[202.181,16.5399],[202.198,16.4954],[202.198,16.4949],[202.201,16.4872],[202.201,16.4867],[202.218,16.4421],[202.218,16.4416],[202.22,16.4339],[202.221,16.4334],[202.237,16.3888],[202.237,16.3883],[202.24,16.3805],[202.24,16.3801],[202.256,16.3353],[202.256,16.3349],[202.259,16.3271],[202.259,16.3266],[202.275,16.2818],[202.275,16.2813],[202.277,16.2736],[202.278,16.2731],[202.293,16.2282],[202.293,16.2277],[202.296,16.22],[202.296,16.2195],[202.312,16.1745],[202.312,16.1741],[202.314,16.1663],[202.314,16.1658],[202.33,16.1208],[202.33,16.1203],[202.332,16.1125],[202.333,16.112],[202.347,16.0669],[202.348,16.0665],[202.35,16.0586],[202.35,16.0582],[202.365,16.013],[202.365,16.0126],[202.368,16.0047],[202.368,16.0042],[202.382,15.959],[202.383,15.9586],[202.385,15.9507],[202.385,15.9502],[202.4,15.905],[202.4,15.9045],[202.402,15.8966],[202.402,15.8962],[202.417,15.8508],[202.417,15.8503],[202.419,15.8425],[202.419,15.842],[202.433,15.7966],[202.433,15.7961],[202.436,15.7883],[202.436,15.7878],[202.45,15.7423],[202.45,15.7418],[202.452,15.734],[202.452,15.7335],[202.466,15.688],[202.466,15.6875],[202.468,15.6796],[202.469,15.6791],[202.482,15.6335],[202.482,15.6331],[202.484,15.6252],[202.484,15.6247],[202.498,15.579],[202.498,15.5786],[202.5,15.5706],[202.5,15.5702],[202.513,15.5245],[202.513,15.524],[202.515,15.5161],[202.516,15.5156],[202.528,15.4698],[202.528,15.4694],[202.531,15.4614],[202.531,15.461],[202.543,15.4151],[202.544,15.4147],[202.546,15.4067],[202.546,15.4062],[202.558,15.3604],[202.558,15.3599],[202.56,15.3519],[202.561,15.3515],[202.573,15.3055],[202.573,15.3051],[202.575,15.2971],[202.575,15.2966],[202.587,15.2507],[202.587,15.2502],[202.589,15.2422],[202.589,15.2417],[202.601,15.1957],[202.601,15.1952],[202.603,15.1872],[202.603,15.1868],[202.615,15.1407],[202.615,15.1402],[202.617,15.1322],[202.617,15.1318],[202.628,15.0856],[202.629,15.0851],[202.631,15.0771],[202.631,15.0767],[202.642,15.0305],[202.642,15.03],[202.644,15.022],[202.644,15.0215],[202.655,14.9753],[202.655,14.9748],[202.657,14.9668],[202.657,14.9663],[202.668,14.9201],[202.668,14.9196],[202.67,14.9116],[202.67,14.9111],[202.68,14.8648],[202.681,14.8643],[202.682,14.8562],[202.682,14.8558],[202.693,14.8094],[202.693,14.8089],[202.695,14.8009],[202.695,14.8004],[202.705,14.754],[202.705,14.7535],[202.707,14.7455],[202.707,14.745],[202.717,14.6985],[202.717,14.698],[202.719,14.69],[202.719,14.6895],[202.728,14.643],[202.729,14.6425],[202.73,14.6345],[202.73,14.634],[202.74,14.5875],[202.74,14.587],[202.742,14.5789],[202.742,14.5784],[202.751,14.5318],[202.751,14.5314],[202.753,14.5233],[202.753,14.5228],[202.762,14.4762],[202.762,14.4757],[202.764,14.4676],[202.764,14.4671],[202.773,14.4205],[202.773,14.42],[202.774,14.4119],[202.774,14.4114],[202.783,14.3647],[202.783,14.3642],[202.785,14.3561],[202.785,14.3557],[202.793,14.3089],[202.793,14.3084],[202.795,14.3003],[202.795,14.2998],[202.803,14.2531],[202.803,14.2526],[202.805,14.2445],[202.805,14.244],[202.813,14.1972],[202.813,14.1967],[202.814,14.1886],[202.815,14.1881],[202.822,14.1413],[202.823,14.1408],[202.824,14.1327],[202.824,14.1322],[202.832,14.0853],[202.832,14.0848],[202.833,14.0767],[202.833,14.0762],[202.841,14.0293],[202.841,14.0288],[202.842,14.0207],[202.842,14.0202],[202.849,13.9732],[202.849,13.9727],[202.851,13.9646],[202.851,13.9641],[202.858,13.9172],[202.858,13.9167],[202.859,13.9085],[202.859,13.908],[202.866,13.861],[202.866,13.8605],[202.867,13.8524],[202.867,13.8519],[202.874,13.8049],[202.874,13.8044],[202.875,13.7962],[202.875,13.7957],[202.882,13.7487],[202.882,13.7482],[202.883,13.74],[202.883,13.7396],[202.889,13.6925],[202.889,13.692],[202.89,13.6838],[202.891,13.6833],[202.897,13.6362],[202.897,13.6357],[202.898,13.6275],[202.898,13.6271],[202.904,13.5799],[202.904,13.5794],[202.905,13.5712],[202.905,13.5708],[202.91,13.5236],[202.91,13.5231],[202.911,13.5149],[202.911,13.5144],[202.917,13.4673],[202.917,13.4668],[202.918,13.4586],[202.918,13.4581],[202.923,13.4109],[202.923,13.4104],[202.924,13.4022],[202.924,13.4017],[202.929,13.3545],[202.929,13.354],[202.93,13.3458],[202.93,13.3453],[202.935,13.298],[202.935,13.2976],[202.936,13.2894],[202.936,13.2889],[202.941,13.2416],[202.941,13.2411],[202.941,13.2329],[202.941,13.2324],[202.946,13.1851],[202.946,13.1846],[202.947,13.1764],[202.947,13.1759],[202.951,13.1286],[202.951,13.1281],[202.952,13.1199],[202.952,13.1194],[202.956,13.0721],[202.956,13.0716],[202.956,13.0634],[202.956,13.0629],[202.96,13.0156],[202.96,13.0151],[202.961,13.0069],[202.961,13.0064],[202.965,12.959],[202.965,12.9585],[202.965,12.9503],[202.965,12.9498],[202.969,12.9024],[202.969,12.9019],[202.969,12.8937],[202.969,12.8932],[202.972,12.8458],[202.972,12.8453],[202.973,12.8371],[202.973,12.8366],[202.976,12.7892],[202.976,12.7887],[202.977,12.7805],[202.977,12.78],[202.979,12.7326],[202.979,12.7321],[202.98,12.7239],[202.98,12.7234],[202.982,12.676],[202.982,12.6755],[202.983,12.6672],[202.983,12.6667],[202.985,12.6193],[202.985,12.6188],[202.986,12.6106],[202.986,12.6101],[202.988,12.5626],[202.988,12.5621],[202.988,12.5539],[202.988,12.5534],[202.99,12.506],[202.99,12.5055],[202.99,12.4972],[202.99,12.4968],[202.992,12.4493],[202.992,12.4488],[202.993,12.4406],[202.993,12.4401],[202.994,12.3926],[202.994,12.3921],[202.994,12.3839],[202.994,12.3834],[202.996,12.3359],[202.996,12.3354],[202.996,12.3272],[202.996,12.3267],[202.997,12.2792],[202.997,12.2787],[202.997,12.2705],[202.997,12.27],[202.998,12.2225],[202.998,12.222],[202.998,12.2137],[202.998,12.2132],[202.999,12.1657],[202.999,12.1653],[202.999,12.157],[202.999,12.1565],[203.0,12.109],[203.0,12.1085],[203.0,12.1003],[203.0,12.0998],[203.0,12.0523],[203.0,12.0518],[203.0,12.0436],[203.0,12.0431],[203.0,11.9956],[203.0,11.9951],[203.0,11.9869],[203.0,11.9864],[203.0,11.9389],[203.0,11.9384],[203.0,11.9301],[203.0,11.9296],[202.999,11.8821],[202.999,11.8816],[202.999,11.8734],[202.999,11.8729],[202.999,11.8254],[202.999,11.8249],[202.999,11.8167],[202.999,11.8162],[202.998,11.7687],[202.998,11.7682],[202.998,11.76],[202.998,11.7595],[202.997,11.712],[202.997,11.7115],[202.997,11.7033],[202.997,11.7028],[202.995,11.6553],[202.995,11.6548],[202.995,11.6466],[202.995,11.6461],[202.994,11.5986],[202.994,11.5981],[202.994,11.5899],[202.994,11.5894],[202.992,11.5419],[202.992,11.5414],[202.992,11.5332],[202.992,11.5327],[202.99,11.4852],[202.99,11.4847],[202.989,11.4765],[202.989,11.476],[202.987,11.4285],[202.987,11.428],[202.987,11.4198],[202.987,11.4193],[202.985,11.3719],[202.985,11.3714],[202.984,11.3632],[202.984,11.3627],[202.982,11.3152],[202.982,11.3147],[202.981,11.3065],[202.981,11.306],[202.979,11.2586],[202.979,11.2581],[202.978,11.2499],[202.978,11.2494],[202.975,11.202],[202.975,11.2015],[202.975,11.1932],[202.975,11.1928],[202.972,11.1453],[202.972,11.1449],[202.971,11.1366],[202.971,11.1362],[202.968,11.0888],[202.968,11.0883],[202.967,11.0801],[202.967,11.0796],[202.964,11.0322],[202.964,11.0317],[202.963,11.0235],[202.963,11.023],[202.96,10.9756],[202.96,10.9751],[202.959,10.9669],[202.959,10.9664],[202.955,10.9191],[202.955,10.9186],[202.954,10.9104],[202.954,10.9099],[202.95,10.8626],[202.95,10.8621],[202.949,10.8539],[202.949,10.8534],[202.945,10.8061],[202.945,10.8056],[202.944,10.7974],[202.944,10.7969],[202.94,10.7496],[202.94,10.7491],[202.939,10.7409],[202.939,10.7404],[202.934,10.6932],[202.934,10.6927],[202.933,10.6845],[202.933,10.684],[202.928,10.6367],[202.928,10.6363],[202.927,10.6281],[202.927,10.6276],[202.922,10.5803],[202.922,10.5799],[202.921,10.5717],[202.921,10.5712],[202.916,10.524],[202.916,10.5235],[202.915,10.5153],[202.915,10.5148],[202.909,10.4676],[202.909,10.4671],[202.908,10.459],[202.908,10.4585],[202.903,10.4113],[202.902,10.4108],[202.901,10.4027],[202.901,10.4022],[202.895,10.355],[202.895,10.3545],[202.894,10.3464],[202.894,10.3459],[202.888,10.2988],[202.888,10.2983],[202.887,10.2901],[202.887,10.2896],[202.881,10.2426],[202.881,10.2421],[202.879,10.2339],[202.879,10.2334],[202.873,10.1864],[202.873,10.1859],[202.872,10.1777],[202.872,10.1773],[202.865,10.1302],[202.865,10.1297],[202.864,10.1216],[202.863,10.1211],[202.857,10.0741],[202.856,10.0736],[202.855,10.0655],[202.855,10.065],[202.848,10.018],[202.848,10.0176],[202.847,10.0094],[202.847,10.0089],[202.839,9.96199],[202.839,9.9615],[202.838,9.95337],[202.838,9.95289],[202.83,9.90599],[202.83,9.9055],[202.829,9.89738],[202.829,9.89689],[202.821,9.85002],[202.821,9.84954],[202.82,9.84142],[202.819,9.84093],[202.811,9.79411],[202.811,9.79362],[202.81,9.7855],[202.81,9.78502],[202.802,9.73822],[202.802,9.73774],[202.8,9.72963],[202.8,9.72915],[202.792,9.68239],[202.792,9.68191],[202.79,9.6738],[202.79,9.67332],[202.781,9.6266],[202.781,9.62611],[202.78,9.61802],[202.78,9.61753],[202.771,9.57085],[202.771,9.57036],[202.769,9.56228],[202.769,9.5618],[202.76,9.51515],[202.76,9.51466],[202.759,9.50658],[202.759,9.5061],[202.749,9.4595],[202.749,9.45901],[202.748,9.45094],[202.748,9.45045],[202.738,9.40389],[202.738,9.40341],[202.736,9.39534],[202.736,9.39486],[202.727,9.34833],[202.727,9.34785],[202.725,9.33979],[202.725,9.33931],[202.715,9.29283],[202.715,9.29235],[202.713,9.2843],[202.713,9.28381],[202.703,9.23737],[202.703,9.23689],[202.701,9.22885],[202.701,9.22836],[202.691,9.18197],[202.691,9.1815],[202.689,9.17346],[202.689,9.17298],[202.678,9.12663],[202.678,9.12615],[202.677,9.11811],[202.676,9.11764],[202.666,9.07133],[202.666,9.07086],[202.664,9.06283],[202.664,9.06236],[202.653,9.01609],[202.653,9.01562],[202.651,9.00761],[202.651,9.00712],[202.64,8.96092],[202.64,8.96044],[202.638,8.95244],[202.638,8.95195],[202.626,8.9058],[202.626,8.90531],[202.624,8.89732],[202.624,8.89684],[202.613,8.85073],[202.613,8.85025],[202.611,8.84226],[202.611,8.84179],[202.599,8.79573],[202.599,8.79525],[202.597,8.78727],[202.597,8.78679],[202.585,8.74078],[202.585,8.74031],[202.583,8.73233],[202.582,8.73187],[202.57,8.6859],[202.57,8.68543],[202.568,8.67747],[202.568,8.67699],[202.556,8.63108],[202.556,8.63062],[202.554,8.62266],[202.553,8.62218],[202.541,8.57634],[202.541,8.57586],[202.539,8.56791],[202.539,8.56745],[202.526,8.52164],[202.526,8.52118],[202.524,8.51323],[202.524,8.51277],[202.511,8.46702],[202.511,8.46655],[202.508,8.45863],[202.508,8.45815],[202.495,8.41247],[202.495,8.412],[202.493,8.40408],[202.493,8.40362],[202.479,8.35798],[202.479,8.35751],[202.477,8.34961],[202.477,8.34914],[202.463,8.30356],[202.463,8.3031],[202.461,8.2952],[202.461,8.29473],[202.447,8.24922],[202.447,8.24875],[202.445,8.24087],[202.444,8.24039],[202.431,8.19494],[202.431,8.19448],[202.428,8.1866],[202.428,8.18614],[202.414,8.14074],[202.414,8.14027],[202.411,8.13241],[202.411,8.13195],[202.397,8.08662],[202.397,8.08614],[202.394,8.07829],[202.394,8.07783],[202.38,8.03256],[202.38,8.03209],[202.377,8.02425],[202.377,8.02378],[202.362,7.97858],[202.362,7.97811],[202.36,7.97028],[202.36,7.96981],[202.345,7.92468],[202.345,7.92421],[202.342,7.9164],[202.342,7.91592],[202.327,7.87086],[202.327,7.87038],[202.324,7.86257],[202.324,7.86212],[202.309,7.81711],[202.309,7.81664],[202.306,7.80885],[202.306,7.80838],[202.29,7.76344],[202.29,7.76298],[202.287,7.75519],[202.287,7.75472],[202.272,7.70985],[202.272,7.70939],[202.269,7.70162],[202.269,7.70115],[202.253,7.65635],[202.253,7.65589],[202.25,7.64813],[202.25,7.64766],[202.234,7.60292],[202.234,7.60247],[202.231,7.59471],[202.231,7.59426],[202.214,7.54959],[202.214,7.54913],[202.211,7.54139],[202.211,7.54093],[202.195,7.49633],[202.195,7.49588],[202.192,7.48815],[202.192,7.48769],[202.175,7.44317],[202.175,7.44271],[202.172,7.435],[202.172,7.43454],[202.155,7.39009],[202.155,7.38963],[202.152,7.38193],[202.152,7.38147],[202.135,7.3371],[202.135,7.33663],[202.132,7.32895],[202.132,7.32849],[202.114,7.2842],[202.114,7.28373],[202.111,7.27606],[202.111,7.2756],[202.094,7.23138],[202.094,7.23092],[202.091,7.22326],[202.09,7.2228],[202.073,7.17865],[202.073,7.1782],[202.07,7.17055],[202.069,7.17009],[202.052,7.12603],[202.052,7.12556],[202.048,7.11793],[202.048,7.11748],[202.03,7.07348],[202.03,7.07303],[202.027,7.0654],[202.027,7.06496],[202.009,7.02104],[202.009,7.02059],[202.005,7.01297],[202.005,7.01253],[201.987,6.96868],[201.987,6.96824],[201.984,6.96064],[201.983,6.96019],[201.965,6.91643],[201.965,6.91598],[201.961,6.9084],[201.961,6.90795],[201.943,6.86427],[201.942,6.86382],[201.939,6.85626],[201.939,6.85581],[201.92,6.81221],[201.92,6.81177],[201.917,6.80421],[201.916,6.80376],[201.897,6.76025],[201.897,6.75981],[201.894,6.75227],[201.894,6.75182],[201.874,6.70839],[201.874,6.70794],[201.871,6.70042],[201.871,6.69997],[201.851,6.65663],[201.851,6.65618],[201.847,6.64868],[201.847,6.64823],[201.828,6.60497],[201.827,6.60453],[201.824,6.59703],[201.824,6.59659],[201.804,6.55342],[201.804,6.55297],[201.8,6.54549],[201.8,6.54505],[201.78,6.50196],[201.78,6.50152],[201.776,6.49406],[201.776,6.49361],[201.756,6.45062],[201.756,6.45017],[201.752,6.44273],[201.752,6.44228],[201.732,6.39938],[201.731,6.39892],[201.728,6.3915],[201.728,6.39105],[201.707,6.34823],[201.707,6.3478],[201.703,6.34038],[201.703,6.33994],[201.682,6.29721],[201.682,6.29677],[201.679,6.28937],[201.678,6.28893],[201.657,6.24629],[201.657,6.24585],[201.654,6.23846],[201.653,6.23803],[201.632,6.19548],[201.632,6.19504],[201.628,6.18767],[201.628,6.18723],[201.607,6.14478],[201.607,6.14434],[201.603,6.13699],[201.603,6.13655],[201.581,6.0942],[201.581,6.09375],[201.577,6.08642],[201.577,6.08598],[201.555,6.04372],[201.555,6.04328],[201.551,6.03596],[201.551,6.03553],[201.529,5.99335],[201.529,5.99292],[201.525,5.98562],[201.525,5.98518],[201.503,5.94311],[201.503,5.94267],[201.499,5.93539],[201.498,5.93495],[201.476,5.89298],[201.476,5.89254],[201.472,5.88527],[201.472,5.88484],[201.449,5.84296],[201.449,5.84252],[201.445,5.83527],[201.445,5.83484],[201.423,5.79306],[201.422,5.79263],[201.418,5.78539],[201.418,5.78496],[201.395,5.74328],[201.395,5.74284],[201.391,5.73563],[201.391,5.7352],[201.368,5.69362],[201.368,5.69318],[201.364,5.68598],[201.363,5.68556],[201.34,5.64407],[201.34,5.64365],[201.336,5.63647],[201.336,5.63603],[201.312,5.59465],[201.312,5.59423],[201.308,5.58706],[201.308,5.58663],[201.284,5.54535],[201.284,5.54493],[201.28,5.53778],[201.28,5.53736],[201.256,5.49618],[201.256,5.49576],[201.252,5.48862],[201.251,5.4882],[201.228,5.44713],[201.227,5.4467],[201.223,5.43959],[201.223,5.43917],[201.199,5.3982],[201.199,5.39778],[201.194,5.39068],[201.194,5.39026],[201.17,5.3494],[201.17,5.34897],[201.166,5.3419],[201.165,5.34148],[201.141,5.30073],[201.141,5.3003],[201.136,5.29325],[201.136,5.29283],[201.112,5.25218],[201.111,5.25176],[201.107,5.24472],[201.107,5.2443],[201.082,5.20375],[201.082,5.20334],[201.077,5.19632],[201.077,5.1959],[201.052,5.15547],[201.052,5.15505],[201.048,5.14805],[201.047,5.14763],[201.022,5.10731],[201.022,5.10689],[201.018,5.09991],[201.017,5.09949],[200.992,5.05928],[200.992,5.05887],[200.987,5.0519],[200.987,5.05149],[200.962,5.01138],[200.961,5.01097],[200.957,5.00403],[200.957,5.00362],[200.931,4.96362],[200.931,4.96321],[200.926,4.95629],[200.926,4.95587],[200.9,4.916],[200.9,4.91558],[200.896,4.90868],[200.895,4.90827],[200.869,4.8685],[200.869,4.86809],[200.865,4.8612],[200.864,4.86079],[200.838,4.82114],[200.838,4.82073],[200.833,4.81387],[200.833,4.81346],[200.807,4.77392],[200.806,4.77351],[200.802,4.76667],[200.802,4.76626],[200.775,4.72684],[200.775,4.72643],[200.77,4.7196],[200.77,4.7192],[200.743,4.67989],[200.743,4.67949],[200.738,4.67268],[200.738,4.67227],[200.711,4.63309],[200.711,4.63268],[200.706,4.62589],[200.706,4.62549],[200.679,4.58642],[200.679,4.58601],[200.674,4.57925],[200.674,4.57884],[200.646,4.53989],[200.646,4.5395],[200.641,4.53275],[200.641,4.53235],[200.614,4.49351],[200.613,4.49311],[200.609,4.48639],[200.608,4.48598],[200.581,4.44727],[200.581,4.44687],[200.576,4.44017],[200.576,4.43977],[200.548,4.40117],[200.548,4.40078],[200.543,4.3941],[200.542,4.39369],[200.515,4.35523],[200.514,4.35482],[200.509,4.34817],[200.509,4.34777],[200.481,4.30942],[200.481,4.30902],[200.476,4.30238],[200.476,4.30199],[200.448,4.26376],[200.447,4.26336],[200.442,4.25675],[200.442,4.25635],[200.414,4.21824],[200.413,4.21785],[200.408,4.21126],[200.408,4.21086],[200.38,4.17288],[200.379,4.17249],[200.374,4.16592],[200.374,4.16552],[200.345,4.12767],[200.345,4.12728],[200.34,4.12072],[200.34,4.12034],[200.311,4.0826],[200.311,4.08221],[200.306,4.07568],[200.305,4.07529],[200.276,4.03769],[200.276,4.0373],[200.271,4.03079],[200.271,4.03041],[200.241,3.99292],[200.241,3.99254],[200.236,3.98605],[200.236,3.98566],[200.206,3.94831],[200.206,3.94793],[200.201,3.94146],[200.201,3.94108],[200.171,3.90385],[200.171,3.90348],[200.166,3.89703],[200.165,3.89665],[200.136,3.85956],[200.135,3.85917],[200.13,3.85276],[200.13,3.85237],[200.1,3.81541],[200.1,3.81502],[200.095,3.80863],[200.094,3.80825],[200.064,3.77142],[200.064,3.77103],[200.059,3.76466],[200.058,3.76428],[200.028,3.72758],[200.028,3.7272],[200.023,3.72085],[200.022,3.72047],[199.992,3.68391],[199.992,3.68352],[199.987,3.67719],[199.986,3.67682],[199.956,3.64038],[199.955,3.64001],[199.95,3.6337],[199.95,3.63333],[199.919,3.59702],[199.919,3.59665],[199.914,3.59036],[199.913,3.58999],[199.882,3.55382],[199.882,3.55345],[199.877,3.54719],[199.876,3.54682],[199.845,3.51078],[199.845,3.51041],[199.84,3.50418],[199.839,3.5038],[199.808,3.4679],[199.808,3.46754],[199.803,3.46132],[199.802,3.46095],[199.771,3.42519],[199.771,3.42482],[199.765,3.41863],[199.765,3.41827],[199.733,3.38264],[199.733,3.38227],[199.728,3.3761],[199.727,3.37574],[199.696,3.34025],[199.695,3.33988],[199.69,3.33375],[199.69,3.33337],[199.658,3.29802],[199.658,3.29766],[199.652,3.29154],[199.652,3.29118],[199.62,3.25597],[199.62,3.2556],[199.614,3.24951],[199.614,3.24915],[199.582,3.21407],[199.581,3.21372],[199.576,3.20765],[199.575,3.20728],[199.543,3.17235],[199.543,3.17199],[199.537,3.16595],[199.537,3.16559],[199.505,3.1308],[199.504,3.13044],[199.499,3.12442],[199.498,3.12406],[199.466,3.08941],[199.465,3.08905],[199.46,3.08306],[199.459,3.0827],[199.427,3.04819],[199.426,3.04784],[199.421,3.04187],[199.42,3.04151],[199.388,3.00715],[199.387,3.00679],[199.382,3.00084],[199.381,3.00049],[199.348,2.96627],[199.348,2.96592],[199.342,2.96],[199.342,2.95964],[199.309,2.92557],[199.308,2.92521],[199.303,2.91932],[199.302,2.91896],[199.269,2.88504],[199.269,2.88468],[199.263,2.87882],[199.263,2.87847],[199.229,2.84468],[199.229,2.84433],[199.223,2.83848],[199.223,2.83814],[199.189,2.8045],[199.189,2.80415],[199.183,2.79833],[199.183,2.79798],[199.149,2.76448],[199.149,2.76415],[199.143,2.75835],[199.142,2.758],[199.109,2.72465],[199.108,2.72431],[199.102,2.71854],[199.102,2.7182],[199.068,2.685],[199.068,2.68466],[199.062,2.67891],[199.061,2.67857],[199.027,2.64553],[199.027,2.64518],[199.021,2.63946],[199.021,2.63912],[198.986,2.60622],[198.986,2.60588],[198.98,2.60019],[198.98,2.59985],[198.945,2.5671],[198.945,2.56676],[198.939,2.5611],[198.939,2.56076],[198.904,2.52816],[198.904,2.52782],[198.898,2.52218],[198.897,2.52185],[198.863,2.4894],[198.862,2.48906],[198.856,2.48345],[198.856,2.48311],[198.821,2.45081],[198.821,2.45048],[198.815,2.44489],[198.814,2.44457],[198.779,2.41242],[198.779,2.41209],[198.773,2.40653],[198.773,2.40619],[198.737,2.3742],[198.737,2.37387],[198.731,2.36833],[198.731,2.36801],[198.695,2.33617],[198.695,2.33584],[198.689,2.33033],[198.689,2.33001],[198.653,2.29832],[198.653,2.29799],[198.647,2.29251],[198.646,2.29219],[198.611,2.26065],[198.61,2.26033],[198.604,2.25487],[198.604,2.25455],[198.568,2.22318],[198.568,2.22285],[198.562,2.21743],[198.561,2.21711],[198.525,2.18588],[198.525,2.18556],[198.519,2.18016],[198.518,2.17984],[198.483,2.14878],[198.482,2.14846],[198.476,2.14309],[198.476,2.14277],[198.439,2.11186],[198.439,2.11154],[198.433,2.1062],[198.432,2.10588],[198.396,2.07513],[198.396,2.07482],[198.39,2.06949],[198.389,2.06918],[198.353,2.03859],[198.352,2.03827],[198.346,2.03299],[198.346,2.03267],[198.309,2.00224],[198.309,2.00192],[198.303,1.99666],[198.302,1.99635],[198.266,1.96608],[198.265,1.96576],[198.259,1.96053],[198.258,1.96022],[198.222,1.93011],[198.221,1.9298],[198.215,1.92459],[198.215,1.92428],[198.178,1.89433],[198.177,1.89402],[198.171,1.88885],[198.171,1.88853],[198.134,1.85875],[198.133,1.85843],[198.127,1.85329],[198.126,1.85298],[198.089,1.82335],[198.089,1.82304],[198.082,1.81792],[198.082,1.81762],[198.045,1.78815],[198.044,1.78785],[198.038,1.78275],[198.038,1.78245],[198.0,1.75315],[198.0,1.75285],[197.993,1.74778],[197.993,1.74748],[197.955,1.71834],[197.955,1.71804],[197.948,1.713],[197.948,1.7127],[197.91,1.68372],[197.91,1.68343],[197.903,1.67842],[197.903,1.67812],[197.865,1.64931],[197.865,1.64901],[197.858,1.64403],[197.858,1.64373],[197.82,1.61509],[197.82,1.61479],[197.813,1.60984],[197.813,1.60954],[197.775,1.58107],[197.774,1.58077],[197.768,1.57585],[197.767,1.57555],[197.729,1.54724],[197.729,1.54695],[197.722,1.54206],[197.722,1.54176],[197.683,1.51361],[197.683,1.51333],[197.676,1.50846],[197.676,1.50817],[197.638,1.48019],[197.637,1.4799],[197.631,1.47507],[197.63,1.47478],[197.592,1.44696],[197.591,1.44668],[197.585,1.44187],[197.584,1.44158],[197.546,1.41394],[197.545,1.41366],[197.538,1.40888],[197.538,1.40859],[197.499,1.38112],[197.499,1.38083],[197.492,1.37608],[197.492,1.3758],[197.453,1.3485],[197.452,1.34822],[197.446,1.3435],[197.445,1.34322],[197.406,1.31608],[197.406,1.3158],[197.399,1.31111],[197.399,1.31083],[197.36,1.28387],[197.359,1.28359],[197.352,1.27893],[197.352,1.27865],[197.313,1.25185],[197.312,1.25158],[197.306,1.24695],[197.305,1.24667],[197.266,1.22005],[197.265,1.21977],[197.259,1.21517],[197.258,1.2149],[197.219,1.18845],[197.218,1.18818],[197.211,1.18361],[197.211,1.18333],[197.171,1.15705],[197.171,1.15678],[197.164,1.15224],[197.164,1.15197],[197.124,1.12587],[197.124,1.1256],[197.117,1.12109],[197.116,1.12082],[197.077,1.09488],[197.076,1.09462],[197.069,1.09014],[197.069,1.08987],[197.029,1.06411],[197.029,1.06385],[197.022,1.05939],[197.021,1.05913],[196.981,1.03354],[196.981,1.03328],[196.974,1.02886],[196.973,1.0286],[196.933,1.00319],[196.933,1.00293],[196.926,0.998536],[196.925,0.998278],[196.885,0.97304],[196.885,0.972782],[196.878,0.968423],[196.877,0.968162],[196.837,0.943107],[196.837,0.942844],[196.83,0.93852],[196.829,0.938258],[196.789,0.913377],[196.788,0.913122],[196.781,0.908823],[196.781,0.908567],[196.74,0.883863],[196.74,0.883608],[196.733,0.879339],[196.732,0.879084],[196.692,0.85456],[196.691,0.854303],[196.684,0.85007],[196.684,0.849816],[196.643,0.825464],[196.643,0.825215],[196.636,0.821008],[196.635,0.82076],[196.594,0.796585],[196.594,0.79634],[196.587,0.792165],[196.586,0.791913],[196.545,0.76792],[196.545,0.767675],[196.538,0.763528],[196.537,0.763283],[196.496,0.73947],[196.496,0.739224],[196.489,0.73511],[196.488,0.734868],[196.447,0.711232],[196.447,0.710986],[196.439,0.706907],[196.439,0.706662],[196.398,0.683208],[196.397,0.682967],[196.39,0.678915],[196.39,0.678677],[196.348,0.655401],[196.348,0.655163],[196.341,0.651143],[196.34,0.650904],[196.299,0.627808],[196.298,0.627574],[196.291,0.623584],[196.291,0.623347],[196.249,0.600436],[196.249,0.600199],[196.241,0.596245],[196.241,0.596007],[196.199,0.573277],[196.199,0.573045],[196.192,0.569117],[196.191,0.568886],[196.149,0.54634],[196.149,0.546103],[196.142,0.542211],[196.141,0.541981],[196.099,0.519616],[196.099,0.519386],[196.092,0.515525],[196.091,0.515295],[196.049,0.493112],[196.049,0.492884],[196.041,0.489055],[196.041,0.488826],[195.999,0.466828],[195.998,0.466601],[195.991,0.462802],[195.991,0.462578],[195.948,0.440764],[195.948,0.440537],[195.941,0.436773],[195.94,0.436549],[195.898,0.414917],[195.897,0.414695],[195.89,0.41096],[195.89,0.410739],[195.847,0.389296],[195.847,0.389072],[195.84,0.385371],[195.839,0.385151],[195.797,0.363889],[195.796,0.363673],[195.789,0.360002],[195.788,0.359784],[195.746,0.338708],[195.745,0.338493],[195.738,0.334855],[195.738,0.334637],[195.695,0.313749],[195.694,0.313535],[195.687,0.309931],[195.687,0.309714],[195.644,0.289012],[195.643,0.288799],[195.636,0.285229],[195.635,0.285011],[195.593,0.264501],[195.592,0.264284],[195.585,0.260748],[195.584,0.260534],[195.541,0.240207],[195.541,0.239998],[195.533,0.236489],[195.533,0.236282],[195.49,0.216142],[195.49,0.215934],[195.482,0.212457],[195.482,0.212251],[195.439,0.192298],[195.438,0.192092],[195.431,0.18865],[195.43,0.188444],[195.387,0.16868],[195.387,0.168476],[195.379,0.165065],[195.379,0.164865],[195.335,0.145287],[195.335,0.145088],[195.327,0.141709],[195.327,0.141508],[195.284,0.122121],[195.283,0.121921],[195.276,0.118577],[195.275,0.118377],[195.232,0.0991811],[195.231,0.098983],[195.224,0.0956711],[195.223,0.0954745],[195.18,0.0764661],[195.179,0.0762708],[195.172,0.0729917],[195.171,0.0727977],[195.128,0.0539786],[195.127,0.0537856],[195.12,0.0505377],[195.119,0.0503483],[195.075,0.0317184],[195.075,0.0315285],[195.067,0.0283163],[195.067,0.0281222],[195.023,0.00968894],[195.023,0.00949801],[195.015,0.00631887],[195.015,0.00612996],[194.971,-0.0121158],[194.97,-0.0123028],[194.963,-0.0154504],[194.962,-0.015637],[194.918,-0.0336892],[194.918,-0.0338779],[194.91,-0.0369899],[194.91,-0.0371741],[194.866,-0.055038],[194.865,-0.0552188],[194.858,-0.0583014],[194.857,-0.0584812],[194.813,-0.0761516],[194.813,-0.076335],[194.805,-0.07938],[194.805,-0.0795618],[194.76,-0.0970391],[194.76,-0.0972177],[194.752,-0.100232],[194.752,-0.10041],[194.708,-0.117694],[194.707,-0.117874],[194.699,-0.120853],[194.699,-0.121029],[194.655,-0.138118],[194.654,-0.138296],[194.647,-0.141241],[194.646,-0.141417],[194.602,-0.158313],[194.601,-0.158489],[194.593,-0.161399],[194.593,-0.161575],[194.549,-0.178276],[194.548,-0.178448],[194.54,-0.181328],[194.54,-0.181498],[194.495,-0.198008],[194.495,-0.198177],[194.487,-0.201022],[194.487,-0.201192],[194.442,-0.217505],[194.442,-0.217675],[194.434,-0.220485],[194.433,-0.220652],[194.389,-0.236772],[194.388,-0.236939],[194.381,-0.239715],[194.38,-0.239882],[194.335,-0.255804],[194.335,-0.25597],[194.327,-0.258712],[194.327,-0.258876],[194.282,-0.274604],[194.281,-0.274767],[194.274,-0.277477],[194.273,-0.277637],[194.228,-0.293171],[194.228,-0.293329],[194.22,-0.296006],[194.219,-0.296166],[194.175,-0.311502],[194.174,-0.31166],[194.166,-0.314302],[194.166,-0.31446],[194.121,-0.3296],[194.12,-0.329756],[194.112,-0.332363],[194.112,-0.33252],[194.067,-0.347463],[194.066,-0.347617],[194.059,-0.350192],[194.058,-0.350343],[194.013,-0.365092],[194.013,-0.365241],[194.005,-0.367781],[194.004,-0.367933],[193.959,-0.382482],[193.959,-0.382634],[193.951,-0.385139],[193.95,-0.385287],[193.905,-0.399639],[193.904,-0.399786],[193.897,-0.402259],[193.896,-0.402404],[193.851,-0.416559],[193.85,-0.416707],[193.842,-0.419142],[193.842,-0.419287],[193.797,-0.433244],[193.796,-0.433388],[193.788,-0.43579],[193.788,-0.435934],[193.742,-0.449691],[193.742,-0.449834],[193.734,-0.452201],[193.733,-0.452343],[193.688,-0.465901],[193.687,-0.46604],[193.68,-0.468374],[193.679,-0.468513],[193.634,-0.481876],[193.633,-0.482012],[193.625,-0.484312],[193.625,-0.484448],[193.579,-0.497611],[193.579,-0.497744],[193.571,-0.500011],[193.57,-0.500144],[193.524,-0.513109],[193.524,-0.513241],[193.516,-0.515471],[193.516,-0.515605],[193.47,-0.528367],[193.469,-0.528498],[193.461,-0.530694],[193.461,-0.530824],[193.415,-0.543389],[193.415,-0.543516],[193.407,-0.545678],[193.406,-0.545805],[193.36,-0.55817],[193.36,-0.558297],[193.352,-0.560424],[193.351,-0.560548],[193.306,-0.572713],[193.305,-0.572837],[193.297,-0.574929],[193.297,-0.575052],[193.251,-0.587016],[193.25,-0.58714],[193.242,-0.589195],[193.242,-0.589319],[193.196,-0.601079],[193.195,-0.601201],[193.187,-0.603223],[193.187,-0.603341],[193.141,-0.614903],[193.14,-0.615022],[193.132,-0.61701],[193.132,-0.617127],[193.086,-0.628488],[193.085,-0.628604],[193.077,-0.630557],[193.077,-0.630672],[193.03,-0.64183],[193.03,-0.641946],[193.022,-0.643862],[193.022,-0.643976],[192.975,-0.654933],[192.975,-0.655047],[192.967,-0.656929],[192.966,-0.657039],[192.92,-0.667795],[192.92,-0.667906],[192.912,-0.669752],[192.911,-0.669862],[192.865,-0.680416],[192.864,-0.680524],[192.856,-0.682336],[192.856,-0.682444],[192.809,-0.692795],[192.809,-0.6929],[192.801,-0.694678],[192.8,-0.694784],[192.754,-0.704933],[192.754,-0.705037],[192.745,-0.706778],[192.745,-0.706882],[192.699,-0.716828],[192.698,-0.71693],[192.69,-0.718636],[192.69,-0.718738],[192.643,-0.728482],[192.643,-0.72858],[192.634,-0.730253],[192.634,-0.730351],[192.587,-0.739892],[192.587,-0.739991],[192.579,-0.741627],[192.578,-0.741723],[192.532,-0.751061],[192.531,-0.751157],[192.523,-0.752759],[192.523,-0.752852],[192.476,-0.761987],[192.476,-0.762081],[192.468,-0.763646],[192.467,-0.763739],[192.42,-0.772669],[192.42,-0.772761],[192.412,-0.774291],[192.411,-0.774383],[192.365,-0.783109],[192.364,-0.783199],[192.356,-0.784694],[192.356,-0.784783],[192.309,-0.793306],[192.308,-0.793393],[192.3,-0.794853],[192.3,-0.794939],[192.253,-0.803259],[192.253,-0.803343],[192.244,-0.804768],[192.244,-0.804852],[192.197,-0.812967],[192.197,-0.81305],[192.189,-0.81444],[192.188,-0.814521],[192.141,-0.822432],[192.141,-0.822514],[192.133,-0.823867],[192.132,-0.823948],[192.085,-0.831653],[192.085,-0.831732],[192.077,-0.83305],[192.076,-0.833129],[192.029,-0.84063],[192.029,-0.840706],[192.021,-0.84199],[192.02,-0.842065],[191.973,-0.849362],[191.973,-0.849437],[191.965,-0.850684],[191.964,-0.850758],[191.917,-0.857849],[191.917,-0.857922],[191.909,-0.859134],[191.908,-0.859205],[191.861,-0.866092],[191.861,-0.866163],[191.852,-0.867339],[191.852,-0.867408],[191.805,-0.87409],[191.804,-0.874158],[191.796,-0.875299],[191.796,-0.875366],[191.749,-0.881842],[191.748,-0.881909],[191.74,-0.883014],[191.74,-0.883079],[191.692,-0.88935],[191.692,-0.889414],[191.684,-0.890484],[191.683,-0.890546],[191.636,-0.896612],[191.636,-0.896673],[191.628,-0.897708],[191.627,-0.897769],[191.58,-0.903628],[191.579,-0.903689],[191.571,-0.904687],[191.571,-0.904745],[191.524,-0.910399],[191.523,-0.910458],[191.515,-0.91142],[191.514,-0.911476],[191.467,-0.916924],[191.467,-0.91698],[191.459,-0.917907],[191.458,-0.917961],[191.411,-0.923204],[191.41,-0.923257],[191.402,-0.924149],[191.402,-0.924201],[191.354,-0.929236],[191.354,-0.929288],[191.346,-0.930143],[191.345,-0.930193],[191.298,-0.935023],[191.298,-0.935073],[191.289,-0.935892],[191.289,-0.93594],[191.242,-0.940564],[191.241,-0.940611],[191.233,-0.941395],[191.232,-0.941441],[191.185,-0.945859],[191.185,-0.945903],[191.176,-0.946652],[191.176,-0.946695],[191.129,-0.950906],[191.128,-0.950949],[191.12,-0.951661],[191.119,-0.951703],[191.072,-0.955707],[191.072,-0.955748],[191.063,-0.956425],[191.063,-0.956464],[191.016,-0.960262],[191.015,-0.960301],[191.007,-0.960942],[191.006,-0.960979],[190.959,-0.964569],[190.959,-0.964607],[190.95,-0.965211],[190.95,-0.965247],[190.902,-0.968631],[190.902,-0.968665],[190.894,-0.969234],[190.893,-0.969268],[190.846,-0.972445],[190.845,-0.972477],[190.837,-0.97301],[190.837,-0.973042],[190.789,-0.976012],[190.789,-0.976042],[190.781,-0.976539],[190.78,-0.976568],[190.733,-0.979332],[190.732,-0.97936],[190.724,-0.979821],[190.723,-0.979848],[190.676,-0.982405],[190.675,-0.982431],[190.667,-0.982856],[190.667,-0.982881],[190.619,-0.985231],[190.619,-0.985255],[190.611,-0.985644],[190.61,-0.985667],[190.563,-0.987809],[190.562,-0.987831],[190.554,-0.988185],[190.553,-0.988205],[190.506,-0.990141],[190.505,-0.99016],[190.497,-0.990478],[190.497,-0.990496],[190.449,-0.992225],[190.449,-0.992242],[190.441,-0.992524],[190.44,-0.99254],[190.393,-0.994062],[190.392,-0.994077],[190.384,-0.994323],[190.383,-0.994337],[190.336,-0.995651],[190.335,-0.995664],[190.327,-0.995874],[190.327,-0.995886],[190.279,-0.996993],[190.279,-0.997004],[190.27,-0.997178],[190.27,-0.997187],[190.222,-0.998087],[190.222,-0.998096],[190.214,-0.998234],[190.213,-0.998242],[190.166,-0.998934],[190.165,-0.998941],[190.157,-0.999043],[190.157,-0.999048],[190.109,-0.999534],[190.109,-0.999538],[190.1,-0.999604],[190.1,-0.999608],[190.052,-0.999886],[190.052,-0.999888],[190.044,-0.999918],[190.043,-0.999919],[189.996,-0.99999],[189.995,-0.99999],[189.987,-0.999984],[189.986,-0.999984],[189.939,-0.999847],[189.938,-0.999845],[189.93,-0.999803],[189.93,-0.9998],[189.882,-0.999456],[189.882,-0.999452],[189.873,-0.999375],[189.873,-0.99937],[189.825,-0.998818],[189.825,-0.998812],[189.817,-0.998699],[189.816,-0.998691],[189.769,-0.997933],[189.768,-0.997925],[189.76,-0.997775],[189.759,-0.997766],[189.712,-0.9968],[189.711,-0.996789],[189.703,-0.996604],[189.703,-0.996592],[189.655,-0.99542],[189.655,-0.995407],[189.647,-0.995186],[189.646,-0.995172],[189.599,-0.993792],[189.598,-0.993777],[189.59,-0.99352],[189.589,-0.993504],[189.542,-0.991917],[189.541,-0.9919],[189.533,-0.991606],[189.533,-0.991589],[189.485,-0.989794],[189.485,-0.989775],[189.476,-0.989446],[189.476,-0.989426],[189.429,-0.987424],[189.428,-0.987403],[189.42,-0.987038],[189.419,-0.987016],[189.372,-0.984807],[189.371,-0.984784],[189.363,-0.984383],[189.363,-0.984359],[189.315,-0.981943],[189.315,-0.981917],[189.307,-0.98148],[189.306,-0.981454],[189.259,-0.978831],[189.258,-0.978804],[189.25,-0.978331],[189.249,-0.978302],[189.202,-0.975473],[189.201,-0.975443],[189.193,-0.974934],[189.193,-0.974904],[189.145,-0.971867],[189.145,-0.971835],[189.137,-0.971291],[189.136,-0.971258],[189.089,-0.968015],[189.088,-0.967981],[189.08,-0.9674],[189.08,-0.967365],[189.032,-0.963915],[189.032,-0.963879],[189.023,-0.963263],[189.023,-0.963226],[188.976,-0.959569],[188.975,-0.95953],[188.967,-0.958879],[188.966,-0.958839],[188.919,-0.954975],[188.919,-0.954936],[188.91,-0.954248],[188.91,-0.954206],[188.863,-0.950136],[188.862,-0.950094],[188.854,-0.94937],[188.853,-0.949326],[188.806,-0.94505],[188.806,-0.945005],[188.797,-0.944246],[188.797,-0.9442],[188.75,-0.939717],[188.749,-0.93967],[188.741,-0.938875],[188.74,-0.938827],[188.693,-0.934138],[188.693,-0.934089],[188.684,-0.933258],[188.684,-0.933209],[188.637,-0.928313],[188.636,-0.928262],[188.628,-0.927396],[188.628,-0.927343],[188.58,-0.922241],[188.58,-0.922188],[188.572,-0.921286],[188.571,-0.921232],[188.524,-0.915924],[188.523,-0.915869],[188.515,-0.914931],[188.515,-0.914874],[188.468,-0.909361],[188.467,-0.909303],[188.459,-0.90833],[188.458,-0.908271],[188.411,-0.902552],[188.411,-0.902492],[188.403,-0.901483],[188.402,-0.901422],[188.355,-0.895497],[188.355,-0.895435],[188.346,-0.89439],[188.346,-0.894327],[188.299,-0.888196],[188.298,-0.888133],[188.29,-0.887051],[188.29,-0.886988],[188.243,-0.88065],[188.242,-0.880585],[188.234,-0.879468],[188.233,-0.879402],[188.186,-0.87286],[188.186,-0.872792],[188.178,-0.87164],[188.177,-0.871571],[188.13,-0.864823],[188.13,-0.864754],[188.122,-0.863566],[188.121,-0.863495],[188.074,-0.856544],[188.074,-0.85647],[188.065,-0.855248],[188.065,-0.855175],[188.018,-0.848017],[188.018,-0.847944],[188.009,-0.846684],[188.009,-0.846609],[187.962,-0.839248],[187.962,-0.83917],[187.953,-0.837876],[187.953,-0.837799],[187.906,-0.830233],[187.906,-0.830154],[187.897,-0.828825],[187.897,-0.828744],[187.85,-0.820973],[187.85,-0.820893],[187.841,-0.819528],[187.841,-0.819446],[187.794,-0.811471],[187.794,-0.811388],[187.786,-0.809987],[187.785,-0.809904],[187.738,-0.801723],[187.738,-0.801639],[187.73,-0.800203],[187.729,-0.800117],[187.682,-0.791733],[187.682,-0.791646],[187.674,-0.790174],[187.673,-0.790087],[187.627,-0.781499],[187.626,-0.781409],[187.618,-0.779903],[187.618,-0.779813],[187.571,-0.771022],[187.57,-0.770929],[187.562,-0.769388],[187.562,-0.769296],[187.515,-0.7603],[187.515,-0.760207],[187.507,-0.758629],[187.506,-0.758536],[187.459,-0.749337],[187.459,-0.749241],[187.451,-0.74763],[187.45,-0.747532],[187.404,-0.73813],[187.403,-0.738034],[187.395,-0.736385],[187.395,-0.736287],[187.348,-0.726682],[187.348,-0.726582],[187.34,-0.724899],[187.339,-0.724798],[187.293,-0.714991],[187.292,-0.714888],[187.284,-0.713171],[187.284,-0.713068],[187.237,-0.703057],[187.237,-0.702953],[187.229,-0.701201],[187.228,-0.701094],[187.182,-0.690882],[187.181,-0.690776],[187.173,-0.688988],[187.173,-0.688881],[187.127,-0.678465],[187.126,-0.678358],[187.118,-0.676534],[187.118,-0.676425],[187.071,-0.665807],[187.071,-0.665698],[187.063,-0.663838],[187.062,-0.663729],[187.016,-0.652907],[187.016,-0.652796],[187.008,-0.650904],[187.007,-0.650788],[186.961,-0.639769],[186.96,-0.639653],[186.952,-0.637726],[186.952,-0.637609],[186.906,-0.626388],[186.905,-0.62627],[186.897,-0.624308],[186.897,-0.624189],[186.851,-0.612767],[186.85,-0.612647],[186.842,-0.610649],[186.842,-0.610531],[186.796,-0.598904],[186.795,-0.598784],[186.787,-0.596751],[186.787,-0.596629],[186.741,-0.584803],[186.74,-0.584681],[186.732,-0.582612],[186.732,-0.582491],[186.686,-0.570462],[186.685,-0.570338],[186.677,-0.568236],[186.677,-0.56811],[186.631,-0.555882],[186.631,-0.555757],[186.623,-0.553618],[186.622,-0.553491],[186.576,-0.541064],[186.576,-0.540934],[186.568,-0.538761],[186.567,-0.538634],[186.522,-0.526005],[186.521,-0.525875],[186.513,-0.523667],[186.513,-0.523538],[186.467,-0.510709],[186.467,-0.510576],[186.459,-0.508335],[186.458,-0.508201],[186.412,-0.495175],[186.412,-0.495039],[186.404,-0.492762],[186.404,-0.492629],[186.358,-0.479402],[186.358,-0.479265],[186.35,-0.476954],[186.349,-0.476817],[186.304,-0.463391],[186.303,-0.463254],[186.295,-0.460908],[186.295,-0.460768],[186.249,-0.447145],[186.249,-0.447004],[186.241,-0.444625],[186.24,-0.444481],[186.195,-0.43066],[186.194,-0.430518],[186.187,-0.428103],[186.186,-0.42796],[186.141,-0.413939],[186.14,-0.413794],[186.132,-0.411346],[186.132,-0.411201],[186.087,-0.396983],[186.086,-0.396834],[186.078,-0.394352],[186.078,-0.394205],[186.033,-0.379788],[186.032,-0.37964],[186.024,-0.377123],[186.024,-0.376973],[185.979,-0.36236],[185.978,-0.362208],[185.97,-0.359658],[185.97,-0.359505],[185.925,-0.344695],[185.924,-0.344543],[185.916,-0.341959],[185.916,-0.341802],[185.871,-0.326797],[185.87,-0.326639],[185.863,-0.32402],[185.862,-0.323866],[185.817,-0.308662],[185.817,-0.308504],[185.809,-0.305852],[185.808,-0.305693],[185.763,-0.290293],[185.763,-0.290135],[185.755,-0.287448],[185.755,-0.287286],[185.71,-0.271691],[185.709,-0.27153],[185.702,-0.268809],[185.701,-0.268645],[185.656,-0.252855],[185.656,-0.252691],[185.648,-0.249939],[185.648,-0.249771],[185.603,-0.233785],[185.602,-0.233621],[185.595,-0.230831],[185.594,-0.230666],[185.55,-0.214484],[185.549,-0.214316],[185.541,-0.211494],[185.541,-0.211325],[185.496,-0.194947],[185.496,-0.194781],[185.488,-0.191924],[185.488,-0.19175],[185.443,-0.175183],[185.443,-0.175009],[185.435,-0.172121],[185.435,-0.171947],[185.39,-0.155184],[185.39,-0.155009],[185.382,-0.152086],[185.381,-0.151912],[185.337,-0.134953],[185.337,-0.134776],[185.329,-0.131821],[185.328,-0.131643],[185.284,-0.114493],[185.284,-0.114312],[185.276,-0.111325],[185.276,-0.111144],[185.231,-0.0938009],[185.231,-0.0936197],[185.223,-0.0905976],[185.223,-0.0904159],[185.179,-0.0728772],[185.178,-0.0726954],[185.171,-0.0696391],[185.17,-0.069456],[185.126,-0.0517273],[185.126,-0.0515413],[185.118,-0.0484508],[185.117,-0.0482676],[185.073,-0.0303443],[185.073,-0.0301585],[185.065,-0.0270333],[185.065,-0.0268492],[185.021,-0.00873332],[185.021,-0.00854725],[185.013,-0.00538787],[185.013,-0.00520162],[184.969,0.0131061],[184.968,0.0132938],[184.961,0.016487],[184.96,0.0166736],[184.916,0.0351722],[184.916,0.0353648],[184.908,0.038586],[184.908,0.0387799],[184.864,0.0574684],[184.864,0.0576619],[184.856,0.060917],[184.856,0.0611117],[184.812,0.0799913],[184.812,0.0801833],[184.804,0.083475],[184.804,0.0836723],[184.76,0.102739],[184.76,0.102935],[184.752,0.106259],[184.752,0.106458],[184.708,0.125715],[184.708,0.125914],[184.7,0.129269],[184.7,0.129471],[184.657,0.148916],[184.656,0.14912],[184.649,0.152506],[184.648,0.152709],[184.605,0.172346],[184.605,0.172548],[184.597,0.175971],[184.597,0.176173],[184.553,0.195997],[184.553,0.196203],[184.545,0.199657],[184.545,0.199862],[184.502,0.219875],[184.502,0.220082],[184.494,0.223568],[184.494,0.223777],[184.451,0.243974],[184.45,0.244187],[184.443,0.247703],[184.442,0.247915],[184.399,0.268301],[184.399,0.268516],[184.392,0.272063],[184.391,0.272278],[184.348,0.292853],[184.348,0.293062],[184.34,0.296648],[184.34,0.296861],[184.297,0.317624],[184.297,0.317837],[184.289,0.321454],[184.289,0.32167],[184.246,0.342615],[184.246,0.342836],[184.238,0.346482],[184.238,0.346699],[184.195,0.367835],[184.195,0.368053],[184.188,0.371732],[184.187,0.371953],[184.145,0.393272],[184.144,0.393491],[184.137,0.397204],[184.137,0.397427],[184.094,0.418928],[184.094,0.419154],[184.086,0.422894],[184.086,0.423122],[184.044,0.444809],[184.043,0.445033],[184.036,0.44881],[184.036,0.449035],[183.993,0.47091],[183.993,0.471134],[183.986,0.474941],[183.985,0.475171],[183.943,0.497226],[183.943,0.497457],[183.935,0.501294],[183.935,0.501525],[183.893,0.523763],[183.893,0.523995],[183.885,0.527865],[183.885,0.528098],[183.843,0.550519],[183.843,0.550753],[183.835,0.554656],[183.835,0.55489],[183.793,0.577495],[183.793,0.577728],[183.785,0.581663],[183.785,0.581898],[183.743,0.604686],[183.743,0.604924],[183.736,0.608889],[183.735,0.609126],[183.694,0.632093],[183.693,0.632333],[183.686,0.636331],[183.686,0.636568],[183.644,0.659721],[183.644,0.659958],[183.636,0.663987],[183.636,0.664231],[183.595,0.68756],[183.594,0.687801],[183.587,0.691863],[183.587,0.692105],[183.545,0.715617],[183.545,0.715859],[183.538,0.719953],[183.537,0.720195],[183.496,0.743888],[183.496,0.744131],[183.489,0.748257],[183.488,0.7485],[183.447,0.772373],[183.447,0.772621],[183.44,0.776774],[183.439,0.777022],[183.398,0.801071],[183.398,0.801319],[183.391,0.805506],[183.39,0.805755],[183.349,0.829983],[183.349,0.830237],[183.342,0.834451],[183.341,0.834703],[183.301,0.859108],[183.3,0.859361],[183.293,0.863609],[183.293,0.863861],[183.252,0.888447],[183.252,0.888701],[183.245,0.892979],[183.244,0.893233],[183.204,0.917997],[183.203,0.91825],[183.196,0.92256],[183.196,0.922816],[183.155,0.947756],[183.155,0.948013],[183.148,0.952349],[183.148,0.952611],[183.107,0.977724],[183.107,0.977985],[183.1,0.982354],[183.099,0.982615],[183.059,1.00791],[183.059,1.00816],[183.052,1.01257],[183.051,1.01283],[183.011,1.03829],[183.011,1.03856],[183.004,1.04299],[183.004,1.04325],[182.964,1.06889],[182.963,1.06916],[182.956,1.07362],[182.956,1.07388],[182.916,1.0997],[182.916,1.09997],[182.909,1.10446],[182.908,1.10472],[182.868,1.13071],[182.868,1.13098],[182.861,1.1355],[182.861,1.13577],[182.821,1.16193],[182.821,1.1622],[182.814,1.16675],[182.813,1.16702],[182.774,1.19336],[182.774,1.19363],[182.767,1.19821],[182.766,1.19848],[182.727,1.22499],[182.726,1.22527],[182.72,1.22988],[182.719,1.23015],[182.68,1.25683],[182.679,1.2571],[182.673,1.26174],[182.672,1.26202],[182.633,1.28887],[182.633,1.28915],[182.626,1.29382],[182.625,1.2941],[182.586,1.32112],[182.586,1.3214],[182.579,1.32609],[182.579,1.32638],[182.54,1.35357],[182.539,1.35384],[182.533,1.35858],[182.532,1.35886],[182.494,1.38622],[182.493,1.3865],[182.486,1.39126],[182.486,1.39154],[182.447,1.41907],[182.447,1.41936],[182.44,1.42414],[182.44,1.42443],[182.401,1.45213],[182.401,1.45241],[182.394,1.45723],[182.394,1.45752],[182.355,1.48538],[182.355,1.48567],[182.348,1.49052],[182.348,1.49081],[182.309,1.51884],[182.309,1.51913],[182.302,1.52401],[182.302,1.5243],[182.264,1.55249],[182.263,1.55279],[182.257,1.55769],[182.256,1.55799],[182.218,1.58635],[182.218,1.58664],[182.211,1.59158],[182.211,1.59187],[182.173,1.62041],[182.172,1.6207],[182.166,1.62566],[182.166,1.62596],[182.128,1.65466],[182.127,1.65495],[182.121,1.65994],[182.12,1.66024],[182.083,1.6891],[182.082,1.6894],[182.076,1.69442],[182.075,1.69472],[182.038,1.72375],[182.037,1.72405],[182.031,1.7291],[182.03,1.72939],[181.993,1.75859],[181.993,1.75889],[181.986,1.76396],[181.986,1.76427],[181.948,1.79362],[181.948,1.79392],[181.941,1.79903],[181.941,1.79933],[181.904,1.82886],[181.903,1.82916],[181.897,1.83429],[181.897,1.8346],[181.86,1.86427],[181.859,1.86458],[181.853,1.86974],[181.852,1.87005],[181.815,1.89989],[181.815,1.9002],[181.809,1.90539],[181.808,1.9057],[181.771,1.9357],[181.771,1.93601],[181.765,1.94122],[181.764,1.94153],[181.728,1.9717],[181.727,1.97201],[181.721,1.97725],[181.72,1.97757],[181.684,2.00789],[181.684,2.0082],[181.677,2.01347],[181.677,2.01379],[181.64,2.04427],[181.64,2.04459],[181.634,2.04988],[181.633,2.0502],[181.597,2.08084],[181.597,2.08116],[181.59,2.08649],[181.59,2.0868],[181.554,2.1176],[181.553,2.11791],[181.547,2.12327],[181.547,2.12359],[181.511,2.15455],[181.51,2.15486],[181.504,2.16025],[181.504,2.16057],[181.468,2.19168],[181.468,2.192],[181.461,2.19741],[181.461,2.19773],[181.425,2.229],[181.425,2.22933],[181.419,2.23476],[181.418,2.23508],[181.383,2.26651],[181.382,2.26683],[181.376,2.2723],[181.376,2.27262],[181.34,2.30421],[181.34,2.30453],[181.334,2.31001],[181.333,2.31035],[181.298,2.34208],[181.298,2.34241],[181.292,2.34793],[181.291,2.34825],[181.256,2.38014],[181.256,2.38047],[181.25,2.38602],[181.249,2.38634],[181.214,2.41839],[181.214,2.41872],[181.208,2.42429],[181.207,2.42462],[181.172,2.45682],[181.172,2.45715],[181.166,2.46274],[181.166,2.46307],[181.131,2.49542],[181.13,2.49576],[181.124,2.50138],[181.124,2.50172],[181.089,2.53421],[181.089,2.53455],[181.083,2.5402],[181.083,2.54053],[181.048,2.57318],[181.048,2.57352],[181.042,2.57919],[181.042,2.57953],[181.007,2.61233],[181.007,2.61267],[181.001,2.61837],[181.0,2.61871],[180.966,2.65166],[180.966,2.652],[180.96,2.65772],[180.96,2.65807],[180.926,2.69116],[180.925,2.69151],[180.919,2.69726],[180.919,2.6976],[180.885,2.73085],[180.885,2.73119],[180.879,2.73697],[180.878,2.73731],[180.845,2.77071],[180.844,2.77106],[180.838,2.77686],[180.838,2.7772],[180.804,2.81074],[180.804,2.81109],[180.798,2.81692],[180.798,2.81727],[180.764,2.85096],[180.764,2.8513],[180.758,2.85715],[180.758,2.85751],[180.725,2.89134],[180.724,2.89168],[180.719,2.89757],[180.718,2.89791],[180.685,2.9319],[180.685,2.93225],[180.679,2.93815],[180.679,2.9385],[180.646,2.97262],[180.645,2.97298],[180.639,2.97891],[180.639,2.97926],[180.606,3.01353],[180.606,3.01389],[180.6,3.01984],[180.6,3.02019],[180.567,3.0546],[180.567,3.05495],[180.561,3.06093],[180.561,3.0613],[180.528,3.09585],[180.528,3.09621],[180.522,3.10221],[180.522,3.10256],[180.489,3.13726],[180.489,3.13762],[180.483,3.14364],[180.483,3.14401],[180.451,3.17884],[180.45,3.1792],[180.445,3.18526],[180.445,3.18561],[180.412,3.22059],[180.412,3.22095],[180.407,3.22703],[180.406,3.22739],[180.374,3.26251],[180.374,3.26287],[180.368,3.26898],[180.368,3.26933],[180.336,3.30459],[180.336,3.30496],[180.33,3.31108],[180.33,3.31144],[180.298,3.34684],[180.298,3.34721],[180.293,3.35335],[180.292,3.35372],[180.261,3.38926],[180.26,3.38962],[180.255,3.3958],[180.255,3.39616],[180.223,3.43183],[180.223,3.4322],[180.217,3.4384],[180.217,3.43877],[180.186,3.47457],[180.186,3.47495],[180.18,3.48116],[180.18,3.48154],[180.149,3.51748],[180.148,3.51785],[180.143,3.52409],[180.143,3.52446],[180.112,3.56054],[180.112,3.56092],[180.106,3.56718],[180.106,3.56756],[180.075,3.60377],[180.075,3.60414],[180.069,3.61044],[180.069,3.61081],[180.039,3.64715],[180.038,3.64753],[180.033,3.65384],[180.033,3.65422],[180.002,3.69069],[180.002,3.69107],[179.997,3.69741],[179.996,3.69779],[179.966,3.7344],[179.966,3.73478],[179.961,3.74114],[179.96,3.74152],[179.93,3.77826],[179.93,3.77864],[179.925,3.78502],[179.924,3.7854],[179.894,3.82227],[179.894,3.82266],[179.889,3.82906],[179.889,3.82944],[179.859,3.86644],[179.858,3.86683],[179.853,3.87325],[179.853,3.87364],[179.823,3.91077],[179.823,3.91116],[179.818,3.91761],[179.818,3.91799],[179.788,3.95525],[179.788,3.95564],[179.783,3.96211],[179.782,3.9625],[179.753,3.99989],[179.753,4.00027],[179.748,4.00677],[179.747,4.00715],[179.718,4.04468],[179.718,4.04506],[179.713,4.05158],[179.713,4.05196],[179.684,4.08962],[179.683,4.09],[179.678,4.09654],[179.678,4.09693],[179.649,4.1347],[179.649,4.13509],[179.644,4.14165],[179.644,4.14204],[179.615,4.17994],[179.615,4.18033],[179.61,4.18691],[179.61,4.18731],[179.581,4.22532],[179.581,4.22572],[179.576,4.23232],[179.576,4.23272],[179.547,4.27086],[179.547,4.27126],[179.542,4.27788],[179.542,4.27828],[179.514,4.31654],[179.513,4.31694],[179.508,4.32358],[179.508,4.32398],[179.48,4.36237],[179.48,4.36277],[179.475,4.36944],[179.475,4.36983],[179.447,4.40835],[179.447,4.40874],[179.442,4.41543],[179.442,4.41583],[179.414,4.45446],[179.414,4.45486],[179.409,4.46157],[179.409,4.46197],[179.381,4.50073],[179.381,4.50113],[179.376,4.50786],[179.376,4.50826],[179.348,4.54713],[179.348,4.54753],[179.343,4.55428],[179.343,4.55468],[179.316,4.59368],[179.316,4.59408],[179.311,4.60085],[179.311,4.60125],[179.284,4.64036],[179.284,4.64077],[179.279,4.64756],[179.279,4.64797],[179.252,4.6872],[179.252,4.6876],[179.247,4.69441],[179.247,4.69482],[179.22,4.73416],[179.22,4.73457],[179.215,4.7414],[179.215,4.74181],[179.188,4.78126],[179.188,4.78167],[179.184,4.78852],[179.183,4.78894],[179.157,4.82851],[179.157,4.82892],[179.152,4.83579],[179.152,4.8362],[179.126,4.87589],[179.126,4.8763],[179.121,4.88319],[179.121,4.8836],[179.095,4.92341],[179.095,4.92381],[179.09,4.93072],[179.09,4.93114],[179.064,4.97105],[179.064,4.97147],[179.059,4.9784],[179.059,4.9788],[179.034,5.01884],[179.033,5.01925],[179.029,5.0262],[179.029,5.02662],[179.003,5.06675],[179.003,5.06717],[178.999,5.07414],[178.998,5.07455],[178.973,5.11481],[178.973,5.11522],[178.968,5.1222],[178.968,5.12262],[178.943,5.16298],[178.943,5.1634],[178.939,5.1704],[178.938,5.17082],[178.913,5.21129],[178.913,5.21171],[178.909,5.21873],[178.909,5.21915],[178.884,5.25973],[178.884,5.26015],[178.879,5.26719],[178.879,5.26762],[178.855,5.30829],[178.854,5.30872],[178.85,5.31578],[178.85,5.3162],[178.825,5.357],[178.825,5.35741],[178.821,5.3645],[178.821,5.36492],[178.797,5.40582],[178.796,5.40623],[178.792,5.41333],[178.792,5.41376],[178.768,5.45476],[178.768,5.45518],[178.764,5.4623],[178.763,5.46273],[178.739,5.50383],[178.739,5.50426],[178.735,5.51139],[178.735,5.51181],[178.711,5.55303],[178.711,5.55346],[178.707,5.5606],[178.707,5.56103],[178.683,5.60235],[178.683,5.60277],[178.679,5.60994],[178.679,5.61037],[178.655,5.65178],[178.655,5.65221],[178.651,5.6594],[178.651,5.65983],[178.628,5.70135],[178.628,5.70177],[178.624,5.70898],[178.623,5.70941],[178.6,5.75102],[178.6,5.75145],[178.596,5.75867],[178.596,5.75911],[178.573,5.80083],[178.573,5.80125],[178.569,5.8085],[178.569,5.80893],[178.546,5.85074],[178.546,5.85118],[178.542,5.85843],[178.542,5.85886],[178.52,5.90078],[178.519,5.90121],[178.516,5.90848],[178.515,5.90891],[178.493,5.95093],[178.493,5.95136],[178.489,5.95865],[178.489,5.95909],[178.467,6.00119],[178.467,6.00163],[178.463,6.00894],[178.463,6.00937],[178.441,6.05157],[178.441,6.05201],[178.437,6.05933],[178.437,6.05977],[178.415,6.10207],[178.415,6.1025],[178.411,6.10984],[178.411,6.11028],[178.389,6.15267],[178.389,6.15311],[178.385,6.16047],[178.385,6.1609],[178.364,6.20339],[178.364,6.20382],[178.36,6.2112],[178.36,6.21164],[178.339,6.25422],[178.338,6.25465],[178.335,6.26204],[178.335,6.26249],[178.314,6.30515],[178.314,6.30559],[178.31,6.31299],[178.31,6.31344],[178.289,6.3562],[178.289,6.35664],[178.285,6.36405],[178.285,6.36451],[178.265,6.40734],[178.264,6.4078],[178.261,6.41522],[178.261,6.41567],[178.24,6.45861],[178.24,6.45905],[178.236,6.4665],[178.236,6.46695],[178.216,6.50997],[178.216,6.51041],[178.212,6.51788],[178.212,6.51833],[178.192,6.56144],[178.192,6.56189],[178.189,6.56937],[178.188,6.56981],[178.169,6.61301],[178.168,6.61346],[178.165,6.62096],[178.165,6.6214],[178.145,6.66469],[178.145,6.66513],[178.142,6.67265],[178.142,6.67309],[178.122,6.71646],[178.122,6.71691],[178.119,6.72444],[178.118,6.72489],[178.099,6.76834],[178.099,6.76879],[178.096,6.77633],[178.095,6.77678],[178.076,6.82032],[178.076,6.82077],[178.073,6.82832],[178.073,6.82877],[178.054,6.87239],[178.054,6.87284],[178.051,6.88042],[178.05,6.88086],[178.032,6.92457],[178.032,6.92502],[178.028,6.9326],[178.028,6.93306],[178.01,6.97683],[178.009,6.97729],[178.006,6.98488],[178.006,6.98534],[177.988,7.0292],[177.988,7.02965],[177.985,7.03727],[177.984,7.03772],[177.966,7.08166],[177.966,7.08212],[177.963,7.08974],[177.963,7.09019],[177.945,7.13422],[177.945,7.13467],[177.942,7.14231],[177.942,7.14276],[177.924,7.18686],[177.924,7.18732],[177.921,7.19497],[177.92,7.19542],[177.903,7.2396],[177.903,7.24005],[177.9,7.24772],[177.9,7.24818],[177.882,7.29243],[177.882,7.29289],[177.879,7.30056],[177.879,7.30102],[177.862,7.34534],[177.862,7.34581],[177.859,7.35349],[177.859,7.35395],[177.842,7.39835],[177.842,7.39881],[177.839,7.40651],[177.838,7.40698],[177.822,7.45144],[177.822,7.4519],[177.819,7.45962],[177.819,7.46008],[177.802,7.50463],[177.802,7.50509],[177.799,7.51281],[177.799,7.51328],[177.782,7.55789],[177.782,7.55836],[177.78,7.5661],[177.779,7.56656],[177.763,7.61124],[177.763,7.61171],[177.76,7.61946],[177.76,7.61992],[177.744,7.66468],[177.744,7.66514],[177.741,7.67291],[177.741,7.67337],[177.725,7.71819],[177.725,7.71866],[177.723,7.72644],[177.722,7.7269],[177.707,7.7718],[177.707,7.77225],[177.704,7.78005],[177.704,7.78051],[177.688,7.82547],[177.688,7.82594],[177.686,7.83374],[177.686,7.83421],[177.67,7.87923],[177.67,7.8797],[177.668,7.88751],[177.667,7.88798],[177.653,7.93307],[177.652,7.93354],[177.65,7.94136],[177.65,7.94182],[177.635,7.98699],[177.635,7.98745],[177.632,7.99528],[177.632,7.99575],[177.618,8.04097],[177.617,8.04145],[177.615,8.04929],[177.615,8.04976],[177.6,8.09504],[177.6,8.09551],[177.598,8.10337],[177.598,8.10383],[177.583,8.14918],[177.583,8.14966],[177.581,8.15752],[177.581,8.15799],[177.567,8.2034],[177.567,8.20386],[177.564,8.21174],[177.564,8.21222],[177.55,8.25768],[177.55,8.25816],[177.548,8.26604],[177.548,8.26651],[177.534,8.31204],[177.534,8.31251],[177.532,8.32041],[177.531,8.32088],[177.518,8.36647],[177.518,8.36694],[177.516,8.37485],[177.516,8.37532],[177.502,8.42097],[177.502,8.42143],[177.5,8.42936],[177.5,8.42982],[177.487,8.47553],[177.487,8.476],[177.485,8.48393],[177.484,8.48441],[177.472,8.53016],[177.472,8.53063],[177.469,8.53857],[177.469,8.53904],[177.457,8.58486],[177.456,8.58533],[177.454,8.59328],[177.454,8.59375],[177.442,8.63962],[177.442,8.6401],[177.44,8.64806],[177.439,8.64852],[177.427,8.69445],[177.427,8.69492],[177.425,8.70289],[177.425,8.70337],[177.417,8.73493],[177.415,8.73963],[177.415,8.73963],[177.41,8.76176],[177.406,8.77286],[177.404,8.78137],[177.399,8.79541],[177.397,8.80239],[177.392,8.81628],[177.39,8.82317],[177.384,8.8369],[177.381,8.8437],[177.376,8.85724],[177.373,8.86396],[177.366,8.8773],[177.363,8.88392],[177.357,8.89705],[177.353,8.90355],[177.346,8.91646],[177.342,8.92285],[177.335,8.93552],[177.331,8.94178],[177.323,8.9542],[177.319,8.96033],[177.311,8.97248],[177.307,8.97849],[177.298,8.99036],[177.293,8.99621],[177.284,9.0078],[177.28,9.0135],[177.27,9.02478],[177.265,9.03034],[177.255,9.0413],[177.25,9.04669],[177.24,9.05732],[177.235,9.06255],[177.225,9.07284],[177.219,9.0779],[177.208,9.08784],[177.203,9.09272],[177.192,9.1023],[177.186,9.107],[177.175,9.11621],[177.169,9.12072],[177.157,9.12955],[177.151,9.13386],[177.139,9.14231],[177.133,9.14642],[177.121,9.15446],[177.114,9.15838],[177.102,9.16601],[177.095,9.16972],[177.083,9.17694],[177.076,9.18044],[177.063,9.18724],[177.056,9.19052],[177.043,9.19689],[177.036,9.19996],[177.023,9.20588],[177.016,9.20873],[177.003,9.21421],[176.996,9.21684],[176.982,9.22187],[176.975,9.22427],[176.961,9.22884],[176.954,9.23101],[176.94,9.23513],[176.933,9.23707],[176.918,9.24072],[176.911,9.24242],[176.897,9.24561],[176.89,9.24708],[176.875,9.24979],[176.868,9.25102],[176.853,9.25325],[176.846,9.25425],[176.831,9.25601],[176.824,9.25677],[176.809,9.25804],[176.802,9.25856],[176.787,9.25936],[176.78,9.25964],[176.765,9.25995],[176.758,9.25999],[176.743,9.25982],[176.736,9.25962],[176.721,9.25897],[176.714,9.25853],[176.699,9.2574],[176.692,9.25671],[176.677,9.25511],[176.67,9.25418],[176.655,9.2521],[176.648,9.25093],[176.634,9.24837],[176.626,9.24697],[176.612,9.24394],[176.605,9.2423],[176.59,9.2388],[176.583,9.23693],[176.569,9.23296],[176.562,9.23086],[176.548,9.22643],[176.541,9.2241],[176.527,9.21921],[176.52,9.21665],[176.507,9.21131],[176.5,9.20853],[176.486,9.20274],[176.479,9.19974],[176.466,9.19351],[176.46,9.19029],[176.446,9.18363],[176.44,9.18019],[176.427,9.1731],[176.421,9.16946],[176.408,9.16195],[176.402,9.1581],[176.389,9.15018],[176.383,9.14613],[176.371,9.13781],[176.365,9.13356],[176.353,9.12484],[176.347,9.1204],[176.336,9.1113],[176.33,9.10666],[176.319,9.09719],[176.313,9.09237],[176.302,9.08254],[176.297,9.07754],[176.286,9.06735],[176.281,9.06217],[176.271,9.05165],[176.266,9.0463],[176.256,9.03544],[176.251,9.02994],[176.241,9.01876],[176.236,9.01309],[176.227,9.00161],[176.223,8.99579],[176.214,8.98401],[176.21,8.97805],[176.201,8.96599],[176.197,8.95989],[176.189,8.94756],[176.185,8.94133],[176.177,8.92874],[176.174,8.92239],[176.167,8.90955],[176.163,8.90309],[176.156,8.89002],[176.153,8.88344],[176.147,8.87016],[176.143,8.86348],[176.138,8.85],[176.135,8.84322],[176.129,8.82955],[176.127,8.82268],[176.122,8.80884],[176.119,8.80189],[176.115,8.78789],[176.112,8.78086],[176.108,8.76672],[176.106,8.75963],[176.103,8.74536],[176.101,8.73821],[176.098,8.72383],[176.096,8.71662],[176.094,8.70215],[176.092,8.6949],[176.09,8.68034],[176.089,8.67306],[176.087,8.65844],[176.087,8.65112],[176.085,8.63645],[176.085,8.62911],[176.084,8.61441],[176.084,8.60706],[176.084,8.59234],[176.083,8.58498],[176.084,8.57026],[176.084,8.56291],[176.084,8.54819],[176.085,8.54085],[176.086,8.52617],[176.087,8.51885],[176.088,8.50421],[176.089,8.49691],[176.091,8.48234],[176.093,8.47507],[176.095,8.46057],[176.096,8.45335],[176.1,8.43894],[176.101,8.43136],[176.104,8.42082],[176.104,8.4208],[176.105,8.41472],[176.107,8.40827],[176.107,8.40778],[176.107,8.40691],[176.109,8.39875],[176.12,8.35869],[176.12,8.35774],[176.121,8.35446],[176.121,8.35351],[176.136,8.29816],[176.136,8.29721],[176.137,8.29394],[176.137,8.29299],[176.152,8.2377],[176.152,8.23675],[176.153,8.23348],[176.153,8.23254],[176.169,8.17731],[176.169,8.17637],[176.17,8.1731],[176.17,8.17216],[176.185,8.11699],[176.186,8.11605],[176.187,8.11279],[176.187,8.11185],[176.202,8.05675],[176.203,8.05581],[176.204,8.05256],[176.204,8.05162],[176.22,7.99659],[176.22,7.99564],[176.221,7.9924],[176.221,7.99146],[176.237,7.9365],[176.238,7.93556],[176.239,7.93231],[176.239,7.93137],[176.255,7.87649],[176.256,7.87555],[176.256,7.87231],[176.257,7.87137],[176.273,7.81655],[176.274,7.81561],[176.275,7.81238],[176.275,7.81144],[176.292,7.7567],[176.292,7.75576],[176.293,7.75253],[176.293,7.7516],[176.31,7.69692],[176.311,7.69599],[176.312,7.69277],[176.312,7.69183],[176.322,7.65879],[176.324,7.65527],[176.341,7.59786],[176.343,7.59077],[176.358,7.53461],[176.359,7.52746],[176.372,7.47084],[176.374,7.46364],[176.385,7.40662],[176.386,7.39938],[176.395,7.34203],[176.396,7.33474],[176.404,7.27713],[176.405,7.26981],[176.41,7.21198],[176.411,7.20464],[176.414,7.14667],[176.415,7.13931],[176.416,7.08126],[176.416,7.07389],[176.416,7.01581],[176.416,7.00845],[176.414,6.95041],[176.413,6.94305],[176.409,6.88511],[176.409,6.87777],[176.403,6.81999],[176.402,6.81268],[176.394,6.75513],[176.393,6.74785],[176.383,6.69058],[176.382,6.68334],[176.37,6.62642],[176.369,6.61923],[176.355,6.56271],[176.354,6.55558],[176.338,6.49954],[176.336,6.49246],[176.319,6.43695],[176.317,6.42995],[176.298,6.37502],[176.296,6.3681],[176.275,6.31382],[176.272,6.30698],[176.25,6.25341],[176.247,6.24667],[176.223,6.19386],[176.219,6.18721],[176.194,6.13522],[176.19,6.12869],[176.163,6.07757],[176.159,6.07115],[176.13,6.02096],[176.126,6.01466],[176.095,5.96546],[176.091,5.95929],[176.059,5.91112],[176.054,5.90509],[176.02,5.85801],[176.016,5.85211],[175.98,5.80617],[175.976,5.80042],[175.939,5.75567],[175.934,5.75007],[175.895,5.70656],[175.891,5.70112],[175.851,5.65889],[175.845,5.65362],[175.804,5.61271],[175.799,5.60761],[175.756,5.56807],[175.751,5.56315],[175.707,5.52503],[175.701,5.52029],[175.656,5.48362],[175.651,5.47906],[175.604,5.44389],[175.598,5.43952],[175.551,5.40588],[175.545,5.40171],[175.497,5.36964],[175.49,5.36567],[175.441,5.33519],[175.435,5.33143],[175.384,5.30259],[175.378,5.29904],[175.326,5.27186],[175.32,5.26853],[175.268,5.24304],[175.261,5.23992],[175.208,5.21616],[175.201,5.21326],[175.148,5.19124],[175.141,5.18857],[175.086,5.16832],[175.079,5.16587],[175.024,5.14742],[175.017,5.14519],[174.962,5.12855],[174.954,5.12656],[174.898,5.11175],[174.891,5.10999],[174.835,5.09702],[174.827,5.0955],[174.77,5.08439],[174.763,5.0831],[174.706,5.07387],[174.698,5.07282],[174.641,5.06546],[174.633,5.06465],[174.576,5.05919],[174.568,5.05862],[174.51,5.05505],[174.503,5.05471],[174.445,5.05304],[174.438,5.05295],[174.379,5.05318],[174.372,5.05333],[174.314,5.05546],[174.307,5.05585],[174.249,5.05988],[174.241,5.06051],[174.184,5.06644],[174.176,5.06731],[174.119,5.07512],[174.112,5.07623],[174.054,5.08591],[174.047,5.08726],[173.99,5.09882],[173.983,5.1004],[173.926,5.11382],[173.919,5.11563],[173.863,5.13089],[173.856,5.13294],[173.801,5.15002],[173.794,5.1523],[173.739,5.17119],[173.732,5.17369],[173.687,5.19057],[173.674,5.19559],[173.66,5.20015],[173.645,5.20425],[173.631,5.20788],[173.617,5.21105],[173.602,5.21374],[173.588,5.21596],[173.573,5.2177],[173.559,5.21896],[173.544,5.21974],[173.529,5.22004],[173.514,5.21986],[173.5,5.2192],[173.485,5.21805],[173.474,5.21684],[110.942,-2.28695],[110.94,-2.28716],[110.91,-2.29059],[110.908,-2.29078],[110.764,-2.30565],[110.76,-2.306],[110.699,-2.31135],[110.695,-2.31164],[110.568,-2.32058],[110.565,-2.32081],[110.503,-2.32414],[110.499,-2.32431],[110.372,-2.32909],[110.368,-2.3292],[110.307,-2.33051],[110.303,-2.33056],[110.176,-2.33118],[110.172,-2.33117],[110.11,-2.33046],[110.107,-2.33039],[109.98,-2.32685],[109.976,-2.32672],[109.914,-2.32399],[109.91,-2.32379],[109.784,-2.3161],[109.78,-2.31584],[109.718,-2.3111],[109.715,-2.31078],[109.588,-2.29893],[109.584,-2.29856],[109.523,-2.2918],[109.519,-2.29137],[109.393,-2.27538],[109.389,-2.27489],[109.328,-2.26613],[109.325,-2.26558],[109.189,-2.24387],[109.186,-2.24344],[109.143,-2.23604],[109.141,-2.23559],[109.092,-2.2266],[109.091,-2.22646],[109.079,-2.22411],[109.078,-2.22397],[107.84,-1.98754],[107.825,-1.98502],[107.81,-1.98297],[107.796,-1.9814],[107.781,-1.98031],[107.766,-1.9797],[107.752,-1.97957],[107.737,-1.97993],[107.722,-1.98076],[107.708,-1.98208],[107.693,-1.98388],[107.678,-1.98615],[107.664,-1.9889],[107.65,-1.99212],[107.635,-1.9958],[107.621,-1.99996],[107.607,-2.00457],[107.593,-2.00964],[107.58,-2.01515],[107.566,-2.02112],[107.553,-2.02751],[107.54,-2.03434],[107.527,-2.0416],[107.515,-2.04926],[107.502,-2.05734],[107.496,-2.06153],[107.492,-2.06431],[107.444,-2.09695],[107.438,-2.10099],[107.389,-2.13204],[107.383,-2.13588],[107.333,-2.1653],[107.326,-2.16893],[107.275,-2.19671],[107.269,-2.20012],[107.217,-2.22621],[107.21,-2.22941],[107.157,-2.25379],[107.151,-2.25677],[107.097,-2.27941],[107.09,-2.28217],[107.036,-2.30305],[107.029,-2.30558],[106.974,-2.32467],[106.967,-2.32698],[106.912,-2.34427],[106.905,-2.34634],[106.849,-2.36181],[106.842,-2.36365],[106.785,-2.37728],[106.778,-2.37889],[106.721,-2.39066],[106.714,-2.39203],[106.657,-2.40194],[106.649,-2.40307],[106.592,-2.4111],[106.585,-2.412],[106.527,-2.41813],[106.52,-2.41879],[106.462,-2.42304],[106.454,-2.42346],[106.396,-2.4258],[106.389,-2.42598],[106.331,-2.42643],[106.323,-2.42636],[106.265,-2.42491],[106.258,-2.42461],[106.2,-2.42126],[106.193,-2.42071],[106.135,-2.41546],[106.128,-2.41468],[106.07,-2.40754],[106.063,-2.40652],[106.005,-2.3975],[105.998,-2.39624],[105.941,-2.38534],[105.934,-2.38384],[105.877,-2.37109],[105.87,-2.36936],[105.814,-2.35476],[105.807,-2.35279],[105.751,-2.33636],[105.744,-2.33416],[105.689,-2.31592],[105.682,-2.31349],[105.627,-2.29345],[105.62,-2.2908],[105.567,-2.26898],[105.56,-2.26611],[105.507,-2.24254],[105.5,-2.23945],[105.448,-2.21416],[105.441,-2.21085],[105.39,-2.18386],[105.383,-2.18034],[105.333,-2.15168],[105.326,-2.14795],[105.277,-2.11765],[105.271,-2.11371],[105.222,-2.08182],[105.216,-2.07767],[105.168,-2.04421],[105.163,-2.03987],[105.116,-2.00486],[105.11,-2.00033],[105.065,-1.96383],[105.06,-1.95911],[105.016,-1.92115],[105.01,-1.91625],[104.967,-1.87687],[104.962,-1.87179],[104.921,-1.83104],[104.915,-1.82579],[104.875,-1.7837],[104.87,-1.77829],[104.832,-1.73491],[104.827,-1.72934],[104.79,-1.68472],[104.785,-1.67899],[104.75,-1.63318],[104.745,-1.6273],[104.711,-1.58035],[104.707,-1.57433],[104.674,-1.52629],[104.67,-1.52013],[104.639,-1.47104],[104.635,-1.46476],[104.606,-1.41468],[104.602,-1.40827],[104.574,-1.35726],[104.571,-1.35074],[104.545,-1.29885],[104.542,-1.29221],[104.517,-1.23949],[104.514,-1.23276],[104.492,-1.17927],[104.489,-1.17245],[104.468,-1.11825],[104.465,-1.11133],[104.446,-1.05648],[104.444,-1.04949],[104.427,-0.994035],[104.425,-0.986971],[104.409,-0.930985],[104.407,-0.923857],[104.394,-0.867394],[104.392,-0.86021],[104.38,-0.803331],[104.379,-0.796098],[104.369,-0.738865],[104.368,-0.731591],[104.36,-0.674065],[104.359,-0.666757],[104.353,-0.608999],[104.352,-0.601666],[104.348,-0.543738],[104.348,-0.536387],[104.345,-0.478351],[104.345,-0.470991],[104.345,-0.411956],[104.345,-0.4065],[104.345,-0.378566],[104.345,-0.376791],[104.346,-0.32189],[104.346,-0.320909],[104.346,-0.31753],[104.347,-0.316548],[104.348,-0.259289],[104.348,-0.258307],[104.348,-0.25493],[104.348,-0.253949],[104.348,-0.214055],[104.348,-0.206693],[104.348,-0.200217],[104.348,-0.196534],[104.348,-0.194334],[104.348,-0.180591],[104.348,-0.171197],[104.348,-0.156479],[104.348,-0.149132],[104.347,-0.134436],[104.346,-0.127105],[104.345,-0.112448],[104.344,-0.10514],[104.342,-0.0905379],[104.341,-0.0832608],[104.338,-0.0687283],[104.337,-0.0614899],[104.334,-0.0470435],[104.333,-0.0398514],[104.329,-0.0255054],[104.328,-0.018368],[104.324,-0.00413866],[104.322,0.00293671],[104.318,0.0170349],[104.315,0.0240409],[104.311,0.0379919],[104.308,0.0449205],[104.303,0.0587103],[104.3,0.0655547],[104.295,0.0791679],[104.292,0.0859209],[104.286,0.0993428],[104.283,0.105996],[104.276,0.119213],[104.273,0.125761],[104.266,0.138758],[104.262,0.145192],[104.255,0.157956],[104.251,0.164271],[104.243,0.176787],[104.239,0.182975],[104.231,0.195231],[104.227,0.201286],[104.218,0.213268],[104.214,0.219183],[104.205,0.230879],[104.201,0.236647],[104.191,0.248044],[104.187,0.253659],[104.177,0.264745],[104.172,0.270203],[104.162,0.280965],[104.157,0.286258],[104.146,0.296687],[104.141,0.30181],[104.13,0.311893],[104.125,0.31684],[104.114,0.326566],[104.108,0.331333],[104.097,0.340692],[104.091,0.345273],[104.079,0.354255],[104.074,0.358646],[104.062,0.367241],[104.056,0.371436],[104.043,0.379636],[104.037,0.383631],[104.025,0.391426],[104.018,0.395217],[104.006,0.402599],[103.999,0.406182],[103.986,0.413143],[103.98,0.416513],[103.966,0.423046],[103.96,0.426201],[103.946,0.432299],[103.94,0.435235],[103.926,0.440891],[103.919,0.443604],[103.905,0.448812],[103.899,0.4513],[103.885,0.456055],[103.878,0.458315],[103.864,0.462612],[103.856,0.464642],[103.842,0.468475],[103.835,0.470273],[103.821,0.473638],[103.814,0.475202],[103.799,0.478097],[103.792,0.479425],[103.777,0.481845],[103.77,0.482936],[103.756,0.48488],[103.748,0.485732],[103.734,0.487197],[103.726,0.48781],[103.712,0.488795],[103.704,0.489167],[103.689,0.489671],[103.682,0.489803],[103.667,0.489825],[103.66,0.489716],[103.645,0.489257],[103.638,0.488907],[103.623,0.487966],[103.616,0.487376],[103.601,0.485955],[103.594,0.485126],[103.579,0.483226],[103.572,0.482158],[103.558,0.479781],[103.55,0.478475],[103.536,0.475625],[103.529,0.474083],[103.514,0.470761],[103.507,0.468985],[103.493,0.465195],[103.486,0.463186],[103.472,0.458933],[103.465,0.456694],[103.451,0.451982],[103.444,0.449514],[103.43,0.444348],[103.423,0.441656],[103.41,0.436041],[103.403,0.433126],[103.39,0.427069],[103.383,0.423934],[103.37,0.417442],[103.363,0.414091],[103.35,0.407169],[103.344,0.403606],[103.331,0.396263],[103.325,0.392491],[103.312,0.384734],[103.306,0.380758],[103.294,0.372596],[103.288,0.368419],[103.276,0.35986],[103.27,0.355487],[103.258,0.346541],[103.252,0.341977],[103.241,0.332653],[103.235,0.327903],[103.224,0.318211],[103.219,0.31328],[103.208,0.30323],[103.203,0.298123],[103.192,0.287726],[103.187,0.282449],[103.177,0.271716],[103.172,0.266274],[103.162,0.255218],[103.158,0.249617],[103.148,0.238248],[103.144,0.232494],[103.135,0.220825],[103.13,0.214924],[103.122,0.202967],[103.117,0.196926],[103.109,0.184695],[103.105,0.178519],[103.097,0.166026],[103.094,0.159723],[103.086,0.146982],[103.083,0.140558],[103.076,0.127582],[103.072,0.121044],[103.066,0.107848],[103.063,0.101204],[103.057,0.0877996],[103.054,0.0810559],[103.048,0.0674603],[103.045,0.0606245],[103.04,0.0468507],[103.038,0.0399283],[103.033,0.0259916],[103.031,0.0189929],[103.026,0.00490817],[103.024,-0.00216106],[103.02,-0.016379],[103.019,-0.023511],[103.015,-0.0378467],[103.014,-0.0450337],[103.011,-0.0594719],[103.009,-0.0667063],[103.007,-0.0812312],[103.006,-0.088505],[103.004,-0.103102],[103.003,-0.110407],[103.002,-0.12506],[103.001,-0.132389],[103.0,-0.147082],[103.0,-0.156205],[102.999,-0.167973],[102.999,-0.186039],[102.999,-0.18751],[102.999,-0.187608],[102.999,-0.187682],[102.999,-0.188249],[102.999,-0.188249],[102.999,-0.194491],[102.998,-0.227867],[102.998,-0.228362],[102.998,-0.236594],[102.998,-0.237085],[102.997,-0.284579],[102.997,-0.285076],[102.997,-0.293307],[102.997,-0.293795],[102.996,-0.341294],[102.995,-0.341773],[102.995,-0.350014],[102.995,-0.350501],[102.994,-0.397985],[102.994,-0.398479],[102.994,-0.406708],[102.994,-0.407203],[102.992,-0.454681],[102.992,-0.455171],[102.992,-0.463401],[102.992,-0.463895],[102.99,-0.511362],[102.99,-0.51186],[102.99,-0.520085],[102.99,-0.520574],[102.988,-0.568037],[102.988,-0.56853],[102.987,-0.576756],[102.987,-0.577249],[102.985,-0.624704],[102.985,-0.625189],[102.985,-0.633422],[102.985,-0.633907],[102.982,-0.681349],[102.982,-0.681847],[102.982,-0.690069],[102.982,-0.690557],[102.979,-0.737994],[102.979,-0.738484],[102.979,-0.746707],[102.978,-0.747193],[102.976,-0.794614],[102.976,-0.79511],[102.975,-0.803325],[102.975,-0.803819],[102.972,-0.851223],[102.972,-0.851718],[102.972,-0.859934],[102.971,-0.860422],[102.968,-0.907816],[102.968,-0.908313],[102.968,-0.916524],[102.968,-0.917015],[102.964,-0.964392],[102.964,-0.964885],[102.964,-0.973099],[102.963,-0.973585],[102.96,-1.02095],[102.96,-1.02144],[102.959,-1.02966],[102.959,-1.03014],[102.955,-1.07749],[102.955,-1.07798],[102.955,-1.08619],[102.954,-1.08668],[102.95,-1.13401],[102.95,-1.1345],[102.95,-1.1427],[102.95,-1.14319],[102.945,-1.1905],[102.945,-1.19099],[102.945,-1.1992],[102.945,-1.19968],[102.94,-1.24698],[102.94,-1.24747],[102.939,-1.25567],[102.939,-1.25615],[102.934,-1.30343],[102.934,-1.30391],[102.934,-1.31211],[102.934,-1.3126],[102.929,-1.35985],[102.929,-1.36034],[102.928,-1.36853],[102.928,-1.36902],[102.923,-1.41625],[102.923,-1.41674],[102.922,-1.42493],[102.922,-1.42541],[102.916,-1.47262],[102.916,-1.47311],[102.915,-1.48129],[102.915,-1.48178],[102.91,-1.52897],[102.91,-1.52945],[102.909,-1.53763],[102.909,-1.53812],[102.903,-1.58528],[102.903,-1.58577],[102.902,-1.59395],[102.902,-1.59443],[102.896,-1.64156],[102.896,-1.64206],[102.895,-1.65022],[102.895,-1.65071],[102.889,-1.69782],[102.889,-1.69831],[102.888,-1.70647],[102.887,-1.70696],[102.881,-1.75404],[102.881,-1.75452],[102.88,-1.76269],[102.88,-1.76317],[102.873,-1.81023],[102.873,-1.81071],[102.872,-1.81887],[102.872,-1.81936],[102.865,-1.86638],[102.865,-1.86687],[102.864,-1.87502],[102.864,-1.8755],[102.857,-1.9225],[102.857,-1.92298],[102.856,-1.93113],[102.856,-1.93161],[102.849,-1.97858],[102.848,-1.97906],[102.847,-1.9872],[102.847,-1.98769],[102.84,-2.03462],[102.84,-2.03511],[102.838,-2.04324],[102.838,-2.04373],[102.831,-2.09063],[102.831,-2.09112],[102.829,-2.09924],[102.829,-2.09972],[102.822,-2.14659],[102.821,-2.14708],[102.82,-2.1552],[102.82,-2.15568],[102.812,-2.20252],[102.812,-2.203],[102.811,-2.21112],[102.81,-2.2116],[102.802,-2.2584],[102.802,-2.25888],[102.801,-2.26699],[102.801,-2.26747],[102.792,-2.31424],[102.792,-2.31472],[102.791,-2.32283],[102.791,-2.32331],[102.782,-2.37003],[102.782,-2.37052],[102.781,-2.37861],[102.78,-2.37909],[102.772,-2.42579],[102.772,-2.42626],[102.77,-2.43436],[102.77,-2.43483],[102.761,-2.48149],[102.761,-2.48196],[102.759,-2.49005],[102.759,-2.49053],[102.75,-2.53714],[102.75,-2.53762],[102.748,-2.5457],[102.748,-2.54618],[102.739,-2.59275],[102.739,-2.59323],[102.737,-2.6013],[102.737,-2.60178],[102.727,-2.64831],[102.727,-2.64878],[102.726,-2.65686],[102.726,-2.65733],[102.716,-2.70382],[102.716,-2.7043],[102.714,-2.71235],[102.714,-2.71283],[102.704,-2.75928],[102.704,-2.75975],[102.702,-2.7678],[102.702,-2.76828],[102.692,-2.81467],[102.692,-2.81516],[102.69,-2.8232],[102.69,-2.82367],[102.679,-2.87003],[102.679,-2.8705],[102.677,-2.87854],[102.677,-2.87902],[102.667,-2.92533],[102.666,-2.9258],[102.665,-2.93383],[102.665,-2.93431],[102.654,-2.98056],[102.654,-2.98105],[102.652,-2.98906],[102.652,-2.98953],[102.641,-3.03575],[102.64,-3.03623],[102.639,-3.04424],[102.638,-3.04471],[102.627,-3.09087],[102.627,-3.09135],[102.625,-3.09935],[102.625,-3.09983],[102.614,-3.14594],[102.613,-3.14642],[102.611,-3.15441],[102.611,-3.15488],[102.6,-3.20095],[102.6,-3.20142],[102.598,-3.20941],[102.597,-3.20988],[102.586,-3.25589],[102.586,-3.25637],[102.583,-3.26434],[102.583,-3.26482],[102.571,-3.31078],[102.571,-3.31125],[102.569,-3.31922],[102.569,-3.31969],[102.557,-3.3656],[102.557,-3.36607],[102.555,-3.37403],[102.554,-3.3745],[102.542,-3.42035],[102.542,-3.42083],[102.54,-3.42878],[102.54,-3.42925],[102.527,-3.47505],[102.527,-3.47552],[102.525,-3.48346],[102.524,-3.48393],[102.512,-3.52967],[102.512,-3.53014],[102.509,-3.53807],[102.509,-3.53854],[102.496,-3.58423],[102.496,-3.58471],[102.494,-3.59262],[102.494,-3.59309],[102.48,-3.63873],[102.48,-3.63919],[102.478,-3.6471],[102.478,-3.64757],[102.464,-3.69315],[102.464,-3.69361],[102.462,-3.70151],[102.462,-3.70198],[102.448,-3.74749],[102.448,-3.74797],[102.446,-3.75585],[102.445,-3.75632],[102.432,-3.80177],[102.432,-3.80225],[102.429,-3.81012],[102.429,-3.81059],[102.415,-3.85598],[102.415,-3.85645],[102.412,-3.86431],[102.412,-3.86478],[102.398,-3.91012],[102.398,-3.91058],[102.395,-3.91844],[102.395,-3.91891],[102.381,-3.96417],[102.381,-3.96465],[102.378,-3.97249],[102.378,-3.97295],[102.363,-4.01816],[102.363,-4.01863],[102.361,-4.02646],[102.361,-4.02692],[102.346,-4.07206],[102.346,-4.07253],[102.343,-4.08035],[102.343,-4.08082],[102.328,-4.12589],[102.328,-4.12636],[102.325,-4.13417],[102.325,-4.13464],[102.31,-4.17964],[102.31,-4.18011],[102.307,-4.18791],[102.307,-4.18837],[102.291,-4.23332],[102.291,-4.23378],[102.289,-4.24157],[102.288,-4.24203],[102.273,-4.28691],[102.273,-4.28737],[102.27,-4.29514],[102.27,-4.29561],[102.254,-4.34042],[102.254,-4.34088],[102.251,-4.34865],[102.251,-4.3491],[102.235,-4.39384],[102.235,-4.39431],[102.232,-4.40206],[102.232,-4.40252],[102.216,-4.44719],[102.215,-4.44765],[102.213,-4.45539],[102.213,-4.45585],[102.196,-4.50044],[102.196,-4.50091],[102.193,-4.50863],[102.193,-4.5091],[102.176,-4.55361],[102.176,-4.55408],[102.173,-4.56179],[102.173,-4.56225],[102.156,-4.60671],[102.156,-4.60716],[102.153,-4.61487],[102.153,-4.61532],[102.136,-4.6597],[102.136,-4.66016],[102.133,-4.66785],[102.133,-4.66831],[102.116,-4.71261],[102.116,-4.71307],[102.113,-4.72074],[102.112,-4.7212],[102.095,-4.76543],[102.095,-4.76589],[102.092,-4.77355],[102.092,-4.77401],[102.074,-4.81816],[102.074,-4.81862],[102.071,-4.82627],[102.071,-4.82672],[102.053,-4.8708],[102.053,-4.87125],[102.05,-4.87888],[102.05,-4.87935],[102.032,-4.92334],[102.031,-4.9238],[102.028,-4.93142],[102.028,-4.93187],[102.01,-4.9758],[102.01,-4.97624],[102.007,-4.98386],[102.007,-4.98431],[101.988,-5.02815],[101.988,-5.0286],[101.985,-5.0362],[101.985,-5.03664],[101.966,-5.08041],[101.966,-5.08086],[101.963,-5.08844],[101.963,-5.08889],[101.944,-5.13257],[101.944,-5.13303],[101.94,-5.14059],[101.94,-5.14104],[101.921,-5.18464],[101.921,-5.18509],[101.918,-5.19264],[101.918,-5.19309],[101.899,-5.23661],[101.898,-5.23705],[101.895,-5.24459],[101.895,-5.24505],[101.876,-5.28848],[101.875,-5.28892],[101.872,-5.29645],[101.872,-5.29689],[101.852,-5.34024],[101.852,-5.34069],[101.849,-5.34819],[101.849,-5.34865],[101.829,-5.39191],[101.829,-5.39236],[101.825,-5.39985],[101.825,-5.40029],[101.805,-5.44347],[101.805,-5.44392],[101.802,-5.45139],[101.802,-5.45184],[101.782,-5.49493],[101.781,-5.49537],[101.778,-5.50284],[101.778,-5.50328],[101.757,-5.54628],[101.757,-5.54673],[101.754,-5.55418],[101.754,-5.55462],[101.733,-5.59753],[101.733,-5.59797],[101.729,-5.60541],[101.729,-5.60585],[101.709,-5.64868],[101.708,-5.64911],[101.705,-5.65654],[101.705,-5.65697],[101.684,-5.69971],[101.684,-5.70015],[101.68,-5.70755],[101.68,-5.70799],[101.659,-5.75064],[101.659,-5.75107],[101.655,-5.75846],[101.655,-5.7589],[101.634,-5.80145],[101.633,-5.80189],[101.63,-5.80926],[101.63,-5.8097],[101.608,-5.85216],[101.608,-5.8526],[101.604,-5.85995],[101.604,-5.86039],[101.583,-5.90275],[101.582,-5.90319],[101.579,-5.91053],[101.578,-5.91097],[101.557,-5.95324],[101.557,-5.95367],[101.553,-5.96099],[101.553,-5.96143],[101.531,-6.00361],[101.53,-6.00404],[101.527,-6.01135],[101.526,-6.01178],[101.504,-6.05386],[101.504,-6.05429],[101.5,-6.06158],[101.5,-6.06201],[101.478,-6.104],[101.478,-6.10443],[101.474,-6.1117],[101.474,-6.11213],[101.451,-6.15402],[101.451,-6.15446],[101.447,-6.16171],[101.447,-6.16214],[101.424,-6.20393],[101.424,-6.20436],[101.42,-6.2116],[101.42,-6.21202],[101.397,-6.25372],[101.397,-6.25415],[101.393,-6.26136],[101.393,-6.2618],[101.37,-6.30338],[101.369,-6.30382],[101.365,-6.31102],[101.365,-6.31145],[101.342,-6.35293],[101.342,-6.35336],[101.338,-6.36055],[101.337,-6.36098],[101.314,-6.40236],[101.314,-6.40279],[101.31,-6.40995],[101.31,-6.41038],[101.286,-6.45167],[101.286,-6.4521],[101.282,-6.45924],[101.282,-6.45967],[101.258,-6.50085],[101.258,-6.50127],[101.253,-6.50841],[101.253,-6.50883],[101.229,-6.54991],[101.229,-6.55033],[101.225,-6.55745],[101.225,-6.55787],[101.201,-6.59884],[101.2,-6.59927],[101.196,-6.60637],[101.196,-6.60678],[101.172,-6.64766],[101.172,-6.64807],[101.167,-6.65515],[101.167,-6.65557],[101.143,-6.69634],[101.142,-6.69675],[101.138,-6.70382],[101.138,-6.70424],[101.113,-6.74489],[101.113,-6.74531],[101.109,-6.75236],[101.109,-6.75277],[101.084,-6.79332],[101.084,-6.79374],[101.079,-6.80076],[101.079,-6.80118],[101.054,-6.84161],[101.054,-6.84203],[101.049,-6.84904],[101.049,-6.84945],[101.024,-6.88978],[101.024,-6.8902],[101.019,-6.89718],[101.019,-6.8976],[100.994,-6.93782],[100.994,-6.93824],[100.989,-6.9452],[100.989,-6.94561],[100.964,-6.98572],[100.963,-6.98614],[100.959,-6.99308],[100.959,-6.9935],[100.933,-7.0335],[100.933,-7.03391],[100.928,-7.04083],[100.928,-7.04124],[100.902,-7.08113],[100.902,-7.08154],[100.897,-7.08845],[100.897,-7.08886],[100.871,-7.12864],[100.871,-7.12904],[100.866,-7.13593],[100.866,-7.13634],[100.84,-7.176],[100.84,-7.17641],[100.835,-7.18328],[100.835,-7.18368],[100.809,-7.22323],[100.808,-7.22364],[100.804,-7.23048],[100.803,-7.23089],[100.777,-7.27032],[100.777,-7.27073],[100.772,-7.27755],[100.772,-7.27796],[100.745,-7.31728],[100.745,-7.31768],[100.74,-7.32449],[100.74,-7.32489],[100.713,-7.36409],[100.713,-7.36449],[100.708,-7.37128],[100.708,-7.37168],[100.681,-7.41076],[100.681,-7.41117],[100.676,-7.41793],[100.676,-7.41834],[100.648,-7.4573],[100.648,-7.4577],[100.643,-7.46444],[100.643,-7.46485],[100.616,-7.50369],[100.615,-7.50409],[100.611,-7.51082],[100.61,-7.51121],[100.583,-7.54994],[100.583,-7.55034],[100.578,-7.55704],[100.578,-7.55744],[100.55,-7.59604],[100.55,-7.59644],[100.545,-7.60312],[100.544,-7.60352],[100.517,-7.642],[100.516,-7.6424],[100.511,-7.64906],[100.511,-7.64945],[100.483,-7.68782],[100.483,-7.68821],[100.478,-7.69486],[100.478,-7.69524],[100.45,-7.73349],[100.449,-7.73388],[100.444,-7.7405],[100.444,-7.74089],[100.416,-7.77901],[100.415,-7.7794],[100.41,-7.786],[100.41,-7.78639],[100.382,-7.82438],[100.381,-7.82477],[100.376,-7.83135],[100.376,-7.83174],[100.347,-7.8696],[100.347,-7.87],[100.342,-7.87655],[100.342,-7.87694],[100.313,-7.91468],[100.313,-7.91507],[100.308,-7.92159],[100.307,-7.92199],[100.278,-7.9596],[100.278,-7.95999],[100.273,-7.9665],[100.273,-7.96689],[100.244,-8.00437],[100.243,-8.00476],[100.238,-8.01124],[100.238,-8.01163],[100.209,-8.04899],[100.208,-8.04938],[100.203,-8.05584],[100.203,-8.05623],[100.173,-8.09346],[100.173,-8.09384],[100.168,-8.10028],[100.168,-8.10067],[100.138,-8.13777],[100.138,-8.13815],[100.132,-8.14457],[100.132,-8.14496],[100.102,-8.18193],[100.102,-8.18231],[100.097,-8.1887],[100.096,-8.18909],[100.066,-8.22593],[100.066,-8.22631],[100.061,-8.23268],[100.061,-8.23307],[100.03,-8.26977],[100.03,-8.27015],[100.025,-8.2765],[100.025,-8.27688],[99.9943,-8.31346],[99.994,-8.31384],[99.9887,-8.32017],[99.9884,-8.32054],[99.9579,-8.35699],[99.9576,-8.35737],[99.9523,-8.36367],[99.952,-8.36405],[99.9214,-8.40036],[99.9211,-8.40073],[99.9157,-8.40702],[99.9154,-8.4074],[99.8846,-8.44357],[99.8843,-8.44394],[99.879,-8.4502],[99.8786,-8.45058],[99.8477,-8.48662],[99.8474,-8.48699],[99.842,-8.49323],[99.8417,-8.4936],[99.8106,-8.52951],[99.8102,-8.52988],[99.8048,-8.53609],[99.8045,-8.53646],[99.7733,-8.57223],[99.7729,-8.5726],[99.7675,-8.57879],[99.7672,-8.57916],[99.7358,-8.61479],[99.7354,-8.61517],[99.73,-8.62133],[99.7297,-8.62169],[99.6981,-8.65719],[99.6978,-8.65756],[99.6923,-8.6637],[99.6919,-8.66407],[99.6602,-8.69943],[99.6599,-8.69979],[99.6544,-8.70591],[99.654,-8.70627],[99.6222,-8.7415],[99.6218,-8.74186],[99.6163,-8.74795],[99.616,-8.74831],[99.5839,-8.78339],[99.5836,-8.78376],[99.578,-8.78983],[99.5777,-8.79019],[99.5455,-8.82513],[99.5452,-8.82549],[99.5396,-8.83153],[99.5393,-8.8319],[99.5069,-8.86669],[99.5066,-8.86705],[99.501,-8.87308],[99.5006,-8.87343],[99.4681,-8.90809],[99.4678,-8.90845],[99.4622,-8.91445],[99.4618,-8.9148],[99.4292,-8.94931],[99.4288,-8.94968],[99.4232,-8.95565],[99.4228,-8.956],[99.39,-8.99038],[99.3897,-8.99073],[99.384,-8.99668],[99.3837,-8.99703],[99.3507,-9.03127],[99.3504,-9.03161],[99.3447,-9.03754],[99.3443,-9.03789],[99.3112,-9.07198],[99.3109,-9.07233],[99.3051,-9.07822],[99.3048,-9.07858],[99.2716,-9.11252],[99.2712,-9.11287],[99.2654,-9.11874],[99.2651,-9.11909],[99.2317,-9.15289],[99.2314,-9.15323],[99.2256,-9.15908],[99.2252,-9.15943],[99.1917,-9.19308],[99.1913,-9.19343],[99.1855,-9.19925],[99.1852,-9.1996],[99.1515,-9.2331],[99.1511,-9.23344],[99.1453,-9.23924],[99.1449,-9.23959],[99.1111,-9.27294],[99.1108,-9.27329],[99.1049,-9.27906],[99.1045,-9.2794],[99.0706,-9.31261],[99.0702,-9.31295],[99.0643,-9.31869],[99.064,-9.31904],[99.0298,-9.3521],[99.0295,-9.35244],[99.0236,-9.35816],[99.0232,-9.3585],[98.989,-9.39141],[98.9886,-9.39175],[98.9826,-9.39744],[98.9823,-9.39778],[98.9479,-9.43054],[98.9475,-9.43088],[98.9416,-9.43655],[98.9412,-9.43688],[98.9067,-9.46949],[98.9063,-9.46983],[98.9003,-9.47547],[98.8999,-9.4758],[98.8652,-9.50827],[98.8649,-9.5086],[98.8589,-9.51421],[98.8585,-9.51455],[98.8237,-9.54686],[98.8233,-9.54719],[98.8173,-9.55278],[98.8169,-9.55311],[98.7819,-9.58527],[98.7816,-9.5856],[98.7755,-9.59116],[98.7751,-9.59149],[98.74,-9.62349],[98.7397,-9.62382],[98.7336,-9.62936],[98.7332,-9.62969],[98.698,-9.66153],[98.6976,-9.66187],[98.6915,-9.66737],[98.6911,-9.6677],[98.6557,-9.6994],[98.6554,-9.69972],[98.6492,-9.7052],[98.6488,-9.70553],[98.6133,-9.73707],[98.6129,-9.7374],[98.6068,-9.74285],[98.6064,-9.74318],[98.5707,-9.77456],[98.5704,-9.77489],[98.5642,-9.78032],[98.5638,-9.78064],[98.528,-9.81187],[98.5276,-9.81219],[98.5214,-9.81759],[98.5211,-9.81791],[98.4851,-9.84898],[98.4847,-9.8493],[98.4785,-9.85468],[98.4781,-9.855],[98.4421,-9.88591],[98.4417,-9.88623],[98.4354,-9.89158],[98.4351,-9.8919],[98.3988,-9.92266],[98.3985,-9.92297],[98.3922,-9.92829],[98.3918,-9.9286],[98.3555,-9.95921],[98.3551,-9.95952],[98.3488,-9.96481],[98.3484,-9.96513],[98.3119,-9.99556],[98.3116,-9.99589],[98.3052,-10.0011],[98.3049,-10.0015],[98.2682,-10.0317],[98.2679,-10.0321],[98.2615,-10.0373],[98.2611,-10.0376],[98.2244,-10.0677],[98.224,-10.068],[98.2176,-10.0732],[98.2173,-10.0736],[98.1804,-10.1035],[98.18,-10.1038],[98.1736,-10.109],[98.1732,-10.1093],[98.1362,-10.1391],[98.1358,-10.1394],[98.1294,-10.1446],[98.129,-10.1449],[98.0919,-10.1745],[98.0915,-10.1748],[98.0851,-10.1799],[98.0847,-10.1803],[98.0474,-10.2097],[98.0471,-10.21],[98.0406,-10.2151],[98.0402,-10.2154],[98.0028,-10.2447],[98.0024,-10.245],[97.9959,-10.2501],[97.9955,-10.2504],[97.958,-10.2796],[97.9577,-10.2799],[97.9511,-10.2849],[97.9507,-10.2852],[97.9131,-10.3142],[97.9127,-10.3145],[97.9062,-10.3195],[97.9058,-10.3198],[97.868,-10.3486],[97.8676,-10.3489],[97.8611,-10.3539],[97.8607,-10.3542],[97.8228,-10.3828],[97.8224,-10.3831],[97.8158,-10.3881],[97.8154,-10.3884],[97.7774,-10.4169],[97.777,-10.4172],[97.7704,-10.4221],[97.77,-10.4224],[97.7319,-10.4507],[97.7315,-10.451],[97.7249,-10.4559],[97.7245,-10.4562],[97.6862,-10.4844],[97.6858,-10.4846],[97.6792,-10.4895],[97.6788,-10.4898],[97.6404,-10.5178],[97.64,-10.5181],[97.6333,-10.5229],[97.6329,-10.5232],[97.5944,-10.551],[97.594,-10.5513],[97.5874,-10.5561],[97.587,-10.5564],[97.5483,-10.5841],[97.5479,-10.5844],[97.5412,-10.5891],[97.5408,-10.5894],[97.5021,-10.6169],[97.5017,-10.6172],[97.4949,-10.6219],[97.4945,-10.6222],[97.4557,-10.6495],[97.4553,-10.6498],[97.4485,-10.6545],[97.4481,-10.6548],[97.4091,-10.682],[97.4087,-10.6822],[97.402,-10.6869],[97.4016,-10.6872],[97.3625,-10.7142],[97.3621,-10.7145],[97.3553,-10.7191],[97.3549,-10.7194],[97.3156,-10.7462],[97.3152,-10.7465],[97.3084,-10.7511],[97.308,-10.7514],[97.2687,-10.778],[97.2683,-10.7783],[97.2614,-10.7829],[97.261,-10.7832],[97.2216,-10.8096],[97.2212,-10.8099],[97.2143,-10.8145],[97.2139,-10.8148],[97.1744,-10.8411],[97.1739,-10.8413],[97.1671,-10.8459],[97.1667,-10.8461],[97.127,-10.8723],[97.1266,-10.8725],[97.1197,-10.877],[97.1193,-10.8773],[97.0795,-10.9032],[97.0791,-10.9035],[97.0722,-10.908],[97.0717,-10.9083],[97.0318,-10.934],[97.0314,-10.9343],[97.0245,-10.9388],[97.0241,-10.939],[96.9841,-10.9646],[96.9836,-10.9649],[96.9767,-10.9693],[96.9763,-10.9696],[96.9361,-10.995],[96.9357,-10.9952],[96.9288,-10.9996],[96.9283,-10.9999],[96.8881,-11.0251],[96.8877,-11.0254],[96.8807,-11.0298],[96.8803,-11.03],[96.8399,-11.0551],[96.8395,-11.0554],[96.8325,-11.0597],[96.8321,-11.0599],[96.7916,-11.0848],[96.7912,-11.0851],[96.7842,-11.0894],[96.7838,-11.0896],[96.7432,-11.1144],[96.7428,-11.1146],[96.7357,-11.1189],[96.7353,-11.1191],[96.6946,-11.1437],[96.6942,-11.1439],[96.6872,-11.1482],[96.6867,-11.1484],[96.646,-11.1728],[96.6455,-11.173],[96.6385,-11.1772],[96.638,-11.1775],[96.5971,-11.2017],[96.5967,-11.2019],[96.5896,-11.2061],[96.5892,-11.2063],[96.5482,-11.2304],[96.5478,-11.2306],[96.5407,-11.2347],[96.5402,-11.235],[96.4991,-11.2588],[96.4987,-11.2591],[96.4916,-11.2632],[96.4912,-11.2634],[96.45,-11.2871],[96.4495,-11.2873],[96.4424,-11.2914],[96.4419,-11.2916],[96.4006,-11.3151],[96.4002,-11.3153],[96.393,-11.3194],[96.3926,-11.3196],[96.3512,-11.3429],[96.3508,-11.3432],[96.3436,-11.3472],[96.3432,-11.3474],[96.3017,-11.3705],[96.3012,-11.3708],[96.294,-11.3748],[96.2936,-11.375],[96.252,-11.3979],[96.2515,-11.3982],[96.2443,-11.4021],[96.2439,-11.4023],[96.2022,-11.4251],[96.2018,-11.4253],[96.1945,-11.4292],[96.1941,-11.4295],[96.1523,-11.452],[96.1518,-11.4523],[96.1446,-11.4562],[96.1442,-11.4564],[96.1023,-11.4788],[96.1018,-11.479],[96.0945,-11.4829],[96.0941,-11.4831],[96.0521,-11.5053],[96.0517,-11.5055],[96.0444,-11.5094],[96.044,-11.5096],[96.0019,-11.5316],[96.0014,-11.5318],[95.9941,-11.5356],[95.9937,-11.5358],[95.9515,-11.5577],[95.951,-11.5579],[95.9437,-11.5617],[95.9433,-11.5619],[95.901,-11.5835],[95.9006,-11.5837],[95.8932,-11.5875],[95.8928,-11.5877],[95.8504,-11.6092],[95.85,-11.6094],[95.8426,-11.6131],[95.8422,-11.6133],[95.7997,-11.6346],[95.7992,-11.6348],[95.7919,-11.6385],[95.7914,-11.6387],[95.7489,-11.6598],[95.7484,-11.66],[95.741,-11.6636],[95.7406,-11.6638],[95.6979,-11.6847],[95.6975,-11.685],[95.6901,-11.6886],[95.6896,-11.6888],[95.6469,-11.7095],[95.6465,-11.7097],[95.639,-11.7133],[95.6386,-11.7135],[95.5957,-11.734],[95.5953,-11.7342],[95.5879,-11.7378],[95.5874,-11.738],[95.5445,-11.7583],[95.5441,-11.7585],[95.5366,-11.762],[95.5362,-11.7623],[95.4931,-11.7824],[95.4927,-11.7826],[95.4852,-11.7861],[95.4848,-11.7863],[95.4417,-11.8063],[95.4412,-11.8065],[95.4337,-11.8099],[95.4333,-11.8101],[95.3901,-11.8299],[95.3897,-11.8301],[95.3822,-11.8335],[95.3817,-11.8337],[95.3384,-11.8533],[95.338,-11.8535],[95.3305,-11.8569],[95.33,-11.8571],[95.2867,-11.8765],[95.2862,-11.8767],[95.2787,-11.88],[95.2782,-11.8802],[95.2348,-11.8994],[95.2344,-11.8996],[95.2268,-11.903],[95.2264,-11.9031],[95.1828,-11.9222],[95.1824,-11.9224],[95.1748,-11.9256],[95.1744,-11.9258],[95.1308,-11.9447],[95.1303,-11.9449],[95.1227,-11.9481],[95.1223,-11.9483],[95.0786,-11.9669],[95.0781,-11.9671],[95.0706,-11.9703],[95.0701,-11.9705],[95.0263,-11.989],[95.0259,-11.9892],[95.0183,-11.9924],[95.0178,-11.9925],[94.974,-12.0108],[94.9735,-12.011],[94.9659,-12.0141],[94.9654,-12.0143],[94.9215,-12.0324],[94.9211,-12.0326],[94.9134,-12.0357],[94.913,-12.0359],[94.869,-12.0538],[94.8685,-12.0539],[94.8609,-12.057],[94.8604,-12.0572],[94.8163,-12.0749],[94.8159,-12.0751],[94.8082,-12.0781],[94.8078,-12.0783],[94.7636,-12.0958],[94.7631,-12.096],[94.7555,-12.099],[94.755,-12.0992],[94.7108,-12.1165],[94.7103,-12.1166],[94.7026,-12.1196],[94.7022,-12.1198],[94.6579,-12.1369],[94.6574,-12.1371],[94.6497,-12.14],[94.6492,-12.1402],[94.6049,-12.1571],[94.6044,-12.1573],[94.5967,-12.1602],[94.5962,-12.1604],[94.5518,-12.1771],[94.5513,-12.1772],[94.5436,-12.1801],[94.5431,-12.1803],[94.4986,-12.1968],[94.4981,-12.197],[94.4904,-12.1998],[94.4899,-12.2],[94.4453,-12.2163],[94.4449,-12.2165],[94.4371,-12.2193],[94.4367,-12.2195],[94.392,-12.2356],[94.3915,-12.2358],[94.3838,-12.2386],[94.3833,-12.2387],[94.3386,-12.2547],[94.3381,-12.2548],[94.3303,-12.2576],[94.3299,-12.2577],[94.285,-12.2735],[94.2846,-12.2736],[94.2768,-12.2763],[94.2763,-12.2765],[94.2314,-12.2921],[94.231,-12.2922],[94.2232,-12.2949],[94.2227,-12.2951],[94.1778,-12.3104],[94.1773,-12.3106],[94.1695,-12.3132],[94.169,-12.3134],[94.124,-12.3285],[94.1236,-12.3287],[94.1157,-12.3313],[94.1153,-12.3314],[94.0702,-12.3464],[94.0697,-12.3465],[94.0619,-12.3491],[94.0614,-12.3493],[94.0163,-12.364],[94.0158,-12.3642],[94.008,-12.3667],[94.0075,-12.3669],[93.9623,-12.3814],[93.9618,-12.3816],[93.954,-12.3841],[93.9535,-12.3842],[93.9082,-12.3986],[93.9078,-12.3988],[93.8999,-12.4012],[93.8994,-12.4014],[93.8541,-12.4155],[93.8536,-12.4157],[93.8458,-12.4181],[93.8453,-12.4183],[93.7999,-12.4322],[93.7994,-12.4324],[93.7915,-12.4348],[93.7911,-12.4349],[93.7456,-12.4487],[93.7451,-12.4488],[93.7372,-12.4512],[93.7368,-12.4514],[93.6913,-12.4649],[93.6908,-12.4651],[93.6829,-12.4674],[93.6824,-12.4675],[93.6368,-12.4809],[93.6364,-12.4811],[93.6284,-12.4834],[93.628,-12.4835],[93.5823,-12.4967],[93.5819,-12.4968],[93.5739,-12.4991],[93.5735,-12.4992],[93.5278,-12.5122],[93.5273,-12.5123],[93.5194,-12.5145],[93.5189,-12.5147],[93.4731,-12.5275],[93.4727,-12.5276],[93.4647,-12.5298],[93.4643,-12.5299],[93.4184,-12.5425],[93.418,-12.5426],[93.41,-12.5448],[93.4096,-12.5449],[93.3637,-12.5573],[93.3632,-12.5574],[93.3553,-12.5595],[93.3548,-12.5597],[93.3089,-12.5718],[93.3084,-12.572],[93.3004,-12.5741],[93.2999,-12.5742],[93.254,-12.5862],[93.2535,-12.5863],[93.2455,-12.5883],[93.245,-12.5885],[93.199,-12.6002],[93.1986,-12.6004],[93.1906,-12.6024],[93.1901,-12.6025],[93.144,-12.6141],[93.1435,-12.6142],[93.1356,-12.6162],[93.1351,-12.6163],[93.089,-12.6277],[93.0885,-12.6278],[93.0805,-12.6297],[93.08,-12.6299],[93.0338,-12.641],[93.0333,-12.6411],[93.0253,-12.6431],[93.0249,-12.6432],[92.9786,-12.6541],[92.9782,-12.6543],[92.9701,-12.6561],[92.9697,-12.6563],[92.9234,-12.667],[92.9229,-12.6671],[92.9149,-12.669],[92.9144,-12.6691],[92.8681,-12.6797],[92.8676,-12.6798],[92.8596,-12.6816],[92.8591,-12.6817],[92.8127,-12.6921],[92.8123,-12.6922],[92.8042,-12.6939],[92.8037,-12.694],[92.7573,-12.7042],[92.7569,-12.7043],[92.7488,-12.7061],[92.7483,-12.7062],[92.7019,-12.7161],[92.7014,-12.7162],[92.6933,-12.7179],[92.6929,-12.718],[92.6464,-12.7278],[92.6459,-12.7279],[92.6378,-12.7296],[92.6374,-12.7297],[92.5908,-12.7392],[92.5903,-12.7393],[92.5823,-12.7409],[92.5818,-12.741],[92.5352,-12.7504],[92.5347,-12.7505],[92.5266,-12.7521],[92.5262,-12.7522],[92.4795,-12.7613],[92.4791,-12.7614],[92.471,-12.763],[92.4705,-12.7631],[92.4238,-12.772],[92.4234,-12.7721],[92.4153,-12.7737],[92.4148,-12.7737],[92.3681,-12.7825],[92.3676,-12.7826],[92.3595,-12.7841],[92.359,-12.7842],[92.3123,-12.7927],[92.3118,-12.7928],[92.3037,-12.7942],[92.3032,-12.7943],[92.2565,-12.8027],[92.256,-12.8027],[92.2479,-12.8042],[92.2474,-12.8043],[92.2006,-12.8124],[92.2001,-12.8125],[92.192,-12.8139],[92.1915,-12.8139],[92.1446,-12.8219],[92.1442,-12.8219],[92.136,-12.8233],[92.1356,-12.8234],[92.0887,-12.8311],[92.0882,-12.8312],[92.0801,-12.8325],[92.0796,-12.8326],[92.0327,-12.8401],[92.0322,-12.8402],[92.0241,-12.8415],[92.0236,-12.8415],[91.9766,-12.8488],[91.9761,-12.8489],[91.968,-12.8502],[91.9675,-12.8502],[91.9205,-12.8573],[91.9201,-12.8574],[91.9119,-12.8586],[91.9114,-12.8587],[91.8644,-12.8656],[91.8639,-12.8657],[91.8558,-12.8668],[91.8553,-12.8669],[91.8083,-12.8736],[91.8078,-12.8737],[91.7996,-12.8748],[91.7991,-12.8749],[91.7521,-12.8814],[91.7516,-12.8814],[91.7434,-12.8826],[91.7429,-12.8826],[91.6959,-12.8889],[91.6954,-12.889],[91.6872,-12.89],[91.6867,-12.8901],[91.6396,-12.8962],[91.6391,-12.8962],[91.6309,-12.8973],[91.6305,-12.8973],[91.5833,-12.9032],[91.5828,-12.9033],[91.5747,-12.9043],[91.5742,-12.9043],[91.527,-12.91],[91.5265,-12.9101],[91.5183,-12.911],[91.5178,-12.9111],[91.4707,-12.9165],[91.4702,-12.9166],[91.462,-12.9175],[91.4615,-12.9176],[91.4143,-12.9228],[91.4138,-12.9229],[91.4056,-12.9238],[91.4051,-12.9238],[91.3579,-12.9289],[91.3574,-12.9289],[91.3492,-12.9298],[91.3487,-12.9298],[91.3015,-12.9347],[91.301,-12.9347],[91.2928,-12.9356],[91.2923,-12.9356],[91.245,-12.9402],[91.2445,-12.9403],[91.2363,-12.9411],[91.2358,-12.9411],[91.1885,-12.9455],[91.188,-12.9456],[91.1798,-12.9463],[91.1794,-12.9464],[91.132,-12.9506],[91.1316,-12.9507],[91.1233,-12.9514],[91.1229,-12.9514],[91.0755,-12.9554],[91.075,-12.9555],[91.0668,-12.9561],[91.0663,-12.9562],[91.019,-12.96],[91.0185,-12.96],[91.0103,-12.9607],[91.0098,-12.9607],[90.9624,-12.9643],[90.9619,-12.9644],[90.9537,-12.965],[90.9532,-12.965],[90.9058,-12.9684],[90.9054,-12.9684],[90.8971,-12.969],[90.8967,-12.969],[90.8493,-12.9722],[90.8488,-12.9723],[90.8405,-12.9728],[90.8401,-12.9728],[90.7926,-12.9758],[90.7922,-12.9758],[90.7839,-12.9763],[90.7834,-12.9764],[90.736,-12.9791],[90.7355,-12.9792],[90.7273,-12.9796],[90.7268,-12.9797],[90.6794,-12.9822],[90.6789,-12.9823],[90.6707,-12.9827],[90.6702,-12.9827],[90.6227,-12.9851],[90.6222,-12.9851],[90.614,-12.9855],[90.6135,-12.9855],[90.5661,-12.9877],[90.5656,-12.9877],[90.5573,-12.988],[90.5569,-12.9881],[90.5094,-12.99],[90.5089,-12.99],[90.5007,-12.9903],[90.5002,-12.9904],[90.4527,-12.9921],[90.4522,-12.9921],[90.444,-12.9924],[90.4435,-12.9924],[90.396,-12.994],[90.3955,-12.994],[90.3873,-12.9942],[90.3868,-12.9942],[90.3393,-12.9956],[90.3388,-12.9956],[90.3306,-12.9958],[90.3301,-12.9958],[90.2826,-12.9969],[90.2821,-12.9969],[90.2739,-12.9971],[90.2734,-12.9971],[90.2259,-12.998],[90.2254,-12.998],[90.2172,-12.9982],[90.2167,-12.9982],[90.1692,-12.9989],[90.1687,-12.9989],[90.1605,-12.999],[90.16,-12.999],[90.1125,-12.9995],[90.112,-12.9995],[90.1037,-12.9996],[90.1032,-12.9996],[90.0557,-12.9999],[90.0552,-12.9999],[90.047,-12.9999],[90.0465,-12.9999],[89.999,-13.0],[89.9985,-13.0],[89.9903,-13.0],[89.9898,-13.0],[89.9423,-12.9999],[89.9418,-12.9999],[89.9336,-12.9998],[89.9331,-12.9998],[89.8856,-12.9995],[89.8851,-12.9995],[89.8768,-12.9994],[89.8764,-12.9994],[89.8289,-12.9989],[89.8284,-12.9989],[89.8201,-12.9987],[89.8196,-12.9987],[89.7721,-12.998],[89.7716,-12.998],[89.7634,-12.9978],[89.7629,-12.9978],[89.7154,-12.9969],[89.7149,-12.9969],[89.7067,-12.9967],[89.7062,-12.9967],[89.6587,-12.9955],[89.6582,-12.9955],[89.65,-12.9953],[89.6495,-12.9953],[89.602,-12.9939],[89.6015,-12.9939],[89.5933,-12.9936],[89.5928,-12.9936],[89.5453,-12.992],[89.5448,-12.992],[89.5366,-12.9917],[89.5361,-12.9917],[89.4886,-12.9899],[89.4881,-12.9899],[89.4799,-12.9896],[89.4794,-12.9896],[89.432,-12.9876],[89.4315,-12.9876],[89.4232,-12.9872],[89.4228,-12.9872],[89.3753,-12.985],[89.3748,-12.9849],[89.3666,-12.9846],[89.3661,-12.9845],[89.3187,-12.9821],[89.3182,-12.9821],[89.3099,-12.9817],[89.3094,-12.9816],[89.262,-12.979],[89.2615,-12.979],[89.2533,-12.9785],[89.2528,-12.9785],[89.2054,-12.9757],[89.2049,-12.9757],[89.1967,-12.9751],[89.1962,-12.9751],[89.1488,-12.9721],[89.1483,-12.9721],[89.1401,-12.9715],[89.1396,-12.9715],[89.0922,-12.9683],[89.0917,-12.9682],[89.0835,-12.9676],[89.083,-12.9676],[89.0356,-12.9642],[89.0351,-12.9641],[89.0269,-12.9635],[89.0264,-12.9635],[88.979,-12.9598],[88.9786,-12.9598],[88.9703,-12.9592],[88.9699,-12.9591],[88.9225,-12.9553],[88.922,-12.9552],[88.9138,-12.9545],[88.9133,-12.9545],[88.866,-12.9504],[88.8655,-12.9504],[88.8573,-12.9497],[88.8568,-12.9496],[88.8095,-12.9454],[88.809,-12.9453],[88.8008,-12.9446],[88.8003,-12.9445],[88.753,-12.94],[88.7525,-12.94],[88.7443,-12.9392],[88.7439,-12.9392],[88.6966,-12.9345],[88.6961,-12.9344],[88.6879,-12.9336],[88.6874,-12.9336],[88.6402,-12.9287],[88.6397,-12.9286],[88.6315,-12.9278],[88.631,-12.9277],[88.5837,-12.9226],[88.5833,-12.9226],[88.5751,-12.9217],[88.5746,-12.9216],[88.5274,-12.9163],[88.5269,-12.9163],[88.5187,-12.9153],[88.5182,-12.9153],[88.471,-12.9098],[88.4705,-12.9097],[88.4624,-12.9087],[88.4619,-12.9087],[88.4147,-12.903],[88.4142,-12.9029],[88.4061,-12.9019],[88.4056,-12.9018],[88.3584,-12.8959],[88.3579,-12.8959],[88.3498,-12.8948],[88.3493,-12.8948],[88.3022,-12.8886],[88.3017,-12.8886],[88.2935,-12.8875],[88.293,-12.8874],[88.246,-12.8811],[88.2455,-12.881],[88.2373,-12.8799],[88.2368,-12.8799],[88.1898,-12.8733],[88.1893,-12.8733],[88.1811,-12.8721],[88.1806,-12.8721],[88.1336,-12.8653],[88.1331,-12.8652],[88.125,-12.8641],[88.1245,-12.864],[88.0775,-12.8571],[88.077,-12.857],[88.0689,-12.8558],[88.0684,-12.8557],[88.0214,-12.8485],[88.0209,-12.8485],[88.0128,-12.8472],[88.0123,-12.8471],[87.9654,-12.8398],[87.9649,-12.8397],[87.9568,-12.8384],[87.9563,-12.8383],[87.9094,-12.8308],[87.9089,-12.8307],[87.9008,-12.8294],[87.9003,-12.8293],[87.8534,-12.8215],[87.8529,-12.8215],[87.8448,-12.8201],[87.8443,-12.82],[87.7975,-12.8121],[87.797,-12.812],[87.7889,-12.8106],[87.7884,-12.8105],[87.7416,-12.8023],[87.7411,-12.8022],[87.733,-12.8008],[87.7325,-12.8007],[87.6858,-12.7923],[87.6853,-12.7923],[87.6772,-12.7908],[87.6767,-12.7907],[87.63,-12.7821],[87.6295,-12.782],[87.6214,-12.7805],[87.6209,-12.7804],[87.5742,-12.7717],[87.5737,-12.7716],[87.5656,-12.77],[87.5652,-12.7699],[87.5185,-12.761],[87.518,-12.7609],[87.5099,-12.7593],[87.5095,-12.7592],[87.4629,-12.75],[87.4624,-12.7499],[87.4543,-12.7483],[87.4538,-12.7482],[87.4072,-12.7388],[87.4068,-12.7387],[87.3987,-12.7371],[87.3982,-12.737],[87.3517,-12.7274],[87.3512,-12.7273],[87.3431,-12.7256],[87.3427,-12.7255],[87.2962,-12.7157],[87.2957,-12.7156],[87.2876,-12.7139],[87.2872,-12.7138],[87.2407,-12.7038],[87.2402,-12.7037],[87.2322,-12.7019],[87.2317,-12.7018],[87.1853,-12.6916],[87.1848,-12.6915],[87.1768,-12.6897],[87.1763,-12.6896],[87.13,-12.6792],[87.1295,-12.6791],[87.1215,-12.6773],[87.121,-12.6772],[87.0747,-12.6666],[87.0742,-12.6665],[87.0662,-12.6646],[87.0657,-12.6645],[87.0194,-12.6537],[87.019,-12.6536],[87.0109,-12.6517],[87.0105,-12.6516],[86.9643,-12.6406],[86.9638,-12.6405],[86.9558,-12.6385],[86.9553,-12.6384],[86.9091,-12.6272],[86.9086,-12.6271],[86.9007,-12.6251],[86.9002,-12.625],[86.8541,-12.6136],[86.8536,-12.6135],[86.8456,-12.6115],[86.8451,-12.6114],[86.799,-12.5997],[86.7986,-12.5996],[86.7906,-12.5976],[86.7901,-12.5975],[86.7441,-12.5857],[86.7436,-12.5855],[86.7357,-12.5835],[86.7352,-12.5833],[86.6892,-12.5713],[86.6887,-12.5712],[86.6808,-12.5691],[86.6803,-12.569],[86.6344,-12.5568],[86.6339,-12.5566],[86.626,-12.5545],[86.6255,-12.5544],[86.5796,-12.542],[86.5792,-12.5418],[86.5712,-12.5397],[86.5708,-12.5395],[86.525,-12.5269],[86.5245,-12.5268],[86.5165,-12.5246],[86.5161,-12.5245],[86.4703,-12.5116],[86.4699,-12.5115],[86.4619,-12.5093],[86.4615,-12.5091],[86.4158,-12.4961],[86.4153,-12.496],[86.4074,-12.4937],[86.4069,-12.4936],[86.3613,-12.4804],[86.3608,-12.4802],[86.3529,-12.4779],[86.3524,-12.4778],[86.3069,-12.4644],[86.3064,-12.4642],[86.2985,-12.4619],[86.298,-12.4617],[86.2525,-12.4481],[86.252,-12.448],[86.2441,-12.4456],[86.2437,-12.4455],[86.1982,-12.4317],[86.1978,-12.4315],[86.1899,-12.4291],[86.1894,-12.429],[86.144,-12.415],[86.1435,-12.4148],[86.1357,-12.4124],[86.1352,-12.4122],[86.0899,-12.398],[86.0894,-12.3979],[86.0816,-12.3954],[86.0811,-12.3952],[86.0358,-12.3808],[86.0354,-12.3807],[86.0275,-12.3782],[86.027,-12.378],[85.9818,-12.3634],[85.9814,-12.3633],[85.9735,-12.3607],[85.9731,-12.3606],[85.9279,-12.3458],[85.9275,-12.3456],[85.9196,-12.343],[85.9192,-12.3429],[85.8741,-12.3279],[85.8736,-12.3277],[85.8658,-12.3251],[85.8654,-12.325],[85.8204,-12.3098],[85.8199,-12.3096],[85.8121,-12.307],[85.8116,-12.3068],[85.7667,-12.2914],[85.7662,-12.2913],[85.7584,-12.2886],[85.758,-12.2884],[85.7131,-12.2728],[85.7126,-12.2727],[85.7049,-12.2699],[85.7044,-12.2698],[85.6596,-12.254],[85.6591,-12.2538],[85.6514,-12.2511],[85.6509,-12.2509],[85.6062,-12.2349],[85.6057,-12.2348],[85.5979,-12.232],[85.5975,-12.2318],[85.5528,-12.2157],[85.5524,-12.2155],[85.5446,-12.2127],[85.5442,-12.2125],[85.4996,-12.1961],[85.4991,-12.196],[85.4914,-12.1931],[85.4909,-12.1929],[85.4464,-12.1764],[85.4459,-12.1762],[85.4382,-12.1733],[85.4377,-12.1732],[85.3933,-12.1564],[85.3928,-12.1562],[85.3851,-12.1533],[85.3847,-12.1531],[85.3403,-12.1362],[85.3398,-12.136],[85.3322,-12.1331],[85.3317,-12.1329],[85.2874,-12.1157],[85.2869,-12.1156],[85.2793,-12.1126],[85.2788,-12.1124],[85.2346,-12.0951],[85.2341,-12.0949],[85.2264,-12.0919],[85.226,-12.0917],[85.1818,-12.0741],[85.1814,-12.074],[85.1737,-12.0709],[85.1733,-12.0707],[85.1292,-12.053],[85.1287,-12.0528],[85.1211,-12.0497],[85.1207,-12.0496],[85.0767,-12.0316],[85.0762,-12.0315],[85.0686,-12.0283],[85.0681,-12.0282],[85.0242,-12.01],[85.0238,-12.0099],[85.0161,-12.0067],[85.0157,-12.0065],[84.9718,-11.9882],[84.9714,-11.988],[84.9638,-11.9848],[84.9634,-11.9847],[84.9196,-11.9662],[84.9191,-11.966],[84.9116,-11.9628],[84.9111,-11.9626],[84.8674,-11.9439],[84.867,-11.9437],[84.8594,-11.9404],[84.859,-11.9402],[84.8154,-11.9214],[84.8149,-11.9212],[84.8074,-11.9179],[84.8069,-11.9177],[84.7634,-11.8986],[84.7629,-11.8984],[84.7554,-11.8951],[84.755,-11.8949],[84.7115,-11.8757],[84.7111,-11.8755],[84.7036,-11.8721],[84.7031,-11.8719],[84.6598,-11.8525],[84.6593,-11.8523],[84.6518,-11.8489],[84.6514,-11.8487],[84.6081,-11.8291],[84.6076,-11.8289],[84.6002,-11.8255],[84.5997,-11.8253],[84.5565,-11.8054],[84.5561,-11.8052],[84.5486,-11.8018],[84.5482,-11.8016],[84.5051,-11.7816],[84.5046,-11.7814],[84.4972,-11.7779],[84.4967,-11.7777],[84.4537,-11.7575],[84.4533,-11.7573],[84.4458,-11.7538],[84.4454,-11.7536],[84.4025,-11.7332],[84.402,-11.733],[84.3946,-11.7294],[84.3942,-11.7292],[84.3513,-11.7086],[84.3509,-11.7084],[84.3435,-11.7048],[84.343,-11.7046],[84.3003,-11.6839],[84.2998,-11.6837],[84.2925,-11.6801],[84.292,-11.6798],[84.2494,-11.6589],[84.2489,-11.6587],[84.2415,-11.655],[84.2411,-11.6548],[84.1985,-11.6337],[84.1981,-11.6335],[84.1907,-11.6298],[84.1903,-11.6296],[84.1478,-11.6083],[84.1474,-11.6081],[84.14,-11.6043],[84.1396,-11.6041],[84.0972,-11.5826],[84.0968,-11.5824],[84.0895,-11.5787],[84.089,-11.5784],[84.0468,-11.5568],[84.0463,-11.5565],[84.039,-11.5528],[84.0386,-11.5525],[83.9964,-11.5307],[83.996,-11.5305],[83.9887,-11.5266],[83.9882,-11.5264],[83.9461,-11.5044],[83.9457,-11.5041],[83.9384,-11.5003],[83.938,-11.5001],[83.896,-11.4778],[83.8956,-11.4776],[83.8883,-11.4737],[83.8879,-11.4735],[83.846,-11.4511],[83.8455,-11.4509],[83.8383,-11.447],[83.8379,-11.4467],[83.7961,-11.4241],[83.7956,-11.4239],[83.7884,-11.42],[83.788,-11.4197],[83.7463,-11.397],[83.7459,-11.3967],[83.7386,-11.3928],[83.7382,-11.3925],[83.6966,-11.3696],[83.6962,-11.3693],[83.689,-11.3653],[83.6886,-11.3651],[83.6471,-11.342],[83.6466,-11.3417],[83.6395,-11.3377],[83.639,-11.3374],[83.5976,-11.3141],[83.5972,-11.3139],[83.59,-11.3098],[83.5896,-11.3096],[83.5483,-11.2861],[83.5479,-11.2858],[83.5408,-11.2818],[83.5403,-11.2815],[83.4991,-11.2578],[83.4987,-11.2576],[83.4916,-11.2535],[83.4912,-11.2532],[83.4501,-11.2294],[83.4497,-11.2291],[83.4425,-11.225],[83.4421,-11.2247],[83.4012,-11.2007],[83.4007,-11.2004],[83.3936,-11.1962],[83.3932,-11.196],[83.3523,-11.1718],[83.3519,-11.1715],[83.3448,-11.1673],[83.3444,-11.1671],[83.3037,-11.1427],[83.3032,-11.1424],[83.2962,-11.1382],[83.2958,-11.1379],[83.2551,-11.1133],[83.2547,-11.1131],[83.2476,-11.1088],[83.2472,-11.1085],[83.2067,-11.0838],[83.2063,-11.0835],[83.1992,-11.0792],[83.1988,-11.079],[83.1584,-11.0541],[83.158,-11.0538],[83.151,-11.0495],[83.1506,-11.0492],[83.1102,-11.0241],[83.1098,-11.0238],[83.1028,-11.0195],[83.1024,-11.0192],[83.0622,-10.9939],[83.0618,-10.9937],[83.0548,-10.9893],[83.0544,-10.989],[83.0143,-10.9635],[83.0139,-10.9633],[83.0069,-10.9589],[83.0065,-10.9586],[82.9665,-10.933],[82.9661,-10.9327],[82.9592,-10.9282],[82.9588,-10.928],[82.9189,-10.9022],[82.9185,-10.9019],[82.9116,-10.8974],[82.9111,-10.8971],[82.8714,-10.8712],[82.871,-10.8709],[82.8641,-10.8664],[82.8637,-10.8661],[82.824,-10.84],[82.8236,-10.8397],[82.8167,-10.8351],[82.8163,-10.8349],[82.7768,-10.8085],[82.7764,-10.8083],[82.7695,-10.8037],[82.7691,-10.8034],[82.7297,-10.7769],[82.7293,-10.7767],[82.7224,-10.772],[82.722,-10.7718],[82.6827,-10.7451],[82.6823,-10.7448],[82.6755,-10.7402],[82.6751,-10.7399],[82.6359,-10.7131],[82.6355,-10.7128],[82.6287,-10.7081],[82.6283,-10.7078],[82.5892,-10.6808],[82.5888,-10.6806],[82.5821,-10.6759],[82.5817,-10.6756],[82.5427,-10.6484],[82.5423,-10.6481],[82.5356,-10.6434],[82.5352,-10.6431],[82.4963,-10.6158],[82.4959,-10.6155],[82.4892,-10.6107],[82.4888,-10.6104],[82.4501,-10.5829],[82.4497,-10.5826],[82.443,-10.5778],[82.4426,-10.5776],[82.404,-10.5499],[82.4036,-10.5496],[82.3969,-10.5448],[82.3965,-10.5445],[82.358,-10.5166],[82.3576,-10.5163],[82.3509,-10.5115],[82.3505,-10.5112],[82.3122,-10.4832],[82.3118,-10.4829],[82.3051,-10.478],[82.3048,-10.4777],[82.2665,-10.4495],[82.2661,-10.4493],[82.2595,-10.4444],[82.2591,-10.4441],[82.221,-10.4157],[82.2206,-10.4154],[82.214,-10.4105],[82.2136,-10.4102],[82.1756,-10.3817],[82.1752,-10.3814],[82.1687,-10.3764],[82.1683,-10.3761],[82.1304,-10.3474],[82.13,-10.3471],[82.1235,-10.3421],[82.1231,-10.3418],[82.0853,-10.313],[82.0849,-10.3127],[82.0784,-10.3077],[82.078,-10.3074],[82.0404,-10.2784],[82.04,-10.278],[82.0335,-10.273],[82.0331,-10.2727],[81.9956,-10.2435],[81.9952,-10.2432],[81.9888,-10.2382],[81.9884,-10.2378],[81.951,-10.2085],[81.9506,-10.2082],[81.9442,-10.2031],[81.9438,-10.2028],[81.9065,-10.1733],[81.9062,-10.173],[81.8997,-10.1679],[81.8993,-10.1675],[81.8622,-10.1379],[81.8618,-10.1376],[81.8554,-10.1324],[81.855,-10.1321],[81.8181,-10.1023],[81.8177,-10.102],[81.8113,-10.0968],[81.8109,-10.0965],[81.7741,-10.0665],[81.7737,-10.0662],[81.7673,-10.061],[81.7669,-10.0606],[81.7302,-10.0305],[81.7298,-10.0302],[81.7235,-10.0249],[81.7231,-10.0246],[81.6865,-9.9943],[81.6862,-9.99399],[81.6798,-9.98872],[81.6795,-9.98841],[81.643,-9.95793],[81.6426,-9.95762],[81.6363,-9.95232],[81.636,-9.95201],[81.5996,-9.92138],[81.5993,-9.92106],[81.593,-9.91574],[81.5926,-9.91542],[81.5564,-9.88463],[81.5561,-9.88431],[81.5498,-9.87896],[81.5494,-9.87864],[81.5134,-9.84769],[81.513,-9.84737],[81.5068,-9.842],[81.5064,-9.84167],[81.4705,-9.81057],[81.4701,-9.81025],[81.4639,-9.80484],[81.4635,-9.80452],[81.4278,-9.77326],[81.4274,-9.77293],[81.4212,-9.7675],[81.4208,-9.76718],[81.3852,-9.73577],[81.3848,-9.73543],[81.3787,-9.72998],[81.3783,-9.72965],[81.3428,-9.69808],[81.3424,-9.69775],[81.3363,-9.69227],[81.3359,-9.69194],[81.3006,-9.66021],[81.3002,-9.65989],[81.2941,-9.65437],[81.2937,-9.65404],[81.2585,-9.62216],[81.2581,-9.62184],[81.252,-9.61629],[81.2517,-9.61596],[81.2166,-9.58393],[81.2162,-9.5836],[81.2102,-9.57803],[81.2098,-9.5777],[81.1749,-9.54552],[81.1745,-9.54518],[81.1685,-9.53959],[81.1681,-9.53925],[81.1333,-9.50692],[81.1329,-9.50658],[81.1269,-9.50096],[81.1266,-9.50063],[81.0919,-9.46814],[81.0916,-9.4678],[81.0856,-9.46216],[81.0852,-9.46182],[81.0507,-9.42919],[81.0503,-9.42884],[81.0444,-9.42317],[81.044,-9.42283],[81.0096,-9.39004],[81.0093,-9.3897],[81.0033,-9.384],[81.003,-9.38367],[80.9687,-9.35072],[80.9684,-9.35039],[80.9625,-9.34466],[80.9621,-9.34432],[80.928,-9.31123],[80.9277,-9.31089],[80.9218,-9.30514],[80.9214,-9.30479],[80.8875,-9.27156],[80.8871,-9.27121],[80.8813,-9.26544],[80.8809,-9.26509],[80.8471,-9.23171],[80.8468,-9.23137],[80.8409,-9.22556],[80.8406,-9.22522],[80.8069,-9.19168],[80.8066,-9.19133],[80.8008,-9.18551],[80.8004,-9.18516],[80.7669,-9.15148],[80.7666,-9.15114],[80.7608,-9.14528],[80.7604,-9.14493],[80.7271,-9.11111],[80.7267,-9.11076],[80.7209,-9.10488],[80.7206,-9.10453],[80.6874,-9.07056],[80.687,-9.07021],[80.6813,-9.06431],[80.681,-9.06395],[80.6479,-9.02984],[80.6476,-9.02949],[80.6418,-9.02356],[80.6415,-9.02321],[80.6086,-8.98895],[80.6083,-8.9886],[80.6026,-8.98264],[80.6022,-8.98229],[80.5695,-8.94789],[80.5691,-8.94753],[80.5635,-8.94155],[80.5631,-8.9412],[80.5305,-8.90665],[80.5302,-8.90629],[80.5245,-8.90029],[80.5242,-8.89994],[80.4917,-8.86525],[80.4914,-8.86489],[80.4858,-8.85887],[80.4855,-8.8585],[80.4531,-8.82368],[80.4528,-8.82332],[80.4472,-8.81726],[80.4469,-8.81691],[80.4147,-8.78194],[80.4144,-8.78158],[80.4088,-8.7755],[80.4085,-8.77514],[80.3765,-8.74003],[80.3762,-8.73967],[80.3706,-8.73357],[80.3703,-8.7332],[80.3385,-8.69796],[80.3381,-8.69759],[80.3326,-8.69147],[80.3323,-8.69111],[80.3006,-8.65572],[80.3003,-8.65535],[80.2948,-8.64921],[80.2945,-8.64884],[80.2629,-8.61331],[80.2626,-8.61295],[80.2571,-8.60677],[80.2568,-8.60641],[80.2254,-8.57075],[80.2251,-8.57038],[80.2197,-8.56418],[80.2194,-8.56382],[80.1881,-8.52802],[80.1878,-8.52765],[80.1824,-8.52142],[80.1821,-8.52106],[80.151,-8.48512],[80.1507,-8.48475],[80.1453,-8.47851],[80.145,-8.47814],[80.1141,-8.44207],[80.1138,-8.44169],[80.1084,-8.43543],[80.1081,-8.43506],[80.0773,-8.39885],[80.077,-8.39848],[80.0717,-8.39219],[80.0714,-8.39182],[80.0408,-8.35547],[80.0405,-8.3551],[80.0352,-8.34879],[80.0349,-8.34841],[80.0044,-8.31195],[80.0041,-8.31156],[79.9989,-8.30523],[79.9985,-8.30485],[79.9683,-8.26825],[79.9679,-8.26787],[79.9627,-8.26151],[79.9624,-8.26113],[79.9323,-8.2244],[79.932,-8.22402],[79.9268,-8.21764],[79.9264,-8.21726],[79.8965,-8.18039],[79.8962,-8.18001],[79.891,-8.1736],[79.8907,-8.17323],[79.8609,-8.13623],[79.8606,-8.13584],[79.8554,-8.12942],[79.8551,-8.12904],[79.8255,-8.09191],[79.8252,-8.09153],[79.8201,-8.08508],[79.8197,-8.08469],[79.7903,-8.04744],[79.79,-8.04706],[79.7849,-8.04058],[79.7846,-8.0402],[79.7553,-8.00281],[79.755,-8.00243],[79.7499,-7.99594],[79.7496,-7.99555],[79.7204,-7.95804],[79.7201,-7.95765],[79.7151,-7.95114],[79.7148,-7.95075],[79.6858,-7.91311],[79.6855,-7.91272],[79.6805,-7.90618],[79.6802,-7.90579],[79.6514,-7.86803],[79.6511,-7.86764],[79.6461,-7.86108],[79.6458,-7.86069],[79.6172,-7.8228],[79.6169,-7.82241],[79.6119,-7.81583],[79.6116,-7.81544],[79.5831,-7.77742],[79.5828,-7.77703],[79.5779,-7.77043],[79.5776,-7.77003],[79.5493,-7.7319],[79.549,-7.7315],[79.5441,-7.72488],[79.5438,-7.72448],[79.5156,-7.68622],[79.5154,-7.68583],[79.5105,-7.67918],[79.5102,-7.67879],[79.4822,-7.6404],[79.4819,-7.64001],[79.4771,-7.63334],[79.4768,-7.63294],[79.449,-7.59444],[79.4487,-7.59404],[79.4439,-7.58735],[79.4436,-7.58696],[79.4159,-7.54833],[79.4156,-7.54793],[79.4109,-7.54122],[79.4106,-7.54082],[79.3831,-7.50208],[79.3828,-7.50167],[79.3781,-7.49494],[79.3778,-7.49455],[79.3505,-7.45568],[79.3502,-7.45528],[79.3455,-7.44853],[79.3452,-7.44813],[79.318,-7.40914],[79.3178,-7.40873],[79.3131,-7.40197],[79.3128,-7.40157],[79.2858,-7.36246],[79.2855,-7.36206],[79.2809,-7.35527],[79.2806,-7.35486],[79.2538,-7.31564],[79.2535,-7.31524],[79.2489,-7.30843],[79.2486,-7.30802],[79.222,-7.26868],[79.2217,-7.26828],[79.2171,-7.26145],[79.2168,-7.26104],[79.1904,-7.22159],[79.1901,-7.22118],[79.1855,-7.21433],[79.1852,-7.21392],[79.1589,-7.17435],[79.1587,-7.17394],[79.1541,-7.16707],[79.1539,-7.16666],[79.1277,-7.12698],[79.1275,-7.12657],[79.123,-7.11968],[79.1227,-7.11927],[79.0968,-7.07948],[79.0965,-7.07906],[79.092,-7.07215],[79.0917,-7.07174],[79.066,-7.03183],[79.0657,-7.03142],[79.0612,-7.02449],[79.061,-7.02407],[79.0354,-6.98406],[79.0351,-6.98364],[79.0307,-6.97669],[79.0304,-6.97628],[79.005,-6.93615],[79.0048,-6.93573],[79.0004,-6.92877],[79.0001,-6.92835],[78.9749,-6.88811],[78.9746,-6.88769],[78.9702,-6.88071],[78.97,-6.88028],[78.9449,-6.83994],[78.9446,-6.83951],[78.9403,-6.83252],[78.9401,-6.83209],[78.9152,-6.79163],[78.9149,-6.79122],[78.9106,-6.78419],[78.9104,-6.78377],[78.8856,-6.7432],[78.8854,-6.74278],[78.8811,-6.73574],[78.8809,-6.73532],[78.8563,-6.69464],[78.8561,-6.69422],[78.8518,-6.68716],[78.8516,-6.68674],[78.8272,-6.64596],[78.827,-6.64554],[78.8228,-6.63845],[78.8225,-6.63803],[78.7983,-6.59715],[78.7981,-6.59672],[78.7939,-6.58963],[78.7937,-6.5892],[78.7696,-6.5482],[78.7694,-6.54778],[78.7653,-6.54066],[78.765,-6.54024],[78.7412,-6.49914],[78.7409,-6.49871],[78.7368,-6.49158],[78.7366,-6.49116],[78.7129,-6.44995],[78.7127,-6.44953],[78.7086,-6.44238],[78.7084,-6.44195],[78.6849,-6.40064],[78.6847,-6.40021],[78.6806,-6.39305],[78.6804,-6.39261],[78.6571,-6.35121],[78.6568,-6.35078],[78.6528,-6.34359],[78.6526,-6.34317],[78.6295,-6.30165],[78.6292,-6.30123],[78.6252,-6.29403],[78.625,-6.29359],[78.6021,-6.25199],[78.6018,-6.25155],[78.5979,-6.24433],[78.5977,-6.2439],[78.5749,-6.20219],[78.5747,-6.20176],[78.5708,-6.19452],[78.5705,-6.19409],[78.548,-6.15228],[78.5477,-6.15185],[78.5438,-6.14459],[78.5436,-6.14416],[78.5212,-6.10225],[78.521,-6.10182],[78.5171,-6.09455],[78.5169,-6.09411],[78.4947,-6.05211],[78.4945,-6.05168],[78.4906,-6.04438],[78.4904,-6.04395],[78.4684,-6.00185],[78.4682,-6.00141],[78.4644,-5.99411],[78.4642,-5.99367],[78.4423,-5.95148],[78.4421,-5.95104],[78.4383,-5.94372],[78.4381,-5.94329],[78.4165,-5.90099],[78.4163,-5.90055],[78.4125,-5.89321],[78.4123,-5.89278],[78.3908,-5.8504],[78.3906,-5.84995],[78.3869,-5.8426],[78.3867,-5.84216],[78.3654,-5.79968],[78.3652,-5.79925],[78.3615,-5.79187],[78.3613,-5.79143],[78.3402,-5.74886],[78.34,-5.74843],[78.3364,-5.74104],[78.3362,-5.74059],[78.3153,-5.69793],[78.315,-5.69749],[78.3114,-5.69009],[78.3112,-5.68965],[78.2905,-5.64689],[78.2903,-5.64646],[78.2867,-5.63903],[78.2865,-5.63859],[78.266,-5.59575],[78.2658,-5.59531],[78.2622,-5.58787],[78.262,-5.58743],[78.2417,-5.5445],[78.2415,-5.54405],[78.238,-5.5366],[78.2377,-5.53616],[78.2176,-5.49314],[78.2174,-5.49269],[78.2139,-5.48523],[78.2137,-5.48478],[78.1937,-5.44168],[78.1935,-5.44123],[78.1901,-5.43375],[78.1899,-5.4333],[78.1701,-5.39011],[78.1699,-5.38966],[78.1665,-5.38216],[78.1663,-5.38172],[78.1467,-5.33844],[78.1465,-5.33799],[78.1431,-5.33048],[78.1429,-5.33003],[78.1235,-5.28667],[78.1233,-5.28622],[78.12,-5.2787],[78.1198,-5.27825],[78.1006,-5.2348],[78.1004,-5.23435],[78.097,-5.22681],[78.0969,-5.22636],[78.0778,-5.18283],[78.0776,-5.18237],[78.0744,-5.17482],[78.0742,-5.17438],[78.0553,-5.13076],[78.0551,-5.1303],[78.0519,-5.12274],[78.0517,-5.12229],[78.0331,-5.07859],[78.0329,-5.07814],[78.0297,-5.07056],[78.0295,-5.07011],[78.011,-5.02632],[78.0108,-5.02588],[78.0076,-5.01828],[78.0075,-5.01782],[77.9892,-4.97397],[77.989,-4.97351],[77.9859,-4.96591],[77.9857,-4.96545],[77.9676,-4.92151],[77.9674,-4.92106],[77.9643,-4.91343],[77.9641,-4.91298],[77.9462,-4.86897],[77.9461,-4.86851],[77.943,-4.86088],[77.9428,-4.86042],[77.9251,-4.81633],[77.9249,-4.81587],[77.9219,-4.80822],[77.9217,-4.80776],[77.9042,-4.7636],[77.904,-4.76313],[77.901,-4.75548],[77.9008,-4.75501],[77.8835,-4.71077],[77.8834,-4.71031],[77.8804,-4.70264],[77.8802,-4.70217],[77.8631,-4.65786],[77.8629,-4.6574],[77.86,-4.64971],[77.8598,-4.64925],[77.8429,-4.60486],[77.8427,-4.60439],[77.8398,-4.59669],[77.8396,-4.59624],[77.8229,-4.55176],[77.8228,-4.55131],[77.8199,-4.54359],[77.8197,-4.54313],[77.8032,-4.49859],[77.803,-4.49813],[77.8002,-4.4904],[77.8,-4.48995],[77.7837,-4.44533],[77.7835,-4.44487],[77.7807,-4.43713],[77.7805,-4.43666],[77.7644,-4.39198],[77.7642,-4.39152],[77.7614,-4.38377],[77.7613,-4.3833],[77.7453,-4.33856],[77.7452,-4.33809],[77.7424,-4.33033],[77.7423,-4.32987],[77.7265,-4.28504],[77.7264,-4.28458],[77.7237,-4.2768],[77.7235,-4.27634],[77.7079,-4.23145],[77.7078,-4.23098],[77.7051,-4.2232],[77.7049,-4.22273],[77.6896,-4.17777],[77.6894,-4.17731],[77.6868,-4.16951],[77.6866,-4.16905],[77.6715,-4.12402],[77.6713,-4.12355],[77.6687,-4.11574],[77.6686,-4.11528],[77.6536,-4.07018],[77.6535,-4.06973],[77.6509,-4.0619],[77.6507,-4.06143],[77.636,-4.01628],[77.6358,-4.01581],[77.6333,-4.00797],[77.6331,-4.00752],[77.6186,-3.96229],[77.6184,-3.96183],[77.6159,-3.95397],[77.6158,-3.95352],[77.6014,-3.90823],[77.6012,-3.90776],[77.5988,-3.8999],[77.5986,-3.89944],[77.5845,-3.85409],[77.5843,-3.85363],[77.5819,-3.84576],[77.5817,-3.84529],[77.5678,-3.79988],[77.5676,-3.79942],[77.5652,-3.79153],[77.5651,-3.79107],[77.5513,-3.7456],[77.5512,-3.74513],[77.5488,-3.73725],[77.5486,-3.73677],[77.5351,-3.69125],[77.5349,-3.69077],[77.5326,-3.68289],[77.5325,-3.68241],[77.5191,-3.63682],[77.5189,-3.63636],[77.5166,-3.62844],[77.5165,-3.62798],[77.5033,-3.58233],[77.5032,-3.58186],[77.5009,-3.57394],[77.5008,-3.57347],[77.4878,-3.52778],[77.4877,-3.5273],[77.4855,-3.51937],[77.4853,-3.5189],[77.4725,-3.47314],[77.4724,-3.47267],[77.4702,-3.46474],[77.4701,-3.46426],[77.4575,-3.41845],[77.4574,-3.41798],[77.4552,-3.41003],[77.4551,-3.40956],[77.4427,-3.36369],[77.4426,-3.36321],[77.4405,-3.35526],[77.4403,-3.35479],[77.4282,-3.30887],[77.428,-3.30839],[77.4259,-3.30043],[77.4258,-3.29995],[77.4138,-3.25398],[77.4137,-3.2535],[77.4117,-3.24554],[77.4115,-3.24505],[77.3998,-3.19903],[77.3996,-3.19856],[77.3976,-3.19058],[77.3975,-3.1901],[77.3859,-3.14403],[77.3858,-3.14354],[77.3838,-3.13555],[77.3837,-3.13508],[77.3723,-3.08895],[77.3722,-3.08848],[77.3703,-3.08048],[77.3701,-3.08],[77.359,-3.03383],[77.3589,-3.03335],[77.3569,-3.02534],[77.3568,-3.02486],[77.3459,-2.97864],[77.3457,-2.97816],[77.3439,-2.97015],[77.3437,-2.96967],[77.333,-2.9234],[77.3329,-2.92292],[77.331,-2.91489],[77.3309,-2.91442],[77.3203,-2.8681],[77.3202,-2.86762],[77.3184,-2.85959],[77.3183,-2.85911],[77.3079,-2.81275],[77.3078,-2.81227],[77.3061,-2.80423],[77.306,-2.80374],[77.2958,-2.75734],[77.2957,-2.75686],[77.2939,-2.74881],[77.2938,-2.74833],[77.2839,-2.70189],[77.2838,-2.7014],[77.2821,-2.69335],[77.282,-2.69286],[77.2722,-2.64637],[77.2721,-2.6459],[77.2704,-2.63783],[77.2703,-2.63735],[77.2608,-2.59081],[77.2607,-2.59033],[77.2591,-2.58226],[77.259,-2.58178],[77.2496,-2.5352],[77.2495,-2.53472],[77.2479,-2.52664],[77.2478,-2.52616],[77.2387,-2.47955],[77.2386,-2.47906],[77.237,-2.47098],[77.2369,-2.47049],[77.228,-2.42384],[77.2279,-2.42336],[77.2263,-2.41527],[77.2263,-2.41478],[77.2175,-2.36808],[77.2174,-2.36761],[77.2159,-2.35951],[77.2158,-2.35902],[77.2073,-2.31229],[77.2072,-2.31181],[77.2058,-2.30371],[77.2057,-2.30321],[77.1973,-2.25645],[77.1973,-2.25597],[77.1958,-2.24786],[77.1957,-2.24738],[77.1876,-2.20057],[77.1875,-2.20008],[77.1861,-2.19197],[77.1861,-2.19148],[77.1781,-2.14464],[77.1781,-2.14417],[77.1767,-2.13604],[77.1766,-2.13555],[77.1689,-2.08868],[77.1688,-2.08819],[77.1675,-2.08006],[77.1674,-2.07958],[77.1599,-2.03267],[77.1598,-2.03219],[77.1585,-2.02405],[77.1585,-2.02356],[77.1512,-1.97663],[77.1511,-1.97614],[77.1498,-1.968],[77.1498,-1.96752],[77.1427,-1.92054],[77.1426,-1.92006],[77.1414,-1.91191],[77.1413,-1.91143],[77.1344,-1.86442],[77.1343,-1.86394],[77.1332,-1.85579],[77.1331,-1.8553],[77.1264,-1.80827],[77.1263,-1.80778],[77.1252,-1.79963],[77.1251,-1.79914],[77.1186,-1.75208],[77.1186,-1.7516],[77.1174,-1.74343],[77.1174,-1.74295],[77.1111,-1.69586],[77.111,-1.69537],[77.11,-1.68721],[77.1099,-1.68672],[77.1038,-1.63961],[77.1038,-1.63912],[77.1027,-1.63095],[77.1027,-1.63046],[77.0968,-1.58332],[77.0967,-1.58283],[77.0957,-1.57465],[77.0957,-1.57418],[77.09,-1.527],[77.0899,-1.52652],[77.089,-1.51834],[77.0889,-1.51785],[77.0835,-1.47066],[77.0834,-1.47017],[77.0825,-1.46199],[77.0824,-1.4615],[77.0772,-1.41429],[77.0771,-1.4138],[77.0762,-1.40561],[77.0762,-1.40512],[77.0711,-1.35789],[77.0711,-1.3574],[77.0702,-1.34921],[77.0702,-1.34872],[77.0653,-1.30146],[77.0653,-1.30097],[77.0644,-1.29278],[77.0644,-1.29229],[77.0598,-1.24501],[77.0597,-1.24452],[77.0589,-1.23632],[77.0589,-1.23584],[77.0545,-1.18854],[77.0544,-1.18804],[77.0537,-1.17985],[77.0536,-1.17936],[77.0494,-1.13203],[77.0493,-1.13155],[77.0486,-1.12335],[77.0486,-1.12285],[77.0446,-1.07552],[77.0445,-1.07503],[77.0439,-1.06683],[77.0438,-1.06633],[77.04,-1.01899],[77.04,-1.01849],[77.0393,-1.01029],[77.0393,-1.00979],[77.0357,-0.962427],[77.0356,-0.961932],[77.035,-0.953721],[77.035,-0.953233],[77.0316,-0.905844],[77.0316,-0.905361],[77.031,-0.897139],[77.031,-0.896652],[77.0278,-0.849252],[77.0277,-0.848764],[77.0272,-0.840548],[77.0272,-0.840054],[77.0242,-0.792641],[77.0242,-0.792158],[77.0237,-0.783934],[77.0236,-0.783446],[77.0209,-0.736018],[77.0208,-0.735531],[77.0204,-0.727304],[77.0203,-0.726818],[77.0178,-0.679375],[77.0177,-0.678893],[77.0173,-0.670665],[77.0173,-0.670171],[77.0149,-0.62273],[77.0149,-0.622239],[77.0145,-0.614008],[77.0145,-0.613527],[77.0123,-0.56606],[77.0123,-0.565577],[77.012,-0.557341],[77.0119,-0.556859],[77.01,-0.509387],[77.01,-0.508903],[77.0097,-0.500669],[77.0096,-0.500178],[77.0079,-0.452706],[77.0079,-0.452218],[77.0076,-0.443985],[77.0076,-0.443493],[77.006,-0.396014],[77.006,-0.395518],[77.0058,-0.387285],[77.0058,-0.386803],[77.0044,-0.339308],[77.0044,-0.338823],[77.0042,-0.330591],[77.0042,-0.330097],[77.0031,-0.282602],[77.0031,-0.28212],[77.0029,-0.273879],[77.0029,-0.273392],[77.002,-0.225896],[77.002,-0.2254],[77.0018,-0.217169],[77.0018,-0.216675],[77.0011,-0.169179],[77.0011,-0.168681],[77.001,-0.160451],[77.001,-0.159958],[77.0005,-0.112462],[77.0005,-0.111963],[77.0004,-0.10373],[77.0004,-0.103243],[77.0001,-0.055734],[77.0001,-0.0552429],[77.0001,-0.0470035],[77.0001,-0.0465189],[77.0,0.000990734],[77.0,0.00147571],[77.0,0.00971508],[77.0,0.0102025],[77.0001,0.057716],[77.0001,0.0581951],[77.0002,0.06644],[77.0002,0.0669264],[77.0005,0.114436],[77.0005,0.114922],[77.0006,0.123165],[77.0006,0.123649],[77.0011,0.17115],[77.0011,0.171644],[77.0013,0.179882],[77.0013,0.180366],[77.002,0.227868],[77.002,0.228363],[77.0022,0.236594],[77.0022,0.237085],[77.0031,0.284579],[77.0031,0.285076],[77.0033,0.293307],[77.0033,0.293795],[77.0045,0.341294],[77.0045,0.341773],[77.0047,0.350014],[77.0047,0.350501],[77.0061,0.397985],[77.0061,0.398479],[77.0064,0.406708],[77.0064,0.407203],[77.008,0.454681],[77.008,0.455171],[77.0083,0.463401],[77.0083,0.463895],[77.0101,0.511362],[77.0101,0.51186],[77.0104,0.520085],[77.0104,0.520574],[77.0124,0.568037],[77.0124,0.56853],[77.0128,0.576756],[77.0128,0.577249],[77.015,0.624704],[77.0151,0.625189],[77.0154,0.633422],[77.0155,0.633907],[77.0179,0.681349],[77.0179,0.681847],[77.0183,0.690069],[77.0184,0.690557],[77.021,0.737994],[77.021,0.738484],[77.0215,0.746707],[77.0215,0.747193],[77.0243,0.794614],[77.0243,0.79511],[77.0249,0.803325],[77.0249,0.803819],[77.0279,0.851223],[77.0279,0.851718],[77.0285,0.859934],[77.0285,0.860422],[77.0317,0.907816],[77.0318,0.908313],[77.0324,0.916524],[77.0324,0.917015],[77.0358,0.964392],[77.0359,0.964885],[77.0365,0.973099],[77.0365,0.973585],[77.0402,1.02095],[77.0402,1.02144],[77.0408,1.02966],[77.0409,1.03014],[77.0447,1.07749],[77.0448,1.07798],[77.0455,1.08619],[77.0455,1.08667],[77.0496,1.13401],[77.0496,1.1345],[77.0503,1.1427],[77.0504,1.14319],[77.0546,1.1905],[77.0547,1.19099],[77.0554,1.1992],[77.0555,1.19968],[77.06,1.24698],[77.06,1.24747],[77.0608,1.25567],[77.0608,1.25615],[77.0655,1.30343],[77.0656,1.30391],[77.0664,1.31211],[77.0664,1.3126],[77.0713,1.35985],[77.0714,1.36034],[77.0722,1.36853],[77.0723,1.36902],[77.0774,1.41625],[77.0774,1.41674],[77.0783,1.42493],[77.0784,1.42541],[77.0837,1.47262],[77.0837,1.47311],[77.0847,1.48129],[77.0847,1.48178],[77.0902,1.52897],[77.0903,1.52945],[77.0913,1.53763],[77.0913,1.53812],[77.097,1.58528],[77.0971,1.58577],[77.0981,1.59395],[77.0982,1.59443],[77.1041,1.64156],[77.1041,1.64206],[77.1052,1.65022],[77.1052,1.65071],[77.1114,1.69782],[77.1114,1.69831],[77.1125,1.70647],[77.1126,1.70696],[77.1189,1.75404],[77.119,1.75452],[77.1201,1.76269],[77.1201,1.76317],[77.1267,1.81023],[77.1267,1.81071],[77.1279,1.81887],[77.1279,1.81936],[77.1347,1.86638],[77.1348,1.86687],[77.1359,1.87502],[77.136,1.8755],[77.1429,1.9225],[77.143,1.92298],[77.1442,1.93113],[77.1443,1.93161],[77.1515,1.97858],[77.1515,1.97906],[77.1528,1.9872],[77.1529,1.98769],[77.1602,2.03462],[77.1603,2.03511],[77.1616,2.04324],[77.1617,2.04373],[77.1692,2.09063],[77.1693,2.09112],[77.1706,2.09924],[77.1707,2.09972],[77.1785,2.14659],[77.1785,2.14708],[77.1799,2.1552],[77.18,2.15568],[77.1879,2.20252],[77.188,2.203],[77.1894,2.21112],[77.1895,2.2116],[77.1977,2.2584],[77.1978,2.25888],[77.1992,2.26699],[77.1993,2.26747],[77.2077,2.31424],[77.2077,2.31472],[77.2092,2.32283],[77.2093,2.32331],[77.2179,2.37003],[77.218,2.37052],[77.2195,2.37861],[77.2196,2.37909],[77.2283,2.42579],[77.2284,2.42626],[77.23,2.43436],[77.2301,2.43483],[77.239,2.48149],[77.2391,2.48196],[77.2407,2.49005],[77.2408,2.49053],[77.25,2.53714],[77.2501,2.53762],[77.2517,2.5457],[77.2518,2.54618],[77.2612,2.59275],[77.2613,2.59323],[77.2629,2.6013],[77.263,2.60178],[77.2726,2.64831],[77.2727,2.64878],[77.2744,2.65686],[77.2745,2.65733],[77.2843,2.70382],[77.2844,2.7043],[77.2861,2.71235],[77.2862,2.71283],[77.2962,2.75928],[77.2963,2.75975],[77.2981,2.7678],[77.2982,2.76828],[77.3084,2.81467],[77.3085,2.81516],[77.3103,2.8232],[77.3104,2.82367],[77.3208,2.87003],[77.3209,2.8705],[77.3227,2.87854],[77.3228,2.87902],[77.3334,2.92533],[77.3335,2.9258],[77.3354,2.93383],[77.3355,2.93431],[77.3463,2.98056],[77.3464,2.98105],[77.3483,2.98906],[77.3484,2.98953],[77.3594,3.03575],[77.3595,3.03623],[77.3615,3.04424],[77.3616,3.04471],[77.3728,3.09087],[77.3729,3.09135],[77.3749,3.09935],[77.375,3.09983],[77.3864,3.14594],[77.3865,3.14642],[77.3885,3.15441],[77.3886,3.15488],[77.4003,3.20095],[77.4004,3.20142],[77.4024,3.20941],[77.4025,3.20988],[77.4143,3.25589],[77.4145,3.25637],[77.4165,3.26434],[77.4167,3.26482],[77.4287,3.31078],[77.4288,3.31125],[77.4309,3.31922],[77.431,3.31969],[77.4432,3.3656],[77.4434,3.36607],[77.4455,3.37403],[77.4456,3.3745],[77.458,3.42035],[77.4582,3.42083],[77.4603,3.42878],[77.4605,3.42925],[77.4731,3.47505],[77.4732,3.47552],[77.4754,3.48346],[77.4755,3.48393],[77.4884,3.52967],[77.4885,3.53014],[77.4907,3.53807],[77.4909,3.53854],[77.5039,3.58423],[77.504,3.58471],[77.5063,3.59262],[77.5064,3.59309],[77.5196,3.63873],[77.5198,3.63919],[77.5221,3.6471],[77.5222,3.64757],[77.5356,3.69315],[77.5358,3.69361],[77.5381,3.70151],[77.5383,3.70198],[77.5519,3.74749],[77.552,3.74797],[77.5544,3.75585],[77.5545,3.75632],[77.5683,3.80177],[77.5685,3.80225],[77.5709,3.81012],[77.571,3.81059],[77.585,3.85598],[77.5852,3.85645],[77.5876,3.86431],[77.5878,3.86478],[77.602,3.91012],[77.6021,3.91058],[77.6046,3.91844],[77.6048,3.91891],[77.6192,3.96417],[77.6193,3.96465],[77.6218,3.97249],[77.622,3.97295],[77.6366,4.01816],[77.6367,4.01863],[77.6393,4.02646],[77.6394,4.02692],[77.6542,4.07206],[77.6544,4.07253],[77.657,4.08035],[77.6571,4.08082],[77.6721,4.12589],[77.6723,4.12636],[77.6749,4.13417],[77.675,4.13464],[77.6902,4.17964],[77.6904,4.18011],[77.693,4.18791],[77.6932,4.18837],[77.7086,4.23332],[77.7087,4.23378],[77.7114,4.24157],[77.7116,4.24203],[77.7272,4.28691],[77.7273,4.28737],[77.7301,4.29514],[77.7302,4.29561],[77.746,4.34042],[77.7462,4.34088],[77.7489,4.34865],[77.7491,4.3491],[77.7651,4.39384],[77.7652,4.39431],[77.768,4.40206],[77.7682,4.40252],[77.7843,4.44719],[77.7845,4.44765],[77.7873,4.45539],[77.7875,4.45585],[77.8039,4.50044],[77.804,4.50091],[77.8069,4.50863],[77.8071,4.5091],[77.8236,4.55361],[77.8238,4.55408],[77.8267,4.56179],[77.8268,4.56225],[77.8436,4.60671],[77.8438,4.60716],[77.8467,4.61487],[77.8469,4.61532],[77.8638,4.6597],[77.864,4.66016],[77.8669,4.66785],[77.8671,4.66831],[77.8843,4.71261],[77.8844,4.71307],[77.8874,4.72074],[77.8876,4.7212],[77.9049,4.76543],[77.9051,4.76589],[77.9081,4.77355],[77.9083,4.77401],[77.9259,4.81816],[77.926,4.81862],[77.9291,4.82627],[77.9293,4.82672],[77.947,4.8708],[77.9472,4.87125],[77.9503,4.87888],[77.9504,4.87935],[77.9684,4.92334],[77.9685,4.9238],[77.9717,4.93142],[77.9718,4.93187],[77.99,4.9758],[77.9901,4.97624],[77.9933,4.98386],[77.9935,4.98431],[78.0118,5.02815],[78.012,5.0286],[78.0152,5.0362],[78.0153,5.03664],[78.0338,5.08041],[78.034,5.08086],[78.0372,5.08844],[78.0374,5.08889],[78.0561,5.13257],[78.0563,5.13303],[78.0596,5.14059],[78.0598,5.14104],[78.0786,5.18464],[78.0788,5.18509],[78.0821,5.19264],[78.0823,5.19309],[78.1014,5.23661],[78.1016,5.23705],[78.1049,5.24459],[78.1051,5.24505],[78.1243,5.28848],[78.1245,5.28892],[78.1279,5.29645],[78.1281,5.29689],[78.1475,5.34024],[78.1477,5.34069],[78.1511,5.34819],[78.1513,5.34865],[78.1709,5.39191],[78.1711,5.39236],[78.1745,5.39985],[78.1747,5.40029],[78.1946,5.44347],[78.1948,5.44392],[78.1982,5.45139],[78.1984,5.45184],[78.2184,5.49493],[78.2186,5.49537],[78.2221,5.50284],[78.2223,5.50328],[78.2425,5.54628],[78.2427,5.54673],[78.2462,5.55418],[78.2464,5.55462],[78.2668,5.59753],[78.267,5.59797],[78.2706,5.60541],[78.2708,5.60585],[78.2914,5.64868],[78.2916,5.64911],[78.2952,5.65654],[78.2954,5.65697],[78.3161,5.69971],[78.3163,5.70015],[78.3199,5.70755],[78.3202,5.70799],[78.3411,5.75064],[78.3413,5.75107],[78.345,5.75846],[78.3452,5.7589],[78.3663,5.80145],[78.3665,5.80189],[78.3702,5.80926],[78.3704,5.8097],[78.3917,5.85216],[78.3919,5.8526],[78.3957,5.85995],[78.3959,5.86039],[78.4174,5.90275],[78.4176,5.90319],[78.4213,5.91053],[78.4216,5.91097],[78.4432,5.95324],[78.4435,5.95367],[78.4472,5.96099],[78.4475,5.96143],[78.4693,6.00361],[78.4695,6.00404],[78.4734,6.01135],[78.4736,6.01178],[78.4956,6.05386],[78.4959,6.05429],[78.4997,6.06158],[78.4999,6.06201],[78.5222,6.104],[78.5224,6.10443],[78.5263,6.1117],[78.5265,6.11213],[78.5489,6.15402],[78.5491,6.15446],[78.553,6.16171],[78.5533,6.16214],[78.5759,6.20393],[78.5761,6.20436],[78.58,6.2116],[78.5803,6.21202],[78.603,6.25372],[78.6033,6.25415],[78.6072,6.26136],[78.6075,6.2618],[78.6304,6.30338],[78.6307,6.30382],[78.6347,6.31102],[78.6349,6.31145],[78.658,6.35293],[78.6583,6.35336],[78.6623,6.36055],[78.6626,6.36098],[78.6859,6.40236],[78.6861,6.40279],[78.6902,6.40995],[78.6904,6.41038],[78.7139,6.45167],[78.7142,6.4521],[78.7182,6.45924],[78.7185,6.45967],[78.7422,6.50085],[78.7424,6.50127],[78.7465,6.50841],[78.7468,6.50883],[78.7706,6.54991],[78.7709,6.55033],[78.775,6.55745],[78.7753,6.55787],[78.7993,6.59884],[78.7996,6.59927],[78.8038,6.60637],[78.804,6.60678],[78.8282,6.64766],[78.8285,6.64807],[78.8327,6.65515],[78.8329,6.65557],[78.8573,6.69634],[78.8576,6.69675],[78.8618,6.70382],[78.8621,6.70424],[78.8867,6.74489],[78.8869,6.74531],[78.8912,6.75236],[78.8915,6.75277],[78.9162,6.79332],[78.9165,6.79374],[78.9208,6.80076],[78.921,6.80118],[78.9459,6.84161],[78.9462,6.84203],[78.9505,6.84904],[78.9508,6.84945],[78.9759,6.88978],[78.9762,6.8902],[78.9805,6.89718],[78.9808,6.8976],[79.0061,6.93782],[79.0063,6.93824],[79.0107,6.9452],[79.011,6.94561],[79.0365,6.98572],[79.0367,6.98614],[79.0411,6.99308],[79.0414,6.9935],[79.067,7.0335],[79.0673,7.03391],[79.0718,7.04083],[79.072,7.04124],[79.0978,7.08113],[79.0981,7.08154],[79.1026,7.08845],[79.1029,7.08886],[79.1288,7.12864],[79.1291,7.12904],[79.1336,7.13593],[79.1339,7.13634],[79.16,7.176],[79.1603,7.17641],[79.1649,7.18328],[79.1651,7.18368],[79.1915,7.22323],[79.1917,7.22364],[79.1963,7.23048],[79.1966,7.23089],[79.2231,7.27032],[79.2233,7.27073],[79.228,7.27755],[79.2282,7.27796],[79.2549,7.31728],[79.2552,7.31768],[79.2598,7.32449],[79.2601,7.32489],[79.2869,7.36409],[79.2872,7.36449],[79.2919,7.37128],[79.2922,7.37168],[79.3192,7.41076],[79.3194,7.41117],[79.3241,7.41793],[79.3244,7.41834],[79.3516,7.4573],[79.3519,7.4577],[79.3566,7.46444],[79.3569,7.46485],[79.3842,7.50369],[79.3845,7.50409],[79.3893,7.51082],[79.3896,7.51121],[79.4171,7.54994],[79.4174,7.55034],[79.4222,7.55704],[79.4224,7.55744],[79.4501,7.59604],[79.4504,7.59644],[79.4552,7.60312],[79.4555,7.60352],[79.4834,7.642],[79.4837,7.6424],[79.4885,7.64906],[79.4888,7.64945],[79.5168,7.68782],[79.5171,7.68821],[79.522,7.69486],[79.5223,7.69524],[79.5505,7.73349],[79.5507,7.73388],[79.5556,7.7405],[79.5559,7.74089],[79.5843,7.77901],[79.5846,7.7794],[79.5895,7.786],[79.5898,7.78639],[79.6183,7.82438],[79.6186,7.82477],[79.6236,7.83135],[79.6239,7.83174],[79.6526,7.8696],[79.6529,7.87],[79.6579,7.87655],[79.6582,7.87694],[79.687,7.91468],[79.6873,7.91507],[79.6923,7.92159],[79.6926,7.92199],[79.7216,7.9596],[79.722,7.95999],[79.727,7.9665],[79.7273,7.96689],[79.7565,8.00437],[79.7568,8.00476],[79.7618,8.01124],[79.7622,8.01163],[79.7915,8.04899],[79.7918,8.04938],[79.7969,8.05584],[79.7972,8.05623],[79.8267,8.09345],[79.827,8.09385],[79.8322,8.10028],[79.8325,8.10067],[79.8528,8.12614],[79.8558,8.12996],[79.8558,8.12996],[79.87,8.14799],[79.877,8.15716],[79.8823,8.16428],[79.8909,8.17624],[79.8951,8.18228],[79.9033,8.19451],[79.9073,8.20069],[79.9151,8.21318],[79.9189,8.21948],[79.9263,8.23223],[79.9298,8.23865],[79.9368,8.25162],[79.9402,8.25816],[79.9467,8.27136],[79.9499,8.278],[79.956,8.29141],[79.9589,8.29815],[79.9645,8.31175],[79.9673,8.31858],[79.9725,8.33236],[79.975,8.33928],[79.9797,8.35322],[79.982,8.36021],[79.9863,8.3743],[79.9883,8.38137],[79.9921,8.39559],[79.9939,8.40272],[79.9973,8.41705],[79.9989,8.42424],[80.0018,8.43868],[80.0031,8.44591],[80.0055,8.46044],[80.0066,8.46771],[80.0085,8.48231],[80.0094,8.48961],[80.0109,8.50427],[80.0115,8.5116],[80.0124,8.52629],[80.0128,8.53363],[80.0133,8.54835],[80.0135,8.5557],[80.0135,8.57043],[80.0134,8.57778],[80.0129,8.5925],[80.0126,8.59985],[80.0116,8.61455],[80.011,8.62188],[80.0096,8.63653],[80.0088,8.64384],[80.0069,8.65844],[80.0058,8.66572],[80.0034,8.68025],[80.0021,8.68749],[79.9993,8.70194],[79.9977,8.70913],[79.9944,8.72348],[79.9926,8.73061],[79.9888,8.74484],[79.9868,8.75192],[79.9826,8.76602],[79.9803,8.77302],[79.9756,8.78697],[79.9732,8.7939],[79.968,8.80769],[79.9653,8.81454],[79.9597,8.82815],[79.9568,8.8349],[79.9507,8.84832],[79.9476,8.85498],[79.9411,8.86819],[79.9377,8.87474],[79.9308,8.88774],[79.9273,8.89417],[79.9199,8.90694],[79.9161,8.91325],[79.9084,8.92577],[79.9044,8.93196],[79.8962,8.94421],[79.8921,8.95027],[79.8835,8.96225],[79.8791,8.96816],[79.8702,8.97986],[79.8656,8.98563],[79.8563,8.99703],[79.8516,9.00264],[79.8419,9.01373],[79.8369,9.01918],[79.8269,9.02995],[79.8218,9.03524],[79.8114,9.04567],[79.8061,9.05079],[79.7954,9.06087],[79.7899,9.06582],[79.7789,9.07555],[79.7733,9.08031],[79.7619,9.08967],[79.7561,9.09425],[79.7445,9.10324],[79.7386,9.10763],[79.7266,9.11622],[79.7206,9.12042],[79.7083,9.12862],[79.7022,9.13261],[79.6897,9.14041],[79.6834,9.1442],[79.6706,9.15158],[79.6642,9.15516],[79.6512,9.16212],[79.6447,9.1655],[79.6315,9.17203],[79.6249,9.17518],[79.6115,9.18128],[79.6047,9.18422],[79.5911,9.18987],[79.5843,9.19259],[79.5705,9.19779],[79.5636,9.20028],[79.5496,9.20504],[79.5426,9.2073],[79.5286,9.21159],[79.5215,9.21362],[79.5073,9.21746],[79.5001,9.21925],[79.4858,9.22262],[79.4786,9.22418],[79.4642,9.22708],[79.4569,9.22841],[79.4424,9.23083],[79.4351,9.23192],[79.4206,9.23386],[79.4132,9.23471],[79.3986,9.23618],[79.3913,9.23679],[79.3766,9.23778],[79.3692,9.23815],[79.3545,9.23865],[79.3472,9.23878],[79.3324,9.23881],[79.3251,9.2387],[79.3104,9.23824],[79.303,9.23789],[79.2883,9.23695],[79.281,9.23636],[79.2663,9.23494],[79.259,9.23411],[79.2444,9.23221],[79.2371,9.23114],[79.2226,9.22876],[79.2154,9.22746],[79.2009,9.22461],[79.1937,9.22306],[79.1794,9.21974],[79.1722,9.21797],[79.158,9.21418],[79.1509,9.21217],[79.1368,9.20791],[79.1298,9.20568],[79.1159,9.20096],[79.109,9.1985],[79.0952,9.19333],[79.0883,9.19064],[79.0747,9.18502],[79.068,9.18211],[79.0545,9.17605],[79.0479,9.17292],[79.0347,9.16642],[79.0281,9.16307],[79.0151,9.15615],[79.0087,9.15259],[78.9959,9.14524],[78.9896,9.14147],[78.9771,9.13372],[78.9709,9.12974],[78.9586,9.12158],[78.9526,9.1174],[78.9406,9.10884],[78.9347,9.10447],[78.923,9.09552],[78.9172,9.09096],[78.9058,9.08163],[78.9002,9.07688],[78.8891,9.06719],[78.8837,9.06226],[78.8729,9.05221],[78.8676,9.0471],[78.8572,9.03671],[78.8521,9.03143],[78.842,9.0207],[78.837,9.01526],[78.8273,9.0042],[78.8223,8.99827],[78.8154,8.98987],[78.8153,8.9899],[78.8114,8.98503],[78.8072,8.98],[78.8069,8.97962],[78.8062,8.97882],[78.8009,8.97232],[78.7751,8.94],[78.7745,8.93924],[78.7724,8.9366],[78.7718,8.93583],[78.7362,8.89094],[78.7356,8.89017],[78.7335,8.88752],[78.7329,8.88675],[78.6975,8.84171],[78.6969,8.84094],[78.6948,8.83827],[78.6942,8.8375],[78.659,8.79231],[78.6584,8.79154],[78.6564,8.78886],[78.6558,8.78809],[78.6208,8.74274],[78.6202,8.74196],[78.6181,8.73928],[78.6175,8.7385],[78.5827,8.69301],[78.5821,8.69223],[78.5801,8.68954],[78.5795,8.68876],[78.5449,8.64311],[78.5443,8.64232],[78.5423,8.63963],[78.5417,8.63884],[78.5073,8.59304],[78.5067,8.59226],[78.5047,8.58955],[78.5041,8.58876],[78.4699,8.54282],[78.4693,8.54203],[78.4673,8.53931],[78.4667,8.53852],[78.4328,8.49243],[78.4322,8.49164],[78.4302,8.48891],[78.4296,8.48812],[78.3958,8.44187],[78.3952,8.44108],[78.3932,8.43835],[78.3927,8.43755],[78.3591,8.39116],[78.3585,8.39037],[78.3565,8.38762],[78.356,8.38682],[78.3226,8.34029],[78.322,8.33949],[78.3201,8.33674],[78.3195,8.33594],[78.2863,8.28926],[78.2857,8.28845],[78.2838,8.28569],[78.2832,8.28489],[78.2503,8.23807],[78.2497,8.23727],[78.2477,8.23449],[78.2472,8.23369],[78.2144,8.18672],[78.2139,8.18591],[78.2119,8.18314],[78.2114,8.18233],[78.1788,8.13522],[78.1783,8.13441],[78.1763,8.13163],[78.1758,8.13082],[78.1434,8.08356],[78.1429,8.08275],[78.141,8.07996],[78.1404,8.07914],[78.1083,8.03175],[78.1077,8.03094],[78.1058,8.02814],[78.1053,8.02732],[78.0733,7.97979],[78.0728,7.97897],[78.0709,7.97616],[78.0704,7.97534],[78.0386,7.92767],[78.0381,7.92685],[78.0362,7.92404],[78.0357,7.92322],[78.0042,7.87541],[78.0036,7.87459],[78.0018,7.87176],[78.0012,7.87094],[77.9699,7.82299],[77.9694,7.82216],[77.9675,7.81933],[77.967,7.81851],[77.9359,7.77043],[77.9354,7.7696],[77.9335,7.76676],[77.933,7.76593],[77.9021,7.71771],[77.9016,7.71688],[77.8997,7.71403],[77.8992,7.7132],[77.8685,7.66485],[77.868,7.66402],[77.8662,7.66116],[77.8657,7.66033],[77.8352,7.61184],[77.8347,7.61101],[77.8329,7.60815],[77.8324,7.60731],[77.8021,7.55869],[77.8016,7.55786],[77.7998,7.55498],[77.7993,7.55415],[77.7692,7.5054],[77.7687,7.50456],[77.767,7.50168],[77.7664,7.50084],[77.7366,7.45196],[77.7361,7.45112],[77.7343,7.44823],[77.7338,7.44739],[77.7042,7.39838],[77.7037,7.39754],[77.702,7.39464],[77.7015,7.3938],[77.6721,7.34466],[77.6715,7.34381],[77.6698,7.34091],[77.6693,7.34007],[77.6401,7.2908],[77.6396,7.28995],[77.6379,7.28704],[77.6374,7.28619],[77.6084,7.2368],[77.6079,7.23595],[77.6062,7.23303],[77.6057,7.23218],[77.577,7.18266],[77.5765,7.18181],[77.5748,7.17888],[77.5743,7.17803],[77.5457,7.12839],[77.5453,7.12754],[77.5436,7.1246],[77.5431,7.12375],[77.5148,7.07398],[77.5143,7.07312],[77.5126,7.07018],[77.5121,7.06933],[77.484,7.01943],[77.4835,7.01858],[77.4819,7.01563],[77.4814,7.01477],[77.4535,6.96475],[77.453,6.9639],[77.4514,6.96094],[77.4509,6.96008],[77.4232,6.90995],[77.4228,6.90909],[77.4211,6.90612],[77.4207,6.90526],[77.3932,6.855],[77.3927,6.85414],[77.3911,6.85117],[77.3907,6.85031],[77.3634,6.79993],[77.3629,6.79906],[77.3613,6.79609],[77.3609,6.79522],[77.3339,6.74473],[77.3334,6.74386],[77.3318,6.74088],[77.3314,6.74001],[77.3046,6.6894],[77.3041,6.68853],[77.3025,6.68554],[77.3021,6.68467],[77.2755,6.63394],[77.275,6.63307],[77.2735,6.63007],[77.273,6.6292],[77.2467,6.57836],[77.2462,6.57749],[77.2447,6.57448],[77.2442,6.5736],[77.2181,6.52265],[77.2176,6.52177],[77.2161,6.51876],[77.2157,6.51788],[77.1897,6.46681],[77.1893,6.46593],[77.1878,6.46292],[77.1873,6.46204],[77.1616,6.41086],[77.1612,6.40998],[77.1597,6.40695],[77.1593,6.40608],[77.1338,6.35478],[77.1334,6.3539],[77.1319,6.35087],[77.1314,6.34999],[77.1062,6.29858],[77.1058,6.29769],[77.1043,6.29466],[77.1038,6.29377],[77.0788,6.24226],[77.0784,6.24137],[77.0769,6.23833],[77.0765,6.23744],[77.0517,6.18582],[77.0513,6.18494],[77.0498,6.18188],[77.0494,6.181],[77.0249,6.12926],[77.0244,6.12838],[77.023,6.12532],[77.0226,6.12443],[76.9982,6.07259],[76.9978,6.0717],[76.9964,6.06864],[76.996,6.06774],[76.9719,6.0158],[76.9714,6.01491],[76.97,6.01184],[76.9696,6.01095],[76.9457,5.9589],[76.9453,5.95801],[76.9439,5.95493],[76.9435,5.95404],[76.9199,5.90188],[76.9195,5.90099],[76.9181,5.8979],[76.9177,5.89701],[76.8942,5.84475],[76.8938,5.84386],[76.8925,5.84077],[76.8921,5.83987],[76.8689,5.78751],[76.8685,5.78661],[76.8671,5.78352],[76.8667,5.78262],[76.8437,5.73017],[76.8433,5.72927],[76.842,5.72616],[76.8416,5.72526],[76.8188,5.6727],[76.8185,5.6718],[76.8171,5.6687],[76.8167,5.66779],[76.7942,5.61514],[76.7938,5.61423],[76.7925,5.61112],[76.7921,5.61022],[76.7698,5.55746],[76.7695,5.55656],[76.7682,5.55344],[76.7678,5.55253],[76.7457,5.49968],[76.7453,5.49878],[76.7441,5.49565],[76.7437,5.49474],[76.7219,5.4418],[76.7215,5.44089],[76.7202,5.43776],[76.7198,5.43685],[76.6982,5.38381],[76.6979,5.3829],[76.6966,5.37977],[76.6962,5.37886],[76.6749,5.32571],[76.6745,5.3248],[76.6733,5.32166],[76.6729,5.32075],[76.6518,5.26753],[76.6514,5.26661],[76.6502,5.26346],[76.6498,5.26255],[76.6289,5.20924],[76.6285,5.20832],[76.6273,5.20516],[76.627,5.20425],[76.6063,5.15084],[76.6059,5.14993],[76.6047,5.14677],[76.6044,5.14585],[76.584,5.09235],[76.5836,5.09143],[76.5824,5.08827],[76.5821,5.08735],[76.5619,5.03377],[76.5615,5.03285],[76.5603,5.02968],[76.56,5.02876],[76.54,4.97508],[76.5397,4.97416],[76.5385,4.97099],[76.5382,4.97007],[76.5258,4.93646],[76.5245,4.93301],[76.503,4.8771],[76.5002,4.87028],[76.4776,4.81679],[76.4746,4.81006],[76.4502,4.75735],[76.447,4.75072],[76.4209,4.69884],[76.4175,4.69232],[76.3897,4.64131],[76.386,4.63491],[76.3566,4.58484],[76.3528,4.57856],[76.3217,4.52948],[76.3176,4.52333],[76.285,4.47529],[76.2807,4.46927],[76.2465,4.42234],[76.2421,4.41646],[76.2064,4.37066],[76.2018,4.36493],[76.1645,4.32033],[76.1597,4.31476],[76.1211,4.2714],[76.1161,4.26598],[76.0761,4.22391],[76.0709,4.21866],[76.0295,4.17792],[76.0242,4.17285],[75.9814,4.13348],[75.9759,4.12858],[75.932,4.09064],[75.9263,4.08592],[75.8811,4.04944],[75.8753,4.04491],[75.829,4.00992],[75.823,4.00558],[75.7755,3.97213],[75.7694,3.96799],[75.7209,3.93611],[75.7147,3.93217],[75.6651,3.9019],[75.6587,3.89817],[75.6082,3.86953],[75.6017,3.86601],[75.5503,3.83904],[75.5437,3.83573],[75.4914,3.81046],[75.4847,3.80737],[75.4317,3.78382],[75.4249,3.78095],[75.371,3.75916],[75.3642,3.75651],[75.3096,3.73648],[75.3027,3.73406],[75.2475,3.71583],[75.2405,3.71364],[75.1848,3.69723],[75.1777,3.69526],[75.1215,3.68068],[75.1143,3.67895],[75.0576,3.66622],[75.0504,3.66472],[74.9934,3.65385],[74.9861,3.65259],[74.9287,3.64359],[74.9215,3.64257],[74.8638,3.63545],[74.8565,3.63467],[74.7986,3.62944],[74.7913,3.6289],[74.7333,3.62557],[74.726,3.62527],[74.6679,3.62384],[74.6605,3.62378],[74.6024,3.62424],[74.5951,3.62442],[74.537,3.62679],[74.5297,3.62721],[74.4718,3.63148],[74.4644,3.63214],[74.4067,3.6383],[74.3994,3.6392],[74.3419,3.64725],[74.3346,3.64839],[74.2773,3.65831],[74.2701,3.65968],[74.2132,3.67148],[74.2061,3.67309],[74.1496,3.68673],[74.1425,3.68858],[74.0865,3.70406],[74.0794,3.70614],[74.024,3.72345],[74.017,3.72576],[73.9621,3.74487],[73.9552,3.74741],[73.901,3.76831],[73.8942,3.77107],[73.8407,3.79373],[73.834,3.79671],[73.7813,3.82111],[73.7747,3.82431],[73.7228,3.85042],[73.7163,3.85384],[73.6653,3.88163],[73.6588,3.88526],[73.6088,3.9147],[73.6025,3.91854],[73.5534,3.94961],[73.5473,3.95365],[73.4992,3.98631],[73.4932,3.99054],[73.4463,4.02476],[73.4404,4.02919],[73.3946,4.06492],[73.3889,4.06954],[73.3443,4.10675],[73.3387,4.11156],[73.2953,4.15021],[73.2899,4.1552],[73.2478,4.19524],[73.2426,4.2004],[73.2019,4.24181],[73.1968,4.24714],[73.1574,4.28985],[73.1525,4.29534],[73.1146,4.33932],[73.1099,4.34497],[73.0734,4.39017],[73.0688,4.39597],[73.0339,4.44234],[73.0295,4.44828],[72.9961,4.49577],[72.9919,4.50186],[72.9739,4.52928],[72.9656,4.54146],[72.957,4.55335],[72.9479,4.56496],[72.9385,4.57627],[72.9287,4.58726],[72.9185,4.59792],[72.908,4.60825],[72.8972,4.61822],[72.886,4.62784],[72.8746,4.63709],[72.8628,4.64596],[72.8508,4.65443],[72.8385,4.66251],[72.8259,4.67018],[72.8131,4.67744],[72.8,4.68427],[72.7868,4.69068],[72.7733,4.69664],[72.7597,4.70217],[72.7458,4.70724],[72.7319,4.71186],[72.7177,4.71601],[72.7035,4.71971],[72.6891,4.72293],[72.6821,4.72432],[68.0803,5.60285],[68.0785,5.6032],[68.0482,5.60924],[68.0464,5.60961],[67.905,5.63902],[67.9014,5.6398],[67.8411,5.65336],[67.8375,5.6542],[67.7139,5.68415],[67.7103,5.68505],[67.6505,5.70058],[67.647,5.70153],[67.5244,5.73551],[67.5209,5.73653],[67.4616,5.754],[67.4581,5.75507],[67.3367,5.79305],[67.3332,5.79418],[67.2746,5.81358],[67.2711,5.81476],[67.151,5.85669],[67.1475,5.85793],[67.0895,5.87924],[67.0861,5.88054],[66.9674,5.92638],[66.964,5.92773],[66.9068,5.95093],[66.9034,5.95234],[66.7863,6.00203],[66.7829,6.0035],[66.7264,6.02855],[66.7231,6.03008],[66.6077,6.08357],[66.6044,6.08515],[66.5487,6.11204],[66.5454,6.11367],[66.4319,6.17092],[66.4286,6.1726],[66.3739,6.20129],[66.3706,6.20303],[66.259,6.26396],[66.2558,6.26575],[66.202,6.29622],[66.1988,6.29806],[66.0892,6.36262],[66.0861,6.36451],[66.0334,6.39672],[66.0303,6.39867],[65.9228,6.46677],[65.9197,6.46877],[65.8681,6.50269],[65.865,6.50473],[65.7599,6.57632],[65.7569,6.57841],[65.7064,6.614],[65.7034,6.61615],[65.6006,6.69113],[65.5977,6.69333],[65.5484,6.73055],[65.5455,6.73279],[65.4452,6.8111],[65.4424,6.81339],[65.3943,6.8522],[65.3915,6.85454],[65.2938,6.93608],[65.291,6.93847],[65.2443,6.97883],[65.2415,6.98126],[65.1466,7.06596],[65.1439,7.06843],[65.0985,7.1103],[65.0958,7.11282],[65.0037,7.20058],[65.0011,7.20314],[64.957,7.24647],[64.9544,7.24908],[64.8653,7.3398],[64.8627,7.34245],[64.8202,7.3872],[64.8176,7.38989],[64.7266,7.4888],[64.7246,7.49095],[64.692,7.52732],[64.6901,7.5295],[64.6396,7.58733],[64.6389,7.58814],[64.6271,7.60172],[64.6264,7.60253],[30.2456,47.7134],[30.2444,47.7148],[30.2245,47.7385],[30.2233,47.7399],[30.2147,47.7503],[30.2124,47.7532],[30.1749,47.7999],[30.1704,47.8057],[30.1355,47.8522],[30.1312,47.8582],[30.0979,47.9058],[30.0938,47.9119],[30.0621,47.9605],[30.0581,47.9668],[30.028,48.0164],[30.0243,48.0228],[29.9959,48.0734],[29.9924,48.0799],[29.9656,48.1314],[29.9623,48.138],[29.9372,48.1904],[29.9341,48.1971],[29.91,48.2519],[29.9089,48.2545],[29.9079,48.2569],[29.8861,48.311],[29.8849,48.3142],[29.8812,48.3237],[29.8807,48.3252],[29.871,48.3509],[29.8704,48.3524],[17.5557,81.8485],[17.5551,81.8503],[17.5446,81.8793],[17.544,81.8811],[17.5395,81.8939],[17.5384,81.8974],[17.5195,81.9543],[17.5173,81.9613],[17.5009,82.017],[17.4989,82.0241],[17.4839,82.0821],[17.483,82.0857],[17.4816,82.0912],[17.4809,82.0944],[17.4687,82.1483],[17.4679,82.1515],[12.0469,107.778],[12.0465,107.78],[12.0404,107.81],[12.04,107.812],[12.0374,107.826],[12.0367,107.829],[12.0263,107.888],[12.0251,107.895],[12.0168,107.953],[12.0159,107.96],[12.0095,108.018],[12.0088,108.025],[12.0043,108.083],[12.0038,108.091],[12.0012,108.15],[12.001,108.154],[12.0009,108.16],[12.0008,108.163],[12.0,108.217],[12.0,108.22],[12.0,127.858],[12.0,127.86],[12.0003,127.891],[12.0003,127.893],[12.0005,127.906],[12.0006,127.91],[12.0026,127.97],[12.0029,127.977],[12.0068,128.037],[12.0071,128.041],[12.0074,128.044],[12.0127,128.099],[12.0131,128.102],[12.0139,128.11],[12.0141,128.111],[12.017,128.136],[12.0172,128.137],[17.7177,173.742],[17.7182,173.746],[17.7197,173.758],[17.7201,173.762],[17.7239,173.797],[17.7246,173.804],[17.7269,173.83],[17.7276,173.837],[17.7295,173.862],[17.73,173.87],[17.7314,173.895],[17.7318,173.902],[17.7329,173.928],[17.7332,173.935],[17.7338,173.96],[17.7339,173.968],[17.7342,173.993],[17.7342,174.0],[17.734,174.026],[17.7339,174.033],[17.7334,174.058],[17.7331,174.066],[17.7321,174.091],[17.7318,174.099],[17.7304,174.124],[17.7299,174.131],[17.7281,174.156],[17.7275,174.164],[17.7252,174.189],[17.7245,174.196],[17.7219,174.222],[17.7211,174.229],[17.718,174.254],[17.717,174.261],[17.7136,174.287],[17.7125,174.294],[17.7086,174.319],[17.7074,174.326],[17.7031,174.351],[17.7018,174.358],[17.6971,174.383],[17.6957,174.391],[17.6906,174.415],[17.6891,174.423],[17.6835,174.447],[17.6819,174.454],[17.676,174.479],[17.6742,174.486],[17.6679,174.511],[17.666,174.518],[17.6592,174.542],[17.6572,174.55],[17.6501,174.574],[17.648,174.581],[17.6405,174.605],[17.6382,174.612],[17.6303,174.636],[17.6279,174.643],[17.6196,174.667],[17.6172,174.674],[17.6085,174.698],[17.6059,174.705],[17.5968,174.728],[17.5941,174.735],[17.5846,174.759],[17.5818,174.766],[17.572,174.789],[17.5691,174.796],[17.5588,174.819],[17.5558,174.826],[17.5452,174.849],[17.542,174.855],[17.531,174.878],[17.5278,174.885],[17.5164,174.908],[17.5131,174.914],[17.5013,174.937],[17.4979,174.943],[17.4858,174.965],[17.4822,174.972],[17.4698,174.994],[17.4661,175.0],[17.4533,175.022],[17.4495,175.028],[17.4363,175.05],[17.4324,175.056],[17.4189,175.078],[17.4149,175.084],[17.401,175.105],[17.397,175.111],[17.3827,175.132],[17.3786,175.138],[17.364,175.159],[17.3597,175.165],[17.3448,175.186],[17.3404,175.192],[17.3252,175.212],[17.3207,175.218],[17.3051,175.238],[17.3006,175.243],[17.2847,175.263],[17.28,175.269],[17.2638,175.288],[17.2591,175.294],[17.2425,175.313],[17.2377,175.319],[17.2208,175.338],[17.2159,175.343],[17.1987,175.362],[17.1937,175.367],[17.1763,175.386],[17.1712,175.391],[17.1534,175.409],[17.1482,175.414],[17.1302,175.432],[17.1249,175.437],[17.1065,175.455],[17.1012,175.46],[17.0825,175.477],[17.0771,175.482],[17.0582,175.499],[17.0527,175.504],[17.0335,175.52],[17.0279,175.525],[17.0084,175.541],[17.0028,175.546],[16.9831,175.562],[16.9773,175.567],[16.9573,175.582],[16.9515,175.587],[16.9313,175.602],[16.9254,175.606],[16.9049,175.621],[16.8989,175.626],[16.8782,175.64],[16.8722,175.645],[16.8512,175.659],[16.8451,175.663],[16.8239,175.677],[16.8178,175.681],[16.7964,175.695],[16.7901,175.698],[16.7685,175.712],[16.7622,175.715],[16.7403,175.728],[16.734,175.732],[16.7119,175.745],[16.7055,175.748],[16.6832,175.76],[16.6768,175.764],[16.6543,175.776],[16.6478,175.779],[16.6251,175.79],[16.6185,175.794],[16.5957,175.805],[16.5891,175.808],[16.5661,175.819],[16.5594,175.822],[16.5362,175.832],[16.5295,175.835],[16.5061,175.845],[16.4993,175.848],[16.4758,175.857],[16.469,175.86],[16.4454,175.869],[16.4385,175.872],[16.4147,175.881],[16.4078,175.883],[16.3838,175.891],[16.3769,175.894],[16.3528,175.902],[16.3458,175.904],[16.3216,175.912],[16.3145,175.914],[16.2902,175.921],[16.2832,175.923],[16.2587,175.93],[16.2516,175.932],[16.2271,175.938],[16.2199,175.94],[16.1953,175.946],[16.1881,175.948],[16.1634,175.953],[16.1562,175.955],[16.1314,175.96],[16.1242,175.961],[16.0993,175.966],[16.092,175.968],[16.067,175.972],[16.0598,175.973],[16.0347,175.977],[16.0275,175.978],[16.0024,175.982],[15.9951,175.983],[15.9699,175.986],[15.9626,175.987],[15.9374,175.989],[15.93,175.99],[15.9048,175.993],[15.8975,175.993],[15.8722,175.995],[15.8648,175.996],[15.8395,175.997],[15.8322,175.997],[15.8048,175.999],[15.7982,175.999],[15.7754,175.999],[15.7688,176.0],[15.7425,176.0],[15.7395,176.0],[15.7294,176.0],[15.7264,176.0],[0.0,176.0],[0.0,-32.0],[34.7191,-32.0],[34.7209,-32.0],[34.7518,-32.0003],[34.7537,-32.0003],[34.7672,-32.0005],[34.7709,-32.0006],[34.8308,-32.0026],[34.8381,-32.0029],[34.8961,-32.0067],[34.9034,-32.0073],[34.9612,-32.013],[34.9686,-32.0139],[35.0261,-32.0214],[35.0334,-32.0225],[35.0907,-32.032],[35.098,-32.0333],[35.1549,-32.0446],[35.1621,-32.0462],[35.2205,-32.0598],[35.2241,-32.0607],[35.2369,-32.0639],[35.2387,-32.0643],[35.2692,-32.0722],[35.271,-32.0727],[75.7357,-42.9291],[75.7393,-42.93],[75.7515,-42.9332],[75.7551,-42.9341],[75.7894,-42.9427],[75.7966,-42.9445],[75.8213,-42.9502],[75.8284,-42.9518],[75.8532,-42.9572],[75.8604,-42.9587],[75.8853,-42.9637],[75.8925,-42.965],[75.9175,-42.9696],[75.9247,-42.9708],[75.9498,-42.975],[75.957,-42.9761],[75.9821,-42.9799],[75.9894,-42.9809],[76.0145,-42.9842],[76.0219,-42.9851],[76.047,-42.988],[76.0544,-42.9888],[76.0796,-42.9913],[76.0869,-42.992],[76.1122,-42.994],[76.1196,-42.9946],[76.1449,-42.9962],[76.1522,-42.9967],[76.1775,-42.9979],[76.1849,-42.9982],[76.2102,-42.9991],[76.2176,-42.9992],[76.2529,-42.9998],[76.2566,-42.9999],[76.2692,-43.0],[76.273,-43.0],[103.726,-43.0],[103.73,-43.0]]]}}]}
