{"type":"FeatureCollection","features":[{"type":"Feature","properties":{"id":"B-open-truss","title":"B / Open triangular frame","reason":"Separate upper and lower chords; remove broad low-load panels.","paths":[[[[8,32],[86,-18],[190,-7]],8],[[[8,-26],[90,-46],[190,-7]],8],[[[86,-18],[90,-46]],6],[[[135,-32],[136,-12]],6]],"section":"24 mm-wide open web; dense chords; no mandatory internal plates","added_projection_mm2":763.3877875876997,"removed_projection_mm2":5173.14839513088,"projected_body_area_mm2":6083.357110386363,"bounds_XY_mm":[0.0,-49.997474692575864,207.507,176.0],"minimum_sampled_nominal_spool_clearance_mm":4.668884976857626,"projected_connected_components":1,"CAD_built":false,"mechanical_result":false,"dimensional_envelope_confirmed":false},"geometry":{"type":"Polygon","coordinates":[[[193.11023874938485,-9.515236553850354],[192.93303508232435,-9.69501146382131],[192.76886410844847,-9.886761429170388],[192.65841487081673,-9.97361644203058],[192.559778074699,-10.073684467913104],[192.35090698133598,-10.215434332929144],[192.1524819442025,-10.371471708302222],[192.02721038527386,-10.43511024910875],[191.91094656414256,-10.514012411616061],[191.67843484345866,-10.612289863858889],[191.45338110596657,-10.726618220427117],[138.025574519722,-31.563462789062502],[137.99625701663354,-32.14981285083168],[137.90945774090815,-32.731474985129076],[137.71084963584238,-33.28502694596386],[137.4080650995332,-33.78919604191666],[137.01273997190737,-34.22460733737131],[136.54006637591877,-34.57452822042495],[136.00820889278276,-34.825511427779716],[135.43760650730718,-34.96791181552997],[134.85018714916833,-34.996257016633535],[134.26852501487093,-34.90945774090816],[133.71497305403614,-34.710849635842386],[133.21080395808335,-34.40806509953318],[132.7753926626287,-34.01273997190738],[132.5446332701054,-33.701029876412974],[91.45338110596657,-49.72661822042712],[90.6694750709193,-49.94357745320383],[89.85788707935052,-49.997474692575864],[89.05217527923597,-49.88608135513252],[12.0,-31.092867872392038],[12.0,-32.0],[0.0,-32.0],[0.0,176.0],[12.0,176.0],[12.0,127.86],[12.0,108.217],[12.0,34.18717326026686],[69.14383056554549,-2.443487358672552],[69.10112073988387,-2.058359946920777],[69.0569004097475,-1.5448558355930224],[69.02529541969137,-1.0304211608757774],[69.00632480737971,-0.5153657989811589],[69.0,0.0],[69.00632480737971,0.5153657989811536],[69.02529541969137,1.0304211608757723],[69.0569004097475,1.5448558355930173],[69.10112073988387,2.0583599469207723],[69.1579297734271,2.5706241791835382],[69.2272932907396,3.081339963562593],[69.30916950983223,3.5901996639663203],[69.40350911153216,4.096896762338695],[69.5102552691909,4.601126043294266],[69.62934368291458,5.10258377796854],[69.68058099018378,5.296981370197694],[70.86190858967228,5.071004873422641],[72.7177,4.71601],[72.8131,4.67744],[72.908,4.60825],[73.1525,4.29534],[73.3443,4.10675],[73.5534,3.94961],[73.7747,3.82431],[74.024,3.72345],[74.1496,3.68673],[74.3346,3.64839],[74.6024,3.62424],[74.7913,3.6289],[74.9287,3.64359],[75.1215,3.68068],[75.3642,3.75651],[75.5437,3.83573],[75.7147,3.93217],[75.8753,4.04491],[76.0242,4.17285],[76.1597,4.31476],[76.2807,4.46927],[76.3897,4.64131],[76.4746,4.81006],[76.7453,5.49878],[77.0244,6.12838],[77.2462,6.57749],[77.4835,7.01858],[77.7692,7.5054],[78.1058,8.02814],[78.4667,8.53852],[78.837,9.01526],[78.9406,9.10884],[79.0545,9.17605],[79.1937,9.22306],[79.3324,9.23881],[79.4786,9.22418],[79.6115,9.18128],[79.7386,9.10763],[79.8419,9.01373],[79.9044,8.93196],[79.9476,8.85498],[79.9826,8.76602],[80.0058,8.66572],[80.0134,8.57778],[80.0085,8.48231],[79.9883,8.38137],[79.9589,8.29815],[79.8909,8.17624],[79.4552,7.60312],[79.067,7.0335],[78.7182,6.45924],[78.4213,5.91053],[78.1243,5.28848],[77.8669,4.66785],[77.6367,4.01863],[77.5356,3.69315],[77.431,3.31969],[77.2963,2.75975],[77.1785,2.14708],[77.0913,1.53812],[77.0358,0.964392],[77.0047,0.350501],[77.0018,-0.217169],[77.0277,-0.848764],[77.0824,-1.4615],[77.1688,-2.08819],[77.2939,-2.74881],[77.4403,-3.35479],[77.6331,-4.00752],[77.8427,-4.60439],[78.097,-5.22681],[78.3615,-5.79187],[78.6568,-6.35078],[79.0001,-6.92835],[79.3502,-7.45528],[79.7204,-7.95804],[80.1453,-8.47851],[80.6022,-8.98229],[81.0503,-9.42884],[81.5494,-9.87864],[82.0404,-10.2784],[82.3969,-10.5448],[82.7695,-10.8037],[83.1584,-11.0541],[83.5483,-11.2861],[83.9461,-11.5044],[84.402,-11.733],[84.8149,-11.9212],[85.2264,-12.0919],[85.6514,-12.2511],[86.0894,-12.3979],[86.5161,-12.5245],[86.9638,-12.6405],[87.3982,-12.737],[87.8529,-12.8215],[88.3017,-12.8886],[88.7439,-12.9392],[89.2049,-12.9757],[89.6495,-12.9953],[90.1037,-12.9996],[90.5569,-12.9881],[91.0103,-12.9607],[91.4615,-12.9176],[91.9114,-12.8587],[92.359,-12.7842],[92.8123,-12.6922],[93.254,-12.5862],[93.6908,-12.4651],[94.1236,-12.3287],[94.5518,-12.1771],[94.974,-12.0108],[95.3897,-11.8301],[95.7997,-11.6346],[96.1941,-11.4295],[96.5482,-11.2304],[96.9361,-10.995],[97.3152,-10.7465],[97.6862,-10.4844],[98.0471,-10.21],[98.3922,-9.92829],[98.698,-9.66153],[99.0236,-9.35816],[99.3447,-9.03754],[99.6222,-8.7415],[99.9211,-8.40073],[100.209,-8.04899],[100.45,-7.73349],[100.681,-7.41117],[100.964,-6.98572],[101.172,-6.64807],[101.37,-6.30338],[101.553,-5.96143],[101.705,-5.65697],[101.849,-5.34865],[102.007,-4.98431],[102.133,-4.66831],[102.289,-4.24157],[102.446,-3.75585],[102.586,-3.25637],[102.716,-2.7043],[102.811,-2.21112],[102.888,-1.70647],[102.945,-1.19968],[102.985,-0.633907],[103.0,-0.147082],[103.02,-0.016379],[103.045,0.0606245],[103.097,0.166026],[103.148,0.238248],[103.208,0.30323],[103.276,0.35986],[103.363,0.414091],[103.444,0.449514],[103.536,0.475625],[103.623,0.487966],[103.712,0.488795],[103.814,0.475202],[103.899,0.4513],[103.98,0.416513],[104.062,0.367241],[104.141,0.30181],[104.201,0.236647],[104.255,0.157956],[104.295,0.0791679],[104.322,0.00293671],[104.341,-0.0832608],[104.348,-0.149132],[104.345,-0.478351],[104.352,-0.601666],[104.38,-0.803331],[104.407,-0.923857],[104.489,-1.17245],[104.602,-1.40827],[104.674,-1.52629],[104.785,-1.67899],[104.875,-1.7837],[105.01,-1.91625],[105.168,-2.04421],[105.326,-2.14795],[105.441,-2.21085],[105.62,-2.2908],[105.877,-2.37109],[106.135,-2.41546],[106.396,-2.4258],[106.657,-2.40194],[106.842,-2.36365],[107.036,-2.30305],[107.269,-2.20012],[107.566,-2.02112],[107.664,-1.9889],[107.752,-1.97957],[107.84,-1.98754],[109.143,-2.23604],[109.519,-2.29137],[109.66453126784502,-2.302570540961261],[109.98,-2.32685],[110.303,-2.33056],[110.565,-2.32081],[110.87284025427186,-2.293161535783434],[110.8420702265729,-2.57062417918354],[110.7727067092604,-3.0813399635625967],[110.69083049016777,-3.5901996639663256],[110.59649088846784,-4.096896762338694],[110.4897447308091,-4.601126043294266],[110.37065631708542,-5.102583777968541],[110.23929738170423,-5.6009679069728655],[110.09574705037639,-6.095978222343709],[109.94009179245377,-6.587316548376722],[109.77242536884344,-7.074686921236621],[109.59284877552952,-7.55779576723475],[109.40147018273703,-8.036352079666885],[109.19840486977415,-8.510067594104788],[108.98377515559231,-8.978656962035924],[108.75771032510582,-9.441837922746737],[108.52034655131546,-9.899331473345951],[108.27182681328294,-10.350862036825465],[108.01230081000571,-10.796157628057655],[107.74192487024385,-11.23495001762904],[107.46086185835345,-11.666974893411645],[107.4306691993417,-11.710982571907296],[176.84720471504434,-4.368849007746441],[176.67774103256346,-4.233219520617478],[176.2833702979707,-3.901385776636179],[175.89726194821262,-3.5599736324541382],[175.5196485605216,-3.209188741980805],[175.1507575950825,-2.849242404917499],[174.7908112580192,-2.480351439478408],[174.44002636754587,-2.102738051787389],[174.09861422336382,-1.7166297020293086],[173.76678047938253,-1.3222589674365555],[173.44472501984126,-0.9198634021931653],[173.13264183890647,-0.509685394341103],[172.83071892381673,-0.09197201977475444],[172.53913814164656,0.33302510658835516],[172.25807512975615,0.7650499823709591],[171.9876991899943,1.2038423719423434],[171.72817318671707,1.6491379631745335],[171.47965344868453,2.1006685266540455],[171.24228967489418,2.5581620772532556],[171.0162248444077,3.021343037964078],[170.80159513022585,3.489932405895212],[170.59852981726297,3.9636479203331128],[170.40715122447048,4.442204232765245],[170.26246155888177,4.831457954981795],[171.48792333528613,4.97851238828259],[173.474,5.21684],[173.544,5.21974],[173.617,5.21105],[173.926,5.11382],[174.176,5.06731],[174.379,5.05318],[174.641,5.06546],[174.891,5.10999],[175.141,5.18857],[175.378,5.29904],[175.551,5.40588],[175.751,5.56315],[175.939,5.75567],[176.095,5.96546],[176.223,6.19386],[176.296,6.3681],[176.369,6.61923],[176.409,6.87777],[176.415,7.13931],[176.395,7.34203],[176.358,7.53461],[176.202,8.05675],[176.096,8.45335],[176.083,8.58498],[176.092,8.6949],[176.119,8.80189],[176.163,8.90309],[176.227,9.00161],[176.302,9.08254],[176.389,9.15018],[176.479,9.19974],[176.59,9.2388],[176.699,9.2574],[176.802,9.25856],[176.89,9.24708],[176.982,9.22187],[177.063,9.18724],[177.151,9.13386],[177.225,9.07284],[177.28,9.0135],[177.335,8.93552],[177.373,8.86396],[177.404,8.78137],[177.6,8.09504],[177.725,7.71819],[177.838,7.40698],[178.076,6.82032],[178.338,6.25465],[178.655,5.65178],[178.968,5.1222],[179.343,4.55428],[179.747,4.00715],[180.069,3.61044],[180.483,3.14364],[180.878,2.73731],[181.333,2.31035],[181.771,1.9357],[182.263,1.55279],[182.726,1.22527],[183.244,0.893233],[183.785,0.581663],[184.34,0.296648],[184.916,0.0351722],[185.541,-0.211494],[186.132,-0.411346],[186.732,-0.582612],[187.348,-0.726682],[187.953,-0.837876],[188.58,-0.922241],[189.201,-0.975443],[189.825,-0.998818],[190.449,-0.992242],[191.072,-0.955748],[191.74,-0.883079],[192.356,-0.784783],[192.967,-0.656929],[193.415,-0.543516],[193.897,-0.402259],[194.327,-0.258876],[194.752,-0.10041],[195.172,0.0729917],[195.593,0.264501],[196.049,0.492884],[196.447,0.710986],[196.837,0.942844],[197.259,1.21517],[197.631,1.47507],[198.038,1.78245],[198.39,2.06949],[198.731,2.36801],[199.068,2.68466],[199.382,3.00084],[199.69,3.33337],[199.987,3.67719],[200.271,4.03041],[200.548,4.40078],[200.802,4.76626],[201.048,5.14805],[201.28,5.53736],[201.503,5.94267],[201.728,6.39105],[201.917,6.80421],[202.091,7.22326],[202.272,7.70939],[202.431,8.19448],[202.539,8.56745],[202.638,8.95195],[202.748,9.45045],[202.82,9.84142],[202.881,10.2421],[202.94,10.7491],[202.972,11.1449],[202.994,11.5894],[203.0,12.109],[202.993,12.4406],[202.969,12.9024],[202.941,13.2416],[202.882,13.7487],[202.815,14.1881],[202.729,14.6425],[202.631,15.0771],[202.544,15.4147],[202.417,15.8508],[202.275,16.2818],[202.08,16.8046],[201.905,17.2232],[201.715,17.6359],[201.481,18.0988],[201.261,18.4962],[201.032,18.8778],[200.812,19.2187],[200.492,19.6764],[200.218,20.0375],[199.931,20.3896],[199.632,20.731],[199.361,21.0211],[199.122,21.2627],[198.793,21.5754],[198.36,21.9557],[197.882,22.3407],[197.82,22.4038],[197.759,22.4868],[197.706,22.5917],[197.675,22.6898],[197.659,22.7989],[197.663,22.9311],[197.682,23.0248],[197.73,23.1481],[197.788,23.2421],[197.86,23.3254],[197.945,23.3959],[198.04,23.4516],[198.143,23.491],[198.244,23.5123],[198.354,23.5177],[198.464,23.5052],[198.57,23.4749],[198.657,23.435],[198.746,23.3769],[198.94,23.2253],[199.421,22.8246],[199.842,22.4435],[200.197,22.0967],[200.631,21.6391],[201.038,21.1703],[201.428,20.6794],[201.762,20.2213],[202.107,19.7041],[202.4,19.2229],[202.674,18.7305],[202.958,18.1664],[203.188,17.6579],[203.446,17.0136],[203.631,16.4867],[203.934,15.5313],[204.075,15.1149],[204.231,14.6965],[204.431,14.2157],[204.661,13.7211],[204.877,13.294],[205.185,12.7202],[205.935,11.3641],[206.165,10.9281],[206.387,10.4844],[206.603,10.0202],[206.803,9.54954],[206.983,9.07382],[207.119,8.66478],[207.28,8.08074],[207.354,7.74648],[207.403,7.48268],[207.471,6.98383],[207.507,6.45973],[207.506,5.96346],[207.469,5.45991],[207.395,4.96312],[207.345,4.72061],[207.264,4.39742],[207.189,4.14452],[207.086,3.8435],[206.965,3.53413],[206.861,3.29469],[206.723,3.00563],[206.57,2.71076],[206.237,2.12815],[206.128,1.88827],[205.13028705788568,-0.7693475273812462],[204.0726538374253,-3.58657527455235],[203.7166297020293,-3.9013857766361735],[203.32225896743657,-4.233219520617478],[202.91986340219316,-4.555274980158732],[202.5096853943411,-4.8673581610935415],[202.09197201977474,-5.169281076183257],[201.66697489341163,-5.46086185835345],[201.23495001762905,-5.741924870243846],[200.79615762805764,-6.012300810005716],[200.35086203682548,-6.271826813282939],[199.89933147334597,-6.5203465513154555],[199.44183792274674,-6.757710325105823],[198.97865696203593,-6.983775155592308],[198.51006759410478,-7.198404869774144],[198.0363520796669,-7.401470182737022],[197.55779576723475,-7.592848775529514],[197.07468692123663,-7.772425368843436],[196.58731654837672,-7.940091792453771],[196.09597822234372,-8.095747050376389],[195.60096790697287,-8.239297381704237],[195.10258377796853,-8.370656317085423],[194.60112604329427,-8.4897447308091],[194.0968967623387,-8.59649088846784],[193.61897804599278,-8.685472375612415],[193.59400883464474,-8.729932040916589],[193.54117469317382,-8.860129509584043],[193.40244828996413,-9.07102081553854],[193.27884037780368,-9.291114527229999],[193.18745796373025,-9.397848222708577],[193.11023874938485,-9.515236553850354]],[[138.78176639910845,-16.439625201333556],[138.4634569115378,-22.80581495274617],[160.7429673913631,-14.116805865614312],[138.78176639910845,-16.439625201333556]],[[132.33648565365894,-25.195333743318933],[132.74233176297093,-17.078411557078866],[89.55141219029893,-21.646681896496098],[92.2895489288014,-40.81363906601337],[132.33648565365894,-25.195333743318933]],[[9.497963029935917,-14.984239136866869],[9.494686471208738,-15.341073544513122],[9.561868208492223,-15.69154200884753],[9.696867801899014,-16.021870088334197],[9.894379370312858,-16.319074917803785],[10.146640128123517,-16.571475473243225],[10.443735485535113,-16.769151670398628],[10.77398872110846,-16.904334253265954],[11.124419911260173,-16.971710148704904],[12.0,-17.051308338590342],[12.0,-22.858351639803086],[86.25072590748185,-40.96828478796939],[83.41122912565382,-21.091807315173153],[12.0,24.684621611528012],[12.0,-6.976165993695448],[9.571569106277934,-14.635063427741965],[9.497963029935917,-14.984239136866869]]]}},{"type":"Feature","properties":{"id":"C-curved-braces","title":"C / Curved twin braces","reason":"Continuous curved seat-to-root paths with a large central opening.","paths":[[[[86,-18],[190,-7]],6]],"curves":[[[[8,58],[28,-36],[86,-18]],12],[[[8,-26],[104,-65],[190,-7]],10]],"section":"Open curved members across Z; compare solid and hollow member cores","added_projection_mm2":1258.658884015453,"removed_projection_mm2":4892.280855873956,"projected_body_area_mm2":6859.4957460710575,"bounds_XY_mm":[0.0,-46.67867444386017,207.507,176.0],"minimum_sampled_nominal_spool_clearance_mm":4.668884976857626,"projected_connected_components":1,"CAD_built":false,"mechanical_result":false,"dimensional_envelope_confirmed":false},"geometry":{"type":"Polygon","coordinates":[[[72.83071892381675,-12.091972019774754],[72.53913814164655,-11.666974893411645],[72.25807512975615,-11.23495001762904],[71.98769918999429,-10.796157628057657],[71.72817318671706,-10.350862036825466],[71.47965344868454,-9.899331473345955],[71.24228967489418,-9.441837922746744],[71.01622484440769,-8.978656962035922],[70.80159513022585,-8.510067594104788],[70.59852981726297,-8.036352079666887],[70.40715122447048,-7.557795767234755],[70.22757463115656,-7.074686921236627],[70.05990820754623,-6.5873165483767195],[69.90425294962361,-6.09597822234371],[69.76070261829577,-5.600967906972868],[69.62934368291458,-5.102583777968546],[69.5102552691909,-4.601126043294271],[69.40350911153216,-4.096896762338701],[69.30916950983223,-3.5901996639663256],[69.2272932907396,-3.081339963562598],[69.1579297734271,-2.570624179183543],[69.10112073988387,-2.058359946920777],[69.0569004097475,-1.5448558355930224],[69.02529541969137,-1.0304211608757774],[69.00632480737971,-0.5153657989811589],[69.0,0.0],[69.00632480737971,0.5153657989811536],[69.02529541969137,1.0304211608757723],[69.0569004097475,1.5448558355930173],[69.10112073988387,2.0583599469207723],[69.1579297734271,2.5706241791835382],[69.2272932907396,3.081339963562593],[69.30916950983223,3.5901996639663203],[69.40350911153216,4.096896762338695],[69.5102552691909,4.601126043294266],[69.62934368291458,5.10258377796854],[69.68058099018378,5.296981370197694],[70.86190858967228,5.071004873422641],[72.7177,4.71601],[72.8131,4.67744],[72.908,4.60825],[73.1525,4.29534],[73.3443,4.10675],[73.5534,3.94961],[73.7747,3.82431],[74.024,3.72345],[74.1496,3.68673],[74.3346,3.64839],[74.6024,3.62424],[74.7913,3.6289],[74.9287,3.64359],[75.1215,3.68068],[75.3642,3.75651],[75.5437,3.83573],[75.7147,3.93217],[75.8753,4.04491],[76.0242,4.17285],[76.1597,4.31476],[76.2807,4.46927],[76.3897,4.64131],[76.4746,4.81006],[76.7453,5.49878],[77.0244,6.12838],[77.2462,6.57749],[77.4835,7.01858],[77.7692,7.5054],[78.1058,8.02814],[78.4667,8.53852],[78.837,9.01526],[78.9406,9.10884],[79.0545,9.17605],[79.1937,9.22306],[79.3324,9.23881],[79.4786,9.22418],[79.6115,9.18128],[79.7386,9.10763],[79.8419,9.01373],[79.9044,8.93196],[79.9476,8.85498],[79.9826,8.76602],[80.0058,8.66572],[80.0134,8.57778],[80.0085,8.48231],[79.9883,8.38137],[79.9589,8.29815],[79.8909,8.17624],[79.4552,7.60312],[79.067,7.0335],[78.7182,6.45924],[78.4213,5.91053],[78.1243,5.28848],[77.8669,4.66785],[77.6367,4.01863],[77.5356,3.69315],[77.431,3.31969],[77.2963,2.75975],[77.1785,2.14708],[77.0913,1.53812],[77.0358,0.964392],[77.0047,0.350501],[77.0018,-0.217169],[77.0277,-0.848764],[77.0824,-1.4615],[77.1688,-2.08819],[77.2939,-2.74881],[77.4403,-3.35479],[77.6331,-4.00752],[77.8427,-4.60439],[78.097,-5.22681],[78.3615,-5.79187],[78.6568,-6.35078],[79.0001,-6.92835],[79.3502,-7.45528],[79.7204,-7.95804],[80.1453,-8.47851],[80.6022,-8.98229],[81.0503,-9.42884],[81.5494,-9.87864],[82.0404,-10.2784],[82.3969,-10.5448],[82.7695,-10.8037],[83.1584,-11.0541],[83.5483,-11.2861],[83.9461,-11.5044],[84.402,-11.733],[84.8149,-11.9212],[85.2264,-12.0919],[85.6514,-12.2511],[86.0894,-12.3979],[86.5161,-12.5245],[86.9638,-12.6405],[87.3982,-12.737],[87.8529,-12.8215],[88.3017,-12.8886],[88.7439,-12.9392],[89.2049,-12.9757],[89.6495,-12.9953],[90.1037,-12.9996],[90.5569,-12.9881],[91.0103,-12.9607],[91.4615,-12.9176],[91.9114,-12.8587],[92.359,-12.7842],[92.8123,-12.6922],[93.254,-12.5862],[93.6908,-12.4651],[94.1236,-12.3287],[94.5518,-12.1771],[94.974,-12.0108],[95.3897,-11.8301],[95.7997,-11.6346],[96.1941,-11.4295],[96.5482,-11.2304],[96.9361,-10.995],[97.3152,-10.7465],[97.6862,-10.4844],[98.0471,-10.21],[98.3922,-9.92829],[98.698,-9.66153],[99.0236,-9.35816],[99.3447,-9.03754],[99.6222,-8.7415],[99.9211,-8.40073],[100.209,-8.04899],[100.45,-7.73349],[100.681,-7.41117],[100.964,-6.98572],[101.172,-6.64807],[101.37,-6.30338],[101.553,-5.96143],[101.705,-5.65697],[101.849,-5.34865],[102.007,-4.98431],[102.133,-4.66831],[102.289,-4.24157],[102.446,-3.75585],[102.586,-3.25637],[102.716,-2.7043],[102.811,-2.21112],[102.888,-1.70647],[102.945,-1.19968],[102.985,-0.633907],[103.0,-0.147082],[103.02,-0.016379],[103.045,0.0606245],[103.097,0.166026],[103.148,0.238248],[103.208,0.30323],[103.276,0.35986],[103.363,0.414091],[103.444,0.449514],[103.536,0.475625],[103.623,0.487966],[103.712,0.488795],[103.814,0.475202],[103.899,0.4513],[103.98,0.416513],[104.062,0.367241],[104.141,0.30181],[104.201,0.236647],[104.255,0.157956],[104.295,0.0791679],[104.322,0.00293671],[104.341,-0.0832608],[104.348,-0.149132],[104.345,-0.478351],[104.352,-0.601666],[104.38,-0.803331],[104.407,-0.923857],[104.489,-1.17245],[104.602,-1.40827],[104.674,-1.52629],[104.785,-1.67899],[104.875,-1.7837],[105.01,-1.91625],[105.168,-2.04421],[105.326,-2.14795],[105.441,-2.21085],[105.62,-2.2908],[105.877,-2.37109],[106.135,-2.41546],[106.396,-2.4258],[106.657,-2.40194],[106.842,-2.36365],[107.036,-2.30305],[107.269,-2.20012],[107.566,-2.02112],[107.664,-1.9889],[107.752,-1.97957],[107.84,-1.98754],[109.143,-2.23604],[109.519,-2.29137],[109.66453126784502,-2.302570540961261],[109.98,-2.32685],[110.303,-2.33056],[110.565,-2.32081],[110.87284025427186,-2.293161535783434],[110.8420702265729,-2.57062417918354],[110.7727067092604,-3.0813399635625967],[110.69083049016777,-3.5901996639663256],[110.59649088846784,-4.096896762338694],[110.4897447308091,-4.601126043294266],[110.37065631708542,-5.102583777968541],[110.23929738170423,-5.6009679069728655],[110.09574705037639,-6.095978222343709],[109.94009179245377,-6.587316548376722],[109.77242536884344,-7.074686921236621],[109.59284877552952,-7.55779576723475],[109.40147018273703,-8.036352079666885],[109.19840486977415,-8.510067594104788],[108.98377515559231,-8.978656962035924],[108.75771032510582,-9.441837922746737],[108.52034655131546,-9.899331473345951],[108.27182681328294,-10.350862036825465],[108.01230081000571,-10.796157628057655],[107.74192487024385,-11.23495001762904],[107.46086185835345,-11.666974893411645],[107.16928107618325,-12.091972019774753],[106.86735816109355,-12.509685394341101],[106.64688288353571,-12.799461055619666],[178.0254036363632,-5.249809822147529],[177.90802798022526,-5.169281076183257],[177.4903146056589,-4.867358161093545],[177.08013659780684,-4.555274980158732],[176.67774103256346,-4.233219520617478],[176.2833702979707,-3.901385776636179],[175.89726194821262,-3.5599736324541382],[175.5196485605216,-3.209188741980805],[175.1507575950825,-2.849242404917499],[174.7908112580192,-2.480351439478408],[174.44002636754587,-2.102738051787389],[174.09861422336382,-1.7166297020293086],[173.76678047938253,-1.3222589674365555],[173.44472501984126,-0.9198634021931653],[173.13264183890647,-0.509685394341103],[172.83071892381673,-0.09197201977475444],[172.53913814164656,0.33302510658835516],[172.25807512975615,0.7650499823709591],[171.9876991899943,1.2038423719423434],[171.72817318671707,1.6491379631745335],[171.47965344868453,2.1006685266540455],[171.24228967489418,2.5581620772532556],[171.0162248444077,3.021343037964078],[170.80159513022585,3.489932405895212],[170.59852981726297,3.9636479203331128],[170.40715122447048,4.442204232765245],[170.26246155888177,4.831457954981795],[171.48792333528613,4.97851238828259],[173.474,5.21684],[173.544,5.21974],[173.617,5.21105],[173.926,5.11382],[174.176,5.06731],[174.379,5.05318],[174.641,5.06546],[174.891,5.10999],[175.141,5.18857],[175.378,5.29904],[175.551,5.40588],[175.751,5.56315],[175.939,5.75567],[176.095,5.96546],[176.223,6.19386],[176.296,6.3681],[176.369,6.61923],[176.409,6.87777],[176.415,7.13931],[176.395,7.34203],[176.358,7.53461],[176.202,8.05675],[176.096,8.45335],[176.083,8.58498],[176.092,8.6949],[176.119,8.80189],[176.163,8.90309],[176.227,9.00161],[176.302,9.08254],[176.389,9.15018],[176.479,9.19974],[176.59,9.2388],[176.699,9.2574],[176.802,9.25856],[176.89,9.24708],[176.982,9.22187],[177.063,9.18724],[177.151,9.13386],[177.225,9.07284],[177.28,9.0135],[177.335,8.93552],[177.373,8.86396],[177.404,8.78137],[177.6,8.09504],[177.725,7.71819],[177.838,7.40698],[178.076,6.82032],[178.338,6.25465],[178.655,5.65178],[178.968,5.1222],[179.343,4.55428],[179.747,4.00715],[180.069,3.61044],[180.483,3.14364],[180.878,2.73731],[181.333,2.31035],[181.771,1.9357],[182.263,1.55279],[182.726,1.22527],[183.244,0.893233],[183.785,0.581663],[184.34,0.296648],[184.916,0.0351722],[185.541,-0.211494],[186.132,-0.411346],[186.732,-0.582612],[187.348,-0.726682],[187.953,-0.837876],[188.58,-0.922241],[189.201,-0.975443],[189.825,-0.998818],[190.449,-0.992242],[191.072,-0.955748],[191.74,-0.883079],[192.356,-0.784783],[192.967,-0.656929],[193.415,-0.543516],[193.897,-0.402259],[194.327,-0.258876],[194.752,-0.10041],[195.172,0.0729917],[195.593,0.264501],[196.049,0.492884],[196.447,0.710986],[196.837,0.942844],[197.259,1.21517],[197.631,1.47507],[198.038,1.78245],[198.39,2.06949],[198.731,2.36801],[199.068,2.68466],[199.382,3.00084],[199.69,3.33337],[199.987,3.67719],[200.271,4.03041],[200.548,4.40078],[200.802,4.76626],[201.048,5.14805],[201.28,5.53736],[201.503,5.94267],[201.728,6.39105],[201.917,6.80421],[202.091,7.22326],[202.272,7.70939],[202.431,8.19448],[202.539,8.56745],[202.638,8.95195],[202.748,9.45045],[202.82,9.84142],[202.881,10.2421],[202.94,10.7491],[202.972,11.1449],[202.994,11.5894],[203.0,12.109],[202.993,12.4406],[202.969,12.9024],[202.941,13.2416],[202.882,13.7487],[202.815,14.1881],[202.729,14.6425],[202.631,15.0771],[202.544,15.4147],[202.417,15.8508],[202.275,16.2818],[202.08,16.8046],[201.905,17.2232],[201.715,17.6359],[201.481,18.0988],[201.261,18.4962],[201.032,18.8778],[200.812,19.2187],[200.492,19.6764],[200.218,20.0375],[199.931,20.3896],[199.632,20.731],[199.361,21.0211],[199.122,21.2627],[198.793,21.5754],[198.36,21.9557],[197.882,22.3407],[197.82,22.4038],[197.759,22.4868],[197.706,22.5917],[197.675,22.6898],[197.659,22.7989],[197.663,22.9311],[197.682,23.0248],[197.73,23.1481],[197.788,23.2421],[197.86,23.3254],[197.945,23.3959],[198.04,23.4516],[198.143,23.491],[198.244,23.5123],[198.354,23.5177],[198.464,23.5052],[198.57,23.4749],[198.657,23.435],[198.746,23.3769],[198.94,23.2253],[199.421,22.8246],[199.842,22.4435],[200.197,22.0967],[200.631,21.6391],[201.038,21.1703],[201.428,20.6794],[201.762,20.2213],[202.107,19.7041],[202.4,19.2229],[202.674,18.7305],[202.958,18.1664],[203.188,17.6579],[203.446,17.0136],[203.631,16.4867],[203.934,15.5313],[204.075,15.1149],[204.231,14.6965],[204.431,14.2157],[204.661,13.7211],[204.877,13.294],[205.185,12.7202],[205.935,11.3641],[206.165,10.9281],[206.387,10.4844],[206.603,10.0202],[206.803,9.54954],[206.983,9.07382],[207.119,8.66478],[207.28,8.08074],[207.354,7.74648],[207.403,7.48268],[207.471,6.98383],[207.507,6.45973],[207.506,5.96346],[207.469,5.45991],[207.395,4.96312],[207.345,4.72061],[207.264,4.39742],[207.189,4.14452],[207.086,3.8435],[206.965,3.53413],[206.861,3.29469],[206.723,3.00563],[206.57,2.71076],[206.237,2.12815],[206.128,1.88827],[205.13028705788568,-0.7693475273812462],[204.0726538374253,-3.58657527455235],[203.7166297020293,-3.9013857766361735],[203.32225896743657,-4.233219520617478],[202.91986340219316,-4.555274980158732],[202.5096853943411,-4.8673581610935415],[202.09197201977474,-5.169281076183257],[201.66697489341163,-5.46086185835345],[201.23495001762905,-5.741924870243846],[200.79615762805764,-6.012300810005716],[200.35086203682548,-6.271826813282939],[199.89933147334597,-6.5203465513154555],[199.44183792274674,-6.757710325105823],[198.97865696203593,-6.983775155592308],[198.51006759410478,-7.198404869774144],[198.0363520796669,-7.401470182737022],[197.55779576723475,-7.592848775529514],[197.07468692123663,-7.772425368843436],[196.58731654837672,-7.940091792453771],[196.09597822234372,-8.095747050376389],[195.60096790697287,-8.239297381704237],[195.10258377796853,-8.370656317085423],[194.7593066055675,-8.452179307164227],[194.61517915256593,-8.92356995966377],[194.15122989640915,-9.786985889300269],[193.52775120336995,-10.54329951417065],[192.76870300997086,-11.163446125816716],[190.07876160372086,-12.952264485191716],[190.02383784825543,-12.98827096153829],[187.32901362950543,-14.72972603966329],[187.27286754537647,-14.765481334606664],[184.57316051412647,-16.459573131481662],[184.515787946456,-16.495037874371558],[181.811198102706,-18.141766389996558],[181.75259694990194,-18.176899974242353],[179.04312429365194,-19.776265208617353],[178.98329463986917,-19.811025867063837],[176.26893917111917,-21.363027820188837],[176.20788341620982,-21.397372712770977],[173.48864513495982,-22.902011384645977],[173.42636812061738,-22.935896698633893],[170.70224702686738,-24.393172089258893],[170.63875615758263,-24.42655315228721],[167.90975225133263,-25.83646526166221],[167.84505760870653,-25.869296667605276],[165.11117088995653,-27.231845495730276],[165.04528533885636,-27.264081243336417],[162.30651580760636,-28.579266790211417],[162.23945509260972,-28.610860434247048],[159.49580274885972,-29.878682699872048],[159.42758557940954,-29.909587514351404],[156.67905042315954,-31.130046498726404],[156.60969854585576,-31.160215651617218],[153.85628057710576,-32.33331135474222],[153.78581883358547,-32.36269809334445],[151.02751805233547,-33.48843051521945],[150.95597442124898,-33.516988361216434],[148.19279082749898,-34.595357501841434],[148.12019644917294,-34.623040454824206],[145.35213004292294,-35.654046314199206],[145.2785192254159,-35.680809062269326],[142.5055700066659,-36.664451640394326],[142.4309802120677,-36.69024977626307],[139.6531481808177,-37.62652907313807],[139.57761999081836,-37.651319313964464],[136.79490514706836,-38.540235329589464],[136.71848220702825,-38.56397573864187],[133.93088455077825,-39.40552847301687],[133.85361349176264,-39.42817868110687],[131.06113302301264,-40.22236813423187],[130.98306336151026,-40.24388955876008],[128.18570008026026,-40.99071573063508],[128.10688409558134,-41.011071790010234],[125.30463800183132,-41.710534680635234],[125.22513059147381,-41.72969100178432],[122.41800168522381,-42.38179061115932],[122.33786019879773,-42.39971522784075],[119.52584848004773,-43.00445155596575],[119.44513253265423,-43.02111509563162],[116.62823800140423,-43.57848814250662],[116.54700926767019,-43.59386399953516],[113.72523192392019,-44.10387376516016],[113.64355391418304,-44.11793825839644],[110.81689375793304,-44.58058474277144],[110.73483157834941,-44.59331725547088],[107.90328860959941,-45.00860045859588],[107.82090870820636,-45.01998355906038],[104.98448292695636,-45.38790348093538],[104.9018528279399,-45.39792302236211],[102.0605442341899,-45.71847966298711],[101.9777322628072,-45.7271248613103],[99.1315408565572,-46.0003182206853],[99.04861585730927,-46.00758170947783],[96.19754163855927,-46.23341178760283],[96.11457268931916,-46.2392896494092],[93.25861565806916,-46.4177564462842],[93.17567178293082,-46.42224822007482],[90.31483193918082,-46.55335173569982],[90.23198182280692,-46.556460400459564],[87.36625916655692,-46.640200634834564],[87.28357087276868,-46.641932569620316],[84.41296540401868,-46.678309522745316],[84.33050610128747,-46.67867444386017],[81.45501782003747,-46.66768811573517],[81.37285351641158,-46.66669899196389],[78.49248242266158,-46.60834938258889],[78.41067771249226,-46.60602232971486],[75.52542380624226,-46.50030943908986],[75.44404163086878,-46.4966635951611],[72.55390491211878,-46.3435874232861],[72.47300633643563,-46.338644806314036],[69.57798680518563,-46.138205353189036],[69.49763081175388,-46.13199070314348],[66.59772846800388,-45.88418796876848],[66.51797177008895,-45.876728575874],[63.61318661383895,-45.581562560249],[63.53408348846531,-45.57288808168999],[60.62441551971531,-45.23035878481499],[60.546017661531536,-45.2205010520188],[57.631466880281536,-44.8306084738938],[57.55382327673398,-44.81960129258415],[54.63438968298398,-44.38234543320915],[54.5575465110086,-44.370224378407514],[51.6332301047586,-43.885605237782514],[51.55723064892532,-43.87240744588554],[48.62803143017532,-43.34042502401054],[48.55291602196102,-43.32618898399073],[45.61883399071102,-42.74684328086573],[45.544639968341265,-42.73160862653329],[42.605675124591265,-42.10489964215829],[42.53243681267889,-42.08870694729009],[39.58858915642889,-41.41463468166509],[39.516337864452744,-41.39752525965496],[36.567607395702744,-40.67608971277996],[36.49637143421395,-40.65810542229823],[33.54275815296395,-39.88930659417323],[33.472562866279304,-39.87048965214792],[30.514066772529308,-39.05432754277292],[30.44493458657323,-39.03472034582249],[27.48155568032323,-38.17119495519749],[27.413506164209384,-38.15083991046179],[24.445244445459384,-37.23995123858679],[24.37829438535953,-37.21889060472079],[21.40514985410953,-36.26063865159579],[21.33931333793858,-36.23891439051428],[18.36128599418858,-35.23329915613928],[18.296574505639022,-35.21095279593146],[15.313664349389024,-34.15797428030646],[15.250086869872518,-34.13504678958081],[12.262293901122518,-33.03470499270581],[12.199857018218488,-33.01123666647847],[9.563026757062765,-32.0],[0.0,-32.0],[0.0,176.0],[12.0,176.0],[12.0,127.86],[12.0,108.217],[12.0,62.44941612487771],[12.16452130408593,62.31934744004397],[12.927164077950863,61.42389458788536],[13.500458699485593,60.39686338685651],[13.86237377789187,59.27772207004724],[14.490156881470904,56.39736233384166],[15.129163232648658,53.60236671552641],[15.785592865704785,50.86398098810099],[16.45935714190534,48.182275192381304],[17.1503602183276,45.55732070772279],[17.858498488114034,42.989189977805566],[18.583659991059147,40.47795616799958],[19.325723797093406,38.02369274305814],[20.084559366647287,35.62647295252736],[20.86002589367492,33.28636920978462],[21.651971639336256,31.003452349152777],[22.460233267068727,28.777790744074657],[23.28463519308635,26.609449268007804],[24.124988970316213,24.498488078580408],[24.98109272848855,22.444961204799466],[25.852730698592307,20.448914916921414],[26.739672856238784,18.510385859202216],[27.641674725622938,16.629398927468475],[28.558477393682164,14.805964876623495],[29.489807792551293,13.04007764828777],[30.4353793172447,11.33171141620449],[31.394892854191916,9.68081735740356],[32.368038304211154,8.087320170861512],[33.35449668980135,6.551114383085517],[34.35394294014729,5.072060501976561],[35.36604944648798,3.6499811066735015],[36.390490473783885,2.284656991589144],[37.42694749997604,0.9758235167933763],[38.4751155295622,-0.27683264721479917],[39.53471039179336,-1.4736761567403749],[40.60547698413289,-2.6151247586603352],[41.68719835813172,-3.7016499013769546],[42.77970546839724,-4.733775902963786],[43.882887318603345,-5.712077394881776],[44.99670114654334,-6.637174792692219],[46.1211822007269,-7.509727607653983],[47.256452584032246,-8.330425507546261],[48.402728587290866,-9.09997716075057],[49.56032591976669,-9.819097049390308],[50.72966227529505,-10.488490604946275],[51.911256759788344,-11.108838188149566],[53.105725849464584,-11.68077858530641],[54.31377574354422,-12.204892805328525],[55.53619120613011,-12.681689017124725],[56.77382123806225,-13.111589452316231],[58.027562154469734,-13.494920008346437],[59.29833884033961,-13.83190312688364],[60.58708509096509,-14.12265430692751],[61.89472400060691,-14.367182364318102],[63.22214933542251,-14.56539329694479],[64.57020872132631,-14.717097385386607],[65.93968930944891,-14.822018975085218],[67.33130637365217,-14.879808263858237],[68.74569507130782,-14.890054363690334],[70.18340538417122,-14.852298915307172],[71.6449000700699,-14.76604959775635],[73.13055531115076,-14.630792978200695],[74.64066364647607,-14.446006272810239],[74.74419081633798,-14.430165404113128],[74.44002636754587,-14.102738051787389],[74.09861422336382,-13.716629702029309],[73.76678047938252,-13.322258967436555],[73.44472501984127,-12.919863402193165],[73.13264183890647,-12.509685394341103],[72.83071892381675,-12.091972019774754]],[[33.208069769846674,-29.423977661152062],[36.096900054452234,-30.22092102156107],[38.97979540307053,-30.971312611311365],[41.856779697072945,-31.67519475974464],[44.72787976136582,-32.3326095281567],[47.593125404773964,-32.9435985268798],[50.45254944458653,-33.508202724456375],[53.3061877139999,-34.02646225013163],[56.154079051255664,-34.49841619106106],[58.996265269445146,-34.92410238580745],[61.83279110612003,-35.30355721586021],[64.66370415203176,-35.63681539704951],[67.48905475855797,-35.923909772851346],[70.3088959236256,-36.164871111674685],[73.12328315619337,-36.35972791028644],[75.93227431965255,-36.50850620556342],[78.7359294547865,-36.611229396755924],[81.53431058324028,-36.667918080405734],[84.32748149272409,-36.67858989997839],[87.1155075054848,-36.64325941214871],[89.89845523183952,-36.561937971516606],[92.67639231080466,-36.43463363533259],[95.44938714010068,-36.26135108957987],[98.2175085979713,-36.04209159749814],[100.98082575942468,-35.77685297134732],[103.7394076096026,-35.46562956790312],[106.49332275703125,-35.10841230786051],[109.24263914954952,-34.70518871899402],[111.98742379563208,-34.25594300260721],[114.7277424937778,-33.76065612248726],[117.46365957248065,-33.21930591528683],[120.19523764313773,-32.63186722098074],[122.92253736804453,-31.99831203179774],[125.6456172453682,-31.318609657818623],[128.36453341275057,-30.592726907249354],[131.07933947087614,-29.82062827924774],[133.79008632806293,-29.00227616708073],[136.49682206661106,-28.137631069339577],[139.1995918313592,-27.226651806920074],[141.8984377405754,-26.269295743508195],[144.59339881905694,-25.265519007361824],[147.2845109529999,-24.215276712289718],[149.9718068660246,-23.118523175826905],[152.6553161154393,-21.97521213278403],[155.33506510770906,-20.78529694248765],[158.01107713189663,-19.548730788224795],[160.6833724097118,-18.26546686759809],[163.3519681607347,-16.935458572683032],[166.01687868126757,-15.558659659095875],[168.67811543527304,-14.135024403256228],[171.33568715580884,-12.664507747333984],[172.7812979911383,-11.837942890328275],[96.76851060884437,-19.877756940378596],[96.58731654837672,-19.94009179245377],[96.0959782223437,-20.09574705037639],[95.60096790697287,-20.239297381704237],[95.10258377796855,-20.370656317085423],[94.60112604329427,-20.4897447308091],[94.0968967623387,-20.59649088846784],[93.59019966396633,-20.690830490167766],[93.0813399635626,-20.7727067092604],[92.57062417918354,-20.842070226572908],[92.05835994692077,-20.898879260116132],[91.54485583559301,-20.943099590252494],[91.20411036397157,-20.96403374918761],[90.61504005961285,-21.83424115675691],[89.77834001698034,-22.660916939410633],[88.79644048641276,-23.308476297955146],[87.70707531621423,-23.752033889397044],[85.90385265996423,-24.287190139397044],[85.75656133773495,-24.328866105706304],[83.97189336898495,-24.809334855706304],[83.8183235802432,-24.848511216014522],[82.0522102989932,-25.274292466014522],[81.89230526269647,-25.31053850744658],[80.14474666894647,-25.68163225744658],[79.97849646316166,-25.714488871227573],[78.24949255691166,-26.030895121227573],[78.07694172889589,-26.059878260104586],[76.36649251014589,-26.321597010104586],[76.18774768927588,-26.346202556523433],[74.49585315802588,-26.553233806523433],[74.31109036060836,-26.572943978441018],[72.63775051685836,-26.725287728441018],[72.44722176706297,-26.739579092882018],[70.79243661081297,-26.837235342882018],[70.59647544704724,-26.845588427830034],[68.96024497829724,-26.888557177830034],[68.75927037810523,-26.89046757134918],[67.14159459685523,-26.87874882134918],[66.93611284546918,-26.873739526615196],[65.33699175171918,-26.807333276615196],[65.127595808892,-26.794967960147574],[63.547029402641996,-26.673874210147574],[63.33439539643628,-26.653770849184987],[61.77238367768628,-26.477989599184987],[61.55726427566551,-26.449833917365094],[60.01380724441551,-26.219365167365094],[59.79702181967877,-26.182923162113802],[58.27211947592877,-25.897766912113802],[58.05454118831475,-25.852895738576144],[56.54819353206475,-25.513051988576144],[56.3307336673,-25.459708486563294],[54.84294069855,-25.065177236563294],[54.626530828049816,-25.003423475840332],[53.157292546799816,-24.554204725840332],[52.9428652630746,-24.484210099744768],[51.4921816693246,-23.980303849744768],[51.280650792014015,-23.90234345675079],[49.848521885764015,-23.34374970675079],[49.64076310162954,-23.258199004529246],[48.22718888287954,-22.644917754529246],[48.024021768663154,-22.552243725368687],[46.629002237413154,-21.884274975368687],[46.431174517262356,-21.78502427727613],[45.054709673512356,-21.06236802727613],[44.862884393823464,-20.95715279571416],[43.504974237573464,-20.17980904571416],[43.31972032207267,-20.069291137301004],[41.98036485332267,-19.237259887301004],[41.802151256168344,-19.122134408832398],[40.481350474918344,-18.235415658832398],[40.31054390701542,-18.11639460296739],[39.00829781326542,-17.17498835296739],[38.84516380124464,-17.05278507550385],[37.56147239499464,-16.05669132550385],[37.40617926153523,-15.932006464808772],[36.14104254278523,-14.881225214808772],[35.993667781242934,-14.75473449154673],[34.747085749992934,-13.64926574154673],[34.60762420763578,-13.521609906282515],[33.37959686388578,-12.361453656282515],[33.24797014160682,-12.233230691012821],[32.03849748535682,-11.018386941012821],[31.914563997936543,-10.890146480938085],[30.723646029186543,-9.620615230938085],[30.60721123699279,-9.492855062446647],[29.43484795574279,-8.168636312446647],[29.3256743638174,-8.041800725152527],[28.1718657700674,-6.662894475152527],[28.069682382734484,-6.5373741987882585],[26.934428476484484,-5.1037804487882585],[26.838939486003884,-4.979913885963048],[25.722240267253884,-3.4916326359630476],[25.633132837292912,-3.3697081038934305],[24.534988306042912,-1.8267393538934305],[24.451939381013602,-1.7069980663539641],[23.372349537263602,-0.10934181635396412],[23.295031665177255,0.008018634287876747],[22.233996508927255,1.6603623842878767],[22.162082708300627,1.7751842508053741],[21.119602239550627,3.482215500805374],[21.052769971125834,3.5943769803425365],[20.028844189875834,5.3560957303425365],[19.966778513208535,5.465507073700302],[18.961407419458535,7.281913323700302],[18.903803424786915,7.388513056887879],[17.916987018536915,9.259606806887879],[17.863551627778488,9.36335813868623],[16.895289909028488,11.28913938868623],[16.845743138113765,11.390026853860027],[15.896036106863765,13.370495603860027],[15.8501118764997,13.46852197191787],[14.9189595327497,15.50367822191787],[14.876406107416102,15.598861685691752],[13.963808451166102,17.68870543569175],[13.924388577699805,17.781077082049656],[13.030345608949805,19.925608332049656],[12.993836417220198,20.015209888255065],[12.118348135970198,22.214428638255065],[12.084540855427662,22.301310481313756],[12.0,22.523669791088164],[12.0,-6.976165993695448],[9.571569106277934,-14.635063427741965],[9.497963029935917,-14.984239136866869],[9.494686471208738,-15.341073544513122],[9.561868208492223,-15.69154200884753],[9.696867801899014,-16.021870088334197],[9.894379370312858,-16.319074917803785],[10.146640128123517,-16.571475473243225],[10.443735485535113,-16.769151670398628],[10.77398872110846,-16.904334253265954],[11.124419911260173,-16.971710148704904],[12.0,-17.051308338590342],[12.0,-22.212004100972408],[12.818660816495681,-22.53838825936517],[15.749471561020627,-23.662367808232176],[18.674256557645947,-24.739505083913688],[21.593021244816228,-25.769840007449897],[24.505773398411367,-26.753413226064293],[27.412523242889968,-27.69026600481109],[30.313283556591376,-28.58044010667159],[33.208069769846674,-29.423977661152062]]]}},{"type":"Feature","properties":{"id":"E-deep-keel","title":"E / Deep keel and seat struts","reason":"Spend depth on chord separation, then cut the material between chords.","paths":[[[[8,-27],[65,-53],[121,-47],[193,-9]],9],[[[8,41],[83,-21]],10],[[[84,-16],[83,-51]],9],[[[84,-19],[189,-6]],7],[[[134,-40],[146,-11]],7]],"section":"Deeper open cradle; depth shown is an exploration parameter, not an approved limit","added_projection_mm2":1572.6798629830823,"removed_projection_mm2":5250.250847360936,"projected_body_area_mm2":6815.546733551713,"bounds_XY_mm":[0.0,-57.488504785331415,207.507,176.0],"minimum_sampled_nominal_spool_clearance_mm":4.668884976857626,"projected_connected_components":1,"CAD_built":false,"mechanical_result":false,"dimensional_envelope_confirmed":false},"geometry":{"type":"Polygon","coordinates":[[[110.87284025427186,-2.293161535783434],[110.8420702265729,-2.57062417918354],[110.7727067092604,-3.0813399635625967],[110.69083049016777,-3.5901996639663256],[110.59649088846784,-4.096896762338694],[110.4897447308091,-4.601126043294266],[110.37065631708542,-5.102583777968541],[110.23929738170423,-5.6009679069728655],[110.09574705037639,-6.095978222343709],[109.94009179245377,-6.587316548376722],[109.77242536884344,-7.074686921236621],[109.59284877552952,-7.55779576723475],[109.40147018273703,-8.036352079666885],[109.19840486977415,-8.510067594104788],[108.98377515559231,-8.978656962035924],[108.75771032510582,-9.441837922746737],[108.52034655131546,-9.899331473345951],[108.27182681328294,-10.350862036825465],[108.01230081000571,-10.796157628057655],[107.74192487024385,-11.23495001762904],[107.46086185835345,-11.666974893411645],[107.16928107618325,-12.091972019774753],[106.86735816109355,-12.509685394341101],[106.7561502324289,-12.655848498999243],[144.182369883373,-8.022126066025209],[144.65944742054847,-7.766902602499286],[145.31595177485528,-7.56749682801656],[145.99874371883575,-7.500000225463202],[146.6815839409968,-7.5670066514228065],[147.0229735977255,-7.670432272819663],[176.43497136136241,-4.028946835416997],[176.2833702979707,-3.901385776636179],[175.89726194821262,-3.5599736324541382],[175.5196485605216,-3.209188741980805],[175.1507575950825,-2.849242404917499],[174.7908112580192,-2.480351439478408],[174.44002636754587,-2.102738051787389],[174.09861422336382,-1.7166297020293086],[173.76678047938253,-1.3222589674365555],[173.44472501984126,-0.9198634021931653],[173.13264183890647,-0.509685394341103],[172.83071892381673,-0.09197201977475444],[172.53913814164656,0.33302510658835516],[172.25807512975615,0.7650499823709591],[171.9876991899943,1.2038423719423434],[171.72817318671707,1.6491379631745335],[171.47965344868453,2.1006685266540455],[171.24228967489418,2.5581620772532556],[171.0162248444077,3.021343037964078],[170.80159513022585,3.489932405895212],[170.59852981726297,3.9636479203331128],[170.40715122447048,4.442204232765245],[170.26246155888177,4.831457954981795],[171.48792333528613,4.97851238828259],[173.474,5.21684],[173.544,5.21974],[173.617,5.21105],[173.926,5.11382],[174.176,5.06731],[174.379,5.05318],[174.641,5.06546],[174.891,5.10999],[175.141,5.18857],[175.378,5.29904],[175.551,5.40588],[175.751,5.56315],[175.939,5.75567],[176.095,5.96546],[176.223,6.19386],[176.296,6.3681],[176.369,6.61923],[176.409,6.87777],[176.415,7.13931],[176.395,7.34203],[176.358,7.53461],[176.202,8.05675],[176.096,8.45335],[176.083,8.58498],[176.092,8.6949],[176.119,8.80189],[176.163,8.90309],[176.227,9.00161],[176.302,9.08254],[176.389,9.15018],[176.479,9.19974],[176.59,9.2388],[176.699,9.2574],[176.802,9.25856],[176.89,9.24708],[176.982,9.22187],[177.063,9.18724],[177.151,9.13386],[177.225,9.07284],[177.28,9.0135],[177.335,8.93552],[177.373,8.86396],[177.404,8.78137],[177.6,8.09504],[177.725,7.71819],[177.838,7.40698],[178.076,6.82032],[178.338,6.25465],[178.655,5.65178],[178.968,5.1222],[179.343,4.55428],[179.747,4.00715],[180.069,3.61044],[180.483,3.14364],[180.878,2.73731],[181.333,2.31035],[181.771,1.9357],[182.263,1.55279],[182.726,1.22527],[183.244,0.893233],[183.785,0.581663],[184.34,0.296648],[184.916,0.0351722],[185.541,-0.211494],[186.132,-0.411346],[186.732,-0.582612],[187.348,-0.726682],[187.953,-0.837876],[188.58,-0.922241],[189.201,-0.975443],[189.825,-0.998818],[190.449,-0.992242],[191.072,-0.955748],[191.74,-0.883079],[192.356,-0.784783],[192.967,-0.656929],[193.415,-0.543516],[193.897,-0.402259],[194.327,-0.258876],[194.752,-0.10041],[195.172,0.0729917],[195.593,0.264501],[196.049,0.492884],[196.447,0.710986],[196.837,0.942844],[197.259,1.21517],[197.631,1.47507],[198.038,1.78245],[198.39,2.06949],[198.731,2.36801],[199.068,2.68466],[199.382,3.00084],[199.69,3.33337],[199.987,3.67719],[200.271,4.03041],[200.548,4.40078],[200.802,4.76626],[201.048,5.14805],[201.28,5.53736],[201.503,5.94267],[201.728,6.39105],[201.917,6.80421],[202.091,7.22326],[202.272,7.70939],[202.431,8.19448],[202.539,8.56745],[202.638,8.95195],[202.748,9.45045],[202.82,9.84142],[202.881,10.2421],[202.94,10.7491],[202.972,11.1449],[202.994,11.5894],[203.0,12.109],[202.993,12.4406],[202.969,12.9024],[202.941,13.2416],[202.882,13.7487],[202.815,14.1881],[202.729,14.6425],[202.631,15.0771],[202.544,15.4147],[202.417,15.8508],[202.275,16.2818],[202.08,16.8046],[201.905,17.2232],[201.715,17.6359],[201.481,18.0988],[201.261,18.4962],[201.032,18.8778],[200.812,19.2187],[200.492,19.6764],[200.218,20.0375],[199.931,20.3896],[199.632,20.731],[199.361,21.0211],[199.122,21.2627],[198.793,21.5754],[198.36,21.9557],[197.882,22.3407],[197.82,22.4038],[197.759,22.4868],[197.706,22.5917],[197.675,22.6898],[197.659,22.7989],[197.663,22.9311],[197.682,23.0248],[197.73,23.1481],[197.788,23.2421],[197.86,23.3254],[197.945,23.3959],[198.04,23.4516],[198.143,23.491],[198.244,23.5123],[198.354,23.5177],[198.464,23.5052],[198.57,23.4749],[198.657,23.435],[198.746,23.3769],[198.94,23.2253],[199.421,22.8246],[199.842,22.4435],[200.197,22.0967],[200.631,21.6391],[201.038,21.1703],[201.428,20.6794],[201.762,20.2213],[202.107,19.7041],[202.4,19.2229],[202.674,18.7305],[202.958,18.1664],[203.188,17.6579],[203.446,17.0136],[203.631,16.4867],[203.934,15.5313],[204.075,15.1149],[204.231,14.6965],[204.431,14.2157],[204.661,13.7211],[204.877,13.294],[205.185,12.7202],[205.935,11.3641],[206.165,10.9281],[206.387,10.4844],[206.603,10.0202],[206.803,9.54954],[206.983,9.07382],[207.119,8.66478],[207.28,8.08074],[207.354,7.74648],[207.403,7.48268],[207.471,6.98383],[207.507,6.45973],[207.506,5.96346],[207.469,5.45991],[207.395,4.96312],[207.345,4.72061],[207.264,4.39742],[207.189,4.14452],[207.086,3.8435],[206.965,3.53413],[206.861,3.29469],[206.723,3.00563],[206.57,2.71076],[206.237,2.12815],[206.128,1.88827],[205.13028705788568,-0.7693475273812462],[204.0726538374253,-3.58657527455235],[203.7166297020293,-3.9013857766361735],[203.32225896743657,-4.233219520617478],[202.91986340219316,-4.555274980158732],[202.5096853943411,-4.8673581610935415],[202.09197201977474,-5.169281076183257],[201.66697489341163,-5.46086185835345],[201.23495001762905,-5.741924870243846],[200.79615762805764,-6.012300810005716],[200.35086203682548,-6.271826813282939],[199.89933147334597,-6.5203465513154555],[199.44183792274674,-6.757710325105823],[198.97865696203593,-6.983775155592308],[198.51006759410478,-7.198404869774144],[198.0363520796669,-7.401470182737022],[197.55779576723475,-7.592848775529514],[197.30150882602547,-7.688113302756544],[197.31303236739438,-7.71635215194809],[197.48058593187488,-8.582447958830361],[197.47595309173494,-9.464590056488897],[197.29931188442305,-10.328878218821671],[196.95745053247467,-11.142098336448623],[196.4635065759271,-11.872998816308435],[195.83646200402353,-12.493491562853816],[195.10041378801156,-12.979731387811363],[123.10041378801155,-50.97973138781136],[122.31340422514042,-51.30406428174386],[121.4793990563542,-51.47439119263914],[65.4793990563542,-57.47439119263914],[64.6785582602446,-57.488504785331415],[63.8879011380575,-57.36041696644555],[63.13247669034576,-57.0941857173189],[8.118300310069712,-32.0],[0.0,-32.0],[0.0,176.0],[12.0,176.0],[12.0,127.86],[12.0,108.217],[12.0,44.18058579061018],[69.23582471118536,-3.1343626373030484],[69.2272932907396,-3.081339963562598],[69.1579297734271,-2.570624179183543],[69.10112073988387,-2.058359946920777],[69.0569004097475,-1.5448558355930224],[69.02529541969137,-1.0304211608757774],[69.00632480737971,-0.5153657989811589],[69.0,0.0],[69.00632480737971,0.5153657989811536],[69.02529541969137,1.0304211608757723],[69.0569004097475,1.5448558355930173],[69.10112073988387,2.0583599469207723],[69.1579297734271,2.5706241791835382],[69.2272932907396,3.081339963562593],[69.30916950983223,3.5901996639663203],[69.40350911153216,4.096896762338695],[69.5102552691909,4.601126043294266],[69.62934368291458,5.10258377796854],[69.68058099018378,5.296981370197694],[70.86190858967228,5.071004873422641],[72.7177,4.71601],[72.8131,4.67744],[72.908,4.60825],[73.1525,4.29534],[73.3443,4.10675],[73.5534,3.94961],[73.7747,3.82431],[74.024,3.72345],[74.1496,3.68673],[74.3346,3.64839],[74.6024,3.62424],[74.7913,3.6289],[74.9287,3.64359],[75.1215,3.68068],[75.3642,3.75651],[75.5437,3.83573],[75.7147,3.93217],[75.8753,4.04491],[76.0242,4.17285],[76.1597,4.31476],[76.2807,4.46927],[76.3897,4.64131],[76.4746,4.81006],[76.7453,5.49878],[77.0244,6.12838],[77.2462,6.57749],[77.4835,7.01858],[77.7692,7.5054],[78.1058,8.02814],[78.4667,8.53852],[78.837,9.01526],[78.9406,9.10884],[79.0545,9.17605],[79.1937,9.22306],[79.3324,9.23881],[79.4786,9.22418],[79.6115,9.18128],[79.7386,9.10763],[79.8419,9.01373],[79.9044,8.93196],[79.9476,8.85498],[79.9826,8.76602],[80.0058,8.66572],[80.0134,8.57778],[80.0085,8.48231],[79.9883,8.38137],[79.9589,8.29815],[79.8909,8.17624],[79.4552,7.60312],[79.067,7.0335],[78.7182,6.45924],[78.4213,5.91053],[78.1243,5.28848],[77.8669,4.66785],[77.6367,4.01863],[77.5356,3.69315],[77.431,3.31969],[77.2963,2.75975],[77.1785,2.14708],[77.0913,1.53812],[77.0358,0.964392],[77.0047,0.350501],[77.0018,-0.217169],[77.0277,-0.848764],[77.0824,-1.4615],[77.1688,-2.08819],[77.2939,-2.74881],[77.4403,-3.35479],[77.6331,-4.00752],[77.8427,-4.60439],[78.097,-5.22681],[78.3615,-5.79187],[78.6568,-6.35078],[79.0001,-6.92835],[79.3502,-7.45528],[79.7204,-7.95804],[80.1453,-8.47851],[80.6022,-8.98229],[81.0503,-9.42884],[81.5494,-9.87864],[82.0404,-10.2784],[82.3969,-10.5448],[82.7695,-10.8037],[83.1584,-11.0541],[83.5483,-11.2861],[83.9461,-11.5044],[84.402,-11.733],[84.8149,-11.9212],[85.2264,-12.0919],[85.6514,-12.2511],[86.0894,-12.3979],[86.5161,-12.5245],[86.9638,-12.6405],[87.3982,-12.737],[87.8529,-12.8215],[88.3017,-12.8886],[88.7439,-12.9392],[89.2049,-12.9757],[89.6495,-12.9953],[90.1037,-12.9996],[90.5569,-12.9881],[91.0103,-12.9607],[91.4615,-12.9176],[91.9114,-12.8587],[92.359,-12.7842],[92.8123,-12.6922],[93.254,-12.5862],[93.6908,-12.4651],[94.1236,-12.3287],[94.5518,-12.1771],[94.974,-12.0108],[95.3897,-11.8301],[95.7997,-11.6346],[96.1941,-11.4295],[96.5482,-11.2304],[96.9361,-10.995],[97.3152,-10.7465],[97.6862,-10.4844],[98.0471,-10.21],[98.3922,-9.92829],[98.698,-9.66153],[99.0236,-9.35816],[99.3447,-9.03754],[99.6222,-8.7415],[99.9211,-8.40073],[100.209,-8.04899],[100.45,-7.73349],[100.681,-7.41117],[100.964,-6.98572],[101.172,-6.64807],[101.37,-6.30338],[101.553,-5.96143],[101.705,-5.65697],[101.849,-5.34865],[102.007,-4.98431],[102.133,-4.66831],[102.289,-4.24157],[102.446,-3.75585],[102.586,-3.25637],[102.716,-2.7043],[102.811,-2.21112],[102.888,-1.70647],[102.945,-1.19968],[102.985,-0.633907],[103.0,-0.147082],[103.02,-0.016379],[103.045,0.0606245],[103.097,0.166026],[103.148,0.238248],[103.208,0.30323],[103.276,0.35986],[103.363,0.414091],[103.444,0.449514],[103.536,0.475625],[103.623,0.487966],[103.712,0.488795],[103.814,0.475202],[103.899,0.4513],[103.98,0.416513],[104.062,0.367241],[104.141,0.30181],[104.201,0.236647],[104.255,0.157956],[104.295,0.0791679],[104.322,0.00293671],[104.341,-0.0832608],[104.348,-0.149132],[104.345,-0.478351],[104.352,-0.601666],[104.38,-0.803331],[104.407,-0.923857],[104.489,-1.17245],[104.602,-1.40827],[104.674,-1.52629],[104.785,-1.67899],[104.875,-1.7837],[105.01,-1.91625],[105.168,-2.04421],[105.326,-2.14795],[105.441,-2.21085],[105.62,-2.2908],[105.877,-2.37109],[106.135,-2.41546],[106.396,-2.4258],[106.657,-2.40194],[106.842,-2.36365],[107.036,-2.30305],[107.269,-2.20012],[107.566,-2.02112],[107.664,-1.9889],[107.752,-1.97957],[107.84,-1.98754],[109.143,-2.23604],[109.519,-2.29137],[109.66453126784502,-2.302570540961261],[109.98,-2.32685],[110.303,-2.33056],[110.565,-2.32081],[110.87284025427186,-2.293161535783434]],[[180.32631007333586,-10.600608796477502],[148.31298350379274,-14.56416351461141],[141.4664359307266,-31.109986816187952],[180.32631007333586,-10.600608796477502]],[[119.66266992011911,-42.61752998845301],[131.77409912613896,-36.22538679638698],[140.3282962089092,-15.552743846358897],[88.33067795424016,-21.990544201698874],[87.64331707611656,-46.04817493602471],[119.66266992011911,-42.61752998845301]],[[9.571569106277934,-14.635063427741965],[9.497963029935917,-14.984239136866869],[9.494686471208738,-15.341073544513122],[9.561868208492223,-15.69154200884753],[9.696867801899014,-16.021870088334197],[9.894379370312858,-16.319074917803785],[10.146640128123517,-16.571475473243225],[10.443735485535113,-16.769151670398628],[10.77398872110846,-16.904334253265954],[11.124419911260173,-16.971710148704904],[12.0,-17.051308338590342],[12.0,-23.87852294845285],[65.74613102578489,-48.39430201284596],[78.6119974593245,-47.01581632353815],[79.25833108325136,-24.394139486097977],[12.0,31.20608087605649],[12.0,-6.976165993695448],[9.571569106277934,-14.635063427741965]]]}},{"type":"Feature","properties":{"id":"D-independent-arms","title":"D / Two direct seat arms","reason":"Give each seat a direct wall-root path; separate the inner and outer branches.","paths":[[[[8,40],[85,-19]],17],[[[8,-25],[120,-37],[190,-8]],15],[[[85,-19],[100,-36]],5]],"section":"Forked arms; through-width face coupling remains a 3D design variable","added_projection_mm2":431.586062746177,"removed_projection_mm2":3497.3006315002563,"projected_body_area_mm2":7427.403149175483,"bounds_XY_mm":[0.0,-44.486610377447214,207.507,176.0],"minimum_sampled_nominal_spool_clearance_mm":4.668884976857626,"projected_connected_components":1,"CAD_built":false,"mechanical_result":false,"dimensional_envelope_confirmed":false},"geometry":{"type":"Polygon","coordinates":[[[72.7177,4.71601],[72.8131,4.67744],[72.908,4.60825],[73.1525,4.29534],[73.3443,4.10675],[73.5534,3.94961],[73.7747,3.82431],[74.024,3.72345],[74.1496,3.68673],[74.3346,3.64839],[74.6024,3.62424],[74.7913,3.6289],[74.9287,3.64359],[75.1215,3.68068],[75.3642,3.75651],[75.5437,3.83573],[75.7147,3.93217],[75.8753,4.04491],[76.0242,4.17285],[76.1597,4.31476],[76.2807,4.46927],[76.3897,4.64131],[76.4746,4.81006],[76.7453,5.49878],[77.0244,6.12838],[77.2462,6.57749],[77.4835,7.01858],[77.7692,7.5054],[78.1058,8.02814],[78.4667,8.53852],[78.837,9.01526],[78.9406,9.10884],[79.0545,9.17605],[79.1937,9.22306],[79.3324,9.23881],[79.4786,9.22418],[79.6115,9.18128],[79.7386,9.10763],[79.8419,9.01373],[79.9044,8.93196],[79.9476,8.85498],[79.9826,8.76602],[80.0058,8.66572],[80.0134,8.57778],[80.0085,8.48231],[79.9883,8.38137],[79.9589,8.29815],[79.8909,8.17624],[79.4552,7.60312],[79.067,7.0335],[78.7182,6.45924],[78.4213,5.91053],[78.1243,5.28848],[77.8669,4.66785],[77.6367,4.01863],[77.5356,3.69315],[77.431,3.31969],[77.2963,2.75975],[77.1785,2.14708],[77.0913,1.53812],[77.0358,0.964392],[77.0047,0.350501],[77.0018,-0.217169],[77.0277,-0.848764],[77.0824,-1.4615],[77.1688,-2.08819],[77.2939,-2.74881],[77.4403,-3.35479],[77.6331,-4.00752],[77.8427,-4.60439],[78.097,-5.22681],[78.3615,-5.79187],[78.6568,-6.35078],[79.0001,-6.92835],[79.3502,-7.45528],[79.7204,-7.95804],[80.1453,-8.47851],[80.6022,-8.98229],[81.0503,-9.42884],[81.5494,-9.87864],[82.0404,-10.2784],[82.3969,-10.5448],[82.7695,-10.8037],[83.1584,-11.0541],[83.5483,-11.2861],[83.9461,-11.5044],[84.402,-11.733],[84.8149,-11.9212],[85.2264,-12.0919],[85.6514,-12.2511],[86.0894,-12.3979],[86.5161,-12.5245],[86.9638,-12.6405],[87.3982,-12.737],[87.8529,-12.8215],[88.3017,-12.8886],[88.7439,-12.9392],[89.2049,-12.9757],[89.6495,-12.9953],[90.1037,-12.9996],[90.5569,-12.9881],[91.0103,-12.9607],[91.4615,-12.9176],[91.9114,-12.8587],[92.359,-12.7842],[92.8123,-12.6922],[93.254,-12.5862],[93.6908,-12.4651],[94.1236,-12.3287],[94.5518,-12.1771],[94.974,-12.0108],[95.3897,-11.8301],[95.7997,-11.6346],[96.1941,-11.4295],[96.5482,-11.2304],[96.9361,-10.995],[97.3152,-10.7465],[97.6862,-10.4844],[98.0471,-10.21],[98.3922,-9.92829],[98.698,-9.66153],[99.0236,-9.35816],[99.3447,-9.03754],[99.6222,-8.7415],[99.9211,-8.40073],[100.209,-8.04899],[100.45,-7.73349],[100.681,-7.41117],[100.964,-6.98572],[101.172,-6.64807],[101.37,-6.30338],[101.553,-5.96143],[101.705,-5.65697],[101.849,-5.34865],[102.007,-4.98431],[102.133,-4.66831],[102.289,-4.24157],[102.446,-3.75585],[102.586,-3.25637],[102.716,-2.7043],[102.811,-2.21112],[102.888,-1.70647],[102.945,-1.19968],[102.985,-0.633907],[103.0,-0.147082],[103.02,-0.016379],[103.045,0.0606245],[103.097,0.166026],[103.148,0.238248],[103.208,0.30323],[103.276,0.35986],[103.363,0.414091],[103.444,0.449514],[103.536,0.475625],[103.623,0.487966],[103.712,0.488795],[103.814,0.475202],[103.899,0.4513],[103.98,0.416513],[104.062,0.367241],[104.141,0.30181],[104.201,0.236647],[104.255,0.157956],[104.295,0.0791679],[104.322,0.00293671],[104.341,-0.0832608],[104.348,-0.149132],[104.345,-0.478351],[104.352,-0.601666],[104.38,-0.803331],[104.407,-0.923857],[104.489,-1.17245],[104.602,-1.40827],[104.674,-1.52629],[104.785,-1.67899],[104.875,-1.7837],[105.01,-1.91625],[105.168,-2.04421],[105.326,-2.14795],[105.441,-2.21085],[105.62,-2.2908],[105.877,-2.37109],[106.135,-2.41546],[106.396,-2.4258],[106.657,-2.40194],[106.842,-2.36365],[107.036,-2.30305],[107.269,-2.20012],[107.566,-2.02112],[107.664,-1.9889],[107.752,-1.97957],[107.84,-1.98754],[109.143,-2.23604],[109.519,-2.29137],[109.66453126784502,-2.302570540961261],[109.98,-2.32685],[110.303,-2.33056],[110.565,-2.32081],[110.87284025427186,-2.293161535783434],[110.8420702265729,-2.57062417918354],[110.7727067092604,-3.0813399635625967],[110.69083049016777,-3.5901996639663256],[110.59649088846784,-4.096896762338694],[110.4897447308091,-4.601126043294266],[110.37065631708542,-5.102583777968541],[110.23929738170423,-5.6009679069728655],[110.09574705037639,-6.095978222343709],[109.94009179245377,-6.587316548376722],[109.77242536884344,-7.074686921236621],[109.59284877552952,-7.55779576723475],[109.40147018273703,-8.036352079666885],[109.19840486977415,-8.510067594104788],[108.98377515559231,-8.978656962035924],[108.75771032510582,-9.441837922746737],[108.52034655131546,-9.899331473345951],[108.27182681328294,-10.350862036825465],[108.01230081000571,-10.796157628057655],[107.74192487024385,-11.23495001762904],[107.46086185835345,-11.666974893411645],[107.16928107618325,-12.091972019774753],[106.86735816109355,-12.509685394341101],[106.55527498015873,-12.919863402193164],[106.23321952061748,-13.322258967436555],[105.90138577663618,-13.716629702029312],[105.55997363245415,-14.102738051787385],[105.20918874198081,-14.480351439478403],[104.8492424049175,-14.849242404917497],[104.48035143947841,-15.209188741980805],[104.10273805178738,-15.559973632454142],[103.71662970202931,-15.901385776636173],[103.32225896743655,-16.233219520617478],[102.91986340219316,-16.555274980158732],[102.5096853943411,-16.86735816109354],[102.09197201977476,-17.169281076183257],[101.66697489341165,-17.46086185835345],[101.23495001762905,-17.741924870243846],[100.79615762805766,-18.012300810005716],[100.35086203682546,-18.27182681328294],[99.89933147334595,-18.520346551315455],[99.44183792274674,-18.757710325105823],[98.97865696203593,-18.98377515559231],[98.51006759410478,-19.198404869774144],[98.03635207966688,-19.40147018273702],[97.55779576723475,-19.592848775529514],[97.07468692123662,-19.772425368843436],[96.58731654837672,-19.94009179245377],[96.0959782223437,-20.09574705037639],[95.60096790697287,-20.239297381704237],[95.10258377796855,-20.370656317085423],[94.60112604329427,-20.4897447308091],[94.0968967623387,-20.59649088846784],[93.59019966396633,-20.690830490167766],[93.28662073043672,-20.739676754184856],[93.21188213603104,-21.194308953619394],[92.626004683061,-22.754204652643708],[92.22147407890834,-23.405742606511243],[95.21805337065356,-26.801865803822494],[118.89683265279146,-29.33887786976584],[177.6636325115478,-4.992632213995358],[177.4903146056589,-4.867358161093545],[177.08013659780684,-4.555274980158732],[176.67774103256346,-4.233219520617478],[176.2833702979707,-3.901385776636179],[175.89726194821262,-3.5599736324541382],[175.5196485605216,-3.209188741980805],[175.1507575950825,-2.849242404917499],[174.7908112580192,-2.480351439478408],[174.44002636754587,-2.102738051787389],[174.09861422336382,-1.7166297020293086],[173.76678047938253,-1.3222589674365555],[173.44472501984126,-0.9198634021931653],[173.13264183890647,-0.509685394341103],[172.83071892381673,-0.09197201977475444],[172.53913814164656,0.33302510658835516],[172.25807512975615,0.7650499823709591],[171.9876991899943,1.2038423719423434],[171.72817318671707,1.6491379631745335],[171.47965344868453,2.1006685266540455],[171.24228967489418,2.5581620772532556],[171.0162248444077,3.021343037964078],[170.80159513022585,3.489932405895212],[170.59852981726297,3.9636479203331128],[170.40715122447048,4.442204232765245],[170.26246155888177,4.831457954981795],[171.48792333528613,4.97851238828259],[173.474,5.21684],[173.544,5.21974],[173.617,5.21105],[173.926,5.11382],[174.176,5.06731],[174.379,5.05318],[174.641,5.06546],[174.891,5.10999],[175.141,5.18857],[175.378,5.29904],[175.551,5.40588],[175.751,5.56315],[175.939,5.75567],[176.095,5.96546],[176.223,6.19386],[176.296,6.3681],[176.369,6.61923],[176.409,6.87777],[176.415,7.13931],[176.395,7.34203],[176.358,7.53461],[176.202,8.05675],[176.096,8.45335],[176.083,8.58498],[176.092,8.6949],[176.119,8.80189],[176.163,8.90309],[176.227,9.00161],[176.302,9.08254],[176.389,9.15018],[176.479,9.19974],[176.59,9.2388],[176.699,9.2574],[176.802,9.25856],[176.89,9.24708],[176.982,9.22187],[177.063,9.18724],[177.151,9.13386],[177.225,9.07284],[177.28,9.0135],[177.335,8.93552],[177.373,8.86396],[177.404,8.78137],[177.6,8.09504],[177.725,7.71819],[177.838,7.40698],[178.076,6.82032],[178.338,6.25465],[178.655,5.65178],[178.968,5.1222],[179.343,4.55428],[179.747,4.00715],[180.069,3.61044],[180.483,3.14364],[180.878,2.73731],[181.333,2.31035],[181.771,1.9357],[182.263,1.55279],[182.726,1.22527],[183.244,0.893233],[183.785,0.581663],[184.34,0.296648],[184.916,0.0351722],[185.541,-0.211494],[186.132,-0.411346],[186.732,-0.582612],[187.348,-0.726682],[187.953,-0.837876],[188.58,-0.922241],[189.201,-0.975443],[189.825,-0.998818],[190.449,-0.992242],[191.072,-0.955748],[191.74,-0.883079],[192.356,-0.784783],[192.967,-0.656929],[193.415,-0.543516],[193.897,-0.402259],[194.327,-0.258876],[194.752,-0.10041],[195.172,0.0729917],[195.593,0.264501],[196.049,0.492884],[196.447,0.710986],[196.837,0.942844],[197.259,1.21517],[197.631,1.47507],[198.038,1.78245],[198.39,2.06949],[198.731,2.36801],[199.068,2.68466],[199.382,3.00084],[199.69,3.33337],[199.987,3.67719],[200.271,4.03041],[200.548,4.40078],[200.802,4.76626],[201.048,5.14805],[201.28,5.53736],[201.503,5.94267],[201.728,6.39105],[201.917,6.80421],[202.091,7.22326],[202.272,7.70939],[202.431,8.19448],[202.539,8.56745],[202.638,8.95195],[202.748,9.45045],[202.82,9.84142],[202.881,10.2421],[202.94,10.7491],[202.972,11.1449],[202.994,11.5894],[203.0,12.109],[202.993,12.4406],[202.969,12.9024],[202.941,13.2416],[202.882,13.7487],[202.815,14.1881],[202.729,14.6425],[202.631,15.0771],[202.544,15.4147],[202.417,15.8508],[202.275,16.2818],[202.08,16.8046],[201.905,17.2232],[201.715,17.6359],[201.481,18.0988],[201.261,18.4962],[201.032,18.8778],[200.812,19.2187],[200.492,19.6764],[200.218,20.0375],[199.931,20.3896],[199.632,20.731],[199.361,21.0211],[199.122,21.2627],[198.793,21.5754],[198.36,21.9557],[197.882,22.3407],[197.82,22.4038],[197.759,22.4868],[197.706,22.5917],[197.675,22.6898],[197.659,22.7989],[197.663,22.9311],[197.682,23.0248],[197.73,23.1481],[197.788,23.2421],[197.86,23.3254],[197.945,23.3959],[198.04,23.4516],[198.143,23.491],[198.244,23.5123],[198.354,23.5177],[198.464,23.5052],[198.57,23.4749],[198.657,23.435],[198.746,23.3769],[198.94,23.2253],[199.421,22.8246],[199.842,22.4435],[200.197,22.0967],[200.631,21.6391],[201.038,21.1703],[201.428,20.6794],[201.762,20.2213],[202.107,19.7041],[202.4,19.2229],[202.674,18.7305],[202.958,18.1664],[203.188,17.6579],[203.446,17.0136],[203.631,16.4867],[203.934,15.5313],[204.075,15.1149],[204.231,14.6965],[204.431,14.2157],[204.661,13.7211],[204.877,13.294],[205.185,12.7202],[205.935,11.3641],[206.165,10.9281],[206.387,10.4844],[206.603,10.0202],[206.803,9.54954],[206.983,9.07382],[207.119,8.66478],[207.28,8.08074],[207.354,7.74648],[207.403,7.48268],[207.471,6.98383],[207.507,6.45973],[207.506,5.96346],[207.469,5.45991],[207.395,4.96312],[207.345,4.72061],[207.264,4.39742],[207.189,4.14452],[207.086,3.8435],[206.965,3.53413],[206.861,3.29469],[206.723,3.00563],[206.57,2.71076],[206.237,2.12815],[206.128,1.88827],[205.13028705788568,-0.7693475273812462],[204.0726538374253,-3.58657527455235],[203.7166297020293,-3.9013857766361735],[203.32225896743657,-4.233219520617478],[202.91986340219316,-4.555274980158732],[202.5096853943411,-4.8673581610935415],[202.09197201977474,-5.169281076183257],[201.66697489341163,-5.46086185835345],[201.23495001762905,-5.741924870243846],[200.79615762805764,-6.012300810005716],[200.35086203682548,-6.271826813282939],[199.89933147334597,-6.5203465513154555],[199.44183792274674,-6.757710325105823],[198.97865696203593,-6.983775155592308],[198.51006759410478,-7.198404869774144],[198.0363520796669,-7.401470182737022],[197.55779576723475,-7.592848775529514],[197.4633781313518,-7.627944794865667],[197.49999998577783,-7.999538120460812],[197.35597969730335,-9.462724407692995],[196.92927323434247,-10.869699016242839],[196.23627868696698,-12.166392700944218],[195.30362744699676,-13.302974250688255],[194.167160778547,-14.235765473920562],[192.87055245834833,-14.928919727047674],[122.87055245834833,-43.92891972704767],[121.68252197559517,-44.3088384714426],[120.44795653394016,-44.486610377447214],[119.20100157274301,-44.45731865439857],[7.201001572743011,-32.45731865439857],[5.761503405817518,-32.1581515070466],[5.388750042674181,-32.0],[0.0,-32.0],[0.0,37.15863132087195],[0.0,42.75844404879912],[0.0,176.0],[12.0,176.0],[12.0,127.86],[12.0,108.217],[12.0,47.47339386465246],[13.169828372249142,46.74706414683363],[69.33214499264193,3.713600762376815],[69.40350911153216,4.096896762338695],[69.5102552691909,4.601126043294266],[69.62934368291458,5.10258377796854],[69.68058099018378,5.296981370197694],[70.86190858967228,5.071004873422641],[72.7177,4.71601]],[[9.494686471208738,-15.341073544513122],[9.561868208492223,-15.69154200884753],[9.696867801899014,-16.021870088334197],[9.894379370312858,-16.319074917803785],[10.146640128123517,-16.571475473243225],[10.443735485535113,-16.769151670398628],[10.77398872110846,-16.904334253265954],[11.124419911260173,-16.971710148704904],[12.0,-17.051308338590342],[12.0,-17.885645799823898],[78.92908203581382,-25.05661887508967],[12.0,26.226703723780663],[12.0,-6.976165993695448],[9.571569106277934,-14.635063427741965],[9.497963029935917,-14.984239136866869],[9.494686471208738,-15.341073544513122]]]}},{"type":"Feature","properties":{"id":"F-seat-portals","title":"F / Broad seat portals","reason":"Back each seat with a broad shoulder and rounded window, avoiding a thin neck.","paths":[[[[8,45],[77,-19],[107,-25],[174,-9],[192,-7]],18],[[[8,-26],[80,-43],[133,-35],[191,-8]],12],[[[82,-18],[81,-42]],13]],"section":"Thick root transitions; varied windows and independent seat backing","added_projection_mm2":1116.0688923919324,"removed_projection_mm2":2995.9338829512662,"projected_body_area_mm2":8613.252727370233,"bounds_XY_mm":[0.0,-48.99495128503125,207.507,176.0],"minimum_sampled_nominal_spool_clearance_mm":4.668884976857626,"projected_connected_components":1,"CAD_built":false,"mechanical_result":false,"dimensional_envelope_confirmed":false},"geometry":{"type":"Polygon","coordinates":[[[69.30916950983223,3.5901996639663203],[69.40350911153216,4.096896762338695],[69.5102552691909,4.601126043294266],[69.62934368291458,5.10258377796854],[69.68058099018378,5.296981370197694],[70.86190858967228,5.071004873422641],[72.7177,4.71601],[72.8131,4.67744],[72.908,4.60825],[73.1525,4.29534],[73.3443,4.10675],[73.5534,3.94961],[73.7747,3.82431],[74.024,3.72345],[74.1496,3.68673],[74.3346,3.64839],[74.6024,3.62424],[74.7913,3.6289],[74.9287,3.64359],[75.1215,3.68068],[75.3642,3.75651],[75.5437,3.83573],[75.7147,3.93217],[75.8753,4.04491],[76.0242,4.17285],[76.1597,4.31476],[76.2807,4.46927],[76.3897,4.64131],[76.4746,4.81006],[76.7453,5.49878],[77.0244,6.12838],[77.2462,6.57749],[77.4835,7.01858],[77.7692,7.5054],[78.1058,8.02814],[78.4667,8.53852],[78.837,9.01526],[78.9406,9.10884],[79.0545,9.17605],[79.1937,9.22306],[79.3324,9.23881],[79.4786,9.22418],[79.6115,9.18128],[79.7386,9.10763],[79.8419,9.01373],[79.9044,8.93196],[79.9476,8.85498],[79.9826,8.76602],[80.0058,8.66572],[80.0134,8.57778],[80.0085,8.48231],[79.9883,8.38137],[79.9589,8.29815],[79.8909,8.17624],[79.4552,7.60312],[79.067,7.0335],[78.7182,6.45924],[78.4213,5.91053],[78.1243,5.28848],[77.8669,4.66785],[77.6367,4.01863],[77.5356,3.69315],[77.431,3.31969],[77.2963,2.75975],[77.1785,2.14708],[77.0913,1.53812],[77.0358,0.964392],[77.0047,0.350501],[77.0018,-0.217169],[77.0277,-0.848764],[77.0824,-1.4615],[77.1688,-2.08819],[77.2939,-2.74881],[77.4403,-3.35479],[77.6331,-4.00752],[77.8427,-4.60439],[78.097,-5.22681],[78.3615,-5.79187],[78.6568,-6.35078],[79.0001,-6.92835],[79.3502,-7.45528],[79.7204,-7.95804],[80.1453,-8.47851],[80.6022,-8.98229],[81.0503,-9.42884],[81.5494,-9.87864],[82.0404,-10.2784],[82.3969,-10.5448],[82.7695,-10.8037],[83.1584,-11.0541],[83.5483,-11.2861],[83.9461,-11.5044],[84.402,-11.733],[84.8149,-11.9212],[85.2264,-12.0919],[85.6514,-12.2511],[86.0894,-12.3979],[86.5161,-12.5245],[86.9638,-12.6405],[87.3982,-12.737],[87.8529,-12.8215],[88.3017,-12.8886],[88.7439,-12.9392],[89.2049,-12.9757],[89.6495,-12.9953],[90.1037,-12.9996],[90.5569,-12.9881],[91.0103,-12.9607],[91.4615,-12.9176],[91.9114,-12.8587],[92.359,-12.7842],[92.8123,-12.6922],[93.254,-12.5862],[93.6908,-12.4651],[94.1236,-12.3287],[94.5518,-12.1771],[94.974,-12.0108],[95.3897,-11.8301],[95.7997,-11.6346],[96.1941,-11.4295],[96.5482,-11.2304],[96.9361,-10.995],[97.3152,-10.7465],[97.6862,-10.4844],[98.0471,-10.21],[98.3922,-9.92829],[98.698,-9.66153],[99.0236,-9.35816],[99.3447,-9.03754],[99.6222,-8.7415],[99.9211,-8.40073],[100.209,-8.04899],[100.45,-7.73349],[100.681,-7.41117],[100.964,-6.98572],[101.172,-6.64807],[101.37,-6.30338],[101.553,-5.96143],[101.705,-5.65697],[101.849,-5.34865],[102.007,-4.98431],[102.133,-4.66831],[102.289,-4.24157],[102.446,-3.75585],[102.586,-3.25637],[102.716,-2.7043],[102.811,-2.21112],[102.888,-1.70647],[102.945,-1.19968],[102.985,-0.633907],[103.0,-0.147082],[103.02,-0.016379],[103.045,0.0606245],[103.097,0.166026],[103.148,0.238248],[103.208,0.30323],[103.276,0.35986],[103.363,0.414091],[103.444,0.449514],[103.536,0.475625],[103.623,0.487966],[103.712,0.488795],[103.814,0.475202],[103.899,0.4513],[103.98,0.416513],[104.062,0.367241],[104.141,0.30181],[104.201,0.236647],[104.255,0.157956],[104.295,0.0791679],[104.322,0.00293671],[104.341,-0.0832608],[104.348,-0.149132],[104.345,-0.478351],[104.352,-0.601666],[104.38,-0.803331],[104.407,-0.923857],[104.489,-1.17245],[104.602,-1.40827],[104.674,-1.52629],[104.785,-1.67899],[104.875,-1.7837],[105.01,-1.91625],[105.168,-2.04421],[105.326,-2.14795],[105.441,-2.21085],[105.62,-2.2908],[105.877,-2.37109],[106.135,-2.41546],[106.396,-2.4258],[106.657,-2.40194],[106.842,-2.36365],[107.036,-2.30305],[107.269,-2.20012],[107.566,-2.02112],[107.664,-1.9889],[107.752,-1.97957],[107.84,-1.98754],[109.143,-2.23604],[109.519,-2.29137],[109.66453126784502,-2.302570540961261],[109.98,-2.32685],[110.303,-2.33056],[110.565,-2.32081],[110.87284025427186,-2.293161535783434],[110.8420702265729,-2.57062417918354],[110.7727067092604,-3.0813399635625967],[110.69083049016777,-3.5901996639663256],[110.59649088846784,-4.096896762338694],[110.4897447308091,-4.601126043294266],[110.37065631708542,-5.102583777968541],[110.23929738170423,-5.6009679069728655],[110.09574705037639,-6.095978222343709],[109.94009179245377,-6.587316548376722],[109.77242536884344,-7.074686921236621],[109.59284877552952,-7.55779576723475],[109.40147018273703,-8.036352079666885],[109.19840486977415,-8.510067594104788],[108.98377515559231,-8.978656962035924],[108.75771032510582,-9.441837922746737],[108.52034655131546,-9.899331473345951],[108.27182681328294,-10.350862036825465],[108.01230081000571,-10.796157628057655],[107.74192487024385,-11.23495001762904],[107.46086185835345,-11.666974893411645],[107.16928107618325,-12.091972019774753],[106.86735816109355,-12.509685394341101],[106.55527498015873,-12.919863402193164],[106.23321952061748,-13.322258967436555],[105.90138577663618,-13.716629702029312],[105.55997363245415,-14.102738051787385],[105.20918874198081,-14.480351439478403],[104.8492424049175,-14.849242404917497],[104.48035143947841,-15.209188741980805],[104.38411495121996,-15.298587865776978],[106.82945951580568,-15.787656778694124],[171.90952786149765,-0.24614792002141428],[172.82682189994762,-0.08629186509027764],[172.53913814164656,0.33302510658835516],[172.25807512975615,0.7650499823709591],[171.9876991899943,1.2038423719423434],[171.72817318671707,1.6491379631745335],[171.47965344868453,2.1006685266540455],[171.24228967489418,2.5581620772532556],[171.0162248444077,3.021343037964078],[170.80159513022585,3.489932405895212],[170.59852981726297,3.9636479203331128],[170.40715122447048,4.442204232765245],[170.26246155888177,4.831457954981795],[171.48792333528613,4.97851238828259],[173.474,5.21684],[173.544,5.21974],[173.617,5.21105],[173.926,5.11382],[174.176,5.06731],[174.379,5.05318],[174.641,5.06546],[174.891,5.10999],[175.141,5.18857],[175.378,5.29904],[175.551,5.40588],[175.751,5.56315],[175.939,5.75567],[176.095,5.96546],[176.223,6.19386],[176.296,6.3681],[176.369,6.61923],[176.409,6.87777],[176.415,7.13931],[176.395,7.34203],[176.358,7.53461],[176.202,8.05675],[176.096,8.45335],[176.083,8.58498],[176.092,8.6949],[176.119,8.80189],[176.163,8.90309],[176.227,9.00161],[176.302,9.08254],[176.389,9.15018],[176.479,9.19974],[176.59,9.2388],[176.699,9.2574],[176.802,9.25856],[176.89,9.24708],[176.982,9.22187],[177.063,9.18724],[177.151,9.13386],[177.225,9.07284],[177.28,9.0135],[177.335,8.93552],[177.373,8.86396],[177.404,8.78137],[177.6,8.09504],[177.725,7.71819],[177.838,7.40698],[178.076,6.82032],[178.338,6.25465],[178.655,5.65178],[178.968,5.1222],[179.343,4.55428],[179.747,4.00715],[180.069,3.61044],[180.483,3.14364],[180.878,2.73731],[181.333,2.31035],[181.771,1.9357],[182.263,1.55279],[182.726,1.22527],[183.244,0.893233],[183.785,0.581663],[184.34,0.296648],[184.916,0.0351722],[185.541,-0.211494],[186.132,-0.411346],[186.732,-0.582612],[187.348,-0.726682],[187.953,-0.837876],[188.58,-0.922241],[189.201,-0.975443],[189.825,-0.998818],[190.449,-0.992242],[191.072,-0.955748],[191.74,-0.883079],[192.356,-0.784783],[192.967,-0.656929],[193.415,-0.543516],[193.897,-0.402259],[194.327,-0.258876],[194.752,-0.10041],[195.172,0.0729917],[195.593,0.264501],[196.049,0.492884],[196.447,0.710986],[196.837,0.942844],[197.259,1.21517],[197.631,1.47507],[198.038,1.78245],[198.39,2.06949],[198.731,2.36801],[199.068,2.68466],[199.382,3.00084],[199.69,3.33337],[199.987,3.67719],[200.271,4.03041],[200.548,4.40078],[200.802,4.76626],[201.048,5.14805],[201.28,5.53736],[201.503,5.94267],[201.728,6.39105],[201.917,6.80421],[202.091,7.22326],[202.272,7.70939],[202.431,8.19448],[202.539,8.56745],[202.638,8.95195],[202.748,9.45045],[202.82,9.84142],[202.881,10.2421],[202.94,10.7491],[202.972,11.1449],[202.994,11.5894],[203.0,12.109],[202.993,12.4406],[202.969,12.9024],[202.941,13.2416],[202.882,13.7487],[202.815,14.1881],[202.729,14.6425],[202.631,15.0771],[202.544,15.4147],[202.417,15.8508],[202.275,16.2818],[202.08,16.8046],[201.905,17.2232],[201.715,17.6359],[201.481,18.0988],[201.261,18.4962],[201.032,18.8778],[200.812,19.2187],[200.492,19.6764],[200.218,20.0375],[199.931,20.3896],[199.632,20.731],[199.361,21.0211],[199.122,21.2627],[198.793,21.5754],[198.36,21.9557],[197.882,22.3407],[197.82,22.4038],[197.759,22.4868],[197.706,22.5917],[197.675,22.6898],[197.659,22.7989],[197.663,22.9311],[197.682,23.0248],[197.73,23.1481],[197.788,23.2421],[197.86,23.3254],[197.945,23.3959],[198.04,23.4516],[198.143,23.491],[198.244,23.5123],[198.354,23.5177],[198.464,23.5052],[198.57,23.4749],[198.657,23.435],[198.746,23.3769],[198.94,23.2253],[199.421,22.8246],[199.842,22.4435],[200.197,22.0967],[200.631,21.6391],[201.038,21.1703],[201.428,20.6794],[201.762,20.2213],[202.107,19.7041],[202.4,19.2229],[202.674,18.7305],[202.958,18.1664],[203.188,17.6579],[203.446,17.0136],[203.631,16.4867],[203.934,15.5313],[204.075,15.1149],[204.231,14.6965],[204.431,14.2157],[204.661,13.7211],[204.877,13.294],[205.185,12.7202],[205.935,11.3641],[206.165,10.9281],[206.387,10.4844],[206.603,10.0202],[206.803,9.54954],[206.983,9.07382],[207.119,8.66478],[207.28,8.08074],[207.354,7.74648],[207.403,7.48268],[207.471,6.98383],[207.507,6.45973],[207.506,5.96346],[207.469,5.45991],[207.395,4.96312],[207.345,4.72061],[207.264,4.39742],[207.189,4.14452],[207.086,3.8435],[206.965,3.53413],[206.861,3.29469],[206.723,3.00563],[206.57,2.71076],[206.237,2.12815],[206.128,1.88827],[205.13028705788568,-0.7693475273812462],[204.0726538374253,-3.58657527455235],[203.7166297020293,-3.9013857766361735],[203.32225896743657,-4.233219520617478],[202.91986340219316,-4.555274980158732],[202.5096853943411,-4.8673581610935415],[202.09197201977474,-5.169281076183257],[201.66697489341163,-5.46086185835345],[201.23495001762905,-5.741924870243846],[200.92892692944793,-5.930490766148785],[200.94495361206256,-6.006116265326381],[200.96697593444475,-7.770287343196541],[200.64440240040426,-9.504856710449777],[199.98962932995292,-11.143165839060252],[199.0278192849873,-12.622255427989819],[197.79593408614602,-13.885284893818902],[196.34131439077146,-14.883716722490778],[194.7198604179967,-15.579181738756608],[192.99388373467363,-15.94495361206257],[186.63147622197027,-16.65188778014072],[135.53217748094715,-40.43949236647907],[133.8955161539803,-40.93279452011953],[80.89551615398031,-48.93279452011953],[79.7539124340764,-48.99495128503125],[78.62124389746425,-48.83943761073962],[7.3012728402141045,-32.0],[0.0,-32.0],[0.0,40.93819023744739],[0.0,49.02938740116782],[0.0,176.0],[12.0,176.0],[12.0,127.86],[12.0,108.217],[12.0,53.01431544336644],[12.715476758971288,52.66578625684291],[14.120390904636867,51.598546444061625],[69.01253928672196,0.684089973721824],[69.02529541969137,1.0304211608757723],[69.0569004097475,1.5448558355930173],[69.10112073988387,2.0583599469207723],[69.1579297734271,2.5706241791835382],[69.2272932907396,3.081339963562593],[69.30916950983223,3.5901996639663203]],[[122.89422791324309,-30.457432790488262],[131.25065598810988,-29.196085156546104],[134.48921256924174,-27.688481230846794],[122.89422791324309,-30.457432790488262]],[[87.98996375283342,-30.376227875033695],[87.76564573558471,-35.75986028900273],[103.2339408389823,-33.425023292263475],[87.98996375283342,-30.376227875033695]],[[12.0,29.0144243110578],[12.0,-6.976165993695448],[9.571569106277934,-14.635063427741965],[9.497963029935917,-14.984239136866869],[9.494686471208738,-15.341073544513122],[9.561868208492223,-15.69154200884753],[9.696867801899014,-16.021870088334197],[9.894379370312858,-16.319074917803785],[10.146640128123517,-16.571475473243225],[10.443735485535113,-16.769151670398628],[10.77398872110846,-16.904334253265954],[11.124419911260173,-16.971710148704904],[12.0,-17.051308338590342],[12.0,-20.779467198383887],[74.76110750132824,-35.598062025086385],[75.0868118304511,-27.781158126137793],[73.6544372577988,-27.355070911607825],[72.18622661913818,-26.604445136741155],[70.87960909536314,-25.598546444061625],[12.0,29.0144243110578]]]}},{"type":"Feature","properties":{"id":"A-shear-panels","title":"A / Reshaped shear panels","reason":"Broader outer plates follow a new lower contour; generous windows remove area.","polygon":[[0,-32],[8,57],[82,-16],[108,-20],[190,-4],[197,-14],[131,-40],[77,-48]],"holes":[[[17,-21],[24,23],[65,-15],[66,-32]],[[109,-27],[145,-18],[167,-17],[132,-32]]],"section":"Outer skins with variable internal plates or local cross-width diaphragms","added_projection_mm2":1041.2863114047198,"removed_projection_mm2":3493.881267328806,"projected_body_area_mm2":8040.5227620054775,"bounds_XY_mm":[0.0,-48.0,207.507,176.0],"minimum_sampled_nominal_spool_clearance_mm":4.668884976857626,"projected_connected_components":1,"CAD_built":false,"mechanical_result":false,"dimensional_envelope_confirmed":false},"geometry":{"type":"Polygon","coordinates":[[[110.87284025427186,-2.293161535783434],[110.8420702265729,-2.57062417918354],[110.7727067092604,-3.0813399635625967],[110.69083049016777,-3.5901996639663256],[110.59649088846784,-4.096896762338694],[110.4897447308091,-4.601126043294266],[110.37065631708542,-5.102583777968541],[110.23929738170423,-5.6009679069728655],[110.09574705037639,-6.095978222343709],[109.94009179245377,-6.587316548376722],[109.77242536884344,-7.074686921236621],[109.59284877552952,-7.55779576723475],[109.40147018273703,-8.036352079666885],[109.19840486977415,-8.510067594104788],[108.98377515559231,-8.978656962035924],[108.75771032510582,-9.441837922746737],[108.52034655131546,-9.899331473345951],[108.27182681328294,-10.350862036825465],[108.01230081000571,-10.796157628057655],[107.74192487024385,-11.23495001762904],[107.46086185835345,-11.666974893411645],[107.16928107618325,-12.091972019774753],[106.86735816109355,-12.509685394341101],[106.55527498015873,-12.919863402193164],[106.23321952061748,-13.322258967436555],[105.90138577663618,-13.716629702029312],[105.55997363245415,-14.102738051787385],[105.20918874198081,-14.480351439478403],[104.8492424049175,-14.849242404917497],[104.48035143947841,-15.209188741980805],[104.10273805178738,-15.559973632454142],[103.71662970202931,-15.901385776636173],[103.32225896743655,-16.233219520617478],[102.91986340219316,-16.555274980158732],[102.5096853943411,-16.86735816109354],[102.09197201977476,-17.169281076183257],[101.66697489341165,-17.46086185835345],[101.23495001762905,-17.741924870243846],[100.79615762805766,-18.012300810005716],[100.35086203682546,-18.27182681328294],[99.89933147334595,-18.520346551315455],[99.55236669004597,-18.70036410616092],[108.0,-20.0],[179.3250170317755,-6.082923505995026],[179.20384237194236,-6.012300810005716],[178.76504998237095,-5.741924870243853],[178.33302510658837,-5.460861858353454],[177.90802798022526,-5.169281076183257],[177.4903146056589,-4.867358161093545],[177.08013659780684,-4.555274980158732],[176.67774103256346,-4.233219520617478],[176.2833702979707,-3.901385776636179],[175.89726194821262,-3.5599736324541382],[175.5196485605216,-3.209188741980805],[175.1507575950825,-2.849242404917499],[174.7908112580192,-2.480351439478408],[174.44002636754587,-2.102738051787389],[174.09861422336382,-1.7166297020293086],[173.76678047938253,-1.3222589674365555],[173.44472501984126,-0.9198634021931653],[173.13264183890647,-0.509685394341103],[172.83071892381673,-0.09197201977475444],[172.53913814164656,0.33302510658835516],[172.25807512975615,0.7650499823709591],[171.9876991899943,1.2038423719423434],[171.72817318671707,1.6491379631745335],[171.47965344868453,2.1006685266540455],[171.24228967489418,2.5581620772532556],[171.0162248444077,3.021343037964078],[170.80159513022585,3.489932405895212],[170.59852981726297,3.9636479203331128],[170.40715122447048,4.442204232765245],[170.26246155888177,4.831457954981795],[171.48792333528613,4.97851238828259],[173.474,5.21684],[173.544,5.21974],[173.617,5.21105],[173.926,5.11382],[174.176,5.06731],[174.379,5.05318],[174.641,5.06546],[174.891,5.10999],[175.141,5.18857],[175.378,5.29904],[175.551,5.40588],[175.751,5.56315],[175.939,5.75567],[176.095,5.96546],[176.223,6.19386],[176.296,6.3681],[176.369,6.61923],[176.409,6.87777],[176.415,7.13931],[176.395,7.34203],[176.358,7.53461],[176.202,8.05675],[176.096,8.45335],[176.083,8.58498],[176.092,8.6949],[176.119,8.80189],[176.163,8.90309],[176.227,9.00161],[176.302,9.08254],[176.389,9.15018],[176.479,9.19974],[176.59,9.2388],[176.699,9.2574],[176.802,9.25856],[176.89,9.24708],[176.982,9.22187],[177.063,9.18724],[177.151,9.13386],[177.225,9.07284],[177.28,9.0135],[177.335,8.93552],[177.373,8.86396],[177.404,8.78137],[177.6,8.09504],[177.725,7.71819],[177.838,7.40698],[178.076,6.82032],[178.338,6.25465],[178.655,5.65178],[178.968,5.1222],[179.343,4.55428],[179.747,4.00715],[180.069,3.61044],[180.483,3.14364],[180.878,2.73731],[181.333,2.31035],[181.771,1.9357],[182.263,1.55279],[182.726,1.22527],[183.244,0.893233],[183.785,0.581663],[184.34,0.296648],[184.916,0.0351722],[185.541,-0.211494],[186.132,-0.411346],[186.732,-0.582612],[187.348,-0.726682],[187.953,-0.837876],[188.58,-0.922241],[189.201,-0.975443],[189.825,-0.998818],[190.449,-0.992242],[191.072,-0.955748],[191.74,-0.883079],[192.356,-0.784783],[192.967,-0.656929],[193.415,-0.543516],[193.897,-0.402259],[194.327,-0.258876],[194.752,-0.10041],[195.172,0.0729917],[195.593,0.264501],[196.049,0.492884],[196.447,0.710986],[196.837,0.942844],[197.259,1.21517],[197.631,1.47507],[198.038,1.78245],[198.39,2.06949],[198.731,2.36801],[199.068,2.68466],[199.382,3.00084],[199.69,3.33337],[199.987,3.67719],[200.271,4.03041],[200.548,4.40078],[200.802,4.76626],[201.048,5.14805],[201.28,5.53736],[201.503,5.94267],[201.728,6.39105],[201.917,6.80421],[202.091,7.22326],[202.272,7.70939],[202.431,8.19448],[202.539,8.56745],[202.638,8.95195],[202.748,9.45045],[202.82,9.84142],[202.881,10.2421],[202.94,10.7491],[202.972,11.1449],[202.994,11.5894],[203.0,12.109],[202.993,12.4406],[202.969,12.9024],[202.941,13.2416],[202.882,13.7487],[202.815,14.1881],[202.729,14.6425],[202.631,15.0771],[202.544,15.4147],[202.417,15.8508],[202.275,16.2818],[202.08,16.8046],[201.905,17.2232],[201.715,17.6359],[201.481,18.0988],[201.261,18.4962],[201.032,18.8778],[200.812,19.2187],[200.492,19.6764],[200.218,20.0375],[199.931,20.3896],[199.632,20.731],[199.361,21.0211],[199.122,21.2627],[198.793,21.5754],[198.36,21.9557],[197.882,22.3407],[197.82,22.4038],[197.759,22.4868],[197.706,22.5917],[197.675,22.6898],[197.659,22.7989],[197.663,22.9311],[197.682,23.0248],[197.73,23.1481],[197.788,23.2421],[197.86,23.3254],[197.945,23.3959],[198.04,23.4516],[198.143,23.491],[198.244,23.5123],[198.354,23.5177],[198.464,23.5052],[198.57,23.4749],[198.657,23.435],[198.746,23.3769],[198.94,23.2253],[199.421,22.8246],[199.842,22.4435],[200.197,22.0967],[200.631,21.6391],[201.038,21.1703],[201.428,20.6794],[201.762,20.2213],[202.107,19.7041],[202.4,19.2229],[202.674,18.7305],[202.958,18.1664],[203.188,17.6579],[203.446,17.0136],[203.631,16.4867],[203.934,15.5313],[204.075,15.1149],[204.231,14.6965],[204.431,14.2157],[204.661,13.7211],[204.877,13.294],[205.185,12.7202],[205.935,11.3641],[206.165,10.9281],[206.387,10.4844],[206.603,10.0202],[206.803,9.54954],[206.983,9.07382],[207.119,8.66478],[207.28,8.08074],[207.354,7.74648],[207.403,7.48268],[207.471,6.98383],[207.507,6.45973],[207.506,5.96346],[207.469,5.45991],[207.395,4.96312],[207.345,4.72061],[207.264,4.39742],[207.189,4.14452],[207.086,3.8435],[206.965,3.53413],[206.861,3.29469],[206.723,3.00563],[206.57,2.71076],[206.237,2.12815],[206.128,1.88827],[205.13028705788568,-0.7693475273812462],[204.0726538374253,-3.58657527455235],[203.7166297020293,-3.9013857766361735],[203.32225896743657,-4.233219520617478],[202.91986340219316,-4.555274980158732],[202.5096853943411,-4.8673581610935415],[202.09197201977474,-5.169281076183257],[201.66697489341163,-5.46086185835345],[201.23495001762905,-5.741924870243846],[200.79615762805764,-6.012300810005716],[200.35086203682548,-6.271826813282939],[199.89933147334597,-6.5203465513154555],[199.44183792274674,-6.757710325105823],[198.97865696203593,-6.983775155592308],[198.51006759410478,-7.198404869774144],[198.0363520796669,-7.401470182737022],[197.55779576723475,-7.592848775529514],[197.07468692123663,-7.772425368843436],[196.58731654837672,-7.940091792453771],[196.09597822234372,-8.095747050376389],[195.60096790697287,-8.239297381704237],[195.10258377796853,-8.370656317085423],[194.60112604329427,-8.4897447308091],[194.0968967623387,-8.59649088846784],[193.59019966396633,-8.690830490167766],[193.31462012896918,-8.735171612813106],[197.0,-14.0],[131.0,-40.0],[77.0,-48.0],[0.0,-32.0],[0.0,176.0],[12.0,176.0],[12.0,127.86],[12.0,108.217],[12.0,53.054054054054056],[69.2882204005473,-3.4600012059453156],[69.2272932907396,-3.081339963562598],[69.1579297734271,-2.570624179183543],[69.10112073988387,-2.058359946920777],[69.0569004097475,-1.5448558355930224],[69.02529541969137,-1.0304211608757774],[69.00632480737971,-0.5153657989811589],[69.0,0.0],[69.00632480737971,0.5153657989811536],[69.02529541969137,1.0304211608757723],[69.0569004097475,1.5448558355930173],[69.10112073988387,2.0583599469207723],[69.1579297734271,2.5706241791835382],[69.2272932907396,3.081339963562593],[69.30916950983223,3.5901996639663203],[69.40350911153216,4.096896762338695],[69.5102552691909,4.601126043294266],[69.62934368291458,5.10258377796854],[69.68058099018378,5.296981370197694],[70.86190858967228,5.071004873422641],[72.7177,4.71601],[72.8131,4.67744],[72.908,4.60825],[73.1525,4.29534],[73.3443,4.10675],[73.5534,3.94961],[73.7747,3.82431],[74.024,3.72345],[74.1496,3.68673],[74.3346,3.64839],[74.6024,3.62424],[74.7913,3.6289],[74.9287,3.64359],[75.1215,3.68068],[75.3642,3.75651],[75.5437,3.83573],[75.7147,3.93217],[75.8753,4.04491],[76.0242,4.17285],[76.1597,4.31476],[76.2807,4.46927],[76.3897,4.64131],[76.4746,4.81006],[76.7453,5.49878],[77.0244,6.12838],[77.2462,6.57749],[77.4835,7.01858],[77.7692,7.5054],[78.1058,8.02814],[78.4667,8.53852],[78.837,9.01526],[78.9406,9.10884],[79.0545,9.17605],[79.1937,9.22306],[79.3324,9.23881],[79.4786,9.22418],[79.6115,9.18128],[79.7386,9.10763],[79.8419,9.01373],[79.9044,8.93196],[79.9476,8.85498],[79.9826,8.76602],[80.0058,8.66572],[80.0134,8.57778],[80.0085,8.48231],[79.9883,8.38137],[79.9589,8.29815],[79.8909,8.17624],[79.4552,7.60312],[79.067,7.0335],[78.7182,6.45924],[78.4213,5.91053],[78.1243,5.28848],[77.8669,4.66785],[77.6367,4.01863],[77.5356,3.69315],[77.431,3.31969],[77.2963,2.75975],[77.1785,2.14708],[77.0913,1.53812],[77.0358,0.964392],[77.0047,0.350501],[77.0018,-0.217169],[77.0277,-0.848764],[77.0824,-1.4615],[77.1688,-2.08819],[77.2939,-2.74881],[77.4403,-3.35479],[77.6331,-4.00752],[77.8427,-4.60439],[78.097,-5.22681],[78.3615,-5.79187],[78.6568,-6.35078],[79.0001,-6.92835],[79.3502,-7.45528],[79.7204,-7.95804],[80.1453,-8.47851],[80.6022,-8.98229],[81.0503,-9.42884],[81.5494,-9.87864],[82.0404,-10.2784],[82.3969,-10.5448],[82.7695,-10.8037],[83.1584,-11.0541],[83.5483,-11.2861],[83.9461,-11.5044],[84.402,-11.733],[84.8149,-11.9212],[85.2264,-12.0919],[85.6514,-12.2511],[86.0894,-12.3979],[86.5161,-12.5245],[86.9638,-12.6405],[87.3982,-12.737],[87.8529,-12.8215],[88.3017,-12.8886],[88.7439,-12.9392],[89.2049,-12.9757],[89.6495,-12.9953],[90.1037,-12.9996],[90.5569,-12.9881],[91.0103,-12.9607],[91.4615,-12.9176],[91.9114,-12.8587],[92.359,-12.7842],[92.8123,-12.6922],[93.254,-12.5862],[93.6908,-12.4651],[94.1236,-12.3287],[94.5518,-12.1771],[94.974,-12.0108],[95.3897,-11.8301],[95.7997,-11.6346],[96.1941,-11.4295],[96.5482,-11.2304],[96.9361,-10.995],[97.3152,-10.7465],[97.6862,-10.4844],[98.0471,-10.21],[98.3922,-9.92829],[98.698,-9.66153],[99.0236,-9.35816],[99.3447,-9.03754],[99.6222,-8.7415],[99.9211,-8.40073],[100.209,-8.04899],[100.45,-7.73349],[100.681,-7.41117],[100.964,-6.98572],[101.172,-6.64807],[101.37,-6.30338],[101.553,-5.96143],[101.705,-5.65697],[101.849,-5.34865],[102.007,-4.98431],[102.133,-4.66831],[102.289,-4.24157],[102.446,-3.75585],[102.586,-3.25637],[102.716,-2.7043],[102.811,-2.21112],[102.888,-1.70647],[102.945,-1.19968],[102.985,-0.633907],[103.0,-0.147082],[103.02,-0.016379],[103.045,0.0606245],[103.097,0.166026],[103.148,0.238248],[103.208,0.30323],[103.276,0.35986],[103.363,0.414091],[103.444,0.449514],[103.536,0.475625],[103.623,0.487966],[103.712,0.488795],[103.814,0.475202],[103.899,0.4513],[103.98,0.416513],[104.062,0.367241],[104.141,0.30181],[104.201,0.236647],[104.255,0.157956],[104.295,0.0791679],[104.322,0.00293671],[104.341,-0.0832608],[104.348,-0.149132],[104.345,-0.478351],[104.352,-0.601666],[104.38,-0.803331],[104.407,-0.923857],[104.489,-1.17245],[104.602,-1.40827],[104.674,-1.52629],[104.785,-1.67899],[104.875,-1.7837],[105.01,-1.91625],[105.168,-2.04421],[105.326,-2.14795],[105.441,-2.21085],[105.62,-2.2908],[105.877,-2.37109],[106.135,-2.41546],[106.396,-2.4258],[106.657,-2.40194],[106.842,-2.36365],[107.036,-2.30305],[107.269,-2.20012],[107.566,-2.02112],[107.664,-1.9889],[107.752,-1.97957],[107.84,-1.98754],[109.143,-2.23604],[109.519,-2.29137],[109.66453126784502,-2.302570540961261],[109.98,-2.32685],[110.303,-2.33056],[110.565,-2.32081],[110.87284025427186,-2.293161535783434]],[[156.882549880283,-21.33605005130729],[157.06101901881854,-21.248830909291964],[157.22995591513097,-21.144338147782694],[157.38769407380005,-21.02360254639189],[157.53267747050688,-20.887815113899567],[157.6634759015962,-20.73831533942453],[157.77879909246755,-20.576577978895923],[157.87750942562218,-20.404198507171436],[157.95863316280796,-20.222877379311164],[158.02137005056076,-20.034403256263463],[158.06510121438725,-19.840635360434735],[158.08939526371591,-19.643485135198432],[158.09401254739404,-19.444897389264938],[158.07890751775102,-19.24683111191568],[158.04422917990811,-19.0512401483515],[157.99031962190213,-18.860053925785365],[157.91771064012258,-18.67515842040882],[157.82711849335158,-18.498377552985524],[157.71943683715523,-18.331455196596938],[157.5957279083261,-18.176037974026656],[157.4572120463391,-18.03365901448027],[157.30525565518693,-17.90572282987437],[157.14135772434705,-17.793491459884013],[156.96713504184558,-17.698072022422327],[156.78430624528525,-17.62040579236178],[156.5946748681677,-17.561258916231214],[156.40011154875128,-17.521214854484462],[156.2025355769474,-17.500668625894612],[156.00389596128736,-17.499822910850575],[145.20001374276356,-17.99090846623802],[145.00144648649294,-18.009891852534473],[144.8057578145282,-18.048560546367955],[117.3047077153564,-24.9238230711609],[117.11464211738326,-24.981506085791622],[116.93123543831486,-25.057757326980745],[116.75629663022669,-25.151824723747495],[116.59155112602875,-25.26278048320298],[116.43862382140779,-25.38953024143213],[116.29902304837493,-25.530823857276623],[116.17412569848834,-25.685267742558903],[116.06516364248165,-25.85133860713356],[115.97321158024236,-26.027398483197704],[115.89917644097653,-26.21171088067457],[115.84378843810667,-26.402457914328746],[115.80759386712899,-26.597758233687216],[115.79094971746512,-26.795685578922146],[115.79402015145224,-26.994287779677602],[115.816774885199,-27.1916060094535],[115.85898948727768,-27.385694105639534],[115.920247592306,-27.574637764644326],[115.99994500758609,-27.75657342279702],[116.09729567229665,-27.92970663679766],[116.21133941046223,-28.0923297824289],[116.34095140123172,-28.242838896965367],[116.48485327305997,-28.379749499162955],[116.64162571237,-28.501711230794477],[116.8097224623357,-28.607521175321214],[116.987485573714,-28.696135722337416],[117.17316175730679,-28.766680860768044],[117.36491967676697,-28.818460799297167],[131.37509553265116,-31.86415120275025],[131.57860533446484,-31.89751183569688],[131.7844685888374,-31.90973851815687],[131.9904964973683,-31.900701252462138],[132.19449851100566,-31.870496125467806],[132.39430562060542,-31.819444286928633],[132.58779341847156,-31.748088534940763],[156.882549880283,-21.33605005130729]],[[64.9069984648683,-31.163355393217714],[65.06692078024463,-31.05230165351324],[65.21528703668437,-30.92622416143898],[65.35069116420576,-30.786317755910687],[65.47184993518226,-30.6339083327337],[65.57761512551639,-30.470440279061854],[65.66698439638253,-30.297462784911513],[65.73911079341201,-30.11661516145679],[65.79331077329661,-29.929611305244716],[65.8290706817422,-29.738223455563393],[65.84605162138068,-29.544265398894765],[65.84409266350728,-29.349575279623842],[65.04722206481588,-15.802775101870068],[65.02690259953899,-15.612781625894058],[64.98854490309428,-15.425594316746132],[64.932499089207,-15.242921745383327],[64.85927672167017,-15.066431274040289],[64.76954614499469,-14.897733837213078],[64.66412638402771,-14.73836923769282],[64.54397966822116,-14.58979209186115],[64.41020264878576,-14.45335855253315],[26.746365074815586,20.45458846724409],[26.59599587764971,20.580816626205753],[26.43397507935362,20.691693605289146],[26.26186393030663,20.786150981628364],[26.081320912626857,20.863278553470355],[25.894085758853574,20.922333110979967],[25.701962687691566,20.962745597892305],[25.506803018359616,20.98412659500203],[25.31048733107321,20.986270072649997],[25.11490734556503,20.969155376047894],[24.921947692263846,20.932947424310072],[24.7334677517867,20.877995121274676],[24.5512837377411,20.804827993427576],[24.377151195489283,20.714151087326407],[24.212748085518427,20.60683817569378],[24.05965861442733,20.483923337646413],[23.91935796933595,20.346590994194102],[23.793198102818714,20.196164495027514],[23.682394705339604,20.03409336657384],[23.588015490724025,19.861939344199374],[23.510969907549985,19.68136132315436],[23.452000375600754,19.494099373274384],[23.411675131825486,19.301957971474494],[17.295014245368616,-19.145624743397274],[17.27345186699638,-19.34541141797906],[17.27204623325498,-19.546353388944066],[17.290811533894576,-19.746422164602397],[17.32955833484013,-19.94359806809469],[17.387895490511895,-20.13589062585407],[17.465234092405968,-20.321358661263375],[17.56079341407433,-20.498129890663975],[17.673608792490295,-20.6644198238962],[17.802541366237765,-20.81854977857202],[17.946289572217957,-20.958963826227492],[18.103402284815502,-21.08424449928506],[18.272293464885124,-21.193127100265233],[18.451258170678592,-21.28451246879748],[18.638489769083154,-21.35747807754837],[18.832098173425404,-21.41128734505468],[63.409467232543854,-31.418451827713927],[63.60128981323997,-31.451801154435127],[63.795446149007546,-31.466340664020557],[63.99009621636659,-31.461932565246872],[64.18339531273291,-31.438618633754373],[64.37351153870151,-31.396619816138436],[64.55864315899379,-31.336334136034182],[64.73703567753894,-31.258332922038548],[64.9069984648683,-31.163355393217714]]]}}]}
